Molecules to run: 20
    1. n2o4.xyz
    2. nccn.xyz
    3. nh2cl.xyz
    4. nh2f.xyz
    5. nh2oh.xyz
    6. nh3.xyz
    7. o3.xyz
    8. ocs.xyz
    9. oxadiazole.xyz
   10. oxetane.xyz
   11. oxirane.xyz
   12. oxirene.xyz
   13. p2.xyz
   14. p4.xyz
   15. pf3.xyz
   16. pf5.xyz
   17. ph3.xyz
   18. propane.xyz
   19. propene.xyz
   20. propyne.xyz

============================================================
Running: n2o4  charge=0  spin=0
============================================================
output file: ../../result/molout/closed_shell/n2o4_vtzfp.out

Preparing AFQMC calculation
Calculating Cholesky integrals
Alpha Cholesky shape: (1099, 180, 180) 
 Beta Cholesky shape: (1099, 180, 180) 
Finished calculating Cholesky integrals
Size of the correlation space:
Number of electrons:        [17 17]
Number of basis functions:  174
Number of Cholesky vectors: 1099

    ________                     _____                    
    ___  __ \___  __________________(_)_____________ _    
    __  /_/ /  / / /_  __ \_  __ \_  /__  __ \_  __ `/    
    _  _, _// /_/ /_  / / /  / / /  / _  / / /  /_/ /     
    /_/ |_| \__,_/ /_/ /_//_/ /_//_/  /_/ /_/_\__, /      
                                             /____/       
    _____________________________  ___________            
    ___    |__  ____/_  __ \__   |/  /_  ____/            
    __  /| |_  /_   _  / / /_  /|_/ /_  /                 
    _  ___ |  __/   / /_/ /_  /  / / / /___               
    /_/  |_/_/      \___\_\/_/  /_/  \____/               

Hostname:     gpua021.delta.ncsa.illinois.edu
System:       Linux
Node:         gpua021.delta.ncsa.illinois.edu
Release:      5.14.0-427.91.1.el9_4.x86_64
Machine:      x86_64
Processor:    x86_64
JAX backend:  GPU
JAX devices:  [CudaDevice(id=0)]
Device kind:  NVIDIA A100-SXM4-40GB
Platform:     gpu

Load system from Integral File
Maximum memory per walker:            66.67 MB
Maximum number of Cholesky per chunk: 72
Number of Cholesky chunks:            16
Number of Cholesky per chunk:         69
Number of padding Cholesky:           5

QMC System
Number of electrons: (17, 17)
Spin Multiplicity:   0
Number of orbitals:  174
Number of Chol:      1099

QMC Parameters
eql_time            :                   50
n_blocks            :                 1000
n_walkers           :                  300
max_error           :                  0.0
seed                :                   17
walker_type         :                  uhf
trial               :             upt2ccsd
mix_precision       :                 True
max_memory          :                20000
dt                  :                0.005
n_exp_terms         :                    6
n_prop_steps        :                   50
save_walkers        :                False
free_projection     :                False
n_batch             :                    1
nchol_chunk         :                   69

Initalize QMC walkers by stochastic CCSD

Equilibration
inv_T        weight  killW        energy   runTime
 0.00    300.000000      0   -409.539039     23.82
 5.00    297.713503      0   -409.693672     47.95
10.00    299.530292      0   -409.653591     65.94
15.00    299.260382      0   -409.654861     83.79
20.00    298.789487      0   -409.604206    101.66
25.00    299.627318      0   -409.674435    119.64
30.00    298.410137      0   -409.557211    137.51
35.00    297.631282      0   -409.618298    155.37
40.00    299.555736      0   -409.649142    173.35
45.00    297.493900      0   -409.583436    191.23
50.00    299.416731      1   -409.669872    209.08

Sampling
blocks        weight  killW       E_Guide     error       E_Trial     error     olp_T/G     error  Walltime
    20    299.045296      1   -409.643424  0.011512   -409.625168  0.004064    1.175724  0.001899  404.72
    40    298.717547      2   -409.630637  0.014473   -409.626591  0.002620    1.177641  0.001768  594.55
    60    298.570111      2   -409.635473  0.010408   -409.628269  0.002332    1.176576  0.001274  784.45
    80    298.475171      6   -409.640150  0.008029   -409.628857  0.002308    1.177046  0.001184  974.35
   100    298.415210      7   -409.638266  0.006384   -409.626760  0.002063    1.176526  0.001014 1164.35
   120    298.307307      8   -409.638345  0.006065   -409.625773  0.001858    1.175827  0.001003 1354.22
   140    298.115655      8   -409.634630  0.005874   -409.624788  0.001676    1.175365  0.000897 1544.43
   160    298.038867      9   -409.632687  0.005407   -409.624727  0.001536    1.175233  0.000867 1734.20
   180    297.973159     10   -409.630731  0.004906   -409.623808  0.001445    1.175225  0.000787 1923.93
   200    297.931183     11   -409.632734  0.004614   -409.624665  0.001646    1.175203  0.000726 2113.71
   220    297.876325     11   -409.632088  0.004328   -409.624059  0.001534    1.175019  0.000700 2303.47
   240    297.850747     11   -409.631543  0.004077   -409.624233  0.001435    1.175121  0.000651 2493.21
   260    297.816453     11   -409.630260  0.003876   -409.623848  0.001360    1.175289  0.000634 2682.97
   280    297.760583     12   -409.629044  0.003712   -409.623784  0.001301    1.174881  0.000642 2872.74
   300    297.735951     17   -409.629286  0.003466   -409.624040  0.001296    1.174346  0.000698 3062.43
   320    297.692134     17   -409.628524  0.003295   -409.623962  0.001243    1.174086  0.000693 3259.58
   340    297.671599     17   -409.628722  0.003102   -409.623343  0.001188    1.173970  0.000681 3463.51
   360    297.661845     17   -409.628515  0.003017   -409.623511  0.001143    1.173889  0.000634 3667.49
   380    297.674943     21   -409.631097  0.003317   -409.624498  0.001166    1.173726  0.000614 3871.53
   400    297.634142     24   -409.630074  0.003301   -409.624593  0.001134    1.173880  0.000598 4075.55
   420    297.627575     26   -409.630408  0.003187   -409.624893  0.001110    1.173710  0.000603 4279.52
   440    297.638355     28   -409.631126  0.003229   -409.624705  0.001097    1.173555  0.000610 4483.49
   460    297.631492     28   -409.631149  0.003165   -409.625002  0.001070    1.173521  0.000601 4687.51
   480    297.634042     29   -409.631934  0.003304   -409.625349  0.001082    1.173610  0.000606 4887.27
   500    297.630300     29   -409.633023  0.003233   -409.626220  0.001248    1.173549  0.000591 5076.79
   520    297.639739     30   -409.634646  0.003710   -409.626351  0.001291    1.173313  0.000591 5266.50
   540    297.625084     31   -409.634568  0.003611   -409.626253  0.001251    1.173399  0.000576 5456.39
   560    297.611915     32   -409.634738  0.003546   -409.626293  0.001224    1.173557  0.000585 5646.27
   580    297.607953     35   -409.635289  0.003475   -409.626570  0.001207    1.173424  0.000579 5836.16
   600    297.595579     35   -409.634642  0.003387   -409.626267  0.001177    1.173423  0.000566 6025.97
   620    297.598517     35   -409.634696  0.003333   -409.626481  0.001161    1.173521  0.000545 6215.82
   640    297.590583     37   -409.634341  0.003377   -409.626362  0.001131    1.173392  0.000535 6405.76
   660    297.579326     39   -409.634534  0.003299   -409.626299  0.001105    1.173484  0.000520 6595.60
   680    297.573961     39   -409.634656  0.003222   -409.626392  0.001089    1.173604  0.000523 6785.41
   700    297.572596     40   -409.635092  0.003153   -409.626306  0.001063    1.173508  0.000517 6975.31
   720    297.560817     40   -409.634527  0.003114   -409.626249  0.001040    1.173519  0.000547 7165.19
   740    297.559026     44   -409.634773  0.003050   -409.626369  0.001023    1.173503  0.000534 7355.09
   760    297.542845     45   -409.634757  0.002993   -409.626420  0.001005    1.173486  0.000521 7545.02
   780    297.532859     47   -409.634705  0.002948   -409.626395  0.000986    1.173476  0.000511 7734.86
   800    297.535360     48   -409.634896  0.002839   -409.626311  0.000965    1.173478  0.000500 7924.78
   820    297.531366     49   -409.634726  0.002783   -409.626250  0.000945    1.173448  0.000489 8114.74
   840    297.535390     51   -409.635196  0.002747   -409.626326  0.000931    1.173406  0.000484 8304.60
   860    297.538007     51   -409.635468  0.002698   -409.626356  0.000916    1.173474  0.000480 8494.42
   880    297.535619     51   -409.635628  0.002642   -409.626334  0.000902    1.173438  0.000470 8684.26
   900    297.518886     54   -409.634909  0.002635   -409.626108  0.000886    1.173452  0.000469 8874.56
   920    297.511193     55   -409.634658  0.002622   -409.625990  0.000871    1.173454  0.000457 9064.37
   940    297.510191     57   -409.635047  0.002625   -409.626003  0.000861    1.173445  0.000447 9254.28
   960    297.503845     59   -409.634592  0.002578   -409.625788  0.000848    1.173424  0.000436 9444.11
   980    297.499920     62   -409.634588  0.002535   -409.625860  0.000841    1.173367  0.000431 9633.95
  1000    297.489912     62   -409.634215  0.002519   -409.625747  0.000830    1.173365  0.000422 9823.93

Post Propagation Process
Total number of samples 1000
Raw AFQMC/HF (Guide) energy:           -409.634215 ± 0.002519
Raw Trial/Guide overlap ratio:          1.173365 ± 0.000422
Raw AFQMC/pt2CCSD energy (covariance): -409.625747 ± 0.000830
Raw AFQMC/pt2CCSD energy (dir sample): -409.625747 ± 0.000688

Remove Outliers
removing energies outside zeta > 30
Outlier energy bound [-410.069429, -409.176249]
Removed 0 outliers with energies []
Clean AFQMC/pt2CCSD overlap ratio:        1.173365 ± 0.000422
Clean AFQMC/pt2CCSD energy (covariance): -409.625747 ± 0.000830
Clean AFQMC/ptCCSD energy (dir sample):  -409.625747 ± 0.000688

Blocking Analysis
nsample = 1000, max_block_size = 25, min_nblocks = 40
   B    NB    NS  Observable     Error    dError
   1  1000  1000    1.173367  0.000174  0.000004
   2   500  1000    1.173366  0.000224  0.000007
   3   333   999    1.173374  0.000257  0.000010
   4   250  1000    1.173366  0.000281  0.000013
   5   200  1000    1.173365  0.000301  0.000015
   6   166   996    1.173380  0.000321  0.000018
   7   142   994    1.173387  0.000331  0.000020
   8   125  1000    1.173365  0.000339  0.000022
   9   111   999    1.173373  0.000354  0.000024
  10   100  1000    1.173365  0.000360  0.000026
  11    90   990    1.173360  0.000360  0.000027
  12    83   996    1.173380  0.000364  0.000028
  13    76   988    1.173362  0.000378  0.000031
  14    71   994    1.173386  0.000377  0.000032
  15    66   990    1.173360  0.000377  0.000033
  16    62   992    1.173371  0.000397  0.000036
  17    58   986    1.173366  0.000387  0.000036
  18    55   990    1.173360  0.000413  0.000040
  19    52   988    1.173362  0.000401  0.000040
  20    50  1000    1.173364  0.000394  0.000040
  21    47   987    1.173364  0.000400  0.000042
  22    45   990    1.173360  0.000422  0.000045
  23    43   989    1.173361  0.000396  0.000043
  24    41   984    1.173365  0.000398  0.000044
  25    40  1000    1.173364  0.000397  0.000045
Fit (variance): plateau_var = 1.637e-07 ± 1.199e-08
Fit (error):    plateau = 0.000405 ± 0.000015
     autocorrelation length ~ 6.5 blocks
     plateau reached at block size ~ 30
     !!!Failed to reach plateau in blocking
     Return max block error
nclean = 1000, max_block_size = 25, min_nblocks = 40
Blk_SZ   NBlk   NSmp      Energy     Error    dError
     1   1000   1000  -409.625197  0.000689  0.000015
     2    500   1000  -409.625326  0.000761  0.000024
     3    333    999  -409.625346  0.000799  0.000031
     4    250   1000  -409.625451  0.000813  0.000036
     5    200   1000  -409.625488  0.000825  0.000041
     6    166    996  -409.625445  0.000943  0.000052
     7    142    994  -409.625490  0.000938  0.000056
     8    125   1000  -409.625525  0.000955  0.000061
     9    111    999  -409.625521  0.000991  0.000067
    10    100   1000  -409.625573  0.000842  0.000060
    11     90    990  -409.625593  0.000955  0.000072
    12     83    996  -409.625555  0.001000  0.000078
    13     76    988  -409.625658  0.000963  0.000079
    14     71    994  -409.625592  0.000973  0.000082
    15     66    990  -409.625630  0.000954  0.000084
    16     62    992  -409.625590  0.000907  0.000082
    17     58    986  -409.625719  0.000970  0.000091
    18     55    990  -409.625640  0.001031  0.000099
    19     52    988  -409.625659  0.000904  0.000090
    20     50   1000  -409.625642  0.000906  0.000092
    21     47    987  -409.625747  0.000996  0.000104
    22     45    990  -409.625677  0.000909  0.000097
    23     43    989  -409.625718  0.000966  0.000105
    24     41    984  -409.625761  0.001043  0.000117
    25     40   1000  -409.625688  0.000882  0.000100
Fit (variance): plateau_var = 9.154086e-07 ± 5.122619e-08
Fit (error):    plateau = 0.000957 ± 0.000027
     autocorrelation length ~ 4.2 blocks
     plateau reached at block size ~ 18
Final AFQMC/pt2CCSD overlap ratio: 1.173365 ± 0.000422
Final AFQMC/pt2CCSD energy: -409.625747 ± 0.000957
Total run time: 9843.42

AFQMC Sampling Finished

QMC script: /u/yzhang65/myprojects/software/afqmc/afqmc/scripts/run_afqmc_pt2ccsd.py
  => E_HF(n2o4)      = -408.1989671140 Eh
  => E_CCSD(n2o4)    = -409.5428445608 Eh
  => E_AFQMC(n2o4)   = -409.62575 +/- 0.00096 Eh

============================================================
Running: nccn  charge=0  spin=0
============================================================
output file: ../../result/molout/closed_shell/nccn_vtzfp.out

Preparing AFQMC calculation
Calculating Cholesky integrals
Alpha Cholesky shape: (689, 120, 120) 
 Beta Cholesky shape: (689, 120, 120) 
Finished calculating Cholesky integrals
Size of the correlation space:
Number of electrons:        [9 9]
Number of basis functions:  116
Number of Cholesky vectors: 689

    ________                     _____                    
    ___  __ \___  __________________(_)_____________ _    
    __  /_/ /  / / /_  __ \_  __ \_  /__  __ \_  __ `/    
    _  _, _// /_/ /_  / / /  / / /  / _  / / /  /_/ /     
    /_/ |_| \__,_/ /_/ /_//_/ /_//_/  /_/ /_/_\__, /      
                                             /____/       
    _____________________________  ___________            
    ___    |__  ____/_  __ \__   |/  /_  ____/            
    __  /| |_  /_   _  / / /_  /|_/ /_  /                 
    _  ___ |  __/   / /_/ /_  /  / / / /___               
    /_/  |_/_/      \___\_\/_/  /_/  \____/               

Hostname:     gpua021.delta.ncsa.illinois.edu
System:       Linux
Node:         gpua021.delta.ncsa.illinois.edu
Release:      5.14.0-427.91.1.el9_4.x86_64
Machine:      x86_64
Processor:    x86_64
JAX backend:  GPU
JAX devices:  [CudaDevice(id=0)]
Device kind:  NVIDIA A100-SXM4-40GB
Platform:     gpu

Load system from Integral File
Maximum memory per walker:            66.67 MB
Maximum number of Cholesky per chunk: 162
Number of Cholesky chunks:            5
Number of Cholesky per chunk:         138
Number of padding Cholesky:           1

QMC System
Number of electrons: (9, 9)
Spin Multiplicity:   0
Number of orbitals:  116
Number of Chol:      689

QMC Parameters
eql_time            :                   50
n_blocks            :                 1000
n_walkers           :                  300
max_error           :                  0.0
seed                :                   17
walker_type         :                  uhf
trial               :             upt2ccsd
mix_precision       :                 True
max_memory          :                20000
dt                  :                0.005
n_exp_terms         :                    6
n_prop_steps        :                   50
save_walkers        :                False
free_projection     :                False
n_batch             :                    1
nchol_chunk         :                  138

Initalize QMC walkers by stochastic CCSD

Equilibration
inv_T        weight  killW        energy   runTime
 0.00    300.000000      0   -185.311120     21.45
 5.00    299.657088      0   -185.360341     34.94
10.00    298.462626      0   -185.367076     42.15
15.00    299.222586      0   -185.385603     48.69
20.00    300.153043      0   -185.390601     55.24
25.00    299.188260      0   -185.384413     61.79
30.00    299.213746      0   -185.365467     68.99
35.00    299.072241      0   -185.353493     75.55
40.00    299.168895      0   -185.415208     82.10
45.00    298.626215      0   -185.340404     88.65
50.00    300.457028      0   -185.356077     95.88

Sampling
blocks        weight  killW       E_Guide     error       E_Trial     error     olp_T/G     error  Walltime
    20    299.050468      0   -185.354084  0.009738   -185.358441  0.002687    1.105445  0.001251  154.82
    40    299.069893      0   -185.364596  0.010359   -185.357695  0.002085    1.104913  0.001264  208.52
    60    298.908408      1   -185.361325  0.006991   -185.355921  0.001568    1.106110  0.001140  262.33
    80    298.766583      1   -185.355573  0.006377   -185.355432  0.001321    1.106519  0.000890  316.20
   100    298.785287      1   -185.357950  0.005427   -185.354985  0.001146    1.106601  0.000749  370.05
   120    298.799833      1   -185.359488  0.004921   -185.354942  0.001071    1.106500  0.000625  423.86
   140    298.785088      1   -185.359039  0.004275   -185.354958  0.000993    1.106829  0.000595  477.64
   160    298.780524      1   -185.360406  0.003838   -185.355480  0.001065    1.106638  0.000534  531.48
   180    298.747541      1   -185.359801  0.003435   -185.355120  0.000973    1.106804  0.000487  585.36
   200    298.708857      1   -185.358985  0.003172   -185.354810  0.000902    1.107020  0.000462  639.16
   220    298.725082      3   -185.361795  0.003594   -185.354840  0.000885    1.106811  0.000448  690.94
   240    298.683169      3   -185.361139  0.003319   -185.354885  0.000829    1.106818  0.000414  742.51
   260    298.646388      3   -185.359766  0.003203   -185.354813  0.000790    1.107066  0.000422  794.08
   280    298.633921      3   -185.360525  0.003017   -185.354701  0.000760    1.106981  0.000400  845.61
   300    298.604129      3   -185.359155  0.002979   -185.354725  0.000734    1.106982  0.000378  897.15
   320    298.584759      4   -185.359214  0.002859   -185.354845  0.000704    1.106957  0.000359  948.87
   340    298.583784      5   -185.360244  0.002966   -185.355373  0.000728    1.106888  0.000373 1002.90
   360    298.578027      5   -185.361867  0.003062   -185.356092  0.000800    1.106704  0.000407 1056.95
   380    298.567014      5   -185.363109  0.003026   -185.356423  0.000779    1.106515  0.000413 1111.00
   400    298.541011      5   -185.362209  0.002942   -185.356193  0.000749    1.106709  0.000415 1165.00
   420    298.532826      5   -185.362053  0.002847   -185.356308  0.000738    1.106759  0.000401 1218.98
   440    298.539169      6   -185.362751  0.002892   -185.356382  0.000734    1.106645  0.000417 1273.07
   460    298.531362      7   -185.362759  0.002825   -185.356235  0.000711    1.106653  0.000407 1327.13
   480    298.516391      7   -185.362409  0.002692   -185.356179  0.000689    1.106705  0.000389 1381.14
   500    298.507416      7   -185.362014  0.002627   -185.356134  0.000668    1.106802  0.000381 1435.11
   520    298.502546      7   -185.362410  0.002530   -185.356174  0.000652    1.106768  0.000376 1489.18
   540    298.505256      7   -185.362545  0.002460   -185.356126  0.000640    1.106777  0.000367 1543.31
   560    298.501353      7   -185.362439  0.002425   -185.356066  0.000623    1.106868  0.000355 1597.35
   580    298.494236      7   -185.362196  0.002338   -185.355982  0.000608    1.106896  0.000347 1651.35
   600    298.489725      7   -185.362405  0.002279   -185.356057  0.000592    1.106830  0.000351 1705.38
   620    298.478123      8   -185.361748  0.002215   -185.355935  0.000577    1.106867  0.000343 1759.41
   640    298.468336      9   -185.361515  0.002214   -185.355943  0.000565    1.106859  0.000336 1813.48
   660    298.463722      9   -185.361384  0.002135   -185.355923  0.000551    1.106856  0.000321 1867.49
   680    298.466819      9   -185.361665  0.002144   -185.355896  0.000545    1.106744  0.000331 1921.49
   700    298.462239      9   -185.361497  0.002083   -185.355876  0.000534    1.106775  0.000324 1975.51
   720    298.458648      9   -185.361152  0.002039   -185.355810  0.000522    1.106801  0.000314 2029.54
   740    298.455898      9   -185.361170  0.002064   -185.355893  0.000518    1.106821  0.000310 2083.61
   760    298.455753     11   -185.361130  0.002026   -185.355939  0.000508    1.106825  0.000303 2137.62
   780    298.450918     11   -185.361032  0.001981   -185.355886  0.000499    1.106863  0.000298 2191.67
   800    298.443797     15   -185.361189  0.001982   -185.355852  0.000501    1.106866  0.000288 2245.68
   820    298.442407     15   -185.361271  0.001935   -185.355815  0.000497    1.106869  0.000284 2299.74
   840    298.444591     17   -185.361589  0.001915   -185.356022  0.000538    1.106873  0.000275 2353.77
   860    298.443386     17   -185.361730  0.001885   -185.356038  0.000531    1.106888  0.000274 2407.76
   880    298.445259     20   -185.362220  0.001897   -185.356154  0.000524    1.106852  0.000285 2461.78
   900    298.447440     20   -185.362559  0.001896   -185.356143  0.000515    1.106822  0.000285 2515.84
   920    298.446425     21   -185.362430  0.001872   -185.356056  0.000507    1.106819  0.000279 2569.85
   940    298.443479     21   -185.362016  0.001855   -185.355994  0.000498    1.106859  0.000273 2623.84
   960    298.435636     22   -185.361794  0.001829   -185.355914  0.000490    1.106851  0.000268 2677.87
   980    298.437156     22   -185.361898  0.001794   -185.355894  0.000485    1.106832  0.000264 2730.63
  1000    298.430053     22   -185.361285  0.001975   -185.355723  0.000478    1.106893  0.000271 2784.71

Post Propagation Process
Total number of samples 1000
Raw AFQMC/HF (Guide) energy:           -185.361285 ± 0.001975
Raw Trial/Guide overlap ratio:          1.106893 ± 0.000271
Raw AFQMC/pt2CCSD energy (covariance): -185.355723 ± 0.000478
Raw AFQMC/pt2CCSD energy (dir sample): -185.355723 ± 0.000387

Remove Outliers
removing energies outside zeta > 30
Outlier energy bound [-185.616013, -185.090213]
Removed 0 outliers with energies []
Clean AFQMC/pt2CCSD overlap ratio:        1.106893 ± 0.000271
Clean AFQMC/pt2CCSD energy (covariance): -185.355723 ± 0.000478
Clean AFQMC/ptCCSD energy (dir sample):  -185.355723 ± 0.000387

Blocking Analysis
nsample = 1000, max_block_size = 25, min_nblocks = 40
   B    NB    NS  Observable     Error    dError
   1  1000  1000    1.106896  0.000105  0.000002
   2   500  1000    1.106896  0.000137  0.000004
   3   333   999    1.106892  0.000158  0.000006
   4   250  1000    1.106895  0.000175  0.000008
   5   200  1000    1.106895  0.000185  0.000009
   6   166   996    1.106883  0.000196  0.000011
   7   142   994    1.106876  0.000210  0.000013
   8   125  1000    1.106895  0.000213  0.000014
   9   111   999    1.106891  0.000211  0.000014
  10   100  1000    1.106894  0.000226  0.000016
  11    90   990    1.106868  0.000233  0.000017
  12    83   996    1.106883  0.000229  0.000018
  13    76   988    1.106861  0.000242  0.000020
  14    71   994    1.106876  0.000236  0.000020
  15    66   990    1.106867  0.000251  0.000022
  16    62   992    1.106871  0.000248  0.000022
  17    58   986    1.106857  0.000243  0.000023
  18    55   990    1.106867  0.000244  0.000024
  19    52   988    1.106861  0.000243  0.000024
  20    50  1000    1.106894  0.000242  0.000024
  21    47   987    1.106862  0.000231  0.000024
  22    45   990    1.106867  0.000261  0.000028
  23    43   989    1.106863  0.000240  0.000026
  24    41   984    1.106845  0.000220  0.000025
  25    40  1000    1.106894  0.000271  0.000031
Fit (variance): plateau_var = 6.185e-08 ± 4.298e-09
Fit (error):    plateau = 0.000249 ± 0.000009
     autocorrelation length ~ 6.2 blocks
     plateau reached at block size ~ 29
     !!!Failed to reach plateau in blocking
     Return max block error
nclean = 1000, max_block_size = 25, min_nblocks = 40
Blk_SZ   NBlk   NSmp      Energy     Error    dError
     1   1000   1000  -185.355338  0.000387  0.000009
     2    500   1000  -185.355397  0.000425  0.000013
     3    333    999  -185.355459  0.000456  0.000018
     4    250   1000  -185.355483  0.000471  0.000021
     5    200   1000  -185.355507  0.000500  0.000025
     6    166    996  -185.355578  0.000472  0.000026
     7    142    994  -185.355583  0.000482  0.000029
     8    125   1000  -185.355552  0.000492  0.000031
     9    111    999  -185.355592  0.000497  0.000034
    10    100   1000  -185.355560  0.000527  0.000037
    11     90    990  -185.355678  0.000517  0.000039
    12     83    996  -185.355638  0.000474  0.000037
    13     76    988  -185.355721  0.000511  0.000042
    14     71    994  -185.355662  0.000493  0.000042
    15     66    990  -185.355710  0.000503  0.000044
    16     62    992  -185.355691  0.000492  0.000045
    17     58    986  -185.355763  0.000486  0.000046
    18     55    990  -185.355725  0.000502  0.000048
    19     52    988  -185.355760  0.000496  0.000049
    20     50   1000  -185.355627  0.000514  0.000052
    21     47    987  -185.355786  0.000489  0.000051
    22     45    990  -185.355751  0.000509  0.000054
    23     43    989  -185.355777  0.000474  0.000052
    24     41    984  -185.355807  0.000472  0.000053
    25     40   1000  -185.355639  0.000588  0.000067
Fit (variance): plateau_var = 2.489995e-07 ± 1.063069e-08
Fit (error):    plateau = 0.000499 ± 0.000011
     autocorrelation length ~ 2.4 blocks
     plateau reached at block size ~ 10
Final AFQMC/pt2CCSD overlap ratio: 1.106893 ± 0.000271
Final AFQMC/pt2CCSD energy: -185.355723 ± 0.000499
Total run time: 2793.98

AFQMC Sampling Finished

QMC script: /u/yzhang65/myprojects/software/afqmc/afqmc/scripts/run_afqmc_pt2ccsd.py
  => E_HF(nccn)      = -184.6505020660 Eh
  => E_CCSD(nccn)    = -185.3131835265 Eh
  => E_AFQMC(nccn)   = -185.35572 +/- 0.00050 Eh

============================================================
Running: nh2cl  charge=0  spin=0
============================================================
output file: ../../result/molout/closed_shell/nh2cl_vtzfp.out

Preparing AFQMC calculation
Calculating Cholesky integrals
Alpha Cholesky shape: (479, 82, 82) 
 Beta Cholesky shape: (479, 82, 82) 
Finished calculating Cholesky integrals
Size of the correlation space:
Number of electrons:        [7 7]
Number of basis functions:  76
Number of Cholesky vectors: 479

    ________                     _____                    
    ___  __ \___  __________________(_)_____________ _    
    __  /_/ /  / / /_  __ \_  __ \_  /__  __ \_  __ `/    
    _  _, _// /_/ /_  / / /  / / /  / _  / / /  /_/ /     
    /_/ |_| \__,_/ /_/ /_//_/ /_//_/  /_/ /_/_\__, /      
                                             /____/       
    _____________________________  ___________            
    ___    |__  ____/_  __ \__   |/  /_  ____/            
    __  /| |_  /_   _  / / /_  /|_/ /_  /                 
    _  ___ |  __/   / /_/ /_  /  / / / /___               
    /_/  |_/_/      \___\_\/_/  /_/  \____/               

Hostname:     gpua021.delta.ncsa.illinois.edu
System:       Linux
Node:         gpua021.delta.ncsa.illinois.edu
Release:      5.14.0-427.91.1.el9_4.x86_64
Machine:      x86_64
Processor:    x86_64
JAX backend:  GPU
JAX devices:  [CudaDevice(id=0)]
Device kind:  NVIDIA A100-SXM4-40GB
Platform:     gpu

Load system from Integral File
Maximum memory per walker:            66.67 MB
Maximum number of Cholesky per chunk: 378
Number of Cholesky chunks:            2
Number of Cholesky per chunk:         240
Number of padding Cholesky:           1

QMC System
Number of electrons: (7, 7)
Spin Multiplicity:   0
Number of orbitals:  76
Number of Chol:      479

QMC Parameters
eql_time            :                   50
n_blocks            :                 1000
n_walkers           :                  300
max_error           :                  0.0
seed                :                   17
walker_type         :                  uhf
trial               :             upt2ccsd
mix_precision       :                 True
max_memory          :                20000
dt                  :                0.005
n_exp_terms         :                    6
n_prop_steps        :                   50
save_walkers        :                False
free_projection     :                False
n_batch             :                    1
nchol_chunk         :                  240

Initalize QMC walkers by stochastic CCSD

Equilibration
inv_T        weight  killW        energy   runTime
 0.00    300.000000      0   -515.540416     12.60
 5.00    299.609680      0   -515.568493     22.54
10.00    299.527974      0   -515.568590     25.19
15.00    299.442974      0   -515.545203     28.63
20.00    299.302529      0   -515.547552     31.27
25.00    299.526250      0   -515.557942     34.65
30.00    299.287546      0   -515.581000     38.05
35.00    299.023464      0   -515.583298     40.70
40.00    298.987175      0   -515.560678     44.09
45.00    299.817667      0   -515.573372     46.74
50.00    299.477357      0   -515.545530     50.14

Sampling
blocks        weight  killW       E_Guide     error       E_Trial     error     olp_T/G     error  Walltime
    20    299.239822      0   -515.563042  0.006905   -515.559765  0.000751    1.001454  0.000131   68.42
    40    299.191934      0   -515.560776  0.004349   -515.560371  0.000745    1.001385  0.000086   81.19
    60    299.116709      0   -515.555896  0.004636   -515.559755  0.000558    1.001439  0.000077   93.10
    80    299.102599      0   -515.558748  0.003656   -515.560061  0.000482    1.001409  0.000066  105.02
   100    299.077208      0   -515.558974  0.002954   -515.559724  0.000412    1.001330  0.000082  116.94
   120    299.091996      1   -515.560843  0.002974   -515.560021  0.000441    1.001252  0.000086  128.86
   140    299.071446      1   -515.561251  0.002599   -515.560041  0.000387    1.001272  0.000077  141.19
   160    299.050942      1   -515.560719  0.002383   -515.559992  0.000351    1.001329  0.000083  153.12
   180    299.039620      1   -515.561347  0.002144   -515.560043  0.000337    1.001328  0.000073  165.05
   200    299.025088      1   -515.560467  0.001985   -515.559836  0.000314    1.001319  0.000066  176.97
   220    299.018945      1   -515.560745  0.001843   -515.559741  0.000290    1.001341  0.000062  189.30
   240    299.028353      1   -515.561053  0.001694   -515.559745  0.000274    1.001358  0.000058  201.23
   260    299.029312      1   -515.561492  0.001824   -515.559803  0.000265    1.001351  0.000055  213.17
   280    299.012974      1   -515.560587  0.001815   -515.559708  0.000251    1.001359  0.000053  225.08
   300    299.020231      1   -515.561306  0.001829   -515.559732  0.000244    1.001325  0.000055  237.00
   320    299.005007      1   -515.560604  0.001786   -515.559581  0.000242    1.001304  0.000054  249.32
   340    299.010463      1   -515.561027  0.001709   -515.559592  0.000235    1.001274  0.000055  261.24
   360    299.016804      1   -515.561338  0.001643   -515.559665  0.000230    1.001256  0.000053  273.17
   380    298.999376      1   -515.560701  0.001642   -515.559676  0.000232    1.001259  0.000052  285.07
   400    298.988240      1   -515.560311  0.001596   -515.559633  0.000226    1.001281  0.000051  297.38
   420    298.987427      1   -515.560552  0.001530   -515.559648  0.000222    1.001290  0.000050  309.29
   440    298.982708      1   -515.560740  0.001467   -515.559631  0.000214    1.001297  0.000049  321.20
   460    298.973218      1   -515.560563  0.001408   -515.559603  0.000207    1.001320  0.000051  333.13
   480    298.967663      1   -515.560603  0.001362   -515.559688  0.000205    1.001324  0.000051  345.02
   500    298.968230      1   -515.560957  0.001331   -515.559679  0.000200    1.001329  0.000049  357.34
   520    298.970077      1   -515.560894  0.001304   -515.559591  0.000194    1.001329  0.000048  369.27
   540    298.973056      1   -515.561341  0.001295   -515.559607  0.000188    1.001319  0.000047  381.19
   560    298.969828      1   -515.561231  0.001252   -515.559671  0.000191    1.001316  0.000049  393.11
   580    298.966045      2   -515.561300  0.001210   -515.559720  0.000187    1.001311  0.000047  405.43
   600    298.968800      2   -515.561413  0.001172   -515.559715  0.000183    1.001316  0.000050  417.37
   620    298.969375      2   -515.561617  0.001194   -515.559698  0.000178    1.001328  0.000050  429.28
   640    298.969805      2   -515.561934  0.001178   -515.559726  0.000176    1.001334  0.000049  441.21
   660    298.969749      2   -515.562099  0.001152   -515.559741  0.000172    1.001358  0.000051  453.15
   680    298.969381      2   -515.562269  0.001125   -515.559738  0.000168    1.001377  0.000053  465.46
   700    298.972022      2   -515.562344  0.001101   -515.559767  0.000165    1.001381  0.000052  477.38
   720    298.970826      2   -515.562536  0.001079   -515.559781  0.000163    1.001392  0.000052  489.29
   740    298.974421      2   -515.562822  0.001069   -515.559810  0.000160    1.001399  0.000051  501.20
   760    298.972165      2   -515.562840  0.001051   -515.559792  0.000157    1.001402  0.000050  513.52
   780    298.969518      2   -515.562883  0.001025   -515.559782  0.000154    1.001403  0.000049  525.44
   800    298.972008      2   -515.563054  0.001101   -515.559787  0.000151    1.001413  0.000051  537.34
   820    298.976430      2   -515.563063  0.001074   -515.559769  0.000149    1.001400  0.000051  549.26
   840    298.974300      2   -515.562829  0.001074   -515.559725  0.000148    1.001387  0.000055  561.17
   860    298.967687      2   -515.562598  0.001073   -515.559695  0.000145    1.001383  0.000055  573.51
   880    298.964720      2   -515.562583  0.001049   -515.559721  0.000144    1.001374  0.000054  585.43
   900    298.961250      2   -515.562538  0.001026   -515.559732  0.000143    1.001372  0.000053  597.36
   920    298.960080      2   -515.562588  0.001005   -515.559745  0.000140    1.001376  0.000052  609.29
   940    298.957072      2   -515.562431  0.000996   -515.559726  0.000138    1.001379  0.000051  621.60
   960    298.954083      2   -515.562531  0.000980   -515.559729  0.000137    1.001383  0.000050  633.54
   980    298.953178      2   -515.562640  0.000966   -515.559712  0.000135    1.001377  0.000050  645.46
  1000    298.951462      2   -515.562625  0.000972   -515.559712  0.000133    1.001381  0.000050  657.39

Post Propagation Process
Total number of samples 1000
Raw AFQMC/HF (Guide) energy:           -515.562625 ± 0.000972
Raw Trial/Guide overlap ratio:          1.001381 ± 0.000050
Raw AFQMC/pt2CCSD energy (covariance): -515.559712 ± 0.000133
Raw AFQMC/pt2CCSD energy (dir sample): -515.559712 ± 0.000113

Remove Outliers
removing energies outside zeta > 30
Outlier energy bound [-515.645740, -515.472695]
Removed 0 outliers with energies []
Clean AFQMC/pt2CCSD overlap ratio:        1.001381 ± 0.000050
Clean AFQMC/pt2CCSD energy (covariance): -515.559712 ± 0.000133
Clean AFQMC/ptCCSD energy (dir sample):  -515.559712 ± 0.000113

Blocking Analysis
nsample = 1000, max_block_size = 25, min_nblocks = 40
   B    NB    NS  Observable     Error    dError
   1  1000  1000    1.001381  0.000016  0.000000
   2   500  1000    1.001381  0.000021  0.000001
   3   333   999    1.001380  0.000024  0.000001
   4   250  1000    1.001381  0.000027  0.000001
   5   200  1000    1.001381  0.000029  0.000001
   6   166   996    1.001379  0.000031  0.000002
   7   142   994    1.001378  0.000033  0.000002
   8   125  1000    1.001381  0.000034  0.000002
   9   111   999    1.001380  0.000035  0.000002
  10   100  1000    1.001381  0.000036  0.000003
  11    90   990    1.001378  0.000037  0.000003
  12    83   996    1.001379  0.000039  0.000003
  13    76   988    1.001377  0.000039  0.000003
  14    71   994    1.001378  0.000042  0.000004
  15    66   990    1.001378  0.000043  0.000004
  16    62   992    1.001378  0.000043  0.000004
  17    58   986    1.001376  0.000043  0.000004
  18    55   990    1.001378  0.000045  0.000004
  19    52   988    1.001377  0.000044  0.000004
  20    50  1000    1.001381  0.000043  0.000004
  21    47   987    1.001377  0.000048  0.000005
  22    45   990    1.001378  0.000046  0.000005
  23    43   989    1.001377  0.000046  0.000005
  24    41   984    1.001376  0.000049  0.000005
  25    40  1000    1.001381  0.000050  0.000006
Fit (variance): plateau_var = 2.602e-09 ± 3.715e-10
Fit (error):    plateau = 0.000051 ± 0.000004
     autocorrelation length ~ 13.5 blocks
     plateau reached at block size ~ 62
     !!!Failed to reach plateau in blocking
     Return max block error
nclean = 1000, max_block_size = 25, min_nblocks = 40
Blk_SZ   NBlk   NSmp      Energy     Error    dError
     1   1000   1000  -515.559621  0.000113  0.000003
     2    500   1000  -515.559640  0.000129  0.000004
     3    333    999  -515.559654  0.000137  0.000005
     4    250   1000  -515.559660  0.000135  0.000006
     5    200   1000  -515.559666  0.000143  0.000007
     6    166    996  -515.559676  0.000138  0.000008
     7    142    994  -515.559684  0.000145  0.000009
     8    125   1000  -515.559681  0.000142  0.000009
     9    111    999  -515.559685  0.000143  0.000010
    10    100   1000  -515.559684  0.000149  0.000011
    11     90    990  -515.559689  0.000148  0.000011
    12     83    996  -515.559690  0.000140  0.000011
    13     76    988  -515.559691  0.000145  0.000012
    14     71    994  -515.559702  0.000148  0.000013
    15     66    990  -515.559693  0.000152  0.000013
    16     62    992  -515.559697  0.000148  0.000013
    17     58    986  -515.559693  0.000142  0.000013
    18     55    990  -515.559694  0.000140  0.000014
    19     52    988  -515.559694  0.000151  0.000015
    20     50   1000  -515.559695  0.000147  0.000015
    21     47    987  -515.559697  0.000151  0.000016
    22     45    990  -515.559697  0.000155  0.000016
    23     43    989  -515.559698  0.000144  0.000016
    24     41    984  -515.559699  0.000131  0.000015
    25     40   1000  -515.559697  0.000150  0.000017
Fit (variance): plateau_var = 2.092316e-08 ± 8.254560e-10
Fit (error):    plateau = 0.000145 ± 0.000003
     autocorrelation length ~ 1.8 blocks
     plateau reached at block size ~ 8
Final AFQMC/pt2CCSD overlap ratio: 1.001381 ± 0.000050
Final AFQMC/pt2CCSD energy: -515.559712 ± 0.000145
Total run time: 667.45

AFQMC Sampling Finished

QMC script: /u/yzhang65/myprojects/software/afqmc/afqmc/scripts/run_afqmc_pt2ccsd.py
  => E_HF(nh2cl)      = -515.1085491818 Eh
  => E_CCSD(nh2cl)    = -515.5410049254 Eh
  => E_AFQMC(nh2cl)   = -515.55971 +/- 0.00015 Eh

============================================================
Running: nh2f  charge=0  spin=0
============================================================
output file: ../../result/molout/closed_shell/nh2f_vtzfp.out

Preparing AFQMC calculation
Calculating Cholesky integrals
Alpha Cholesky shape: (480, 78, 78) 
 Beta Cholesky shape: (480, 78, 78) 
Finished calculating Cholesky integrals
Size of the correlation space:
Number of electrons:        [7 7]
Number of basis functions:  76
Number of Cholesky vectors: 480

    ________                     _____                    
    ___  __ \___  __________________(_)_____________ _    
    __  /_/ /  / / /_  __ \_  __ \_  /__  __ \_  __ `/    
    _  _, _// /_/ /_  / / /  / / /  / _  / / /  /_/ /     
    /_/ |_| \__,_/ /_/ /_//_/ /_//_/  /_/ /_/_\__, /      
                                             /____/       
    _____________________________  ___________            
    ___    |__  ____/_  __ \__   |/  /_  ____/            
    __  /| |_  /_   _  / / /_  /|_/ /_  /                 
    _  ___ |  __/   / /_/ /_  /  / / / /___               
    /_/  |_/_/      \___\_\/_/  /_/  \____/               

Hostname:     gpua021.delta.ncsa.illinois.edu
System:       Linux
Node:         gpua021.delta.ncsa.illinois.edu
Release:      5.14.0-427.91.1.el9_4.x86_64
Machine:      x86_64
Processor:    x86_64
JAX backend:  GPU
JAX devices:  [CudaDevice(id=0)]
Device kind:  NVIDIA A100-SXM4-40GB
Platform:     gpu

Load system from Integral File
Maximum memory per walker:            66.67 MB
Maximum number of Cholesky per chunk: 378
Number of Cholesky chunks:            2
Number of Cholesky per chunk:         240
Number of padding Cholesky:           0

QMC System
Number of electrons: (7, 7)
Spin Multiplicity:   0
Number of orbitals:  76
Number of Chol:      480

QMC Parameters
eql_time            :                   50
n_blocks            :                 1000
n_walkers           :                  300
max_error           :                  0.0
seed                :                   17
walker_type         :                  uhf
trial               :             upt2ccsd
mix_precision       :                 True
max_memory          :                20000
dt                  :                0.005
n_exp_terms         :                    6
n_prop_steps        :                   50
save_walkers        :                False
free_projection     :                False
n_batch             :                    1
nchol_chunk         :                  240

Initalize QMC walkers by stochastic CCSD

Equilibration
inv_T        weight  killW        energy   runTime
 0.00    300.000000      0   -155.504520     11.87
 5.00    299.097061      0   -155.516879     20.90
10.00    299.720475      0   -155.500966     24.35
15.00    298.281684      0   -155.538859     26.99
20.00    298.724293      0   -155.507111     30.40
25.00    298.724365      0   -155.513427     33.03
30.00    300.657091      0   -155.568055     36.44
35.00    299.516481      0   -155.524524     39.09
40.00    299.165087      0   -155.536945     42.49
45.00    300.074064      0   -155.525375     45.90
50.00    299.626872      0   -155.521281     48.54

Sampling
blocks        weight  killW       E_Guide     error       E_Trial     error     olp_T/G     error  Walltime
    20    299.235928      0   -155.525625  0.007817   -155.522889  0.001110    1.001948  0.000442   67.04
    40    299.333337      1   -155.534786  0.008885   -155.522891  0.000684    1.002122  0.000345   78.90
    60    299.286200      1   -155.532214  0.005791   -155.522550  0.000598    1.002117  0.000232   90.81
    80    299.222051      1   -155.529109  0.004771   -155.522104  0.000509    1.002252  0.000218  102.71
   100    299.173825      1   -155.526943  0.004038   -155.521964  0.000445    1.002282  0.000177  114.62
   120    299.140387      1   -155.526450  0.003377   -155.521897  0.000403    1.002310  0.000153  126.94
   140    299.094340      2   -155.526335  0.003087   -155.522154  0.000385    1.002334  0.000132  138.86
   160    299.064655      2   -155.525614  0.002794   -155.521999  0.000353    1.002300  0.000116  150.78
   180    299.060049      2   -155.525298  0.002486   -155.521916  0.000324    1.002294  0.000101  162.70
   200    299.052461      2   -155.526434  0.002364   -155.522029  0.000357    1.002312  0.000091  175.02
   220    299.050313      2   -155.526937  0.002321   -155.522028  0.000333    1.002300  0.000087  186.94
   240    299.024789      2   -155.526721  0.002180   -155.522018  0.000316    1.002279  0.000082  198.87
   260    299.009037      3   -155.526159  0.002111   -155.521887  0.000300    1.002310  0.000079  210.80
   280    298.997223      3   -155.525194  0.002184   -155.521806  0.000286    1.002332  0.000075  222.72
   300    299.009117      3   -155.525878  0.002112   -155.521816  0.000273    1.002310  0.000073  235.06
   320    299.013229      3   -155.525954  0.002084   -155.521849  0.000266    1.002266  0.000079  246.98
   340    298.998615      3   -155.525582  0.002020   -155.521870  0.000257    1.002273  0.000075  258.90
   360    298.977360      3   -155.525399  0.001911   -155.521829  0.000247    1.002254  0.000072  270.82
   380    298.963203      3   -155.525035  0.001828   -155.521759  0.000237    1.002259  0.000069  283.14
   400    298.953949      3   -155.525091  0.001767   -155.521814  0.000230    1.002225  0.000069  295.06
   420    298.951613      3   -155.525158  0.001727   -155.521820  0.000224    1.002188  0.000071  306.96
   440    298.950674      3   -155.525253  0.001667   -155.521767  0.000218    1.002176  0.000069  318.90
   460    298.956409      3   -155.525355  0.001627   -155.521807  0.000213    1.002198  0.000069  330.80
   480    298.959977      4   -155.525594  0.001571   -155.521833  0.000209    1.002176  0.000072  343.12
   500    298.953783      4   -155.525577  0.001507   -155.521905  0.000220    1.002161  0.000072  355.03
   520    298.944725      4   -155.525503  0.001459   -155.521897  0.000216    1.002164  0.000073  366.95
   540    298.941013      4   -155.525165  0.001432   -155.521871  0.000209    1.002166  0.000071  378.88
   560    298.934566      4   -155.524800  0.001450   -155.521868  0.000204    1.002157  0.000068  391.20
   580    298.931613      4   -155.524941  0.001407   -155.521844  0.000200    1.002134  0.000070  403.13
   600    298.938581      4   -155.525312  0.001461   -155.521871  0.000199    1.002137  0.000067  415.06
   620    298.944348      4   -155.525362  0.001428   -155.521842  0.000197    1.002157  0.000068  426.97
   640    298.942341      4   -155.525027  0.001430   -155.521786  0.000193    1.002150  0.000065  438.91
   660    298.945287      4   -155.524961  0.001367   -155.521752  0.000189    1.002144  0.000064  451.24
   680    298.943470      4   -155.525064  0.001379   -155.521742  0.000185    1.002152  0.000063  463.16
   700    298.945843      4   -155.525217  0.001354   -155.521751  0.000182    1.002136  0.000063  475.08
   720    298.946943      4   -155.525393  0.001359   -155.521757  0.000178    1.002141  0.000061  487.00
   740    298.937883      4   -155.525134  0.001380   -155.521710  0.000175    1.002139  0.000061  499.33
   760    298.935916      4   -155.525135  0.001348   -155.521712  0.000172    1.002134  0.000060  511.26
   780    298.934765      4   -155.525124  0.001321   -155.521734  0.000172    1.002135  0.000059  523.17
   800    298.935846      4   -155.525379  0.001301   -155.521781  0.000174    1.002122  0.000058  535.09
   820    298.935694      4   -155.525208  0.001284   -155.521781  0.000170    1.002120  0.000057  547.00
   840    298.934874      4   -155.524888  0.001289   -155.521743  0.000168    1.002117  0.000056  559.31
   860    298.936971      4   -155.524828  0.001289   -155.521752  0.000165    1.002112  0.000056  571.22
   880    298.932579      4   -155.524821  0.001259   -155.521736  0.000162    1.002120  0.000059  583.14
   900    298.935680      4   -155.525026  0.001230   -155.521786  0.000165    1.002119  0.000059  595.04
   920    298.938053      4   -155.525084  0.001242   -155.521746  0.000164    1.002119  0.000057  607.36
   940    298.937976      4   -155.525140  0.001242   -155.521755  0.000162    1.002113  0.000056  619.28
   960    298.935058      4   -155.525121  0.001212   -155.521754  0.000160    1.002116  0.000055  631.19
   980    298.937526      4   -155.525168  0.001193   -155.521824  0.000171    1.002116  0.000054  643.12
  1000    298.939546      4   -155.524984  0.001174   -155.521824  0.000168    1.002116  0.000053  655.04

Post Propagation Process
Total number of samples 1000
Raw AFQMC/HF (Guide) energy:           -155.524984 ± 0.001174
Raw Trial/Guide overlap ratio:          1.002116 ± 0.000053
Raw AFQMC/pt2CCSD energy (covariance): -155.521824 ± 0.000168
Raw AFQMC/pt2CCSD energy (dir sample): -155.521824 ± 0.000144

Remove Outliers
removing energies outside zeta > 30
Outlier energy bound [-155.606763, -155.434973]
Removed 0 outliers with energies []
Clean AFQMC/pt2CCSD overlap ratio:        1.002116 ± 0.000053
Clean AFQMC/pt2CCSD energy (covariance): -155.521824 ± 0.000168
Clean AFQMC/ptCCSD energy (dir sample):  -155.521824 ± 0.000144

Blocking Analysis
nsample = 1000, max_block_size = 25, min_nblocks = 40
   B    NB    NS  Observable     Error    dError
   1  1000  1000    1.002117  0.000021  0.000000
   2   500  1000    1.002117  0.000027  0.000001
   3   333   999    1.002117  0.000031  0.000001
   4   250  1000    1.002117  0.000035  0.000002
   5   200  1000    1.002117  0.000037  0.000002
   6   166   996    1.002119  0.000038  0.000002
   7   142   994    1.002120  0.000040  0.000002
   8   125  1000    1.002116  0.000043  0.000003
   9   111   999    1.002117  0.000042  0.000003
  10   100  1000    1.002116  0.000043  0.000003
  11    90   990    1.002118  0.000045  0.000003
  12    83   996    1.002119  0.000046  0.000004
  13    76   988    1.002118  0.000049  0.000004
  14    71   994    1.002120  0.000049  0.000004
  15    66   990    1.002118  0.000045  0.000004
  16    62   992    1.002118  0.000045  0.000004
  17    58   986    1.002116  0.000050  0.000005
  18    55   990    1.002118  0.000047  0.000005
  19    52   988    1.002118  0.000048  0.000005
  20    50  1000    1.002116  0.000046  0.000005
  21    47   987    1.002117  0.000049  0.000005
  22    45   990    1.002118  0.000052  0.000006
  23    43   989    1.002118  0.000051  0.000006
  24    41   984    1.002115  0.000053  0.000006
  25    40  1000    1.002116  0.000052  0.000006
Fit (variance): plateau_var = 2.493e-09 ± 1.886e-10
Fit (error):    plateau = 0.000050 ± 0.000002
     autocorrelation length ~ 6.8 blocks
     plateau reached at block size ~ 31
     !!!Failed to reach plateau in blocking
     Return max block error
nclean = 1000, max_block_size = 25, min_nblocks = 40
Blk_SZ   NBlk   NSmp      Energy     Error    dError
     1   1000   1000  -155.521713  0.000145  0.000003
     2    500   1000  -155.521740  0.000155  0.000005
     3    333    999  -155.521758  0.000164  0.000006
     4    250   1000  -155.521762  0.000168  0.000008
     5    200   1000  -155.521770  0.000174  0.000009
     6    166    996  -155.521765  0.000173  0.000010
     7    142    994  -155.521773  0.000174  0.000010
     8    125   1000  -155.521786  0.000177  0.000011
     9    111    999  -155.521797  0.000166  0.000011
    10    100   1000  -155.521792  0.000166  0.000012
    11     90    990  -155.521789  0.000177  0.000013
    12     83    996  -155.521787  0.000172  0.000013
    13     76    988  -155.521795  0.000177  0.000014
    14     71    994  -155.521787  0.000192  0.000016
    15     66    990  -155.521798  0.000162  0.000014
    16     62    992  -155.521797  0.000164  0.000015
    17     58    986  -155.521803  0.000174  0.000016
    18     55    990  -155.521802  0.000178  0.000017
    19     52    988  -155.521807  0.000169  0.000017
    20     50   1000  -155.521811  0.000157  0.000016
    21     47    987  -155.521803  0.000183  0.000019
    22     45    990  -155.521808  0.000173  0.000018
    23     43    989  -155.521804  0.000176  0.000019
    24     41    984  -155.521815  0.000176  0.000020
    25     40   1000  -155.521809  0.000172  0.000020
Fit (variance): plateau_var = 2.977100e-08 ± 1.160100e-09
Fit (error):    plateau = 0.000173 ± 0.000003
     autocorrelation length ~ 1.8 blocks
     plateau reached at block size ~ 8
Final AFQMC/pt2CCSD overlap ratio: 1.002116 ± 0.000053
Final AFQMC/pt2CCSD energy: -155.521824 ± 0.000173
Total run time: 665.15

AFQMC Sampling Finished

QMC script: /u/yzhang65/myprojects/software/afqmc/afqmc/scripts/run_afqmc_pt2ccsd.py
  => E_HF(nh2f)      = -155.0236334905 Eh
  => E_CCSD(nh2f)    = -155.5057425404 Eh
  => E_AFQMC(nh2f)   = -155.52182 +/- 0.00017 Eh

============================================================
Running: nh2oh  charge=0  spin=0
============================================================
output file: ../../result/molout/closed_shell/nh2oh_vtzfp.out

Preparing AFQMC calculation
Calculating Cholesky integrals
Alpha Cholesky shape: (531, 87, 87) 
 Beta Cholesky shape: (531, 87, 87) 
Finished calculating Cholesky integrals
Size of the correlation space:
Number of electrons:        [7 7]
Number of basis functions:  85
Number of Cholesky vectors: 531

    ________                     _____                    
    ___  __ \___  __________________(_)_____________ _    
    __  /_/ /  / / /_  __ \_  __ \_  /__  __ \_  __ `/    
    _  _, _// /_/ /_  / / /  / / /  / _  / / /  /_/ /     
    /_/ |_| \__,_/ /_/ /_//_/ /_//_/  /_/ /_/_\__, /      
                                             /____/       
    _____________________________  ___________            
    ___    |__  ____/_  __ \__   |/  /_  ____/            
    __  /| |_  /_   _  / / /_  /|_/ /_  /                 
    _  ___ |  __/   / /_/ /_  /  / / / /___               
    /_/  |_/_/      \___\_\/_/  /_/  \____/               

Hostname:     gpua021.delta.ncsa.illinois.edu
System:       Linux
Node:         gpua021.delta.ncsa.illinois.edu
Release:      5.14.0-427.91.1.el9_4.x86_64
Machine:      x86_64
Processor:    x86_64
JAX backend:  GPU
JAX devices:  [CudaDevice(id=0)]
Device kind:  NVIDIA A100-SXM4-40GB
Platform:     gpu

Load system from Integral File
Maximum memory per walker:            66.67 MB
Maximum number of Cholesky per chunk: 302
Number of Cholesky chunks:            2
Number of Cholesky per chunk:         266
Number of padding Cholesky:           1

QMC System
Number of electrons: (7, 7)
Spin Multiplicity:   0
Number of orbitals:  85
Number of Chol:      531

QMC Parameters
eql_time            :                   50
n_blocks            :                 1000
n_walkers           :                  300
max_error           :                  0.0
seed                :                   17
walker_type         :                  uhf
trial               :             upt2ccsd
mix_precision       :                 True
max_memory          :                20000
dt                  :                0.005
n_exp_terms         :                    6
n_prop_steps        :                   50
save_walkers        :                False
free_projection     :                False
n_batch             :                    1
nchol_chunk         :                  266

Initalize QMC walkers by stochastic CCSD

Equilibration
inv_T        weight  killW        energy   runTime
 0.00    300.000000      0   -131.515364     12.31
 5.00    299.478896      0   -131.513636     22.48
10.00    298.857484      0   -131.502961     25.54
15.00    299.533531      0   -131.542585     29.40
20.00    299.102319      0   -131.537925     33.26
25.00    299.685037      0   -131.530050     36.32
30.00    299.172476      0   -131.512305     40.18
35.00    299.599079      0   -131.527874     44.04
40.00    299.012416      0   -131.537000     47.11
45.00    298.680568      0   -131.507832     51.00
50.00    298.074334      0   -131.514807     54.83

Sampling
blocks        weight  killW       E_Guide     error       E_Trial     error     olp_T/G     error  Walltime
    20    299.165119      0   -131.545412  0.007479   -131.533601  0.000906    1.001224  0.000119   90.45
    40    299.213282      0   -131.541589  0.004981   -131.533396  0.000693    1.001134  0.000074  120.75
    60    299.207087      0   -131.542245  0.003530   -131.533449  0.000565    1.001166  0.000050  151.12
    80    299.119984      0   -131.537743  0.004366   -131.533207  0.000465    1.001170  0.000038  181.49
   100    299.096687      0   -131.539314  0.003725   -131.533292  0.000429    1.001158  0.000040  211.86
   120    299.082352      0   -131.538673  0.003128   -131.533260  0.000380    1.001167  0.000051  242.26
   140    299.055320      0   -131.538435  0.002741   -131.533356  0.000354    1.001152  0.000046  272.63
   160    299.063502      0   -131.539007  0.002450   -131.533436  0.000342    1.001217  0.000061  303.02
   180    299.035098      0   -131.537255  0.002351   -131.533161  0.000318    1.001274  0.000067  333.38
   200    299.002758      1   -131.536882  0.002186   -131.533256  0.000303    1.001297  0.000062  363.78
   220    299.011928      1   -131.537398  0.002304   -131.533308  0.000290    1.001289  0.000057  394.14
   240    299.003973      1   -131.537419  0.002212   -131.533394  0.000286    1.001297  0.000054  424.51
   260    298.992954      1   -131.536648  0.002242   -131.533327  0.000272    1.001289  0.000053  454.88
   280    298.986589      1   -131.536418  0.002059   -131.533431  0.000269    1.001266  0.000055  485.29
   300    298.975599      1   -131.535924  0.001949   -131.533366  0.000256    1.001267  0.000052  515.65
   320    298.968462      2   -131.535751  0.001876   -131.533358  0.000247    1.001284  0.000050  546.03
   340    298.970255      2   -131.536644  0.001928   -131.533475  0.000248    1.001269  0.000048  576.38
   360    298.978988      2   -131.537312  0.001859   -131.533542  0.000238    1.001253  0.000046  606.77
   380    298.964938      2   -131.536808  0.001804   -131.533480  0.000232    1.001282  0.000048  637.13
   400    298.965269      2   -131.536509  0.001741   -131.533415  0.000224    1.001296  0.000048  667.51
   420    298.963835      2   -131.536494  0.001720   -131.533402  0.000217    1.001282  0.000047  697.89
   440    298.957103      2   -131.536220  0.001702   -131.533394  0.000213    1.001291  0.000046  728.26
   460    298.948454      2   -131.536250  0.001662   -131.533345  0.000207    1.001299  0.000046  758.63
   480    298.942697      4   -131.536055  0.001592   -131.533336  0.000202    1.001311  0.000045  789.00
   500    298.941610      4   -131.536588  0.001625   -131.533451  0.000238    1.001310  0.000044  819.38
   520    298.935156      4   -131.536596  0.001556   -131.533415  0.000232    1.001289  0.000045  849.77
   540    298.930960      4   -131.536446  0.001518   -131.533398  0.000225    1.001272  0.000045  880.13
   560    298.932529      4   -131.536624  0.001487   -131.533518  0.000283    1.001277  0.000047  910.51
   580    298.933834      4   -131.536410  0.001439   -131.533465  0.000275    1.001273  0.000046  940.86
   600    298.923379      4   -131.535805  0.001478   -131.533415  0.000268    1.001275  0.000045  971.26
   620    298.926325      4   -131.535645  0.001464   -131.533428  0.000262    1.001281  0.000044 1001.62
   640    298.926069      4   -131.535783  0.001407   -131.533433  0.000256    1.001283  0.000045 1031.98
   660    298.929774      4   -131.535866  0.001384   -131.533446  0.000251    1.001301  0.000046 1062.35
   680    298.930268      4   -131.536266  0.001389   -131.533428  0.000248    1.001312  0.000046 1092.73
   700    298.930987      4   -131.536204  0.001359   -131.533420  0.000243    1.001310  0.000045 1123.10
   720    298.927698      4   -131.535915  0.001382   -131.533431  0.000245    1.001310  0.000045 1153.46
   740    298.925993      4   -131.535870  0.001350   -131.533431  0.000240    1.001297  0.000045 1183.83
   760    298.929359      4   -131.536003  0.001322   -131.533419  0.000234    1.001290  0.000045 1214.20
   780    298.929993      4   -131.535928  0.001295   -131.533410  0.000230    1.001296  0.000044 1244.56
   800    298.927114      4   -131.536021  0.001268   -131.533407  0.000225    1.001289  0.000043 1274.95
   820    298.920188      5   -131.535944  0.001239   -131.533386  0.000220    1.001293  0.000042 1305.31
   840    298.913010      5   -131.535665  0.001248   -131.533360  0.000216    1.001293  0.000042 1335.68
   860    298.912128      5   -131.535632  0.001248   -131.533496  0.000294    1.001290  0.000042 1366.06
   880    298.912100      5   -131.535713  0.001218   -131.533492  0.000288    1.001293  0.000041 1396.43
   900    298.911619      5   -131.535573  0.001190   -131.533476  0.000283    1.001287  0.000040 1426.79
   920    298.913158      5   -131.535586  0.001169   -131.533489  0.000277    1.001282  0.000039 1457.15
   940    298.910303      5   -131.535375  0.001169   -131.533493  0.000272    1.001286  0.000039 1487.52
   960    298.909803      5   -131.535323  0.001155   -131.533456  0.000267    1.001285  0.000038 1517.90
   980    298.909026      5   -131.535076  0.001140   -131.533413  0.000262    1.001286  0.000037 1548.25
  1000    298.906847      5   -131.534922  0.001153   -131.533406  0.000257    1.001287  0.000037 1578.62

Post Propagation Process
Total number of samples 1000
Raw AFQMC/HF (Guide) energy:           -131.534922 ± 0.001153
Raw Trial/Guide overlap ratio:          1.001287 ± 0.000037
Raw AFQMC/pt2CCSD energy (covariance): -131.533406 ± 0.000257
Raw AFQMC/pt2CCSD energy (dir sample): -131.533406 ± 0.000185

Remove Outliers
removing energies outside zeta > 30
Outlier energy bound [-131.627276, -131.437656]
Removed 1 outliers with energies [-131.657792]
Clean AFQMC/pt2CCSD overlap ratio:        1.001287 ± 0.000036
Clean AFQMC/pt2CCSD energy (covariance): -131.533281 ± 0.000189
Clean AFQMC/ptCCSD energy (dir sample):  -131.533281 ± 0.000136

Blocking Analysis
nsample = 999, max_block_size = 24, min_nblocks = 40
   B    NB    NS  Observable     Error    dError
   1   999   999    1.001288  0.000013  0.000000
   2   499   998    1.001288  0.000017  0.000001
   3   333   999    1.001288  0.000019  0.000001
   4   249   996    1.001289  0.000021  0.000001
   5   199   995    1.001289  0.000023  0.000001
   6   166   996    1.001289  0.000024  0.000001
   7   142   994    1.001290  0.000026  0.000002
   8   124   992    1.001290  0.000027  0.000002
   9   111   999    1.001287  0.000028  0.000002
  10    99   990    1.001289  0.000029  0.000002
  11    90   990    1.001289  0.000030  0.000002
  12    83   996    1.001289  0.000030  0.000002
  13    76   988    1.001288  0.000031  0.000003
  14    71   994    1.001290  0.000031  0.000003
  15    66   990    1.001289  0.000033  0.000003
  16    62   992    1.001290  0.000034  0.000003
  17    58   986    1.001288  0.000033  0.000003
  18    55   990    1.001289  0.000035  0.000003
  19    52   988    1.001288  0.000035  0.000003
  20    49   980    1.001287  0.000036  0.000004
  21    47   987    1.001288  0.000036  0.000004
  22    45   990    1.001289  0.000035  0.000004
  23    43   989    1.001289  0.000036  0.000004
  24    41   984    1.001288  0.000036  0.000004
Fit (variance): plateau_var = 1.485e-09 ± 2.032e-10
Fit (error):    plateau = 0.000039 ± 0.000003
     autocorrelation length ~ 12.2 blocks
     plateau reached at block size ~ 56
     !!!Failed to reach plateau in blocking
     Return max block error
nclean = 999, max_block_size = 24, min_nblocks = 40
Blk_SZ   NBlk   NSmp      Energy     Error    dError
     1    999    999  -131.533153  0.000137  0.000003
     2    499    998  -131.533181  0.000147  0.000005
     3    333    999  -131.533208  0.000150  0.000006
     4    249    996  -131.533203  0.000148  0.000007
     5    199    995  -131.533214  0.000152  0.000008
     6    166    996  -131.533219  0.000149  0.000008
     7    142    994  -131.533215  0.000155  0.000009
     8    124    992  -131.533225  0.000149  0.000009
     9    111    999  -131.533241  0.000156  0.000010
    10     99    990  -131.533240  0.000151  0.000011
    11     90    990  -131.533239  0.000159  0.000012
    12     83    996  -131.533240  0.000154  0.000012
    13     76    988  -131.533242  0.000151  0.000012
    14     71    994  -131.533237  0.000160  0.000013
    15     66    990  -131.533247  0.000161  0.000014
    16     62    992  -131.533243  0.000157  0.000014
    17     58    986  -131.533260  0.000158  0.000015
    18     55    990  -131.533248  0.000175  0.000017
    19     52    988  -131.533250  0.000143  0.000014
    20     49    980  -131.533266  0.000156  0.000016
    21     47    987  -131.533255  0.000159  0.000017
    22     45    990  -131.533253  0.000143  0.000015
    23     43    989  -131.533255  0.000154  0.000017
    24     41    984  -131.533262  0.000142  0.000016
Fit (variance): plateau_var = 2.337186e-08 ± 8.476357e-10
Fit (error):    plateau = 0.000153 ± 0.000003
     autocorrelation length ~ 1.2 blocks
     plateau reached at block size ~ 5
Final AFQMC/pt2CCSD overlap ratio: 1.001287 ± 0.000036
Final AFQMC/pt2CCSD energy: -131.533281 ± 0.000153
Total run time: 1588.39

AFQMC Sampling Finished

QMC script: /u/yzhang65/myprojects/software/afqmc/afqmc/scripts/run_afqmc_pt2ccsd.py
  => E_HF(nh2oh)      = -131.0406278560 Eh
  => E_CCSD(nh2oh)    = -131.5158455704 Eh
  => E_AFQMC(nh2oh)   = -131.53328 +/- 0.00015 Eh

============================================================
Running: nh3  charge=0  spin=0
============================================================
output file: ../../result/molout/closed_shell/nh3_vtzfp.out

Preparing AFQMC calculation
Calculating Cholesky integrals
Alpha Cholesky shape: (338, 57, 57) 
 Beta Cholesky shape: (338, 57, 57) 
Finished calculating Cholesky integrals
Size of the correlation space:
Number of electrons:        [4 4]
Number of basis functions:  56
Number of Cholesky vectors: 338

    ________                     _____                    
    ___  __ \___  __________________(_)_____________ _    
    __  /_/ /  / / /_  __ \_  __ \_  /__  __ \_  __ `/    
    _  _, _// /_/ /_  / / /  / / /  / _  / / /  /_/ /     
    /_/ |_| \__,_/ /_/ /_//_/ /_//_/  /_/ /_/_\__, /      
                                             /____/       
    _____________________________  ___________            
    ___    |__  ____/_  __ \__   |/  /_  ____/            
    __  /| |_  /_   _  / / /_  /|_/ /_  /                 
    _  ___ |  __/   / /_/ /_  /  / / / /___               
    /_/  |_/_/      \___\_\/_/  /_/  \____/               

Hostname:     gpua021.delta.ncsa.illinois.edu
System:       Linux
Node:         gpua021.delta.ncsa.illinois.edu
Release:      5.14.0-427.91.1.el9_4.x86_64
Machine:      x86_64
Processor:    x86_64
JAX backend:  GPU
JAX devices:  [CudaDevice(id=0)]
Device kind:  NVIDIA A100-SXM4-40GB
Platform:     gpu

Load system from Integral File
Maximum memory per walker:            66.67 MB
Maximum number of Cholesky per chunk: 696
Number of Cholesky chunks:            1
Number of Cholesky per chunk:         338
Number of padding Cholesky:           0

QMC System
Number of electrons: (4, 4)
Spin Multiplicity:   0
Number of orbitals:  56
Number of Chol:      338

QMC Parameters
eql_time            :                   50
n_blocks            :                 1000
n_walkers           :                  300
max_error           :                  0.0
seed                :                   17
walker_type         :                  uhf
trial               :             upt2ccsd
mix_precision       :                 True
max_memory          :                20000
dt                  :                0.005
n_exp_terms         :                    6
n_prop_steps        :                   50
save_walkers        :                False
free_projection     :                False
n_batch             :                    1
nchol_chunk         :                  338

Initalize QMC walkers by stochastic CCSD

Equilibration
inv_T        weight  killW        energy   runTime
 0.00    300.000000      0    -56.459975     11.18
 5.00    299.531020      0    -56.474856     19.51
10.00    299.922455      0    -56.464111     21.06
15.00    299.261294      0    -56.458249     22.62
20.00    299.382120      0    -56.465587     24.97
25.00    299.796653      0    -56.474388     26.52
30.00    299.884032      0    -56.493276     28.08
35.00    299.838053      0    -56.485292     30.44
40.00    299.791627      0    -56.463237     31.99
45.00    299.623771      0    -56.480531     33.54
50.00    299.363260      0    -56.470493     35.90

Sampling
blocks        weight  killW       E_Guide     error       E_Trial     error     olp_T/G     error  Walltime
    20    299.367072      0    -56.465522  0.004576    -56.468312  0.000624    1.000323  0.000038   52.41
    40    299.456885      0    -56.468398  0.003665    -56.468321  0.000384    1.000341  0.000042   63.83
    60    299.451376      1    -56.469667  0.002725    -56.468443  0.000308    1.000286  0.000043   75.33
    80    299.426223      1    -56.469228  0.002153    -56.468440  0.000243    1.000251  0.000047   86.84
   100    299.442394      1    -56.468891  0.001595    -56.468312  0.000211    1.000249  0.000037   98.33
   120    299.427539      1    -56.468907  0.001506    -56.468325  0.000186    1.000259  0.000033  109.82
   140    299.422213      1    -56.468609  0.001319    -56.468262  0.000167    1.000278  0.000032  121.32
   160    299.418147      1    -56.468626  0.001167    -56.468377  0.000158    1.000289  0.000029  132.81
   180    299.423942      1    -56.469451  0.001232    -56.468437  0.000146    1.000284  0.000025  144.32
   200    299.424321      1    -56.469507  0.001131    -56.468387  0.000134    1.000301  0.000026  155.80
   220    299.427050      1    -56.470074  0.001087    -56.468414  0.000128    1.000306  0.000025  167.30
   240    299.429251      1    -56.469961  0.001026    -56.468367  0.000121    1.000303  0.000023  178.80
   260    299.428743      1    -56.469547  0.000994    -56.468321  0.000116    1.000299  0.000022  190.29
   280    299.433162      1    -56.469736  0.000969    -56.468347  0.000115    1.000289  0.000021  201.80
   300    299.429828      1    -56.469617  0.000971    -56.468346  0.000111    1.000288  0.000020  213.29
   320    299.421957      1    -56.469317  0.000961    -56.468322  0.000108    1.000286  0.000019  224.79
   340    299.416289      1    -56.469153  0.000903    -56.468331  0.000116    1.000298  0.000019  236.30
   360    299.409996      1    -56.468937  0.000868    -56.468331  0.000112    1.000297  0.000019  247.79
   380    299.406749      1    -56.468709  0.000838    -56.468290  0.000107    1.000295  0.000018  259.31
   400    299.408405      1    -56.468919  0.000818    -56.468294  0.000104    1.000294  0.000017  270.81
   420    299.408677      1    -56.468929  0.000791    -56.468287  0.000101    1.000300  0.000017  282.31
   440    299.413049      1    -56.469155  0.000770    -56.468285  0.000097    1.000298  0.000017  293.81
   460    299.415006      1    -56.469288  0.000739    -56.468304  0.000096    1.000295  0.000017  305.32
   480    299.412585      1    -56.469102  0.000736    -56.468277  0.000093    1.000301  0.000017  316.86
   500    299.410332      1    -56.469178  0.000712    -56.468296  0.000092    1.000301  0.000017  328.34
   520    299.408767      1    -56.469150  0.000688    -56.468278  0.000089    1.000295  0.000017  339.84
   540    299.407509      1    -56.469222  0.000657    -56.468278  0.000087    1.000286  0.000018  351.34
   560    299.406298      1    -56.469100  0.000660    -56.468261  0.000085    1.000288  0.000018  362.84
   580    299.407462      1    -56.469259  0.000697    -56.468281  0.000085    1.000284  0.000018  374.33
   600    299.404211      1    -56.469167  0.000682    -56.468265  0.000083    1.000289  0.000018  385.86
   620    299.406844      1    -56.469269  0.000677    -56.468281  0.000081    1.000288  0.000017  397.36
   640    299.405514      1    -56.469388  0.000654    -56.468295  0.000080    1.000292  0.000017  408.87
   660    299.408792      1    -56.469498  0.000648    -56.468310  0.000079    1.000292  0.000017  420.36
   680    299.404254      1    -56.469391  0.000680    -56.468306  0.000078    1.000293  0.000016  431.85
   700    299.403084      1    -56.469284  0.000676    -56.468311  0.000079    1.000293  0.000016  443.36
   720    299.402991      1    -56.469264  0.000654    -56.468315  0.000077    1.000294  0.000016  454.84
   740    299.404127      1    -56.469374  0.000650    -56.468389  0.000094    1.000291  0.000016  466.36
   760    299.402294      1    -56.469365  0.000648    -56.468384  0.000092    1.000287  0.000016  477.85
   780    299.402319      1    -56.469399  0.000638    -56.468387  0.000090    1.000289  0.000016  489.35
   800    299.404261      1    -56.469534  0.000625    -56.468400  0.000088    1.000286  0.000016  500.87
   820    299.400579      1    -56.469478  0.000611    -56.468397  0.000087    1.000286  0.000016  512.37
   840    299.399219      1    -56.469451  0.000601    -56.468398  0.000085    1.000292  0.000016  523.86
   860    299.395392      1    -56.469428  0.000589    -56.468392  0.000084    1.000295  0.000016  535.36
   880    299.396972      1    -56.469440  0.000591    -56.468407  0.000086    1.000299  0.000016  546.87
   900    299.396015      1    -56.469560  0.000588    -56.468423  0.000085    1.000299  0.000016  558.39
   920    299.392333      1    -56.469407  0.000587    -56.468410  0.000084    1.000299  0.000016  569.88
   940    299.391794      1    -56.469467  0.000587    -56.468416  0.000083    1.000301  0.000016  581.38
   960    299.390292      1    -56.469392  0.000576    -56.468396  0.000082    1.000304  0.000015  592.88
   980    299.390774      1    -56.469380  0.000579    -56.468392  0.000081    1.000306  0.000015  604.37
  1000    299.389057      1    -56.469357  0.000566    -56.468391  0.000080    1.000308  0.000015  615.89

Post Propagation Process
Total number of samples 1000
Raw AFQMC/HF (Guide) energy:           -56.469357 ± 0.000566
Raw Trial/Guide overlap ratio:          1.000308 ± 0.000015
Raw AFQMC/pt2CCSD energy (covariance): -56.468391 ± 0.000080
Raw AFQMC/pt2CCSD energy (dir sample): -56.468391 ± 0.000065

Remove Outliers
removing energies outside zeta > 30
Outlier energy bound [-56.508914, -56.427089]
Removed 0 outliers with energies []
Clean AFQMC/pt2CCSD overlap ratio:        1.000308 ± 0.000015
Clean AFQMC/pt2CCSD energy (covariance): -56.468391 ± 0.000080
Clean AFQMC/ptCCSD energy (dir sample):  -56.468391 ± 0.000065

Blocking Analysis
nsample = 1000, max_block_size = 25, min_nblocks = 40
   B    NB    NS  Observable     Error    dError
   1  1000  1000    1.000308  0.000006  0.000000
   2   500  1000    1.000308  0.000008  0.000000
   3   333   999    1.000307  0.000009  0.000000
   4   250  1000    1.000308  0.000010  0.000000
   5   200  1000    1.000308  0.000010  0.000001
   6   166   996    1.000306  0.000011  0.000001
   7   142   994    1.000306  0.000011  0.000001
   8   125  1000    1.000308  0.000012  0.000001
   9   111   999    1.000307  0.000012  0.000001
  10   100  1000    1.000308  0.000012  0.000001
  11    90   990    1.000307  0.000013  0.000001
  12    83   996    1.000306  0.000013  0.000001
  13    76   988    1.000307  0.000014  0.000001
  14    71   994    1.000306  0.000013  0.000001
  15    66   990    1.000307  0.000014  0.000001
  16    62   992    1.000306  0.000014  0.000001
  17    58   986    1.000307  0.000014  0.000001
  18    55   990    1.000307  0.000015  0.000001
  19    52   988    1.000307  0.000014  0.000001
  20    50  1000    1.000308  0.000015  0.000002
  21    47   987    1.000307  0.000014  0.000001
  22    45   990    1.000307  0.000014  0.000001
  23    43   989    1.000307  0.000015  0.000002
  24    41   984    1.000307  0.000015  0.000002
  25    40  1000    1.000308  0.000014  0.000002
Fit (variance): plateau_var = 2.246e-10 ± 2.030e-11
Fit (error):    plateau = 0.000015 ± 0.000001
     autocorrelation length ~ 8.4 blocks
     plateau reached at block size ~ 39
     !!!Failed to reach plateau in blocking
     Return max block error
nclean = 1000, max_block_size = 25, min_nblocks = 40
Blk_SZ   NBlk   NSmp      Energy     Error    dError
     1   1000   1000  -56.468352  0.000065  0.000001
     2    500   1000  -56.468362  0.000070  0.000002
     3    333    999  -56.468370  0.000075  0.000003
     4    250   1000  -56.468373  0.000078  0.000003
     5    200   1000  -56.468376  0.000077  0.000004
     6    166    996  -56.468383  0.000079  0.000004
     7    142    994  -56.468383  0.000075  0.000004
     8    125   1000  -56.468381  0.000078  0.000005
     9    111    999  -56.468383  0.000080  0.000005
    10    100   1000  -56.468385  0.000073  0.000005
    11     90    990  -56.468385  0.000074  0.000006
    12     83    996  -56.468392  0.000076  0.000006
    13     76    988  -56.468383  0.000076  0.000006
    14     71    994  -56.468390  0.000076  0.000006
    15     66    990  -56.468386  0.000069  0.000006
    16     62    992  -56.468391  0.000070  0.000006
    17     58    986  -56.468386  0.000072  0.000007
    18     55    990  -56.468387  0.000073  0.000007
    19     52    988  -56.468386  0.000074  0.000007
    20     50   1000  -56.468388  0.000081  0.000008
    21     47    987  -56.468387  0.000063  0.000007
    22     45    990  -56.468389  0.000068  0.000007
    23     43    989  -56.468386  0.000071  0.000008
    24     41    984  -56.468386  0.000076  0.000009
    25     40   1000  -56.468389  0.000067  0.000008
Fit (variance): plateau_var = 5.558314e-09 ± 1.859562e-10
Fit (error):    plateau = 0.000075 ± 0.000001
     autocorrelation length ~ 0.9 blocks
     plateau reached at block size ~ 4
Final AFQMC/pt2CCSD overlap ratio: 1.000308 ± 0.000015
Final AFQMC/pt2CCSD energy: -56.468391 ± 0.000075
Total run time: 625.25

AFQMC Sampling Finished

QMC script: /u/yzhang65/myprojects/software/afqmc/afqmc/scripts/run_afqmc_pt2ccsd.py
  => E_HF(nh3)      = -56.2171418542 Eh
  => E_CCSD(nh3)    = -56.4606142768 Eh
  => E_AFQMC(nh3)   = -56.46839 +/- 0.00007 Eh

============================================================
Running: o3  charge=0  spin=0
============================================================
output file: ../../result/molout/closed_shell/o3_vtzfp.out

Preparing AFQMC calculation
Calculating Cholesky integrals
Alpha Cholesky shape: (559, 90, 90) 
 Beta Cholesky shape: (559, 90, 90) 
Finished calculating Cholesky integrals
Size of the correlation space:
Number of electrons:        [9 9]
Number of basis functions:  87
Number of Cholesky vectors: 559

    ________                     _____                    
    ___  __ \___  __________________(_)_____________ _    
    __  /_/ /  / / /_  __ \_  __ \_  /__  __ \_  __ `/    
    _  _, _// /_/ /_  / / /  / / /  / _  / / /  /_/ /     
    /_/ |_| \__,_/ /_/ /_//_/ /_//_/  /_/ /_/_\__, /      
                                             /____/       
    _____________________________  ___________            
    ___    |__  ____/_  __ \__   |/  /_  ____/            
    __  /| |_  /_   _  / / /_  /|_/ /_  /                 
    _  ___ |  __/   / /_/ /_  /  / / / /___               
    /_/  |_/_/      \___\_\/_/  /_/  \____/               

Hostname:     gpua021.delta.ncsa.illinois.edu
System:       Linux
Node:         gpua021.delta.ncsa.illinois.edu
Release:      5.14.0-427.91.1.el9_4.x86_64
Machine:      x86_64
Processor:    x86_64
JAX backend:  GPU
JAX devices:  [CudaDevice(id=0)]
Device kind:  NVIDIA A100-SXM4-40GB
Platform:     gpu

Load system from Integral File
Maximum memory per walker:            66.67 MB
Maximum number of Cholesky per chunk: 288
Number of Cholesky chunks:            2
Number of Cholesky per chunk:         280
Number of padding Cholesky:           1

QMC System
Number of electrons: (9, 9)
Spin Multiplicity:   0
Number of orbitals:  87
Number of Chol:      559

QMC Parameters
eql_time            :                   50
n_blocks            :                 1000
n_walkers           :                  300
max_error           :                  0.0
seed                :                   17
walker_type         :                  uhf
trial               :             upt2ccsd
mix_precision       :                 True
max_memory          :                20000
dt                  :                0.005
n_exp_terms         :                    6
n_prop_steps        :                   50
save_walkers        :                False
free_projection     :                False
n_batch             :                    1
nchol_chunk         :                  280

Initalize QMC walkers by stochastic CCSD

Equilibration
inv_T        weight  killW        energy   runTime
 0.00    300.000000      0   -225.088921     13.09
 5.00    298.658454      0   -225.101073     24.09
10.00    298.853512      0   -225.155511     28.30
15.00    299.556466      0   -225.121154     31.73
20.00    300.004723      0   -225.079867     35.90
25.00    298.410802      0   -225.112615     40.10
30.00    299.293457      0   -225.116476     44.29
35.00    298.219405      0   -225.150813     47.72
40.00    299.352530      0   -225.131170     51.91
45.00    299.500648      0   -225.126137     56.10
50.00    298.985515      1   -225.126915     60.29

Sampling
blocks        weight  killW       E_Guide     error       E_Trial     error     olp_T/G     error  Walltime
    20    298.722185      2   -225.124740  0.007786   -225.134283  0.002167    1.220508  0.003328  101.29
    40    298.797329      5   -225.128788  0.005208   -225.132463  0.001543    1.225512  0.003597  135.21
    60    298.781538      7   -225.130941  0.004293   -225.133295  0.001261    1.223744  0.002684  168.35
    80    298.754653     11   -225.135899  0.004176   -225.134559  0.001292    1.221876  0.002423  201.58
   100    298.675594     16   -225.134894  0.004029   -225.135254  0.001295    1.224876  0.002688  234.97
   120    298.663571     17   -225.136199  0.003890   -225.135641  0.001192    1.223763  0.002533  268.35
   140    298.635902     20   -225.135904  0.003380   -225.135720  0.001070    1.224324  0.002245  301.73
   160    298.622125     25   -225.136617  0.003261   -225.136199  0.001188    1.223894  0.001983  335.10
   180    298.580673     32   -225.137264  0.003162   -225.135982  0.001077    1.224277  0.001747  368.48
   200    298.545854     35   -225.136419  0.002979   -225.135901  0.001070    1.221471  0.002519  401.87
   220    298.541648     40   -225.137827  0.002885   -225.135922  0.000999    1.220800  0.002385  435.26
   240    298.514002     44   -225.137416  0.002686   -225.135902  0.000936    1.220358  0.002205  468.61
   260    298.503950     46   -225.137469  0.002578   -225.135836  0.000883    1.220945  0.002073  501.74
   280    298.463558     48   -225.136693  0.002446   -225.135724  0.000831    1.221810  0.002059  534.87
   300    298.449309     51   -225.137603  0.002467   -225.135466  0.000793    1.221669  0.001924  567.99
   320    298.432683     55   -225.137234  0.002428   -225.135434  0.000756    1.222143  0.001833  601.36
   340    298.419178     59   -225.137288  0.002330   -225.136033  0.000998    1.222991  0.001842  634.78
   360    298.417353     61   -225.137679  0.002237   -225.136290  0.000972    1.223258  0.001751  668.19
   380    298.404082     63   -225.137327  0.002176   -225.136078  0.000926    1.224022  0.001755  701.61
   400    298.397176     70   -225.138026  0.002142   -225.136119  0.000890    1.223800  0.001674  735.02
   420    298.384338     76   -225.137251  0.002111   -225.136097  0.000855    1.223860  0.001604  768.44
   440    298.385257     76   -225.137844  0.002347   -225.136045  0.000828    1.223940  0.001587  801.86
   460    298.379620     83   -225.138424  0.002296   -225.136138  0.000797    1.223755  0.001568  835.29
   480    298.368925     84   -225.138205  0.002221   -225.135936  0.000769    1.224015  0.001508  868.71
   500    298.362002     86   -225.137881  0.002138   -225.135873  0.000742    1.224220  0.001468  902.14
   520    298.353625     88   -225.138254  0.002091   -225.135705  0.000720    1.224072  0.001449  935.58
   540    298.351183     96   -225.138340  0.002062   -225.135952  0.000710    1.224307  0.001428  969.00
   560    298.356769     98   -225.138697  0.002039   -225.136175  0.000700    1.223674  0.001440 1002.43
   580    298.347906    101   -225.138524  0.001972   -225.136251  0.000679    1.223743  0.001409 1035.85
   600    298.338476    103   -225.138469  0.001912   -225.136275  0.000661    1.223620  0.001390 1069.27
   620    298.336986    111   -225.138510  0.001868   -225.136114  0.000643    1.223785  0.001356 1102.68
   640    298.334730    112   -225.138444  0.001835   -225.136048  0.000627    1.223836  0.001340 1136.09
   660    298.326379    115   -225.138011  0.001812   -225.136111  0.000611    1.223614  0.001310 1169.51
   680    298.319265    116   -225.138013  0.001765   -225.136112  0.000597    1.223707  0.001283 1202.91
   700    298.318142    120   -225.138125  0.001719   -225.136077  0.000581    1.223894  0.001256 1236.34
   720    298.319087    122   -225.138411  0.001675   -225.136081  0.000569    1.223853  0.001276 1269.74
   740    298.313942    125   -225.138416  0.001635   -225.136114  0.000560    1.223416  0.001307 1303.17
   760    298.308939    125   -225.138523  0.001598   -225.136162  0.000552    1.223322  0.001295 1336.58
   780    298.310048    130   -225.139029  0.001647   -225.136176  0.000541    1.223607  0.001280 1370.00
   800    298.306577    130   -225.138678  0.001605   -225.136153  0.000530    1.223423  0.001355 1403.40
   820    298.308113    134   -225.139011  0.001599   -225.136155  0.000519    1.223336  0.001324 1436.57
   840    298.307615    136   -225.138834  0.001559   -225.136132  0.000509    1.223238  0.001296 1469.68
   860    298.307710    138   -225.139213  0.001539   -225.136200  0.000501    1.223175  0.001267 1502.80
   880    298.300311    138   -225.139085  0.001506   -225.136239  0.000491    1.223491  0.001278 1535.90
   900    298.295742    139   -225.139007  0.001494   -225.136163  0.000482    1.223704  0.001267 1569.39
   920    298.298205    140   -225.139203  0.001463   -225.136156  0.000474    1.223897  0.001254 1612.08
   940    298.296705    141   -225.139236  0.001430   -225.136116  0.000465    1.223970  0.001229 1654.79
   960    298.289910    144   -225.139045  0.001398   -225.136084  0.000458    1.223931  0.001204 1697.48
   980    298.287499    147   -225.139105  0.001383   -225.136018  0.000452    1.224123  0.001195 1740.16
  1000    298.284580    149   -225.138967  0.001369   -225.135964  0.000446    1.224133  0.001171 1782.85

Post Propagation Process
Total number of samples 1000
Raw AFQMC/HF (Guide) energy:           -225.138967 ± 0.001369
Raw Trial/Guide overlap ratio:          1.224133 ± 0.001171
Raw AFQMC/pt2CCSD energy (covariance): -225.135964 ± 0.000446
Raw AFQMC/pt2CCSD energy (dir sample): -225.135964 ± 0.000372

Remove Outliers
removing energies outside zeta > 30
Outlier energy bound [-225.374627, -224.893899]
Removed 0 outliers with energies []
Clean AFQMC/pt2CCSD overlap ratio:        1.224133 ± 0.001171
Clean AFQMC/pt2CCSD energy (covariance): -225.135964 ± 0.000446
Clean AFQMC/ptCCSD energy (dir sample):  -225.135964 ± 0.000372

Blocking Analysis
nsample = 1000, max_block_size = 25, min_nblocks = 40
   B    NB    NS  Observable     Error    dError
   1  1000  1000    1.224135  0.000423  0.000009
   2   500  1000    1.224134  0.000562  0.000018
   3   333   999    1.224127  0.000657  0.000026
   4   250  1000    1.224134  0.000729  0.000033
   5   200  1000    1.224134  0.000777  0.000039
   6   166   996    1.224139  0.000830  0.000046
   7   142   994    1.224130  0.000868  0.000052
   8   125  1000    1.224134  0.000912  0.000058
   9   111   999    1.224127  0.000954  0.000064
  10   100  1000    1.224133  0.000955  0.000068
  11    90   990    1.224130  0.001023  0.000077
  12    83   996    1.224139  0.001011  0.000079
  13    76   988    1.224130  0.001070  0.000087
  14    71   994    1.224130  0.001027  0.000087
  15    66   990    1.224131  0.001068  0.000094
  16    62   992    1.224133  0.001101  0.000100
  17    58   986    1.224149  0.001075  0.000101
  18    55   990    1.224130  0.001135  0.000109
  19    52   988    1.224131  0.001091  0.000108
  20    50  1000    1.224134  0.001171  0.000118
  21    47   987    1.224141  0.001025  0.000107
  22    45   990    1.224129  0.001119  0.000119
  23    43   989    1.224128  0.001073  0.000117
  24    41   984    1.224148  0.001074  0.000120
  25    40  1000    1.224133  0.001155  0.000131
Fit (variance): plateau_var = 1.314e-06 ± 1.120e-07
Fit (error):    plateau = 0.001146 ± 0.000049
     autocorrelation length ~ 8.1 blocks
     plateau reached at block size ~ 37
     !!!Failed to reach plateau in blocking
     Return max block error
nclean = 1000, max_block_size = 25, min_nblocks = 40
Blk_SZ   NBlk   NSmp      Energy     Error    dError
     1   1000   1000  -225.135694  0.000372  0.000008
     2    500   1000  -225.135768  0.000400  0.000013
     3    333    999  -225.135790  0.000419  0.000016
     4    250   1000  -225.135836  0.000411  0.000018
     5    200   1000  -225.135858  0.000425  0.000021
     6    166    996  -225.135860  0.000430  0.000024
     7    142    994  -225.135892  0.000429  0.000026
     8    125   1000  -225.135899  0.000428  0.000027
     9    111    999  -225.135882  0.000450  0.000030
    10    100   1000  -225.135901  0.000438  0.000031
    11     90    990  -225.135951  0.000438  0.000033
    12     83    996  -225.135911  0.000436  0.000034
    13     76    988  -225.135971  0.000446  0.000036
    14     71    994  -225.135934  0.000449  0.000038
    15     66    990  -225.135971  0.000410  0.000036
    16     62    992  -225.135964  0.000414  0.000037
    17     58    986  -225.135962  0.000404  0.000038
    18     55    990  -225.135985  0.000427  0.000041
    19     52    988  -225.135990  0.000427  0.000042
    20     50   1000  -225.135936  0.000420  0.000042
    21     47    987  -225.135976  0.000456  0.000048
    22     45    990  -225.135989  0.000412  0.000044
    23     43    989  -225.135996  0.000395  0.000043
    24     41    984  -225.135984  0.000489  0.000055
    25     40   1000  -225.135947  0.000387  0.000044
Fit (variance): plateau_var = 1.830902e-07 ± 6.863142e-09
Fit (error):    plateau = 0.000428 ± 0.000008
     autocorrelation length ~ 1.5 blocks
     plateau reached at block size ~ 6
Final AFQMC/pt2CCSD overlap ratio: 1.224133 ± 0.001171
Final AFQMC/pt2CCSD energy: -225.135964 ± 0.000428
Total run time: 1794.74

AFQMC Sampling Finished

QMC script: /u/yzhang65/myprojects/software/afqmc/afqmc/scripts/run_afqmc_pt2ccsd.py
  => E_HF(o3)      = -224.4269107198 Eh
  => E_CCSD(o3)    = -225.0894611376 Eh
  => E_AFQMC(o3)   = -225.13596 +/- 0.00043 Eh

============================================================
Running: ocs  charge=0  spin=0
============================================================
output file: ../../result/molout/closed_shell/ocs_vtzfp.out

Preparing AFQMC calculation
Calculating Cholesky integrals
Alpha Cholesky shape: (550, 94, 94) 
 Beta Cholesky shape: (550, 94, 94) 
Finished calculating Cholesky integrals
Size of the correlation space:
Number of electrons:        [8 8]
Number of basis functions:  87
Number of Cholesky vectors: 550

    ________                     _____                    
    ___  __ \___  __________________(_)_____________ _    
    __  /_/ /  / / /_  __ \_  __ \_  /__  __ \_  __ `/    
    _  _, _// /_/ /_  / / /  / / /  / _  / / /  /_/ /     
    /_/ |_| \__,_/ /_/ /_//_/ /_//_/  /_/ /_/_\__, /      
                                             /____/       
    _____________________________  ___________            
    ___    |__  ____/_  __ \__   |/  /_  ____/            
    __  /| |_  /_   _  / / /_  /|_/ /_  /                 
    _  ___ |  __/   / /_/ /_  /  / / / /___               
    /_/  |_/_/      \___\_\/_/  /_/  \____/               

Hostname:     gpua021.delta.ncsa.illinois.edu
System:       Linux
Node:         gpua021.delta.ncsa.illinois.edu
Release:      5.14.0-427.91.1.el9_4.x86_64
Machine:      x86_64
Processor:    x86_64
JAX backend:  GPU
JAX devices:  [CudaDevice(id=0)]
Device kind:  NVIDIA A100-SXM4-40GB
Platform:     gpu

Load system from Integral File
Maximum memory per walker:            66.67 MB
Maximum number of Cholesky per chunk: 288
Number of Cholesky chunks:            2
Number of Cholesky per chunk:         275
Number of padding Cholesky:           0

QMC System
Number of electrons: (8, 8)
Spin Multiplicity:   0
Number of orbitals:  87
Number of Chol:      550

QMC Parameters
eql_time            :                   50
n_blocks            :                 1000
n_walkers           :                  300
max_error           :                  0.0
seed                :                   17
walker_type         :                  uhf
trial               :             upt2ccsd
mix_precision       :                 True
max_memory          :                20000
dt                  :                0.005
n_exp_terms         :                    6
n_prop_steps        :                   50
save_walkers        :                False
free_projection     :                False
n_batch             :                    1
nchol_chunk         :                  275

Initalize QMC walkers by stochastic CCSD

Equilibration
inv_T        weight  killW        energy   runTime
 0.00    300.000000      0   -510.883795     14.75
 5.00    299.395666      0   -510.929303     25.69
10.00    299.325963      0   -510.961207     30.27
15.00    299.140772      0   -510.912951     34.85
20.00    299.033167      0   -510.898342     40.05
25.00    299.989280      0   -510.934304     44.63
30.00    299.085236      0   -510.956515     49.20
35.00    299.768450      0   -510.947496     53.77
40.00    298.922517      0   -510.921397     58.98
45.00    299.003619      0   -510.911573     63.55
50.00    299.393233      0   -510.920343     68.12

Sampling
blocks        weight  killW       E_Guide     error       E_Trial     error     olp_T/G     error  Walltime
    20    299.227754      1   -510.923478  0.014521   -510.919340  0.002003    1.009229  0.000892  114.78
    40    299.125441      1   -510.925589  0.007567   -510.921537  0.002020    1.009999  0.000554  157.39
    60    299.113574      1   -510.925953  0.006064   -510.920965  0.001670    1.009468  0.000515  200.09
    80    299.092946      2   -510.926910  0.005088   -510.921086  0.001328    1.009025  0.000481  242.78
   100    299.066459      2   -510.927505  0.004112   -510.921160  0.001205    1.009103  0.000406  285.48
   120    298.995848      2   -510.925020  0.003681   -510.920180  0.001044    1.009157  0.000338  328.17
   140    298.961554      2   -510.924085  0.003255   -510.919840  0.000924    1.008990  0.000310  370.85
   160    298.953854      2   -510.925506  0.003155   -510.920097  0.000855    1.009046  0.000273  413.55
   180    298.903507      3   -510.923754  0.003073   -510.919961  0.000795    1.009046  0.000245  456.25
   200    298.911293      3   -510.924912  0.002891   -510.920330  0.000746    1.009133  0.000234  498.95
   220    298.882415      3   -510.924255  0.002700   -510.920011  0.000689    1.009172  0.000219  541.62
   240    298.882113      3   -510.925465  0.002538   -510.920386  0.000652    1.009213  0.000206  584.33
   260    298.866176      3   -510.926167  0.002418   -510.920546  0.000653    1.009234  0.000198  627.03
   280    298.849221      3   -510.926330  0.002343   -510.920587  0.000632    1.009151  0.000200  669.71
   300    298.821819      4   -510.926125  0.002173   -510.920651  0.000606    1.009170  0.000192  712.40
   320    298.805738      4   -510.926912  0.002214   -510.920547  0.000577    1.009193  0.000181  755.11
   340    298.798018      4   -510.926419  0.002140   -510.920392  0.000563    1.009105  0.000182  797.79
   360    298.788258      4   -510.926448  0.001994   -510.920635  0.000569    1.009095  0.000172  840.49
   380    298.780866      4   -510.925720  0.001955   -510.920608  0.000548    1.009137  0.000165  883.19
   400    298.778234      5   -510.925955  0.001940   -510.920510  0.000533    1.009118  0.000158  925.90
   420    298.777200      5   -510.926458  0.001885   -510.920405  0.000520    1.009038  0.000161  968.58
   440    298.763785      5   -510.926446  0.001886   -510.920278  0.000503    1.009028  0.000154 1011.28
   460    298.754417      6   -510.926113  0.001843   -510.920149  0.000488    1.008971  0.000153 1053.99
   480    298.743599      6   -510.925755  0.001862   -510.920025  0.000478    1.008975  0.000150 1096.69
   500    298.742166      7   -510.926020  0.001816   -510.919953  0.000470    1.008941  0.000155 1139.39
   520    298.739366      7   -510.925757  0.001873   -510.919905  0.000456    1.008990  0.000165 1182.09
   540    298.739014      8   -510.925961  0.001827   -510.919871  0.000448    1.008949  0.000163 1224.77
   560    298.732609      8   -510.925914  0.001793   -510.919903  0.000437    1.008949  0.000159 1267.46
   580    298.724167      8   -510.925705  0.001760   -510.919934  0.000427    1.008956  0.000157 1310.15
   600    298.727280      8   -510.925904  0.001700   -510.919959  0.000430    1.008942  0.000151 1352.84
   620    298.717939      8   -510.925701  0.001667   -510.919905  0.000422    1.008931  0.000148 1395.52
   640    298.712850     11   -510.925513  0.001632   -510.919790  0.000416    1.008954  0.000145 1438.21
   660    298.716125     11   -510.925507  0.001610   -510.919787  0.000409    1.008958  0.000144 1480.93
   680    298.715582     11   -510.925772  0.001561   -510.919771  0.000402    1.008925  0.000155 1523.59
   700    298.716725     11   -510.925761  0.001550   -510.919769  0.000395    1.008878  0.000157 1566.28
   720    298.715883     11   -510.925555  0.001500   -510.919732  0.000387    1.008886  0.000153 1609.02
   740    298.716844     11   -510.925615  0.001477   -510.919627  0.000379    1.008846  0.000152 1651.72
   760    298.712055     11   -510.925398  0.001427   -510.919497  0.000372    1.008843  0.000149 1694.42
   780    298.704047     11   -510.925244  0.001395   -510.919511  0.000366    1.008830  0.000146 1737.11
   800    298.702033     11   -510.925215  0.001385   -510.919503  0.000374    1.008820  0.000140 1779.80
   820    298.698566     11   -510.925093  0.001348   -510.919408  0.000367    1.008847  0.000139 1822.50
   840    298.698728     12   -510.925288  0.001364   -510.919391  0.000363    1.008809  0.000143 1865.18
   860    298.697770     12   -510.925364  0.001334   -510.919413  0.000361    1.008832  0.000143 1902.74
   880    298.699188     12   -510.925584  0.001319   -510.919586  0.000385    1.008842  0.000141 1935.11
   900    298.702058     12   -510.925940  0.001316   -510.919652  0.000387    1.008854  0.000138 1967.52
   920    298.708017     12   -510.926286  0.001337   -510.919641  0.000381    1.008914  0.000143 1999.92
   940    298.708133     12   -510.926154  0.001349   -510.919590  0.000375    1.008967  0.000146 2032.31
   960    298.708314     12   -510.926156  0.001337   -510.919572  0.000374    1.008978  0.000153 2070.71
   980    298.706457     12   -510.926230  0.001313   -510.919613  0.000370    1.008966  0.000150 2113.40
  1000    298.705875     12   -510.926410  0.001373   -510.919717  0.000370    1.008982  0.000147 2156.12

Post Propagation Process
Total number of samples 1000
Raw AFQMC/HF (Guide) energy:           -510.926410 ± 0.001373
Raw Trial/Guide overlap ratio:          1.008982 ± 0.000147
Raw AFQMC/pt2CCSD energy (covariance): -510.919717 ± 0.000370
Raw AFQMC/pt2CCSD energy (dir sample): -510.919717 ± 0.000291

Remove Outliers
removing energies outside zeta > 30
Outlier energy bound [-511.116590, -510.720908]
Removed 0 outliers with energies []
Clean AFQMC/pt2CCSD overlap ratio:        1.008982 ± 0.000147
Clean AFQMC/pt2CCSD energy (covariance): -510.919717 ± 0.000370
Clean AFQMC/ptCCSD energy (dir sample):  -510.919717 ± 0.000291

Blocking Analysis
nsample = 1000, max_block_size = 25, min_nblocks = 40
   B    NB    NS  Observable     Error    dError
   1  1000  1000    1.008982  0.000053  0.000001
   2   500  1000    1.008982  0.000069  0.000002
   3   333   999    1.008982  0.000079  0.000003
   4   250  1000    1.008982  0.000090  0.000004
   5   200  1000    1.008982  0.000096  0.000005
   6   166   996    1.008983  0.000103  0.000006
   7   142   994    1.008985  0.000107  0.000006
   8   125  1000    1.008982  0.000112  0.000007
   9   111   999    1.008982  0.000115  0.000008
  10   100  1000    1.008982  0.000119  0.000008
  11    90   990    1.008983  0.000124  0.000009
  12    83   996    1.008983  0.000123  0.000010
  13    76   988    1.008984  0.000130  0.000011
  14    71   994    1.008985  0.000133  0.000011
  15    66   990    1.008983  0.000134  0.000012
  16    62   992    1.008982  0.000133  0.000012
  17    58   986    1.008980  0.000139  0.000013
  18    55   990    1.008983  0.000138  0.000013
  19    52   988    1.008984  0.000142  0.000014
  20    50  1000    1.008982  0.000139  0.000014
  21    47   987    1.008981  0.000147  0.000015
  22    45   990    1.008983  0.000134  0.000014
  23    43   989    1.008985  0.000135  0.000015
  24    41   984    1.008975  0.000135  0.000015
  25    40  1000    1.008982  0.000139  0.000016
Fit (variance): plateau_var = 2.116e-08 ± 1.998e-09
Fit (error):    plateau = 0.000145 ± 0.000007
     autocorrelation length ~ 9.0 blocks
     plateau reached at block size ~ 42
     !!!Failed to reach plateau in blocking
     Return max block error
nclean = 1000, max_block_size = 25, min_nblocks = 40
Blk_SZ   NBlk   NSmp      Energy     Error    dError
     1   1000   1000  -510.919550  0.000291  0.000007
     2    500   1000  -510.919582  0.000312  0.000010
     3    333    999  -510.919599  0.000335  0.000013
     4    250   1000  -510.919616  0.000339  0.000015
     5    200   1000  -510.919621  0.000354  0.000018
     6    166    996  -510.919628  0.000372  0.000020
     7    142    994  -510.919643  0.000355  0.000021
     8    125   1000  -510.919643  0.000366  0.000023
     9    111    999  -510.919642  0.000378  0.000025
    10    100   1000  -510.919653  0.000371  0.000026
    11     90    990  -510.919655  0.000381  0.000029
    12     83    996  -510.919655  0.000394  0.000031
    13     76    988  -510.919635  0.000364  0.000030
    14     71    994  -510.919671  0.000375  0.000032
    15     66    990  -510.919677  0.000358  0.000031
    16     62    992  -510.919668  0.000410  0.000037
    17     58    986  -510.919642  0.000380  0.000036
    18     55    990  -510.919683  0.000393  0.000038
    19     52    988  -510.919656  0.000373  0.000037
    20     50   1000  -510.919690  0.000373  0.000038
    21     47    987  -510.919654  0.000400  0.000042
    22     45    990  -510.919686  0.000387  0.000041
    23     43    989  -510.919684  0.000371  0.000041
    24     41    984  -510.919647  0.000404  0.000045
    25     40   1000  -510.919684  0.000385  0.000044
Fit (variance): plateau_var = 1.463676e-07 ± 7.947938e-09
Fit (error):    plateau = 0.000383 ± 0.000010
     autocorrelation length ~ 3.9 blocks
     plateau reached at block size ~ 16
Final AFQMC/pt2CCSD overlap ratio: 1.008982 ± 0.000147
Final AFQMC/pt2CCSD energy: -510.919717 ± 0.000383
Total run time: 2168.03

AFQMC Sampling Finished

QMC script: /u/yzhang65/myprojects/software/afqmc/afqmc/scripts/run_afqmc_pt2ccsd.py
  => E_HF(ocs)      = -510.3390019591 Eh
  => E_CCSD(ocs)    = -510.8874554809 Eh
  => E_AFQMC(ocs)   = -510.91972 +/- 0.00038 Eh

============================================================
Running: oxadiazole  charge=0  spin=0
============================================================
output file: ../../result/molout/closed_shell/oxadiazole_vtzfp.out

Preparing AFQMC calculation
Calculating Cholesky integrals
Alpha Cholesky shape: (980, 168, 168) 
 Beta Cholesky shape: (980, 168, 168) 
Finished calculating Cholesky integrals
Size of the correlation space:
Number of electrons:        [13 13]
Number of basis functions:  163
Number of Cholesky vectors: 980

    ________                     _____                    
    ___  __ \___  __________________(_)_____________ _    
    __  /_/ /  / / /_  __ \_  __ \_  /__  __ \_  __ `/    
    _  _, _// /_/ /_  / / /  / / /  / _  / / /  /_/ /     
    /_/ |_| \__,_/ /_/ /_//_/ /_//_/  /_/ /_/_\__, /      
                                             /____/       
    _____________________________  ___________            
    ___    |__  ____/_  __ \__   |/  /_  ____/            
    __  /| |_  /_   _  / / /_  /|_/ /_  /                 
    _  ___ |  __/   / /_/ /_  /  / / / /___               
    /_/  |_/_/      \___\_\/_/  /_/  \____/               

Hostname:     gpua021.delta.ncsa.illinois.edu
System:       Linux
Node:         gpua021.delta.ncsa.illinois.edu
Release:      5.14.0-427.91.1.el9_4.x86_64
Machine:      x86_64
Processor:    x86_64
JAX backend:  GPU
JAX devices:  [CudaDevice(id=0)]
Device kind:  NVIDIA A100-SXM4-40GB
Platform:     gpu

Load system from Integral File
Maximum memory per walker:            66.67 MB
Maximum number of Cholesky per chunk: 82
Number of Cholesky chunks:            12
Number of Cholesky per chunk:         82
Number of padding Cholesky:           4

QMC System
Number of electrons: (13, 13)
Spin Multiplicity:   0
Number of orbitals:  163
Number of Chol:      980

QMC Parameters
eql_time            :                   50
n_blocks            :                 1000
n_walkers           :                  300
max_error           :                  0.0
seed                :                   17
walker_type         :                  uhf
trial               :             upt2ccsd
mix_precision       :                 True
max_memory          :                20000
dt                  :                0.005
n_exp_terms         :                    6
n_prop_steps        :                   50
save_walkers        :                False
free_projection     :                False
n_batch             :                    1
nchol_chunk         :                   82

Initalize QMC walkers by stochastic CCSD

Equilibration
inv_T        weight  killW        energy   runTime
 0.00    300.000000      0   -261.581677     20.97
 5.00    298.878173      0   -261.634554     41.81
10.00    298.536357      0   -261.593530     55.99
15.00    298.877161      0   -261.651832     70.09
20.00    297.674578      0   -261.615963     84.27
25.00    299.591414      0   -261.659276     98.45
30.00    298.225830      0   -261.665753    112.54
35.00    298.738172      0   -261.638198    126.73
40.00    298.559879      0   -261.671903    140.92
45.00    298.128935      0   -261.604730    155.01
50.00    300.373288      0   -261.631496    169.18

Sampling
blocks        weight  killW       E_Guide     error       E_Trial     error     olp_T/G     error  Walltime
    20    298.752975      0   -261.640616  0.010656   -261.638033  0.002055    1.104350  0.001273  318.70
    40    298.669514      0   -261.634932  0.006097   -261.637658  0.001436    1.104361  0.000652  461.35
    60    298.582019      0   -261.638226  0.005351   -261.636319  0.002037    1.104520  0.000584  604.79
    80    298.526599      0   -261.637025  0.005166   -261.636531  0.001596    1.103950  0.000655  748.20
   100    298.507037      0   -261.639724  0.004618   -261.636929  0.001380    1.103797  0.000572  891.64
   120    298.525855      0   -261.640250  0.003954   -261.637451  0.001207    1.103600  0.000536 1035.08
   140    298.514342      0   -261.643876  0.004264   -261.638407  0.001132    1.103144  0.000643 1178.52
   160    298.499054      0   -261.644797  0.004014   -261.639288  0.001165    1.102638  0.000628 1321.92
   180    298.452421      0   -261.644506  0.003844   -261.638996  0.001071    1.102388  0.000596 1465.36
   200    298.420850      0   -261.644345  0.003549   -261.639049  0.000977    1.102125  0.000571 1608.80
   220    298.376619      0   -261.643233  0.003354   -261.639051  0.000909    1.102091  0.000524 1752.20
   240    298.340554      0   -261.642086  0.003239   -261.638814  0.000848    1.102063  0.000489 1895.65
   260    298.307056      1   -261.641600  0.003147   -261.638723  0.000793    1.102014  0.000467 2039.02
   280    298.282069      1   -261.641366  0.002891   -261.638759  0.000748    1.101985  0.000431 2184.72
   300    298.264610      1   -261.641591  0.002823   -261.639092  0.000712    1.101982  0.000409 2333.23
   320    298.253647      2   -261.642573  0.002767   -261.639215  0.000686    1.101936  0.000388 2481.64
   340    298.231314      2   -261.642290  0.002647   -261.639240  0.000658    1.101933  0.000377 2629.92
   360    298.231292      2   -261.643104  0.002503   -261.639506  0.000676    1.101832  0.000366 2778.30
   380    298.227593      2   -261.643949  0.002509   -261.639662  0.000655    1.101777  0.000355 2926.62
   400    298.211824      2   -261.643970  0.002419   -261.639806  0.000656    1.101766  0.000336 3075.10
   420    298.193896      2   -261.643319  0.002343   -261.639761  0.000633    1.101820  0.000323 3223.43
   440    298.178326      2   -261.643749  0.002405   -261.639833  0.000619    1.101797  0.000347 3371.78
   460    298.166929      2   -261.643563  0.002347   -261.639693  0.000605    1.101829  0.000338 3520.11
   480    298.170943      2   -261.644133  0.002321   -261.639846  0.000599    1.101787  0.000327 3665.60
   500    298.163575      2   -261.644288  0.002225   -261.639742  0.000582    1.101679  0.000319 3816.24
   520    298.153488      2   -261.644461  0.002142   -261.639881  0.000588    1.101583  0.000328 3967.20
   540    298.143926      4   -261.644770  0.002104   -261.639808  0.000571    1.101567  0.000320 4118.23
   560    298.137091      4   -261.644534  0.002064   -261.639907  0.000558    1.101628  0.000309 4269.26
   580    298.118960      4   -261.644131  0.002003   -261.639760  0.000544    1.101660  0.000305 4420.18
   600    298.112744      5   -261.644069  0.001961   -261.639783  0.000530    1.101599  0.000309 4571.18
   620    298.097236      5   -261.643991  0.001923   -261.639786  0.000519    1.101567  0.000302 4722.15
   640    298.091000      5   -261.643973  0.001858   -261.639762  0.000508    1.101540  0.000301 4873.12
   660    298.087002      6   -261.644332  0.001838   -261.639875  0.000499    1.101531  0.000293 5024.09
   680    298.078995      6   -261.644026  0.001943   -261.639890  0.000489    1.101631  0.000292 5175.05
   700    298.077584      6   -261.644284  0.001899   -261.639870  0.000479    1.101591  0.000286 5319.52
   720    298.076651      7   -261.644542  0.001876   -261.639957  0.000474    1.101438  0.000332 5469.17
   740    298.078800      7   -261.644812  0.001867   -261.640065  0.000468    1.101350  0.000335 5618.87
   760    298.076311      8   -261.645108  0.001831   -261.640124  0.000461    1.101412  0.000329 5768.51
   780    298.069137      8   -261.644889  0.001807   -261.640078  0.000451    1.101536  0.000336 5918.18
   800    298.063990      8   -261.644843  0.001764   -261.640096  0.000442    1.101615  0.000339 6067.87
   820    298.059742      8   -261.644861  0.001729   -261.640111  0.000435    1.101615  0.000331 6217.54
   840    298.051264      8   -261.644798  0.001693   -261.640136  0.000428    1.101643  0.000326 6367.16
   860    298.056832      8   -261.645299  0.001699   -261.640204  0.000424    1.101667  0.000325 6516.83
   880    298.048484      8   -261.645410  0.001666   -261.640288  0.000421    1.101681  0.000319 6666.51
   900    298.043374      9   -261.644938  0.001634   -261.640248  0.000413    1.101701  0.000311 6816.20
   920    298.037836     10   -261.644799  0.001680   -261.640223  0.000408    1.101748  0.000305 6965.83
   940    298.040043     10   -261.644804  0.001640   -261.640184  0.000401    1.101753  0.000301 7115.47
   960    298.043340     10   -261.644992  0.001602   -261.640291  0.000399    1.101737  0.000294 7265.13
   980    298.037132     10   -261.645031  0.001572   -261.640301  0.000394    1.101723  0.000291 7414.88
  1000    298.035419     10   -261.645155  0.001545   -261.640262  0.000389    1.101775  0.000292 7558.51

Post Propagation Process
Total number of samples 1000
Raw AFQMC/HF (Guide) energy:           -261.645155 ± 0.001545
Raw Trial/Guide overlap ratio:          1.101775 ± 0.000292
Raw AFQMC/pt2CCSD energy (covariance): -261.640262 ± 0.000389
Raw AFQMC/pt2CCSD energy (dir sample): -261.640262 ± 0.000328

Remove Outliers
removing energies outside zeta > 30
Outlier energy bound [-261.882287, -261.394586]
Removed 0 outliers with energies []
Clean AFQMC/pt2CCSD overlap ratio:        1.101775 ± 0.000292
Clean AFQMC/pt2CCSD energy (covariance): -261.640262 ± 0.000389
Clean AFQMC/ptCCSD energy (dir sample):  -261.640262 ± 0.000328

Blocking Analysis
nsample = 1000, max_block_size = 25, min_nblocks = 40
   B    NB    NS  Observable     Error    dError
   1  1000  1000    1.101776  0.000109  0.000002
   2   500  1000    1.101776  0.000144  0.000005
   3   333   999    1.101770  0.000167  0.000006
   4   250  1000    1.101776  0.000185  0.000008
   5   200  1000    1.101775  0.000198  0.000010
   6   166   996    1.101763  0.000208  0.000011
   7   142   994    1.101747  0.000217  0.000013
   8   125  1000    1.101775  0.000226  0.000014
   9   111   999    1.101770  0.000232  0.000016
  10   100  1000    1.101775  0.000234  0.000017
  11    90   990    1.101733  0.000244  0.000018
  12    83   996    1.101762  0.000239  0.000019
  13    76   988    1.101729  0.000250  0.000020
  14    71   994    1.101747  0.000260  0.000022
  15    66   990    1.101733  0.000258  0.000023
  16    62   992    1.101737  0.000263  0.000024
  17    58   986    1.101731  0.000258  0.000024
  18    55   990    1.101732  0.000280  0.000027
  19    52   988    1.101729  0.000258  0.000026
  20    50  1000    1.101775  0.000269  0.000027
  21    47   987    1.101730  0.000282  0.000029
  22    45   990    1.101732  0.000280  0.000030
  23    43   989    1.101730  0.000275  0.000030
  24    41   984    1.101728  0.000284  0.000032
  25    40  1000    1.101775  0.000292  0.000033
Fit (variance): plateau_var = 7.720e-08 ± 6.302e-09
Fit (error):    plateau = 0.000278 ± 0.000011
     autocorrelation length ~ 7.4 blocks
     plateau reached at block size ~ 34
     !!!Failed to reach plateau in blocking
     Return max block error
nclean = 1000, max_block_size = 25, min_nblocks = 40
Blk_SZ   NBlk   NSmp      Energy     Error    dError
     1   1000   1000  -261.640006  0.000328  0.000007
     2    500   1000  -261.640067  0.000361  0.000011
     3    333    999  -261.640104  0.000384  0.000015
     4    250   1000  -261.640111  0.000398  0.000018
     5    200   1000  -261.640136  0.000401  0.000020
     6    166    996  -261.640154  0.000397  0.000022
     7    142    994  -261.640158  0.000407  0.000024
     8    125   1000  -261.640170  0.000415  0.000026
     9    111    999  -261.640182  0.000416  0.000028
    10    100   1000  -261.640192  0.000390  0.000028
    11     90    990  -261.640185  0.000386  0.000029
    12     83    996  -261.640192  0.000391  0.000030
    13     76    988  -261.640200  0.000371  0.000030
    14     71    994  -261.640204  0.000410  0.000035
    15     66    990  -261.640207  0.000389  0.000034
    16     62    992  -261.640220  0.000391  0.000035
    17     58    986  -261.640196  0.000425  0.000040
    18     55    990  -261.640224  0.000394  0.000038
    19     52    988  -261.640211  0.000375  0.000037
    20     50   1000  -261.640222  0.000386  0.000039
    21     47    987  -261.640204  0.000390  0.000041
    22     45    990  -261.640216  0.000376  0.000040
    23     43    989  -261.640234  0.000373  0.000041
    24     41    984  -261.640214  0.000401  0.000045
    25     40   1000  -261.640221  0.000370  0.000042
Fit (variance): plateau_var = 1.564224e-07 ± 5.568771e-09
Fit (error):    plateau = 0.000396 ± 0.000007
     autocorrelation length ~ 1.3 blocks
     plateau reached at block size ~ 6
Final AFQMC/pt2CCSD overlap ratio: 1.101775 ± 0.000292
Final AFQMC/pt2CCSD energy: -261.640262 ± 0.000396
Total run time: 7571.27

AFQMC Sampling Finished

QMC script: /u/yzhang65/myprojects/software/afqmc/afqmc/scripts/run_afqmc_pt2ccsd.py
  => E_HF(oxadiazole)      = -260.6395048721 Eh
  => E_CCSD(oxadiazole)    = -261.5846388861 Eh
  => E_AFQMC(oxadiazole)   = -261.64026 +/- 0.00040 Eh

============================================================
Running: oxetane  charge=0  spin=0
============================================================
output file: ../../result/molout/closed_shell/oxetane_vtzfp.out

Preparing AFQMC calculation
Calculating Cholesky integrals
Alpha Cholesky shape: (995, 174, 174) 
 Beta Cholesky shape: (995, 174, 174) 
Finished calculating Cholesky integrals
Size of the correlation space:
Number of electrons:        [12 12]
Number of basis functions:  170
Number of Cholesky vectors: 995

    ________                     _____                    
    ___  __ \___  __________________(_)_____________ _    
    __  /_/ /  / / /_  __ \_  __ \_  /__  __ \_  __ `/    
    _  _, _// /_/ /_  / / /  / / /  / _  / / /  /_/ /     
    /_/ |_| \__,_/ /_/ /_//_/ /_//_/  /_/ /_/_\__, /      
                                             /____/       
    _____________________________  ___________            
    ___    |__  ____/_  __ \__   |/  /_  ____/            
    __  /| |_  /_   _  / / /_  /|_/ /_  /                 
    _  ___ |  __/   / /_/ /_  /  / / / /___               
    /_/  |_/_/      \___\_\/_/  /_/  \____/               

Hostname:     gpua021.delta.ncsa.illinois.edu
System:       Linux
Node:         gpua021.delta.ncsa.illinois.edu
Release:      5.14.0-427.91.1.el9_4.x86_64
Machine:      x86_64
Processor:    x86_64
JAX backend:  GPU
JAX devices:  [CudaDevice(id=0)]
Device kind:  NVIDIA A100-SXM4-40GB
Platform:     gpu

Load system from Integral File
Maximum memory per walker:            66.67 MB
Maximum number of Cholesky per chunk: 75
Number of Cholesky chunks:            14
Number of Cholesky per chunk:         72
Number of padding Cholesky:           13

QMC System
Number of electrons: (12, 12)
Spin Multiplicity:   0
Number of orbitals:  170
Number of Chol:      995

QMC Parameters
eql_time            :                   50
n_blocks            :                 1000
n_walkers           :                  300
max_error           :                  0.0
seed                :                   17
walker_type         :                  uhf
trial               :             upt2ccsd
mix_precision       :                 True
max_memory          :                20000
dt                  :                0.005
n_exp_terms         :                    6
n_prop_steps        :                   50
save_walkers        :                False
free_projection     :                False
n_batch             :                    1
nchol_chunk         :                   72

Initalize QMC walkers by stochastic CCSD

Equilibration
inv_T        weight  killW        energy   runTime
 0.00    300.000000      0   -192.746137     21.54
 5.00    298.235643      0   -192.773882     45.81
10.00    299.178547      0   -192.802695     64.66
15.00    297.846945      0   -192.813289     83.48
20.00    298.375188      0   -192.782462    102.33
25.00    298.793489      0   -192.777590    121.16
30.00    298.428911      0   -192.757756    139.98
35.00    299.523829      0   -192.793022    158.85
40.00    298.861584      0   -192.763217    177.68
45.00    298.168041      0   -192.760677    196.51
50.00    298.214742      0   -192.807734    215.34

Sampling
blocks        weight  killW       E_Guide     error       E_Trial     error     olp_T/G     error  Walltime
    20    298.742740      0   -192.786533  0.011682   -192.778465  0.001294    1.002426  0.000298  384.01
    40    298.480339      0   -192.778252  0.009333   -192.777357  0.000769    1.002495  0.000216  547.54
    60    298.441451      0   -192.781567  0.007414   -192.778276  0.000758    1.002438  0.000163  711.15
    80    298.376071      0   -192.781741  0.005705   -192.778570  0.000648    1.002525  0.000130  874.80
   100    298.410408      0   -192.783896  0.004933   -192.778592  0.000571    1.002600  0.000122 1038.43
   120    298.377834      0   -192.787015  0.004748   -192.779806  0.000657    1.002589  0.000109 1202.07
   140    298.348582      0   -192.787279  0.004442   -192.779843  0.000585    1.002536  0.000106 1365.71
   160    298.290435      0   -192.786058  0.003817   -192.779607  0.000535    1.002617  0.000101 1529.32
   180    298.283369      0   -192.785187  0.003543   -192.779350  0.000515    1.002676  0.000100 1692.94
   200    298.237607      0   -192.782578  0.003486   -192.779174  0.000484    1.002752  0.000108 1854.14
   220    298.217190      0   -192.782430  0.003229   -192.779101  0.000456    1.002790  0.000102 2012.04
   240    298.222321      0   -192.782612  0.002905   -192.778953  0.000428    1.002788  0.000097 2170.71
   260    298.222424      0   -192.783070  0.002811   -192.778987  0.000408    1.002780  0.000093 2329.43
   280    298.201617      0   -192.782803  0.002548   -192.778829  0.000388    1.002803  0.000086 2488.15
   300    298.188246      0   -192.782923  0.002415   -192.778905  0.000374    1.002802  0.000081 2646.88
   320    298.174268      0   -192.782873  0.002298   -192.778931  0.000363    1.002800  0.000077 2805.66
   340    298.191039      0   -192.783493  0.002256   -192.778983  0.000353    1.002772  0.000074 2961.50
   360    298.185762      0   -192.783574  0.002108   -192.778975  0.000344    1.002753  0.000073 3115.61
   380    298.183140      0   -192.783289  0.002044   -192.778842  0.000332    1.002774  0.000071 3270.11
   400    298.177131      1   -192.784293  0.002068   -192.779049  0.000331    1.002748  0.000069 3424.59
   420    298.171345      1   -192.784172  0.002098   -192.779109  0.000334    1.002733  0.000067 3579.10
   440    298.149005      1   -192.783259  0.002104   -192.778924  0.000324    1.002714  0.000066 3733.55
   460    298.145792      1   -192.783372  0.002015   -192.779008  0.000314    1.002698  0.000065 3888.06
   480    298.166082      1   -192.784967  0.002404   -192.779307  0.000386    1.002709  0.000062 4042.53
   500    298.154739      1   -192.784816  0.002362   -192.779169  0.000376    1.002728  0.000061 4197.03
   520    298.155916      1   -192.785094  0.002368   -192.779221  0.000367    1.002742  0.000063 4351.58
   540    298.152678      1   -192.784970  0.002310   -192.779252  0.000358    1.002765  0.000063 4506.04
   560    298.143342      2   -192.784960  0.002261   -192.779255  0.000350    1.002791  0.000065 4660.51
   580    298.143056      2   -192.785252  0.002206   -192.779396  0.000358    1.002802  0.000064 4815.00
   600    298.135997      2   -192.785155  0.002172   -192.779343  0.000349    1.002799  0.000062 4969.50
   620    298.129673      2   -192.784898  0.002110   -192.779269  0.000339    1.002801  0.000060 5124.02
   640    298.118716      2   -192.784443  0.002074   -192.779194  0.000331    1.002818  0.000060 5278.51
   660    298.117597      2   -192.784554  0.002051   -192.779215  0.000323    1.002819  0.000058 5432.99
   680    298.111355      2   -192.784349  0.001991   -192.779204  0.000321    1.002829  0.000058 5587.50
   700    298.104683      2   -192.784357  0.001953   -192.779212  0.000313    1.002851  0.000059 5741.97
   720    298.106010      2   -192.784472  0.001887   -192.779193  0.000307    1.002833  0.000063 5896.44
   740    298.096000      2   -192.784129  0.001862   -192.779123  0.000300    1.002839  0.000062 6050.91
   760    298.095654      2   -192.784327  0.001818   -192.779150  0.000294    1.002845  0.000061 6205.40
   780    298.094971      2   -192.784095  0.001781   -192.779142  0.000289    1.002845  0.000060 6359.92
   800    298.089439      2   -192.783905  0.001742   -192.779092  0.000283    1.002848  0.000061 6514.41
   820    298.082431      2   -192.783920  0.001704   -192.779114  0.000279    1.002842  0.000059 6668.86
   840    298.082257      2   -192.783986  0.001814   -192.779059  0.000274    1.002842  0.000058 6823.37
   860    298.086764      2   -192.784120  0.001814   -192.779080  0.000269    1.002851  0.000057 6979.67
   880    298.084069      2   -192.784149  0.001773   -192.779114  0.000266    1.002849  0.000056 7133.67
   900    298.076495      2   -192.783809  0.001731   -192.779103  0.000260    1.002859  0.000056 7287.67
   920    298.070426      2   -192.783351  0.001725   -192.779076  0.000257    1.002860  0.000055 7441.69
   940    298.074824      2   -192.783439  0.001735   -192.779126  0.000255    1.002855  0.000054 7595.72
   960    298.074921      2   -192.783409  0.001703   -192.779117  0.000252    1.002858  0.000053 7749.76
   980    298.079388      2   -192.783780  0.001668   -192.779124  0.000248    1.002849  0.000052 7903.87
  1000    298.078089      2   -192.783887  0.001635   -192.779099  0.000244    1.002842  0.000052 8057.98

Post Propagation Process
Total number of samples 1000
Raw AFQMC/HF (Guide) energy:           -192.783887 ± 0.001635
Raw Trial/Guide overlap ratio:          1.002842 ± 0.000052
Raw AFQMC/pt2CCSD energy (covariance): -192.779099 ± 0.000244
Raw AFQMC/pt2CCSD energy (dir sample): -192.779099 ± 0.000186

Remove Outliers
removing energies outside zeta > 30
Outlier energy bound [-192.916880, -192.638543]
Removed 0 outliers with energies []
Clean AFQMC/pt2CCSD overlap ratio:        1.002842 ± 0.000052
Clean AFQMC/pt2CCSD energy (covariance): -192.779099 ± 0.000244
Clean AFQMC/ptCCSD energy (dir sample):  -192.779099 ± 0.000186

Blocking Analysis
nsample = 1000, max_block_size = 25, min_nblocks = 40
   B    NB    NS  Observable     Error    dError
   1  1000  1000    1.002842  0.000020  0.000000
   2   500  1000    1.002842  0.000026  0.000001
   3   333   999    1.002841  0.000030  0.000001
   4   250  1000    1.002842  0.000034  0.000002
   5   200  1000    1.002842  0.000036  0.000002
   6   166   996    1.002842  0.000038  0.000002
   7   142   994    1.002843  0.000041  0.000002
   8   125  1000    1.002842  0.000040  0.000003
   9   111   999    1.002841  0.000043  0.000003
  10   100  1000    1.002842  0.000044  0.000003
  11    90   990    1.002844  0.000044  0.000003
  12    83   996    1.002842  0.000045  0.000003
  13    76   988    1.002844  0.000047  0.000004
  14    71   994    1.002843  0.000047  0.000004
  15    66   990    1.002844  0.000046  0.000004
  16    62   992    1.002844  0.000046  0.000004
  17    58   986    1.002846  0.000046  0.000004
  18    55   990    1.002844  0.000050  0.000005
  19    52   988    1.002844  0.000052  0.000005
  20    50  1000    1.002842  0.000052  0.000005
  21    47   987    1.002845  0.000048  0.000005
  22    45   990    1.002844  0.000050  0.000005
  23    43   989    1.002844  0.000046  0.000005
  24    41   984    1.002848  0.000052  0.000006
  25    40  1000    1.002842  0.000052  0.000006
Fit (variance): plateau_var = 2.557e-09 ± 2.093e-10
Fit (error):    plateau = 0.000051 ± 0.000002
     autocorrelation length ~ 7.5 blocks
     plateau reached at block size ~ 35
     !!!Failed to reach plateau in blocking
     Return max block error
nclean = 1000, max_block_size = 25, min_nblocks = 40
Blk_SZ   NBlk   NSmp      Energy     Error    dError
     1   1000   1000  -192.778863  0.000186  0.000004
     2    500   1000  -192.778905  0.000221  0.000007
     3    333    999  -192.778948  0.000234  0.000009
     4    250   1000  -192.778964  0.000252  0.000011
     5    200   1000  -192.778980  0.000254  0.000013
     6    166    996  -192.778991  0.000259  0.000014
     7    142    994  -192.778996  0.000268  0.000016
     8    125   1000  -192.779013  0.000262  0.000017
     9    111    999  -192.779025  0.000259  0.000017
    10    100   1000  -192.779016  0.000293  0.000021
    11     90    990  -192.779033  0.000269  0.000020
    12     83    996  -192.779032  0.000273  0.000021
    13     76    988  -192.779035  0.000285  0.000023
    14     71    994  -192.779041  0.000252  0.000021
    15     66    990  -192.779052  0.000286  0.000025
    16     62    992  -192.779052  0.000274  0.000025
    17     58    986  -192.779052  0.000238  0.000022
    18     55    990  -192.779059  0.000270  0.000026
    19     52    988  -192.779055  0.000276  0.000027
    20     50   1000  -192.779056  0.000308  0.000031
    21     47    987  -192.779047  0.000311  0.000032
    22     45    990  -192.779062  0.000291  0.000031
    23     43    989  -192.779064  0.000272  0.000030
    24     41    984  -192.779072  0.000275  0.000031
    25     40   1000  -192.779067  0.000252  0.000029
Fit (variance): plateau_var = 7.334208e-08 ± 3.157956e-09
Fit (error):    plateau = 0.000271 ± 0.000006
     autocorrelation length ~ 2.4 blocks
     plateau reached at block size ~ 11
Final AFQMC/pt2CCSD overlap ratio: 1.002842 ± 0.000052
Final AFQMC/pt2CCSD energy: -192.779099 ± 0.000271
Total run time: 8067.31

AFQMC Sampling Finished

QMC script: /u/yzhang65/myprojects/software/afqmc/afqmc/scripts/run_afqmc_pt2ccsd.py
  => E_HF(oxetane)      = -191.9787954878 Eh
  => E_CCSD(oxetane)    = -192.7472030538 Eh
  => E_AFQMC(oxetane)   = -192.77910 +/- 0.00027 Eh

============================================================
Running: oxirane  charge=0  spin=0
============================================================
output file: ../../result/molout/closed_shell/oxirane_vtzfp.out

Preparing AFQMC calculation
Calculating Cholesky integrals
Alpha Cholesky shape: (723, 126, 126) 
 Beta Cholesky shape: (723, 126, 126) 
Finished calculating Cholesky integrals
Size of the correlation space:
Number of electrons:        [9 9]
Number of basis functions:  123
Number of Cholesky vectors: 723

    ________                     _____                    
    ___  __ \___  __________________(_)_____________ _    
    __  /_/ /  / / /_  __ \_  __ \_  /__  __ \_  __ `/    
    _  _, _// /_/ /_  / / /  / / /  / _  / / /  /_/ /     
    /_/ |_| \__,_/ /_/ /_//_/ /_//_/  /_/ /_/_\__, /      
                                             /____/       
    _____________________________  ___________            
    ___    |__  ____/_  __ \__   |/  /_  ____/            
    __  /| |_  /_   _  / / /_  /|_/ /_  /                 
    _  ___ |  __/   / /_/ /_  /  / / / /___               
    /_/  |_/_/      \___\_\/_/  /_/  \____/               

Hostname:     gpua021.delta.ncsa.illinois.edu
System:       Linux
Node:         gpua021.delta.ncsa.illinois.edu
Release:      5.14.0-427.91.1.el9_4.x86_64
Machine:      x86_64
Processor:    x86_64
JAX backend:  GPU
JAX devices:  [CudaDevice(id=0)]
Device kind:  NVIDIA A100-SXM4-40GB
Platform:     gpu

Load system from Integral File
Maximum memory per walker:            66.67 MB
Maximum number of Cholesky per chunk: 144
Number of Cholesky chunks:            6
Number of Cholesky per chunk:         121
Number of padding Cholesky:           3

QMC System
Number of electrons: (9, 9)
Spin Multiplicity:   0
Number of orbitals:  123
Number of Chol:      723

QMC Parameters
eql_time            :                   50
n_blocks            :                 1000
n_walkers           :                  300
max_error           :                  0.0
seed                :                   17
walker_type         :                  uhf
trial               :             upt2ccsd
mix_precision       :                 True
max_memory          :                20000
dt                  :                0.005
n_exp_terms         :                    6
n_prop_steps        :                   50
save_walkers        :                False
free_projection     :                False
n_batch             :                    1
nchol_chunk         :                  121

Initalize QMC walkers by stochastic CCSD

Equilibration
inv_T        weight  killW        energy   runTime
 0.00    300.000000      0   -153.512613     13.76
 5.00    299.176021      0   -153.542411     28.06
10.00    298.034106      0   -153.515554     35.23
15.00    298.441478      0   -153.518256     42.48
20.00    299.038383      0   -153.565992     48.99
25.00    299.081853      0   -153.531966     56.22
30.00    299.907908      0   -153.577479     63.47
35.00    299.143805      0   -153.522377     70.71
40.00    298.596699      0   -153.522754     77.22
45.00    299.006157      0   -153.549695     84.47
50.00    298.830970      0   -153.539359     91.73

Sampling
blocks        weight  killW       E_Guide     error       E_Trial     error     olp_T/G     error  Walltime
    20    298.901457      0   -153.543937  0.005720   -153.539845  0.001546    1.002067  0.000173  159.14
    40    298.979331      0   -153.546913  0.004292   -153.540100  0.001211    1.002446  0.000263  222.92
    60    298.952069      0   -153.542842  0.003508   -153.539374  0.000880    1.002493  0.000171  286.02
    80    298.883539      0   -153.543433  0.002753   -153.539353  0.000714    1.002545  0.000134  349.87
   100    298.815886      0   -153.542411  0.002253   -153.539082  0.000638    1.002504  0.000107  413.70
   120    298.822603      0   -153.542534  0.002016   -153.539042  0.000578    1.002463  0.000103  476.71
   140    298.833895      0   -153.543868  0.002416   -153.539904  0.000770    1.002381  0.000112  540.57
   160    298.828903      0   -153.544479  0.002755   -153.539664  0.000688    1.002370  0.000107  604.42
   180    298.806916      0   -153.542850  0.002722   -153.539453  0.000623    1.002379  0.000094  667.45
   200    298.798115      0   -153.543953  0.002835   -153.539440  0.000571    1.002333  0.000091  731.35
   220    298.769350      0   -153.542775  0.002684   -153.539352  0.000525    1.002361  0.000084  795.20
   240    298.757124      0   -153.543048  0.002565   -153.539240  0.000492    1.002378  0.000082  858.22
   260    298.737785      0   -153.542846  0.002414   -153.539143  0.000463    1.002370  0.000079  922.03
   280    298.737473      0   -153.543097  0.002254   -153.539163  0.000454    1.002398  0.000078  985.88
   300    298.739938      0   -153.544219  0.002219   -153.539134  0.000431    1.002451  0.000081 1048.97
   320    298.735346      0   -153.544147  0.002062   -153.539099  0.000409    1.002490  0.000080 1112.85
   340    298.729728      0   -153.544200  0.001963   -153.538998  0.000388    1.002517  0.000079 1176.66
   360    298.712916      0   -153.543436  0.001873   -153.538912  0.000370    1.002503  0.000074 1239.69
   380    298.706006      0   -153.543649  0.001800   -153.538911  0.000355    1.002466  0.000074 1303.55
   400    298.696431      0   -153.543012  0.001766   -153.538844  0.000341    1.002494  0.000074 1367.42
   420    298.699980      0   -153.543051  0.001714   -153.538869  0.000327    1.002510  0.000073 1430.45
   440    298.686186      0   -153.542596  0.001654   -153.538907  0.000320    1.002512  0.000071 1494.31
   460    298.679495      0   -153.542289  0.001611   -153.538916  0.000310    1.002505  0.000069 1558.15
   480    298.671470      0   -153.542420  0.001559   -153.538881  0.000304    1.002523  0.000070 1621.19
   500    298.674444      0   -153.542228  0.001553   -153.538866  0.000297    1.002524  0.000069 1685.03
   520    298.675462      0   -153.542197  0.001565   -153.538861  0.000289    1.002528  0.000069 1748.90
   540    298.665380      0   -153.542175  0.001528   -153.538911  0.000281    1.002526  0.000067 1811.94
   560    298.656923      0   -153.541925  0.001495   -153.538905  0.000278    1.002547  0.000068 1875.77
   580    298.654257      0   -153.542370  0.001463   -153.538984  0.000277    1.002539  0.000067 1939.62
   600    298.649590      0   -153.542483  0.001494   -153.538921  0.000270    1.002527  0.000068 2002.65
   620    298.643048      0   -153.542122  0.001472   -153.538882  0.000263    1.002517  0.000065 2066.48
   640    298.637402      0   -153.541795  0.001443   -153.538897  0.000257    1.002510  0.000067 2130.35
   660    298.634744      0   -153.541701  0.001440   -153.538883  0.000252    1.002513  0.000065 2193.45
   680    298.625986      0   -153.541465  0.001454   -153.538853  0.000247    1.002521  0.000065 2257.31
   700    298.628321      0   -153.541962  0.001509   -153.538945  0.000245    1.002526  0.000064 2321.15
   720    298.625862      0   -153.542027  0.001481   -153.538965  0.000240    1.002525  0.000061 2384.19
   740    298.623170      1   -153.542212  0.001457   -153.538965  0.000237    1.002512  0.000061 2448.03
   760    298.619004      1   -153.542080  0.001404   -153.538903  0.000232    1.002508  0.000060 2511.91
   780    298.620623      1   -153.541941  0.001385   -153.538870  0.000227    1.002499  0.000059 2574.98
   800    298.620530      1   -153.541850  0.001349   -153.538843  0.000223    1.002490  0.000059 2638.82
   820    298.615801      1   -153.541946  0.001329   -153.538849  0.000220    1.002487  0.000057 2700.52
   840    298.622058      1   -153.542088  0.001299   -153.538889  0.000217    1.002484  0.000057 2764.37
   860    298.621001      1   -153.542144  0.001279   -153.538868  0.000213    1.002469  0.000057 2828.24
   880    298.625920      1   -153.542485  0.001264   -153.538895  0.000212    1.002466  0.000058 2891.30
   900    298.628868      1   -153.542667  0.001256   -153.538863  0.000209    1.002466  0.000056 2955.15
   920    298.630685      1   -153.542747  0.001252   -153.538820  0.000210    1.002462  0.000055 3018.95
   940    298.624596      1   -153.542634  0.001227   -153.538858  0.000213    1.002463  0.000055 3081.97
   960    298.631871      1   -153.542909  0.001261   -153.538919  0.000212    1.002454  0.000056 3145.82
   980    298.629949      1   -153.542886  0.001254   -153.538897  0.000209    1.002460  0.000056 3209.67
  1000    298.628264      1   -153.542841  0.001235   -153.538902  0.000206    1.002456  0.000055 3272.72

Post Propagation Process
Total number of samples 1000
Raw AFQMC/HF (Guide) energy:           -153.542841 ± 0.001235
Raw Trial/Guide overlap ratio:          1.002456 ± 0.000055
Raw AFQMC/pt2CCSD energy (covariance): -153.538902 ± 0.000206
Raw AFQMC/pt2CCSD energy (dir sample): -153.538902 ± 0.000169

Remove Outliers
removing energies outside zeta > 30
Outlier energy bound [-153.654064, -153.421669]
Removed 0 outliers with energies []
Clean AFQMC/pt2CCSD overlap ratio:        1.002456 ± 0.000055
Clean AFQMC/pt2CCSD energy (covariance): -153.538902 ± 0.000206
Clean AFQMC/ptCCSD energy (dir sample):  -153.538902 ± 0.000169

Blocking Analysis
nsample = 1000, max_block_size = 25, min_nblocks = 40
   B    NB    NS  Observable     Error    dError
   1  1000  1000    1.002456  0.000020  0.000000
   2   500  1000    1.002456  0.000025  0.000001
   3   333   999    1.002456  0.000030  0.000001
   4   250  1000    1.002456  0.000032  0.000001
   5   200  1000    1.002456  0.000035  0.000002
   6   166   996    1.002455  0.000038  0.000002
   7   142   994    1.002455  0.000039  0.000002
   8   125  1000    1.002456  0.000042  0.000003
   9   111   999    1.002456  0.000042  0.000003
  10   100  1000    1.002456  0.000042  0.000003
  11    90   990    1.002455  0.000045  0.000003
  12    83   996    1.002455  0.000045  0.000004
  13    76   988    1.002454  0.000047  0.000004
  14    71   994    1.002455  0.000049  0.000004
  15    66   990    1.002455  0.000047  0.000004
  16    62   992    1.002456  0.000051  0.000005
  17    58   986    1.002455  0.000049  0.000005
  18    55   990    1.002455  0.000052  0.000005
  19    52   988    1.002454  0.000050  0.000005
  20    50  1000    1.002456  0.000047  0.000005
  21    47   987    1.002455  0.000051  0.000005
  22    45   990    1.002455  0.000050  0.000005
  23    43   989    1.002455  0.000052  0.000006
  24    41   984    1.002456  0.000055  0.000006
  25    40  1000    1.002456  0.000052  0.000006
Fit (variance): plateau_var = 2.865e-09 ± 2.854e-10
Fit (error):    plateau = 0.000054 ± 0.000003
     autocorrelation length ~ 9.4 blocks
     plateau reached at block size ~ 44
     !!!Failed to reach plateau in blocking
     Return max block error
nclean = 1000, max_block_size = 25, min_nblocks = 40
Blk_SZ   NBlk   NSmp      Energy     Error    dError
     1   1000   1000  -153.538766  0.000169  0.000004
     2    500   1000  -153.538796  0.000190  0.000006
     3    333    999  -153.538815  0.000204  0.000008
     4    250   1000  -153.538826  0.000207  0.000009
     5    200   1000  -153.538841  0.000204  0.000010
     6    166    996  -153.538848  0.000212  0.000012
     7    142    994  -153.538856  0.000229  0.000014
     8    125   1000  -153.538855  0.000223  0.000014
     9    111    999  -153.538864  0.000216  0.000015
    10    100   1000  -153.538869  0.000221  0.000016
    11     90    990  -153.538869  0.000202  0.000015
    12     83    996  -153.538875  0.000218  0.000017
    13     76    988  -153.538865  0.000217  0.000018
    14     71    994  -153.538873  0.000245  0.000021
    15     66    990  -153.538872  0.000233  0.000020
    16     62    992  -153.538877  0.000248  0.000022
    17     58    986  -153.538873  0.000226  0.000021
    18     55    990  -153.538872  0.000236  0.000023
    19     52    988  -153.538875  0.000252  0.000025
    20     50   1000  -153.538883  0.000212  0.000021
    21     47    987  -153.538883  0.000240  0.000025
    22     45    990  -153.538881  0.000225  0.000024
    23     43    989  -153.538885  0.000218  0.000024
    24     41    984  -153.538893  0.000217  0.000024
    25     40   1000  -153.538886  0.000229  0.000026
Fit (variance): plateau_var = 5.001406e-08 ± 2.283618e-09
Fit (error):    plateau = 0.000224 ± 0.000005
     autocorrelation length ~ 2.7 blocks
     plateau reached at block size ~ 12
Final AFQMC/pt2CCSD overlap ratio: 1.002456 ± 0.000055
Final AFQMC/pt2CCSD energy: -153.538902 ± 0.000224
Total run time: 3282.20

AFQMC Sampling Finished

QMC script: /u/yzhang65/myprojects/software/afqmc/afqmc/scripts/run_afqmc_pt2ccsd.py
  => E_HF(oxirane)      = -152.9253202583 Eh
  => E_CCSD(oxirane)    = -153.5137901207 Eh
  => E_AFQMC(oxirane)   = -153.53890 +/- 0.00022 Eh

============================================================
Running: oxirene  charge=0  spin=0
============================================================
output file: ../../result/molout/closed_shell/oxirene_vtzfp.out

Preparing AFQMC calculation
Calculating Cholesky integrals
Alpha Cholesky shape: (629, 108, 108) 
 Beta Cholesky shape: (629, 108, 108) 
Finished calculating Cholesky integrals
Size of the correlation space:
Number of electrons:        [8 8]
Number of basis functions:  105
Number of Cholesky vectors: 629

    ________                     _____                    
    ___  __ \___  __________________(_)_____________ _    
    __  /_/ /  / / /_  __ \_  __ \_  /__  __ \_  __ `/    
    _  _, _// /_/ /_  / / /  / / /  / _  / / /  /_/ /     
    /_/ |_| \__,_/ /_/ /_//_/ /_//_/  /_/ /_/_\__, /      
                                             /____/       
    _____________________________  ___________            
    ___    |__  ____/_  __ \__   |/  /_  ____/            
    __  /| |_  /_   _  / / /_  /|_/ /_  /                 
    _  ___ |  __/   / /_/ /_  /  / / / /___               
    /_/  |_/_/      \___\_\/_/  /_/  \____/               

Hostname:     gpua021.delta.ncsa.illinois.edu
System:       Linux
Node:         gpua021.delta.ncsa.illinois.edu
Release:      5.14.0-427.91.1.el9_4.x86_64
Machine:      x86_64
Processor:    x86_64
JAX backend:  GPU
JAX devices:  [CudaDevice(id=0)]
Device kind:  NVIDIA A100-SXM4-40GB
Platform:     gpu

Load system from Integral File
Maximum memory per walker:            66.67 MB
Maximum number of Cholesky per chunk: 198
Number of Cholesky chunks:            4
Number of Cholesky per chunk:         158
Number of padding Cholesky:           3

QMC System
Number of electrons: (8, 8)
Spin Multiplicity:   0
Number of orbitals:  105
Number of Chol:      629

QMC Parameters
eql_time            :                   50
n_blocks            :                 1000
n_walkers           :                  300
max_error           :                  0.0
seed                :                   17
walker_type         :                  uhf
trial               :             upt2ccsd
mix_precision       :                 True
max_memory          :                20000
dt                  :                0.005
n_exp_terms         :                    6
n_prop_steps        :                   50
save_walkers        :                False
free_projection     :                False
n_batch             :                    1
nchol_chunk         :                  158

Initalize QMC walkers by stochastic CCSD

Equilibration
inv_T        weight  killW        energy   runTime
 0.00    300.000000      0   -152.200382     21.87
 5.00    299.341250      0   -152.276613     33.18
10.00    298.965663      0   -152.278554     38.50
15.00    298.798372      0   -152.204788     43.04
20.00    299.088966      0   -152.235197     48.24
25.00    298.234903      0   -152.174923     52.78
30.00    299.467789      0   -152.263599     57.99
35.00    299.175108      0   -152.242818     62.53
40.00    298.984798      0   -152.267458     67.73
45.00    299.313906      0   -152.243732     72.27
50.00    298.406763      0   -152.217166     77.48

Sampling
blocks        weight  killW       E_Guide     error       E_Trial     error     olp_T/G     error  Walltime
    20    299.136439      0   -152.242559  0.010508   -152.231757  0.002149    1.060486  0.001296  123.27
    40    298.929222      0   -152.228941  0.011382   -152.230879  0.001305    1.061383  0.000787  163.24
    60    298.924492      0   -152.230489  0.007218   -152.230933  0.001015    1.062075  0.000838  203.27
    80    298.897725      0   -152.228730  0.005326   -152.230412  0.000816    1.062096  0.000645  243.30
   100    298.888275      1   -152.231811  0.004517   -152.231047  0.000766    1.062075  0.000540  283.34
   120    298.927159      1   -152.236117  0.004710   -152.231051  0.000854    1.062585  0.000558  323.38
   140    298.901224      2   -152.237120  0.004216   -152.230960  0.000765    1.062342  0.000545  363.41
   160    298.847119      3   -152.235330  0.004031   -152.230594  0.000689    1.062356  0.000509  403.45
   180    298.869276      4   -152.239062  0.005174   -152.234939  0.004167    1.062066  0.000487  443.49
   200    298.839371      4   -152.239643  0.004707   -152.235039  0.003755    1.062049  0.000442  483.53
   220    298.846618      4   -152.240099  0.004366   -152.234696  0.003416    1.061981  0.000435  523.59
   240    298.809709      4   -152.239599  0.004081   -152.234258  0.003135    1.062099  0.000420  563.64
   260    298.800440      5   -152.240488  0.003799   -152.234293  0.002896    1.061869  0.000420  603.68
   280    298.767178      7   -152.239805  0.003679   -152.234012  0.002693    1.061776  0.000414  643.71
   300    298.744000      7   -152.239324  0.003470   -152.233615  0.002517    1.061839  0.000394  683.75
   320    298.725058      7   -152.238501  0.003336   -152.233424  0.002364    1.062044  0.000408  723.78
   340    298.711144      7   -152.238520  0.003165   -152.233277  0.002227    1.061858  0.000423  763.84
   360    298.702903      7   -152.238571  0.002947   -152.233165  0.002106    1.061822  0.000406  803.89
   380    298.696124      8   -152.238292  0.002812   -152.233085  0.001999    1.061824  0.000392  843.94
   400    298.688752      9   -152.238458  0.002696   -152.233059  0.001902    1.061897  0.000382  883.99
   420    298.679734     10   -152.237942  0.002605   -152.232857  0.001813    1.061971  0.000370  924.04
   440    298.665141     10   -152.237474  0.002504   -152.232762  0.001733    1.061830  0.000385  964.07
   460    298.655114     10   -152.236980  0.002400   -152.232736  0.001664    1.061812  0.000377 1004.12
   480    298.646732     10   -152.237044  0.002434   -152.232728  0.001600    1.061848  0.000360 1044.18
   500    298.631201     10   -152.236563  0.002407   -152.232646  0.001538    1.062003  0.000358 1084.22
   520    298.632006     10   -152.236767  0.002297   -152.232628  0.001481    1.061983  0.000352 1124.61
   540    298.626290     10   -152.236295  0.002219   -152.232441  0.001427    1.062066  0.000353 1164.70
   560    298.622505     11   -152.236032  0.002176   -152.232376  0.001378    1.062061  0.000341 1204.72
   580    298.616781     11   -152.236013  0.002143   -152.232361  0.001334    1.062032  0.000333 1244.77
   600    298.624840     12   -152.236672  0.002212   -152.232396  0.001292    1.062030  0.000336 1284.82
   620    298.627366     12   -152.236551  0.002160   -152.232355  0.001252    1.061992  0.000331 1324.85
   640    298.628897     13   -152.236823  0.002111   -152.232350  0.001216    1.061898  0.000325 1364.90
   660    298.620718     15   -152.236680  0.002016   -152.232323  0.001180    1.061885  0.000318 1404.96
   680    298.618136     15   -152.236889  0.001983   -152.232257  0.001146    1.061885  0.000311 1444.99
   700    298.612343     15   -152.236637  0.001945   -152.232227  0.001116    1.061974  0.000310 1485.03
   720    298.610628     15   -152.236250  0.001911   -152.232110  0.001087    1.061984  0.000300 1525.08
   740    298.609475     15   -152.236329  0.001871   -152.232107  0.001058    1.062017  0.000298 1565.10
   760    298.603733     15   -152.236114  0.001844   -152.231999  0.001032    1.061986  0.000297 1605.15
   780    298.596258     15   -152.235752  0.001825   -152.231860  0.001006    1.062001  0.000287 1645.20
   800    298.589309     16   -152.235303  0.001837   -152.231832  0.000982    1.062022  0.000281 1685.23
   820    298.595858     16   -152.235417  0.001812   -152.231835  0.000960    1.062015  0.000278 1725.29
   840    298.593277     16   -152.235392  0.001781   -152.231765  0.000938    1.061971  0.000273 1765.33
   860    298.596655     16   -152.235618  0.001745   -152.231772  0.000917    1.061892  0.000279 1805.37
   880    298.589968     17   -152.235319  0.001715   -152.231692  0.000897    1.061957  0.000276 1845.41
   900    298.585473     18   -152.235197  0.001705   -152.231673  0.000878    1.062013  0.000275 1885.46
   920    298.579854     18   -152.234842  0.001671   -152.231575  0.000859    1.062053  0.000273 1925.48
   940    298.579656     20   -152.234726  0.001661   -152.231554  0.000843    1.062065  0.000268 1965.53
   960    298.575397     20   -152.234773  0.001658   -152.231485  0.000827    1.062088  0.000261 2005.57
   980    298.577750     20   -152.234834  0.001658   -152.231459  0.000810    1.062140  0.000262 2045.59
  1000    298.577554     20   -152.234969  0.001627   -152.231448  0.000795    1.062149  0.000259 2085.62

Post Propagation Process
Total number of samples 1000
Raw AFQMC/HF (Guide) energy:           -152.234969 ± 0.001627
Raw Trial/Guide overlap ratio:          1.062149 ± 0.000259
Raw AFQMC/pt2CCSD energy (covariance): -152.231448 ± 0.000795
Raw AFQMC/pt2CCSD energy (dir sample): -152.231448 ± 0.000633

Remove Outliers
removing energies outside zeta > 30
Outlier energy bound [-152.387947, -152.070263]
Removed 1 outliers with energies [-152.81687977]
Clean AFQMC/pt2CCSD overlap ratio:        1.062155 ± 0.000258
Clean AFQMC/pt2CCSD energy (covariance): -152.230733 ± 0.000289
Clean AFQMC/ptCCSD energy (dir sample):  -152.230733 ± 0.000238

Blocking Analysis
nsample = 999, max_block_size = 24, min_nblocks = 40
   B    NB    NS  Observable     Error    dError
   1   999   999    1.062156  0.000097  0.000002
   2   499   998    1.062152  0.000128  0.000004
   3   333   999    1.062156  0.000151  0.000006
   4   249   996    1.062150  0.000168  0.000008
   5   199   995    1.062151  0.000182  0.000009
   6   166   996    1.062150  0.000195  0.000011
   7   142   994    1.062151  0.000204  0.000012
   8   124   992    1.062147  0.000216  0.000014
   9   111   999    1.062156  0.000216  0.000015
  10    99   990    1.062140  0.000225  0.000016
  11    90   990    1.062140  0.000230  0.000017
  12    83   996    1.062150  0.000237  0.000018
  13    76   988    1.062138  0.000242  0.000020
  14    71   994    1.062151  0.000243  0.000021
  15    66   990    1.062139  0.000253  0.000022
  16    62   992    1.062147  0.000251  0.000023
  17    58   986    1.062141  0.000244  0.000023
  18    55   990    1.062139  0.000251  0.000024
  19    52   988    1.062138  0.000250  0.000025
  20    49   980    1.062146  0.000253  0.000026
  21    47   987    1.062139  0.000258  0.000027
  22    45   990    1.062139  0.000248  0.000026
  23    43   989    1.062137  0.000245  0.000027
  24    41   984    1.062142  0.000255  0.000029
Fit (variance): plateau_var = 6.975e-08 ± 6.019e-09
Fit (error):    plateau = 0.000264 ± 0.000011
     autocorrelation length ~ 7.9 blocks
     plateau reached at block size ~ 37
     !!!Failed to reach plateau in blocking
     Return max block error
nclean = 999, max_block_size = 24, min_nblocks = 40
Blk_SZ   NBlk   NSmp      Energy     Error    dError
     1    999    999  -152.230520  0.000239  0.000005
     2    499    998  -152.230565  0.000268  0.000008
     3    333    999  -152.230589  0.000273  0.000011
     4    249    996  -152.230580  0.000289  0.000013
     5    199    995  -152.230603  0.000286  0.000014
     6    166    996  -152.230603  0.000304  0.000017
     7    142    994  -152.230624  0.000287  0.000017
     8    124    992  -152.230630  0.000306  0.000020
     9    111    999  -152.230658  0.000273  0.000018
    10     99    990  -152.230650  0.000296  0.000021
    11     90    990  -152.230657  0.000286  0.000021
    12     83    996  -152.230646  0.000298  0.000023
    13     76    988  -152.230672  0.000301  0.000025
    14     71    994  -152.230661  0.000287  0.000024
    15     66    990  -152.230667  0.000320  0.000028
    16     62    992  -152.230662  0.000315  0.000029
    17     58    986  -152.230696  0.000301  0.000028
    18     55    990  -152.230672  0.000287  0.000028
    19     52    988  -152.230683  0.000322  0.000032
    20     49    980  -152.230682  0.000287  0.000029
    21     47    987  -152.230688  0.000299  0.000031
    22     45    990  -152.230682  0.000264  0.000028
    23     43    989  -152.230696  0.000269  0.000029
    24     41    984  -152.230692  0.000284  0.000032
Fit (variance): plateau_var = 8.546041e-08 ± 3.270084e-09
Fit (error):    plateau = 0.000292 ± 0.000006
     autocorrelation length ~ 1.6 blocks
     plateau reached at block size ~ 7
Final AFQMC/pt2CCSD overlap ratio: 1.062155 ± 0.000258
Final AFQMC/pt2CCSD energy: -152.230733 ± 0.000292
Total run time: 2094.64

AFQMC Sampling Finished

QMC script: /u/yzhang65/myprojects/software/afqmc/afqmc/scripts/run_afqmc_pt2ccsd.py
  => E_HF(oxirene)      = -151.6447350061 Eh
  => E_CCSD(oxirene)    = -152.2008761565 Eh
  => E_AFQMC(oxirene)   = -152.23073 +/- 0.00029 Eh

============================================================
Running: p2  charge=0  spin=0
============================================================
output file: ../../result/molout/closed_shell/p2_vtzfp.out

Preparing AFQMC calculation
Calculating Cholesky integrals
Alpha Cholesky shape: (379, 68, 68) 
 Beta Cholesky shape: (379, 68, 68) 
Finished calculating Cholesky integrals
Size of the correlation space:
Number of electrons:        [5 5]
Number of basis functions:  58
Number of Cholesky vectors: 379

    ________                     _____                    
    ___  __ \___  __________________(_)_____________ _    
    __  /_/ /  / / /_  __ \_  __ \_  /__  __ \_  __ `/    
    _  _, _// /_/ /_  / / /  / / /  / _  / / /  /_/ /     
    /_/ |_| \__,_/ /_/ /_//_/ /_//_/  /_/ /_/_\__, /      
                                             /____/       
    _____________________________  ___________            
    ___    |__  ____/_  __ \__   |/  /_  ____/            
    __  /| |_  /_   _  / / /_  /|_/ /_  /                 
    _  ___ |  __/   / /_/ /_  /  / / / /___               
    /_/  |_/_/      \___\_\/_/  /_/  \____/               

Hostname:     gpua021.delta.ncsa.illinois.edu
System:       Linux
Node:         gpua021.delta.ncsa.illinois.edu
Release:      5.14.0-427.91.1.el9_4.x86_64
Machine:      x86_64
Processor:    x86_64
JAX backend:  GPU
JAX devices:  [CudaDevice(id=0)]
Device kind:  NVIDIA A100-SXM4-40GB
Platform:     gpu

Load system from Integral File
Maximum memory per walker:            66.67 MB
Maximum number of Cholesky per chunk: 649
Number of Cholesky chunks:            1
Number of Cholesky per chunk:         379
Number of padding Cholesky:           0

QMC System
Number of electrons: (5, 5)
Spin Multiplicity:   0
Number of orbitals:  58
Number of Chol:      379

QMC Parameters
eql_time            :                   50
n_blocks            :                 1000
n_walkers           :                  300
max_error           :                  0.0
seed                :                   17
walker_type         :                  uhf
trial               :             upt2ccsd
mix_precision       :                 True
max_memory          :                20000
dt                  :                0.005
n_exp_terms         :                    6
n_prop_steps        :                   50
save_walkers        :                False
free_projection     :                False
n_batch             :                    1
nchol_chunk         :                  379

Initalize QMC walkers by stochastic CCSD

Equilibration
inv_T        weight  killW        energy   runTime
 0.00    300.000000      0   -681.782301     11.11
 5.00    299.428235      0   -681.815581     19.02
10.00    299.682951      0   -681.827892     20.73
15.00    299.285582      0   -681.792102     23.26
20.00    299.941194      0   -681.834203     24.97
25.00    299.012292      0   -681.809709     26.67
30.00    299.271430      1   -681.802820     28.37
35.00    299.145495      0   -681.830596     30.08
40.00    299.621508      0   -681.796576     32.54
45.00    299.342225      0   -681.805062     34.24
50.00    298.838617      0   -681.793324     35.94

Sampling
blocks        weight  killW       E_Guide     error       E_Trial     error     olp_T/G     error  Walltime
    20    299.215457      1   -681.804122  0.004183   -681.807676  0.001112    1.164359  0.002474   60.56
    40    299.161320      2   -681.802666  0.002437   -681.808089  0.000814    1.165045  0.001374   79.92
    60    299.216811      3   -681.808199  0.004246   -681.808886  0.000666    1.163309  0.001433   99.36
    80    299.192632      4   -681.807676  0.003136   -681.808452  0.000574    1.162936  0.001082  118.78
   100    299.151057      6   -681.807209  0.002748   -681.808548  0.000524    1.163375  0.000945  138.22
   120    299.145780      6   -681.807756  0.002417   -681.808539  0.000465    1.163549  0.000876  157.66
   140    299.137829      6   -681.808530  0.002120   -681.808428  0.000417    1.163537  0.000789  177.08
   160    299.110170      7   -681.808654  0.001928   -681.808172  0.000383    1.163926  0.000775  196.54
   180    299.089366      7   -681.808286  0.001682   -681.808206  0.000357    1.163992  0.000733  215.98
   200    299.091150      7   -681.808822  0.001554   -681.808213  0.000337    1.163762  0.000730  235.39
   220    299.088676      8   -681.809303  0.001687   -681.808391  0.000332    1.163973  0.000715  254.86
   240    299.078597      8   -681.809804  0.001586   -681.808836  0.000361    1.163770  0.000672  274.37
   260    299.064661      9   -681.809850  0.001464   -681.808786  0.000340    1.163713  0.000627  293.79
   280    299.062545     12   -681.810438  0.001438   -681.808808  0.000331    1.163401  0.000624  313.23
   300    299.049869     12   -681.809927  0.001390   -681.808779  0.000313    1.163795  0.000646  332.67
   320    299.051108     12   -681.810177  0.001354   -681.808626  0.000298    1.164091  0.000643  352.09
   340    299.044161     12   -681.809564  0.001361   -681.808512  0.000285    1.164459  0.000660  371.53
   360    299.046425     13   -681.810245  0.001400   -681.808867  0.000327    1.164614  0.000636  390.99
   380    299.041696     13   -681.810779  0.001389   -681.808977  0.000316    1.164741  0.000609  410.42
   400    299.038775     13   -681.810840  0.001325   -681.809057  0.000312    1.164705  0.000585  429.87
   420    299.036167     13   -681.810761  0.001263   -681.809041  0.000299    1.164834  0.000573  449.35
   440    299.031793     15   -681.810841  0.001232   -681.808972  0.000289    1.164836  0.000547  468.79
   460    299.022478     15   -681.810550  0.001213   -681.808955  0.000278    1.165142  0.000566  488.22
   480    299.020037     15   -681.810600  0.001163   -681.808914  0.000269    1.165318  0.000584  507.66
   500    299.012619     17   -681.810374  0.001114   -681.808848  0.000259    1.165443  0.000577  527.09
   520    299.011625     17   -681.810596  0.001189   -681.808861  0.000252    1.165461  0.000559  546.51
   540    299.006808     17   -681.810594  0.001164   -681.808879  0.000244    1.165471  0.000547  565.97
   560    299.003033     17   -681.810504  0.001137   -681.808823  0.000238    1.165624  0.000546  585.39
   580    298.996266     17   -681.810324  0.001129   -681.808826  0.000238    1.165666  0.000533  604.83
   600    298.992080     19   -681.810480  0.001102   -681.808869  0.000233    1.165452  0.000554  624.30
   620    298.988385     19   -681.810555  0.001077   -681.808870  0.000228    1.165490  0.000540  643.74
   640    298.982358     19   -681.810278  0.001105   -681.808796  0.000223    1.165666  0.000567  663.18
   660    298.981780     19   -681.810245  0.001078   -681.808793  0.000218    1.165554  0.000545  682.62
   680    298.975777     21   -681.810216  0.001073   -681.808793  0.000217    1.165464  0.000544  702.06
   700    298.976445     23   -681.810383  0.001052   -681.808797  0.000213    1.165662  0.000542  721.49
   720    298.976914     23   -681.810449  0.001039   -681.808820  0.000208    1.165746  0.000557  740.94
   740    298.975718     23   -681.810492  0.001015   -681.808844  0.000204    1.165689  0.000545  760.39
   760    298.969816     24   -681.810217  0.001013   -681.808811  0.000200    1.165629  0.000542  779.82
   780    298.964213     25   -681.810065  0.001007   -681.808816  0.000199    1.165511  0.000536  799.28
   800    298.963191     25   -681.810095  0.000984   -681.808853  0.000197    1.165425  0.000545  818.71
   820    298.960266     26   -681.809922  0.000966   -681.808839  0.000194    1.165569  0.000551  838.14
   840    298.959509     27   -681.810016  0.000946   -681.808904  0.000193    1.165576  0.000537  857.60
   860    298.957690     28   -681.810021  0.000925   -681.808865  0.000190    1.165661  0.000532  877.03
   880    298.959422     29   -681.810167  0.000920   -681.808866  0.000187    1.165621  0.000545  896.45
   900    298.962869     31   -681.810460  0.000927   -681.808947  0.000187    1.165612  0.000545  915.92
   920    298.963685     31   -681.810545  0.000933   -681.808923  0.000183    1.165584  0.000532  935.36
   940    298.962844     31   -681.810609  0.000915   -681.808993  0.000184    1.165485  0.000520  954.80
   960    298.955472     33   -681.810267  0.000928   -681.808952  0.000182    1.165474  0.000514  974.25
   980    298.951709     33   -681.810079  0.000944   -681.808895  0.000179    1.165439  0.000506  993.69
  1000    298.951108     34   -681.810094  0.000929   -681.808840  0.000177    1.165502  0.000498 1013.13

Post Propagation Process
Total number of samples 1000
Raw AFQMC/HF (Guide) energy:           -681.810094 ± 0.000929
Raw Trial/Guide overlap ratio:          1.165502 ± 0.000498
Raw AFQMC/pt2CCSD energy (covariance): -681.808840 ± 0.000177
Raw AFQMC/pt2CCSD energy (dir sample): -681.808840 ± 0.000150

Remove Outliers
removing energies outside zeta > 30
Outlier energy bound [-681.905561, -681.710300]
Removed 0 outliers with energies []
Clean AFQMC/pt2CCSD overlap ratio:        1.165502 ± 0.000498
Clean AFQMC/pt2CCSD energy (covariance): -681.808840 ± 0.000177
Clean AFQMC/ptCCSD energy (dir sample):  -681.808840 ± 0.000150

Blocking Analysis
nsample = 1000, max_block_size = 25, min_nblocks = 40
   B    NB    NS  Observable     Error    dError
   1  1000  1000    1.165503  0.000172  0.000004
   2   500  1000    1.165503  0.000229  0.000007
   3   333   999    1.165503  0.000268  0.000010
   4   250  1000    1.165503  0.000300  0.000013
   5   200  1000    1.165503  0.000325  0.000016
   6   166   996    1.165493  0.000348  0.000019
   7   142   994    1.165488  0.000366  0.000022
   8   125  1000    1.165503  0.000370  0.000023
   9   111   999    1.165503  0.000392  0.000026
  10   100  1000    1.165503  0.000388  0.000028
  11    90   990    1.165490  0.000403  0.000030
  12    83   996    1.165493  0.000401  0.000031
  13    76   988    1.165478  0.000438  0.000036
  14    71   994    1.165488  0.000433  0.000037
  15    66   990    1.165490  0.000439  0.000038
  16    62   992    1.165492  0.000403  0.000036
  17    58   986    1.165471  0.000442  0.000041
  18    55   990    1.165490  0.000449  0.000043
  19    52   988    1.165478  0.000450  0.000045
  20    50  1000    1.165502  0.000474  0.000048
  21    47   987    1.165475  0.000453  0.000047
  22    45   990    1.165490  0.000498  0.000053
  23    43   989    1.165483  0.000443  0.000048
  24    41   984    1.165466  0.000445  0.000050
  25    40  1000    1.165502  0.000455  0.000052
Fit (variance): plateau_var = 2.174e-07 ± 1.807e-08
Fit (error):    plateau = 0.000466 ± 0.000019
     autocorrelation length ~ 7.8 blocks
     plateau reached at block size ~ 36
     !!!Failed to reach plateau in blocking
     Return max block error
nclean = 1000, max_block_size = 25, min_nblocks = 40
Blk_SZ   NBlk   NSmp      Energy     Error    dError
     1   1000   1000  -681.808722  0.000150  0.000003
     2    500   1000  -681.808740  0.000177  0.000006
     3    333    999  -681.808757  0.000195  0.000008
     4    250   1000  -681.808763  0.000209  0.000009
     5    200   1000  -681.808769  0.000227  0.000011
     6    166    996  -681.808780  0.000222  0.000012
     7    142    994  -681.808788  0.000238  0.000014
     8    125   1000  -681.808782  0.000248  0.000016
     9    111    999  -681.808786  0.000251  0.000017
    10    100   1000  -681.808787  0.000235  0.000017
    11     90    990  -681.808813  0.000246  0.000018
    12     83    996  -681.808800  0.000244  0.000019
    13     76    988  -681.808819  0.000268  0.000022
    14     71    994  -681.808807  0.000256  0.000022
    15     66    990  -681.808821  0.000260  0.000023
    16     62    992  -681.808829  0.000249  0.000023
    17     58    986  -681.808843  0.000246  0.000023
    18     55    990  -681.808824  0.000258  0.000025
    19     52    988  -681.808834  0.000255  0.000025
    20     50   1000  -681.808808  0.000263  0.000027
    21     47    987  -681.808843  0.000265  0.000028
    22     45    990  -681.808835  0.000257  0.000027
    23     43    989  -681.808839  0.000252  0.000027
    24     41    984  -681.808864  0.000253  0.000028
    25     40   1000  -681.808825  0.000238  0.000027
Fit (variance): plateau_var = 6.577470e-08 ± 3.650957e-09
Fit (error):    plateau = 0.000256 ± 0.000007
     autocorrelation length ~ 4.3 blocks
     plateau reached at block size ~ 20
Final AFQMC/pt2CCSD overlap ratio: 1.165502 ± 0.000498
Final AFQMC/pt2CCSD energy: -681.808840 ± 0.000256
Total run time: 1021.57

AFQMC Sampling Finished

QMC script: /u/yzhang65/myprojects/software/afqmc/afqmc/scripts/run_afqmc_pt2ccsd.py
  => E_HF(p2)      = -681.4977372752 Eh
  => E_CCSD(p2)    = -681.7837657182 Eh
  => E_AFQMC(p2)   = -681.80884 +/- 0.00026 Eh

============================================================
Running: p4  charge=0  spin=0
============================================================
output file: ../../result/molout/closed_shell/p4_vtzfp.out

Preparing AFQMC calculation
Calculating Cholesky integrals
Alpha Cholesky shape: (755, 136, 136) 
 Beta Cholesky shape: (755, 136, 136) 
Finished calculating Cholesky integrals
Size of the correlation space:
Number of electrons:        [10 10]
Number of basis functions:  116
Number of Cholesky vectors: 755

    ________                     _____                    
    ___  __ \___  __________________(_)_____________ _    
    __  /_/ /  / / /_  __ \_  __ \_  /__  __ \_  __ `/    
    _  _, _// /_/ /_  / / /  / / /  / _  / / /  /_/ /     
    /_/ |_| \__,_/ /_/ /_//_/ /_//_/  /_/ /_/_\__, /      
                                             /____/       
    _____________________________  ___________            
    ___    |__  ____/_  __ \__   |/  /_  ____/            
    __  /| |_  /_   _  / / /_  /|_/ /_  /                 
    _  ___ |  __/   / /_/ /_  /  / / / /___               
    /_/  |_/_/      \___\_\/_/  /_/  \____/               

Hostname:     gpua021.delta.ncsa.illinois.edu
System:       Linux
Node:         gpua021.delta.ncsa.illinois.edu
Release:      5.14.0-427.91.1.el9_4.x86_64
Machine:      x86_64
Processor:    x86_64
JAX backend:  GPU
JAX devices:  [CudaDevice(id=0)]
Device kind:  NVIDIA A100-SXM4-40GB
Platform:     gpu

Load system from Integral File
Maximum memory per walker:            66.67 MB
Maximum number of Cholesky per chunk: 162
Number of Cholesky chunks:            5
Number of Cholesky per chunk:         151
Number of padding Cholesky:           0

QMC System
Number of electrons: (10, 10)
Spin Multiplicity:   0
Number of orbitals:  116
Number of Chol:      755

QMC Parameters
eql_time            :                   50
n_blocks            :                 1000
n_walkers           :                  300
max_error           :                  0.0
seed                :                   17
walker_type         :                  uhf
trial               :             upt2ccsd
mix_precision       :                 True
max_memory          :                20000
dt                  :                0.005
n_exp_terms         :                    6
n_prop_steps        :                   50
save_walkers        :                False
free_projection     :                False
n_batch             :                    1
nchol_chunk         :                  151

Initalize QMC walkers by stochastic CCSD

Equilibration
inv_T        weight  killW        energy   runTime
 0.00    300.000000      0  -1363.647267     13.90
 5.00    299.164535      0  -1363.719233     26.36
10.00    299.156021      0  -1363.712420     33.32
15.00    298.912591      0  -1363.700853     40.27
20.00    299.223061      0  -1363.709050     46.61
25.00    299.345404      0  -1363.718228     53.59
30.00    299.053621      0  -1363.697558     60.57
35.00    298.758187      0  -1363.694748     66.90
40.00    298.743462      0  -1363.686761     73.89
45.00    298.905708      0  -1363.687291     80.89
50.00    298.900062      0  -1363.660149     87.88

Sampling
blocks        weight  killW       E_Guide     error       E_Trial     error     olp_T/G     error  Walltime
    20    298.764802      0  -1363.690847  0.006866  -1363.692499  0.001243    1.011226  0.000266  149.60
    40    298.733404      0  -1363.689658  0.006806  -1363.692379  0.001148    1.011321  0.000328  206.06
    60    298.686981      0  -1363.688921  0.005357  -1363.692890  0.000978    1.011855  0.000440  262.66
    80    298.650518      1  -1363.692392  0.004663  -1363.694476  0.000920    1.011638  0.000350  319.23
   100    298.635389      1  -1363.693447  0.003840  -1363.694256  0.000776    1.011249  0.000359  375.82
   120    298.620944      1  -1363.695269  0.003374  -1363.694554  0.000709    1.011246  0.000338  432.42
   140    298.583849      1  -1363.694976  0.002908  -1363.694981  0.000646    1.011179  0.000325  489.00
   160    298.535317      2  -1363.695142  0.002579  -1363.695507  0.000689    1.011237  0.000311  545.57
   180    298.510150      2  -1363.695194  0.002282  -1363.694981  0.000642    1.011102  0.000299  602.17
   200    298.487244      2  -1363.695766  0.002189  -1363.695268  0.000616    1.011067  0.000273  658.77
   220    298.465000      2  -1363.696560  0.002078  -1363.695085  0.000579    1.010991  0.000262  715.37
   240    298.442274      3  -1363.696952  0.002088  -1363.694762  0.000567    1.010783  0.000280  772.02
   260    298.429586      3  -1363.697378  0.001980  -1363.694942  0.000561    1.010580  0.000295  828.59
   280    298.419266      3  -1363.697586  0.002105  -1363.695158  0.000552    1.010472  0.000293  885.20
   300    298.404434      3  -1363.697775  0.001978  -1363.695181  0.000521    1.010380  0.000281  941.80
   320    298.380567      3  -1363.697356  0.001975  -1363.695144  0.000500    1.010390  0.000266  998.39
   340    298.369295      4  -1363.697347  0.001871  -1363.695084  0.000476    1.010271  0.000264 1054.99
   360    298.351762      4  -1363.696594  0.001798  -1363.694987  0.000457    1.010196  0.000255 1111.58
   380    298.348508      4  -1363.697163  0.001874  -1363.694974  0.000444    1.010093  0.000252 1168.17
   400    298.349997      4  -1363.697683  0.001849  -1363.694964  0.000432    1.010058  0.000241 1224.75
   420    298.362263      4  -1363.698688  0.001982  -1363.694970  0.000423    1.010078  0.000230 1281.38
   440    298.357115      4  -1363.699082  0.001937  -1363.695081  0.000411    1.010203  0.000249 1337.98
   460    298.353032      4  -1363.699368  0.001871  -1363.695252  0.000402    1.010210  0.000244 1394.58
   480    298.348014      4  -1363.699513  0.001810  -1363.695410  0.000408    1.010176  0.000235 1451.21
   500    298.344132      4  -1363.699552  0.001753  -1363.695373  0.000395    1.010122  0.000228 1507.80
   520    298.340439      4  -1363.699734  0.001723  -1363.695466  0.000386    1.010102  0.000234 1564.43
   540    298.332390      4  -1363.699866  0.001685  -1363.695542  0.000379    1.010107  0.000229 1621.03
   560    298.323838      4  -1363.700057  0.001655  -1363.695545  0.000370    1.010046  0.000223 1677.61
   580    298.308865      4  -1363.699673  0.001628  -1363.695482  0.000360    1.010080  0.000219 1734.20
   600    298.303250      4  -1363.699730  0.001602  -1363.695547  0.000352    1.010082  0.000216 1790.79
   620    298.301645      4  -1363.700182  0.001601  -1363.695600  0.000348    1.010060  0.000212 1847.38
   640    298.291209      4  -1363.700253  0.001645  -1363.695513  0.000340    1.010039  0.000210 1903.97
   660    298.278885      5  -1363.699731  0.001673  -1363.695421  0.000333    1.010091  0.000209 1960.55
   680    298.272958      5  -1363.699470  0.001646  -1363.695316  0.000326    1.010094  0.000207 2017.14
   700    298.269765      5  -1363.699465  0.001621  -1363.695275  0.000320    1.010060  0.000205 2073.74
   720    298.268601      5  -1363.699229  0.001575  -1363.695135  0.000314    1.010045  0.000207 2130.33
   740    298.265871      5  -1363.699359  0.001545  -1363.695253  0.000315    1.010018  0.000203 2186.92
   760    298.260211      5  -1363.699156  0.001584  -1363.695166  0.000310    1.010015  0.000199 2243.54
   780    298.258902      5  -1363.699394  0.001563  -1363.695111  0.000304    1.010035  0.000195 2300.13
   800    298.253338      5  -1363.698947  0.001588  -1363.695024  0.000300    1.010064  0.000192 2356.71
   820    298.249854      5  -1363.698982  0.001551  -1363.694980  0.000296    1.010107  0.000189 2413.29
   840    298.246116      5  -1363.699001  0.001522  -1363.694970  0.000290    1.010117  0.000200 2469.89
   860    298.240298      5  -1363.698845  0.001516  -1363.694909  0.000286    1.010104  0.000200 2526.48
   880    298.235098      5  -1363.698671  0.001488  -1363.694883  0.000281    1.010093  0.000196 2583.09
   900    298.231178      5  -1363.698559  0.001461  -1363.694844  0.000276    1.010064  0.000191 2639.69
   920    298.226458      5  -1363.698377  0.001444  -1363.694744  0.000272    1.010054  0.000189 2696.31
   940    298.229161      5  -1363.698428  0.001414  -1363.694732  0.000268    1.010055  0.000185 2752.90
   960    298.227700      6  -1363.698466  0.001386  -1363.694712  0.000263    1.010051  0.000181 2809.45
   980    298.224580      6  -1363.698356  0.001369  -1363.694676  0.000260    1.010062  0.000177 2866.28
  1000    298.224058      6  -1363.698099  0.001378  -1363.694648  0.000257    1.010051  0.000173 2923.10

Post Propagation Process
Total number of samples 1000
Raw AFQMC/HF (Guide) energy:           -1363.698099 ± 0.001378
Raw Trial/Guide overlap ratio:          1.010051 ± 0.000173
Raw AFQMC/pt2CCSD energy (covariance): -1363.694648 ± 0.000257
Raw AFQMC/pt2CCSD energy (dir sample): -1363.694648 ± 0.000215

Remove Outliers
removing energies outside zeta > 30
Outlier energy bound [-1363.863066, -1363.524102]
Removed 0 outliers with energies []
Clean AFQMC/pt2CCSD overlap ratio:        1.010051 ± 0.000173
Clean AFQMC/pt2CCSD energy (covariance): -1363.694648 ± 0.000257
Clean AFQMC/ptCCSD energy (dir sample):  -1363.694648 ± 0.000215

Blocking Analysis
nsample = 1000, max_block_size = 25, min_nblocks = 40
   B    NB    NS  Observable     Error    dError
   1  1000  1000    1.010051  0.000050  0.000001
   2   500  1000    1.010051  0.000068  0.000002
   3   333   999    1.010053  0.000081  0.000003
   4   250  1000    1.010051  0.000092  0.000004
   5   200  1000    1.010051  0.000101  0.000005
   6   166   996    1.010057  0.000108  0.000006
   7   142   994    1.010061  0.000114  0.000007
   8   125  1000    1.010051  0.000121  0.000008
   9   111   999    1.010053  0.000126  0.000009
  10   100  1000    1.010051  0.000131  0.000009
  11    90   990    1.010064  0.000136  0.000010
  12    83   996    1.010057  0.000135  0.000011
  13    76   988    1.010062  0.000146  0.000012
  14    71   994    1.010061  0.000145  0.000012
  15    66   990    1.010064  0.000150  0.000013
  16    62   992    1.010065  0.000151  0.000014
  17    58   986    1.010059  0.000153  0.000014
  18    55   990    1.010064  0.000162  0.000016
  19    52   988    1.010062  0.000160  0.000016
  20    50  1000    1.010051  0.000159  0.000016
  21    47   987    1.010061  0.000173  0.000018
  22    45   990    1.010064  0.000161  0.000017
  23    43   989    1.010063  0.000170  0.000019
  24    41   984    1.010060  0.000163  0.000018
  25    40  1000    1.010051  0.000164  0.000019
Fit (variance): plateau_var = 3.446e-08 ± 5.068e-09
Fit (error):    plateau = 0.000186 ± 0.000014
     autocorrelation length ~ 14.6 blocks
     plateau reached at block size ~ 68
     !!!Failed to reach plateau in blocking
     Return max block error
nclean = 1000, max_block_size = 25, min_nblocks = 40
Blk_SZ   NBlk   NSmp      Energy     Error    dError
     1   1000   1000  -1363.694453  0.000215  0.000005
     2    500   1000  -1363.694476  0.000257  0.000008
     3    333    999  -1363.694492  0.000284  0.000011
     4    250   1000  -1363.694506  0.000296  0.000013
     5    200   1000  -1363.694519  0.000306  0.000015
     6    166    996  -1363.694547  0.000323  0.000018
     7    142    994  -1363.694562  0.000319  0.000019
     8    125   1000  -1363.694561  0.000338  0.000021
     9    111    999  -1363.694557  0.000348  0.000023
    10    100   1000  -1363.694566  0.000333  0.000024
    11     90    990  -1363.694596  0.000352  0.000026
    12     83    996  -1363.694586  0.000326  0.000025
    13     76    988  -1363.694619  0.000355  0.000029
    14     71    994  -1363.694600  0.000353  0.000030
    15     66    990  -1363.694611  0.000362  0.000032
    16     62    992  -1363.694602  0.000383  0.000035
    17     58    986  -1363.694645  0.000377  0.000035
    18     55    990  -1363.694622  0.000400  0.000038
    19     52    988  -1363.694621  0.000377  0.000037
    20     50   1000  -1363.694609  0.000361  0.000037
    21     47    987  -1363.694655  0.000326  0.000034
    22     45    990  -1363.694634  0.000377  0.000040
    23     43    989  -1363.694639  0.000361  0.000039
    24     41    984  -1363.694654  0.000354  0.000040
    25     40   1000  -1363.694601  0.000357  0.000040
Fit (variance): plateau_var = 1.288986e-07 ± 7.229137e-09
Fit (error):    plateau = 0.000359 ± 0.000010
     autocorrelation length ~ 4.2 blocks
     plateau reached at block size ~ 19
Final AFQMC/pt2CCSD overlap ratio: 1.010051 ± 0.000173
Final AFQMC/pt2CCSD energy: -1363.694648 ± 0.000359
Total run time: 2936.64

AFQMC Sampling Finished

QMC script: /u/yzhang65/myprojects/software/afqmc/afqmc/scripts/run_afqmc_pt2ccsd.py
  => E_HF(p4)      = -1363.0467113451 Eh
  => E_CCSD(p4)    = -1363.6474132697 Eh
  => E_AFQMC(p4)   = -1363.69465 +/- 0.00036 Eh

============================================================
Running: pf3  charge=0  spin=0
============================================================
output file: ../../result/molout/closed_shell/pf3_vtzfp.out

Preparing AFQMC calculation
Calculating Cholesky integrals
Alpha Cholesky shape: (765, 124, 124) 
 Beta Cholesky shape: (765, 124, 124) 
Finished calculating Cholesky integrals
Size of the correlation space:
Number of electrons:        [13 13]
Number of basis functions:  116
Number of Cholesky vectors: 765

    ________                     _____                    
    ___  __ \___  __________________(_)_____________ _    
    __  /_/ /  / / /_  __ \_  __ \_  /__  __ \_  __ `/    
    _  _, _// /_/ /_  / / /  / / /  / _  / / /  /_/ /     
    /_/ |_| \__,_/ /_/ /_//_/ /_//_/  /_/ /_/_\__, /      
                                             /____/       
    _____________________________  ___________            
    ___    |__  ____/_  __ \__   |/  /_  ____/            
    __  /| |_  /_   _  / / /_  /|_/ /_  /                 
    _  ___ |  __/   / /_/ /_  /  / / / /___               
    /_/  |_/_/      \___\_\/_/  /_/  \____/               

Hostname:     gpua021.delta.ncsa.illinois.edu
System:       Linux
Node:         gpua021.delta.ncsa.illinois.edu
Release:      5.14.0-427.91.1.el9_4.x86_64
Machine:      x86_64
Processor:    x86_64
JAX backend:  GPU
JAX devices:  [CudaDevice(id=0)]
Device kind:  NVIDIA A100-SXM4-40GB
Platform:     gpu

Load system from Integral File
Maximum memory per walker:            66.67 MB
Maximum number of Cholesky per chunk: 162
Number of Cholesky chunks:            5
Number of Cholesky per chunk:         153
Number of padding Cholesky:           0

QMC System
Number of electrons: (13, 13)
Spin Multiplicity:   0
Number of orbitals:  116
Number of Chol:      765

QMC Parameters
eql_time            :                   50
n_blocks            :                 1000
n_walkers           :                  300
max_error           :                  0.0
seed                :                   17
walker_type         :                  uhf
trial               :             upt2ccsd
mix_precision       :                 True
max_memory          :                20000
dt                  :                0.005
n_exp_terms         :                    6
n_prop_steps        :                   50
save_walkers        :                False
free_projection     :                False
n_batch             :                    1
nchol_chunk         :                  153

Initalize QMC walkers by stochastic CCSD

Equilibration
inv_T        weight  killW        energy   runTime
 0.00    300.000000      0   -640.193451     15.45
 5.00    298.590400      0   -640.210308     30.83
10.00    297.512212      0   -640.203144     40.56
15.00    298.694669      0   -640.210726     50.29
20.00    298.463660      0   -640.209775     60.02
25.00    299.965771      0   -640.250745     69.76
30.00    298.950657      0   -640.232017     79.49
35.00    299.719046      0   -640.207337     89.22
40.00    298.276319      0   -640.208474     98.95
45.00    298.198597      0   -640.172960    108.69
50.00    300.493391      0   -640.213234    118.42

Sampling
blocks        weight  killW       E_Guide     error       E_Trial     error     olp_T/G     error  Walltime
    20    298.880079      0   -640.233503  0.013002   -640.225919  0.001516    1.006229  0.000257  183.39
    40    298.717047      0   -640.224845  0.009348   -640.224233  0.000992    1.005992  0.000230  242.44
    60    298.712199      0   -640.225532  0.006027   -640.224054  0.000844    1.005703  0.000283  301.79
    80    298.763378      0   -640.229668  0.005795   -640.225210  0.000876    1.005540  0.000278  361.15
   100    298.733880      0   -640.228472  0.004660   -640.225613  0.000814    1.005711  0.000255  420.22
   120    298.724546      0   -640.227136  0.004088   -640.225633  0.000756    1.005845  0.000229  479.29
   140    298.684818      0   -640.226026  0.003612   -640.225070  0.000678    1.005974  0.000217  538.54
   160    298.691366      0   -640.227127  0.003789   -640.225039  0.000626    1.005800  0.000235  597.79
   180    298.671373      0   -640.224930  0.004166   -640.224880  0.000576    1.005950  0.000236  657.01
   200    298.671542      0   -640.225612  0.003785   -640.224665  0.000537    1.005929  0.000220  716.24
   220    298.700991      0   -640.227774  0.003754   -640.224711  0.000527    1.005953  0.000202  775.50
   240    298.684725      1   -640.228516  0.003477   -640.224833  0.000523    1.006004  0.000190  834.75
   260    298.672955      1   -640.228749  0.003249   -640.224730  0.000493    1.006039  0.000176  893.98
   280    298.676763      1   -640.229123  0.003050   -640.224587  0.000465    1.006117  0.000172  953.22
   300    298.672238      1   -640.229034  0.002850   -640.224593  0.000444    1.006118  0.000161 1012.47
   320    298.667454      1   -640.229889  0.002783   -640.224691  0.000431    1.006154  0.000156 1071.72
   340    298.665464      1   -640.230509  0.002725   -640.224736  0.000412    1.006143  0.000150 1130.95
   360    298.654655      1   -640.230483  0.002573   -640.224645  0.000398    1.006114  0.000144 1190.20
   380    298.654359      1   -640.230463  0.002441   -640.224797  0.000387    1.006112  0.000137 1249.47
   400    298.643444      1   -640.230417  0.002423   -640.224884  0.000384    1.006137  0.000132 1308.74
   420    298.625928      1   -640.230311  0.002308   -640.224765  0.000373    1.006146  0.000126 1367.98
   440    298.620677      1   -640.230685  0.002219   -640.224779  0.000362    1.006095  0.000125 1427.23
   460    298.615247      1   -640.230084  0.002185   -640.224734  0.000350    1.006065  0.000124 1486.48
   480    298.605402      1   -640.230354  0.002132   -640.224838  0.000344    1.006099  0.000121 1545.72
   500    298.601981      1   -640.230008  0.002066   -640.224817  0.000336    1.006104  0.000119 1604.95
   520    298.595793      1   -640.230086  0.001987   -640.224802  0.000330    1.006071  0.000118 1664.20
   540    298.600806      1   -640.230293  0.001920   -640.224692  0.000323    1.006070  0.000113 1723.45
   560    298.594339      1   -640.229798  0.001951   -640.224682  0.000315    1.006081  0.000116 1782.68
   580    298.589814      1   -640.229690  0.001904   -640.224734  0.000312    1.006110  0.000115 1841.93
   600    298.590299      1   -640.229701  0.001896   -640.224748  0.000307    1.006087  0.000118 1901.18
   620    298.580513      1   -640.229900  0.001841   -640.224814  0.000304    1.006066  0.000117 1960.42
   640    298.574835      1   -640.229973  0.001814   -640.224865  0.000298    1.006072  0.000114 2019.46
   660    298.575769      1   -640.230004  0.001759   -640.224786  0.000291    1.006074  0.000109 2081.45
   680    298.565643      1   -640.229961  0.001733   -640.224723  0.000287    1.006115  0.000111 2146.45
   700    298.561520      2   -640.229851  0.001675   -640.224696  0.000283    1.006138  0.000111 2211.43
   720    298.561158      2   -640.229909  0.001639   -640.224690  0.000279    1.006102  0.000115 2276.40
   740    298.555723      2   -640.229779  0.001610   -640.224621  0.000275    1.006092  0.000112 2341.39
   760    298.559988      2   -640.229652  0.001557   -640.224628  0.000270    1.006096  0.000110 2406.36
   780    298.553271      2   -640.229366  0.001537   -640.224642  0.000265    1.006094  0.000107 2471.35
   800    298.551143      2   -640.229215  0.001512   -640.224666  0.000263    1.006091  0.000107 2536.32
   820    298.551355      2   -640.229111  0.001488   -640.224613  0.000259    1.006112  0.000106 2601.31
   840    298.547139      2   -640.229497  0.001488   -640.224664  0.000258    1.006094  0.000105 2666.29
   860    298.547061      2   -640.229348  0.001462   -640.224638  0.000254    1.006091  0.000103 2731.27
   880    298.533741      2   -640.229062  0.001468   -640.224645  0.000251    1.006104  0.000101 2796.24
   900    298.524832      2   -640.229041  0.001439   -640.224636  0.000246    1.006083  0.000101 2861.22
   920    298.518258      2   -640.228896  0.001418   -640.224606  0.000243    1.006069  0.000100 2926.21
   940    298.515110      2   -640.229014  0.001414   -640.224665  0.000240    1.006054  0.000099 2991.22
   960    298.515161      2   -640.228892  0.001393   -640.224667  0.000238    1.006061  0.000097 3056.20
   980    298.521864      2   -640.229025  0.001358   -640.224624  0.000236    1.006075  0.000096 3121.20
  1000    298.520020      2   -640.228937  0.001341   -640.224608  0.000234    1.006069  0.000094 3186.18

Post Propagation Process
Total number of samples 1000
Raw AFQMC/HF (Guide) energy:           -640.228937 ± 0.001341
Raw Trial/Guide overlap ratio:          1.006069 ± 0.000094
Raw AFQMC/pt2CCSD energy (covariance): -640.224608 ± 0.000234
Raw AFQMC/pt2CCSD energy (dir sample): -640.224608 ± 0.000195

Remove Outliers
removing energies outside zeta > 30
Outlier energy bound [-640.387935, -640.059439]
Removed 0 outliers with energies []
Clean AFQMC/pt2CCSD overlap ratio:        1.006069 ± 0.000094
Clean AFQMC/pt2CCSD energy (covariance): -640.224608 ± 0.000234
Clean AFQMC/ptCCSD energy (dir sample):  -640.224608 ± 0.000195

Blocking Analysis
nsample = 1000, max_block_size = 25, min_nblocks = 40
   B    NB    NS  Observable     Error    dError
   1  1000  1000    1.006069  0.000036  0.000001
   2   500  1000    1.006069  0.000048  0.000002
   3   333   999    1.006070  0.000056  0.000002
   4   250  1000    1.006069  0.000061  0.000003
   5   200  1000    1.006069  0.000066  0.000003
   6   166   996    1.006069  0.000070  0.000004
   7   142   994    1.006072  0.000074  0.000004
   8   125  1000    1.006069  0.000075  0.000005
   9   111   999    1.006070  0.000078  0.000005
  10   100  1000    1.006069  0.000080  0.000006
  11    90   990    1.006077  0.000080  0.000006
  12    83   996    1.006069  0.000086  0.000007
  13    76   988    1.006080  0.000083  0.000007
  14    71   994    1.006072  0.000085  0.000007
  15    66   990    1.006077  0.000089  0.000008
  16    62   992    1.006075  0.000088  0.000008
  17    58   986    1.006078  0.000084  0.000008
  18    55   990    1.006077  0.000093  0.000009
  19    52   988    1.006080  0.000090  0.000009
  20    50  1000    1.006069  0.000094  0.000010
  21    47   987    1.006079  0.000088  0.000009
  22    45   990    1.006077  0.000091  0.000010
  23    43   989    1.006079  0.000094  0.000010
  24    41   984    1.006078  0.000087  0.000010
  25    40  1000    1.006069  0.000087  0.000010
Fit (variance): plateau_var = 8.414e-09 ± 6.356e-10
Fit (error):    plateau = 0.000092 ± 0.000003
     autocorrelation length ~ 6.9 blocks
     plateau reached at block size ~ 32
     !!!Failed to reach plateau in blocking
     Return max block error
nclean = 1000, max_block_size = 25, min_nblocks = 40
Blk_SZ   NBlk   NSmp      Energy     Error    dError
     1   1000   1000  -640.224446  0.000195  0.000004
     2    500   1000  -640.224494  0.000215  0.000007
     3    333    999  -640.224509  0.000216  0.000008
     4    250   1000  -640.224538  0.000219  0.000010
     5    200   1000  -640.224539  0.000224  0.000011
     6    166    996  -640.224542  0.000226  0.000012
     7    142    994  -640.224569  0.000216  0.000013
     8    125   1000  -640.224564  0.000228  0.000014
     9    111    999  -640.224568  0.000230  0.000015
    10    100   1000  -640.224570  0.000224  0.000016
    11     90    990  -640.224580  0.000231  0.000017
    12     83    996  -640.224575  0.000242  0.000019
    13     76    988  -640.224581  0.000234  0.000019
    14     71    994  -640.224588  0.000235  0.000020
    15     66    990  -640.224588  0.000224  0.000020
    16     62    992  -640.224584  0.000229  0.000021
    17     58    986  -640.224599  0.000229  0.000021
    18     55    990  -640.224592  0.000240  0.000023
    19     52    988  -640.224591  0.000246  0.000024
    20     50   1000  -640.224593  0.000242  0.000024
    21     47    987  -640.224597  0.000238  0.000025
    22     45    990  -640.224601  0.000252  0.000027
    23     43    989  -640.224600  0.000258  0.000028
    24     41    984  -640.224613  0.000239  0.000027
    25     40   1000  -640.224598  0.000249  0.000028
Fit (variance): plateau_var = 5.497338e-08 ± 2.792996e-09
Fit (error):    plateau = 0.000234 ± 0.000006
     autocorrelation length ~ 3.3 blocks
     plateau reached at block size ~ 13
Final AFQMC/pt2CCSD overlap ratio: 1.006069 ± 0.000094
Final AFQMC/pt2CCSD energy: -640.224608 ± 0.000234
Total run time: 3202.36

AFQMC Sampling Finished

QMC script: /u/yzhang65/myprojects/software/afqmc/afqmc/scripts/run_afqmc_pt2ccsd.py
  => E_HF(pf3)      = -639.2974628746 Eh
  => E_CCSD(pf3)    = -640.1954612363 Eh
  => E_AFQMC(pf3)   = -640.22461 +/- 0.00023 Eh

============================================================
Running: pf5  charge=0  spin=0
============================================================
output file: ../../result/molout/closed_shell/pf5_vtzfp.out

Preparing AFQMC calculation
Calculating Cholesky integrals
Alpha Cholesky shape: (1158, 184, 184) 
 Beta Cholesky shape: (1158, 184, 184) 
Finished calculating Cholesky integrals
Size of the correlation space:
Number of electrons:        [20 20]
Number of basis functions:  174
Number of Cholesky vectors: 1158

    ________                     _____                    
    ___  __ \___  __________________(_)_____________ _    
    __  /_/ /  / / /_  __ \_  __ \_  /__  __ \_  __ `/    
    _  _, _// /_/ /_  / / /  / / /  / _  / / /  /_/ /     
    /_/ |_| \__,_/ /_/ /_//_/ /_//_/  /_/ /_/_\__, /      
                                             /____/       
    _____________________________  ___________            
    ___    |__  ____/_  __ \__   |/  /_  ____/            
    __  /| |_  /_   _  / / /_  /|_/ /_  /                 
    _  ___ |  __/   / /_/ /_  /  / / / /___               
    /_/  |_/_/      \___\_\/_/  /_/  \____/               

Hostname:     gpua021.delta.ncsa.illinois.edu
System:       Linux
Node:         gpua021.delta.ncsa.illinois.edu
Release:      5.14.0-427.91.1.el9_4.x86_64
Machine:      x86_64
Processor:    x86_64
JAX backend:  GPU
JAX devices:  [CudaDevice(id=0)]
Device kind:  NVIDIA A100-SXM4-40GB
Platform:     gpu

Load system from Integral File
Maximum memory per walker:            66.67 MB
Maximum number of Cholesky per chunk: 72
Number of Cholesky chunks:            17
Number of Cholesky per chunk:         69
Number of padding Cholesky:           15

QMC System
Number of electrons: (20, 20)
Spin Multiplicity:   0
Number of orbitals:  174
Number of Chol:      1158

QMC Parameters
eql_time            :                   50
n_blocks            :                 1000
n_walkers           :                  300
max_error           :                  0.0
seed                :                   17
walker_type         :                  uhf
trial               :             upt2ccsd
mix_precision       :                 True
max_memory          :                20000
dt                  :                0.005
n_exp_terms         :                    6
n_prop_steps        :                   50
save_walkers        :                False
free_projection     :                False
n_batch             :                    1
nchol_chunk         :                   69

Initalize QMC walkers by stochastic CCSD

Equilibration
inv_T        weight  killW        energy   runTime
 0.00    300.000000      0   -839.709963     27.03
 5.00    298.567456      0   -839.729047     64.24
10.00    296.662364      0   -839.749711     96.59
15.00    298.384885      0   -839.740311    128.97
20.00    298.657043      0   -839.786814    161.33
25.00    298.742217      0   -839.714841    193.73
30.00    299.421267      0   -839.794708    226.10
35.00    298.795726      0   -839.754465    256.46
40.00    298.289800      0   -839.745276    275.50
45.00    299.652402      0   -839.758637    294.47
50.00    298.297241      0   -839.742421    313.47

Sampling
blocks        weight  killW       E_Guide     error       E_Trial     error     olp_T/G     error  Walltime
    20    298.841771      0   -839.786006  0.015325   -839.760969  0.003220    1.005676  0.000441  524.88
    40    298.723807      0   -839.772434  0.013542   -839.759620  0.001886    1.005837  0.000232  730.82
    60    298.666006      0   -839.771641  0.009665   -839.758998  0.001545    1.005741  0.000201  936.86
    80    298.492885      0   -839.765431  0.009280   -839.758347  0.001263    1.005718  0.000180 1142.91
   100    298.479609      0   -839.765346  0.007445   -839.759254  0.001345    1.005845  0.000167 1348.91
   120    298.386082      0   -839.764711  0.006559   -839.759053  0.001170    1.005960  0.000232 1554.93
   140    298.336395      0   -839.762476  0.006225   -839.758574  0.001037    1.005997  0.000208 1760.96
   160    298.338374      0   -839.763704  0.005558   -839.758564  0.000971    1.005935  0.000185 1966.99
   180    298.311792      0   -839.764635  0.005224   -839.758791  0.000899    1.005896  0.000165 2173.00
   200    298.288717      0   -839.766068  0.004812   -839.758595  0.000832    1.005968  0.000158 2379.01
   220    298.322625      0   -839.767533  0.004564   -839.758498  0.000784    1.005906  0.000158 2585.08
   240    298.322419      0   -839.768112  0.004209   -839.758389  0.000735    1.005953  0.000152 2791.11
   260    298.306869      0   -839.767296  0.003910   -839.758314  0.000697    1.005972  0.000143 2997.12
   280    298.274597      0   -839.766164  0.003679   -839.758131  0.000672    1.005980  0.000130 3203.17
   300    298.243349      0   -839.765902  0.003446   -839.758083  0.000642    1.005865  0.000149 3409.70
   320    298.214349      0   -839.766471  0.003271   -839.758038  0.000613    1.005832  0.000141 3615.45
   340    298.206968      0   -839.766385  0.003133   -839.758019  0.000591    1.005782  0.000146 3821.33
   360    298.212193      0   -839.765416  0.003027   -839.757821  0.000568    1.005795  0.000137 4027.07
   380    298.196471      0   -839.764880  0.002930   -839.757708  0.000548    1.005773  0.000133 4238.39
   400    298.176463      0   -839.764270  0.002845   -839.757649  0.000527    1.005742  0.000130 4443.38
   420    298.165970      0   -839.764665  0.002750   -839.757588  0.000511    1.005764  0.000127 4649.19
   440    298.164939      0   -839.764935  0.002649   -839.757587  0.000493    1.005783  0.000123 4855.64
   460    298.173432      0   -839.765257  0.002502   -839.757626  0.000479    1.005794  0.000119 5061.43
   480    298.163503      0   -839.765454  0.002581   -839.757624  0.000465    1.005775  0.000125 5267.75
   500    298.172184      0   -839.766050  0.002592   -839.757712  0.000454    1.005781  0.000122 5473.59
   520    298.164305      0   -839.766071  0.002706   -839.757599  0.000441    1.005757  0.000117 5679.38
   540    298.155915      0   -839.766316  0.002644   -839.757684  0.000433    1.005746  0.000113 5885.20
   560    298.158833      0   -839.766750  0.002601   -839.757584  0.000422    1.005739  0.000111 6091.04
   580    298.149940      0   -839.766340  0.002571   -839.757534  0.000414    1.005708  0.000108 6296.82
   600    298.148890      0   -839.766081  0.002473   -839.757541  0.000412    1.005723  0.000105 6502.61
   620    298.145463      0   -839.765893  0.002426   -839.757539  0.000404    1.005717  0.000104 6708.43
   640    298.138478      0   -839.765073  0.002401   -839.757459  0.000395    1.005727  0.000101 6914.31
   660    298.145074      0   -839.765135  0.002353   -839.757490  0.000386    1.005722  0.000098 7120.67
   680    298.130225      0   -839.764478  0.002321   -839.757441  0.000380    1.005710  0.000097 7331.24
   700    298.125673      0   -839.764706  0.002280   -839.757374  0.000373    1.005749  0.000097 7543.70
   720    298.120928      0   -839.764464  0.002216   -839.757431  0.000370    1.005720  0.000099 7758.58
   740    298.111136      0   -839.764225  0.002189   -839.757373  0.000363    1.005709  0.000102 7973.01
   760    298.109747      0   -839.764052  0.002116   -839.757238  0.000357    1.005700  0.000099 8187.44
   780    298.106143      0   -839.763686  0.002072   -839.757218  0.000351    1.005696  0.000097 8400.97
   800    298.109305      0   -839.763876  0.002050   -839.757206  0.000347    1.005697  0.000094 8614.95
   820    298.113328      0   -839.763928  0.001990   -839.757153  0.000342    1.005709  0.000092 8826.40
   840    298.110176      1   -839.763686  0.001960   -839.757151  0.000338    1.005732  0.000091 9033.55
   860    298.096618      1   -839.763592  0.001936   -839.757137  0.000336    1.005729  0.000090 9239.26
   880    298.096770      1   -839.763433  0.001909   -839.757128  0.000330    1.005732  0.000097 9445.08
   900    298.090931      1   -839.763674  0.001867   -839.757173  0.000325    1.005727  0.000097 9650.89
   920    298.089959      1   -839.763329  0.001841   -839.757131  0.000320    1.005741  0.000095 9856.73
   940    298.089206      1   -839.763312  0.001831   -839.757157  0.000317    1.005729  0.00009410062.57
   960    298.086103      1   -839.763073  0.001811   -839.757111  0.000312    1.005725  0.00009210268.36
   980    298.086277      1   -839.763079  0.001767   -839.757060  0.000308    1.005705  0.00009110474.13
  1000    298.087466      1   -839.763057  0.001744   -839.757066  0.000305    1.005701  0.00009010679.94

Post Propagation Process
Total number of samples 1000
Raw AFQMC/HF (Guide) energy:           -839.763057 ± 0.001744
Raw Trial/Guide overlap ratio:          1.005701 ± 0.000090
Raw AFQMC/pt2CCSD energy (covariance): -839.757066 ± 0.000305
Raw AFQMC/pt2CCSD energy (dir sample): -839.757066 ± 0.000262

Remove Outliers
removing energies outside zeta > 30
Outlier energy bound [-839.977729, -839.534054]
Removed 0 outliers with energies []
Clean AFQMC/pt2CCSD overlap ratio:        1.005701 ± 0.000090
Clean AFQMC/pt2CCSD energy (covariance): -839.757066 ± 0.000305
Clean AFQMC/ptCCSD energy (dir sample):  -839.757066 ± 0.000262

Blocking Analysis
nsample = 1000, max_block_size = 25, min_nblocks = 40
   B    NB    NS  Observable     Error    dError
   1  1000  1000    1.005701  0.000035  0.000001
   2   500  1000    1.005701  0.000046  0.000001
   3   333   999    1.005704  0.000054  0.000002
   4   250  1000    1.005701  0.000058  0.000003
   5   200  1000    1.005701  0.000063  0.000003
   6   166   996    1.005708  0.000067  0.000004
   7   142   994    1.005708  0.000069  0.000004
   8   125  1000    1.005701  0.000071  0.000005
   9   111   999    1.005704  0.000074  0.000005
  10   100  1000    1.005701  0.000073  0.000005
  11    90   990    1.005707  0.000078  0.000006
  12    83   996    1.005708  0.000080  0.000006
  13    76   988    1.005706  0.000081  0.000007
  14    71   994    1.005708  0.000081  0.000007
  15    66   990    1.005707  0.000077  0.000007
  16    62   992    1.005708  0.000077  0.000007
  17    58   986    1.005705  0.000081  0.000008
  18    55   990    1.005707  0.000078  0.000007
  19    52   988    1.005706  0.000076  0.000008
  20    50  1000    1.005701  0.000079  0.000008
  21    47   987    1.005705  0.000080  0.000008
  22    45   990    1.005707  0.000090  0.000010
  23    43   989    1.005706  0.000078  0.000009
  24    41   984    1.005705  0.000077  0.000009
  25    40  1000    1.005701  0.000084  0.000009
Fit (variance): plateau_var = 6.640e-09 ± 4.260e-10
Fit (error):    plateau = 0.000081 ± 0.000003
     autocorrelation length ~ 5.6 blocks
     plateau reached at block size ~ 26
     !!!Failed to reach plateau in blocking
     Return max block error
nclean = 1000, max_block_size = 25, min_nblocks = 40
Blk_SZ   NBlk   NSmp      Energy     Error    dError
     1   1000   1000  -839.756821  0.000262  0.000006
     2    500   1000  -839.756903  0.000276  0.000009
     3    333    999  -839.756937  0.000287  0.000011
     4    250   1000  -839.756966  0.000291  0.000013
     5    200   1000  -839.756980  0.000275  0.000014
     6    166    996  -839.756975  0.000298  0.000016
     7    142    994  -839.756961  0.000295  0.000018
     8    125   1000  -839.757002  0.000276  0.000018
     9    111    999  -839.757003  0.000291  0.000020
    10    100   1000  -839.757019  0.000268  0.000019
    11     90    990  -839.756989  0.000280  0.000021
    12     83    996  -839.757005  0.000303  0.000024
    13     76    988  -839.756987  0.000296  0.000024
    14     71    994  -839.756987  0.000301  0.000025
    15     66    990  -839.757000  0.000269  0.000024
    16     62    992  -839.756990  0.000279  0.000025
    17     58    986  -839.757003  0.000293  0.000027
    18     55    990  -839.757012  0.000267  0.000026
    19     52    988  -839.757010  0.000313  0.000031
    20     50   1000  -839.757042  0.000272  0.000027
    21     47    987  -839.757012  0.000297  0.000031
    22     45    990  -839.757009  0.000279  0.000030
    23     43    989  -839.757010  0.000297  0.000032
    24     41    984  -839.757038  0.000269  0.000030
    25     40   1000  -839.757043  0.000283  0.000032
Fit (variance): plateau_var = 8.122181e-08 ± 2.683277e-09
Fit (error):    plateau = 0.000285 ± 0.000005
     autocorrelation length ~ 0.8 blocks
     plateau reached at block size ~ 4
Final AFQMC/pt2CCSD overlap ratio: 1.005701 ± 0.000090
Final AFQMC/pt2CCSD energy: -839.757066 ± 0.000285
Total run time: 10724.31

AFQMC Sampling Finished

QMC script: /u/yzhang65/myprojects/software/afqmc/afqmc/scripts/run_afqmc_pt2ccsd.py
  => E_HF(pf5)      = -838.3074320396 Eh
  => E_CCSD(pf5)    = -839.7134145762 Eh
  => E_AFQMC(pf5)   = -839.75707 +/- 0.00028 Eh

============================================================
Running: ph3  charge=0  spin=0
============================================================
output file: ../../result/molout/closed_shell/ph3_vtzfp.out

Preparing AFQMC calculation
Calculating Cholesky integrals
Alpha Cholesky shape: (352, 61, 61) 
 Beta Cholesky shape: (352, 61, 61) 
Finished calculating Cholesky integrals
Size of the correlation space:
Number of electrons:        [4 4]
Number of basis functions:  56
Number of Cholesky vectors: 352

    ________                     _____                    
    ___  __ \___  __________________(_)_____________ _    
    __  /_/ /  / / /_  __ \_  __ \_  /__  __ \_  __ `/    
    _  _, _// /_/ /_  / / /  / / /  / _  / / /  /_/ /     
    /_/ |_| \__,_/ /_/ /_//_/ /_//_/  /_/ /_/_\__, /      
                                             /____/       
    _____________________________  ___________            
    ___    |__  ____/_  __ \__   |/  /_  ____/            
    __  /| |_  /_   _  / / /_  /|_/ /_  /                 
    _  ___ |  __/   / /_/ /_  /  / / / /___               
    /_/  |_/_/      \___\_\/_/  /_/  \____/               

Hostname:     gpua021.delta.ncsa.illinois.edu
System:       Linux
Node:         gpua021.delta.ncsa.illinois.edu
Release:      5.14.0-427.91.1.el9_4.x86_64
Machine:      x86_64
Processor:    x86_64
JAX backend:  GPU
JAX devices:  [CudaDevice(id=0)]
Device kind:  NVIDIA A100-SXM4-40GB
Platform:     gpu

Load system from Integral File
Maximum memory per walker:            66.67 MB
Maximum number of Cholesky per chunk: 696
Number of Cholesky chunks:            1
Number of Cholesky per chunk:         352
Number of padding Cholesky:           0

QMC System
Number of electrons: (4, 4)
Spin Multiplicity:   0
Number of orbitals:  56
Number of Chol:      352

QMC Parameters
eql_time            :                   50
n_blocks            :                 1000
n_walkers           :                  300
max_error           :                  0.0
seed                :                   17
walker_type         :                  uhf
trial               :             upt2ccsd
mix_precision       :                 True
max_memory          :                20000
dt                  :                0.005
n_exp_terms         :                    6
n_prop_steps        :                   50
save_walkers        :                False
free_projection     :                False
n_batch             :                    1
nchol_chunk         :                  352

Initalize QMC walkers by stochastic CCSD

Equilibration
inv_T        weight  killW        energy   runTime
 0.00    300.000000      0   -342.679713     59.81
 5.00    299.318439      0   -342.687191     68.62
10.00    299.449479      0   -342.670997     70.17
15.00    299.218266      0   -342.675611     71.72
20.00    299.341516      0   -342.680940     73.27
25.00    299.157877      0   -342.681441     74.88
30.00    299.282633      0   -342.690002     76.43
35.00    299.797684      0   -342.677210     77.98
40.00    299.541939      0   -342.691390     79.53
45.00    299.323041      0   -342.688802     81.08
50.00    299.452779      0   -342.700174     82.64

Sampling
blocks        weight  killW       E_Guide     error       E_Trial     error     olp_T/G     error  Walltime
    20    299.289412      0   -342.690739  0.004560   -342.687646  0.000341    1.002255  0.000249   98.14
    40    299.302425      0   -342.690447  0.003235   -342.687547  0.000197    1.001954  0.000239  108.61
    60    299.247964      0   -342.686860  0.003289   -342.687350  0.000146    1.001724  0.000219  119.18
    80    299.233794      0   -342.686083  0.002484   -342.687461  0.000132    1.001890  0.000204  129.75
   100    299.228335      0   -342.686257  0.001852   -342.687418  0.000112    1.001985  0.000173  140.32
   120    299.241562      0   -342.686454  0.001564   -342.687427  0.000103    1.002004  0.000144  150.89
   140    299.244732      0   -342.687576  0.001619   -342.687463  0.000106    1.002109  0.000142  161.47
   160    299.246385      0   -342.688257  0.001520   -342.687478  0.000097    1.002098  0.000131  172.04
   180    299.245970      0   -342.688050  0.001327   -342.687455  0.000093    1.002162  0.000124  182.62
   200    299.249765      0   -342.689032  0.001436   -342.687561  0.000127    1.002184  0.000113  193.19
   220    299.238746      0   -342.688805  0.001315   -342.687540  0.000117    1.002201  0.000104  203.77
   240    299.236336      0   -342.688955  0.001211   -342.687553  0.000109    1.002192  0.000095  214.34
   260    299.232241      0   -342.688592  0.001153   -342.687578  0.000106    1.002162  0.000093  224.91
   280    299.229053      0   -342.688448  0.001137   -342.687588  0.000100    1.002130  0.000093  235.47
   300    299.227045      0   -342.688407  0.001089   -342.687565  0.000094    1.002134  0.000089  246.05
   320    299.227238      0   -342.688183  0.001033   -342.687582  0.000090    1.002100  0.000087  256.63
   340    299.228212      0   -342.687848  0.001012   -342.687584  0.000086    1.002091  0.000082  267.19
   360    299.225148      0   -342.687910  0.000972   -342.687605  0.000086    1.002094  0.000079  277.76
   380    299.219740      1   -342.688903  0.001348   -342.687578  0.000106    1.002121  0.000078  288.33
   400    299.217156      1   -342.688957  0.001281   -342.687586  0.000101    1.002085  0.000079  298.91
   420    299.217250      1   -342.689178  0.001260   -342.687580  0.000098    1.002092  0.000075  309.48
   440    299.220353      1   -342.689283  0.001211   -342.687587  0.000094    1.002074  0.000073  320.09
   460    299.214647      1   -342.689338  0.001159   -342.687630  0.000099    1.002076  0.000070  330.66
   480    299.211427      1   -342.689291  0.001164   -342.687640  0.000096    1.002084  0.000069  341.25
   500    299.210984      1   -342.689285  0.001138   -342.687650  0.000093    1.002068  0.000068  351.81
   520    299.211309      1   -342.689112  0.001096   -342.687628  0.000090    1.002061  0.000066  362.40
   540    299.211561      1   -342.689246  0.001050   -342.687627  0.000087    1.002069  0.000064  372.98
   560    299.207326      1   -342.689093  0.001034   -342.687610  0.000085    1.002091  0.000071  383.55
   580    299.206468      1   -342.689197  0.000995   -342.687616  0.000082    1.002107  0.000070  394.13
   600    299.201642      2   -342.689213  0.000959   -342.687609  0.000080    1.002091  0.000069  404.69
   620    299.200368      3   -342.689342  0.000942   -342.687644  0.000079    1.002049  0.000076  415.25
   640    299.196458      3   -342.689314  0.000921   -342.687663  0.000078    1.002035  0.000076  425.83
   660    299.196780      3   -342.689329  0.000890   -342.687654  0.000076    1.002021  0.000074  436.40
   680    299.195560      4   -342.689327  0.000930   -342.687661  0.000075    1.002015  0.000073  446.97
   700    299.194394      4   -342.689237  0.000909   -342.687658  0.000073    1.002004  0.000070  457.53
   720    299.193946      4   -342.689256  0.000887   -342.687664  0.000071    1.001999  0.000071  468.10
   740    299.191081      4   -342.689143  0.000885   -342.687653  0.000069    1.001987  0.000071  478.67
   760    299.189496      5   -342.689181  0.000866   -342.687651  0.000068    1.001993  0.000069  489.25
   780    299.190938      5   -342.689176  0.000846   -342.687647  0.000067    1.002006  0.000068  499.83
   800    299.187818      5   -342.689161  0.000811   -342.687646  0.000066    1.002003  0.000068  510.40
   820    299.185024      5   -342.689106  0.000796   -342.687651  0.000065    1.002003  0.000066  520.96
   840    299.183361      5   -342.688960  0.000782   -342.687645  0.000064    1.001995  0.000067  531.53
   860    299.182889      5   -342.689009  0.000768   -342.687644  0.000062    1.001989  0.000067  542.10
   880    299.181352      5   -342.688909  0.000754   -342.687650  0.000061    1.001978  0.000066  552.68
   900    299.183792      5   -342.688920  0.000743   -342.687657  0.000060    1.001973  0.000065  563.25
   920    299.185800      5   -342.688950  0.000724   -342.687652  0.000059    1.001959  0.000063  573.82
   940    299.185798      6   -342.689004  0.000708   -342.687667  0.000059    1.001929  0.000068  584.40
   960    299.183542      6   -342.688835  0.000702   -342.687662  0.000058    1.001912  0.000070  594.97
   980    299.182595      6   -342.688830  0.000702   -342.687668  0.000058    1.001912  0.000070  605.54
  1000    299.182115      7   -342.688805  0.000690   -342.687673  0.000057    1.001908  0.000069  616.11

Post Propagation Process
Total number of samples 1000
Raw AFQMC/HF (Guide) energy:           -342.688805 ± 0.000690
Raw Trial/Guide overlap ratio:          1.001908 ± 0.000069
Raw AFQMC/pt2CCSD energy (covariance): -342.687673 ± 0.000057
Raw AFQMC/pt2CCSD energy (dir sample): -342.687673 ± 0.000042

Remove Outliers
removing energies outside zeta > 30
Outlier energy bound [-342.713963, -342.661050]
Removed 0 outliers with energies []
Clean AFQMC/pt2CCSD overlap ratio:        1.001908 ± 0.000069
Clean AFQMC/pt2CCSD energy (covariance): -342.687673 ± 0.000057
Clean AFQMC/ptCCSD energy (dir sample):  -342.687673 ± 0.000042

Blocking Analysis
nsample = 1000, max_block_size = 25, min_nblocks = 40
   B    NB    NS  Observable     Error    dError
   1  1000  1000    1.001908  0.000021  0.000000
   2   500  1000    1.001908  0.000029  0.000001
   3   333   999    1.001908  0.000034  0.000001
   4   250  1000    1.001908  0.000038  0.000002
   5   200  1000    1.001908  0.000041  0.000002
   6   166   996    1.001907  0.000044  0.000002
   7   142   994    1.001906  0.000047  0.000003
   8   125  1000    1.001908  0.000049  0.000003
   9   111   999    1.001908  0.000051  0.000003
  10   100  1000    1.001908  0.000053  0.000004
  11    90   990    1.001907  0.000055  0.000004
  12    83   996    1.001907  0.000055  0.000004
  13    76   988    1.001908  0.000056  0.000005
  14    71   994    1.001906  0.000061  0.000005
  15    66   990    1.001907  0.000060  0.000005
  16    62   992    1.001906  0.000060  0.000005
  17    58   986    1.001909  0.000061  0.000006
  18    55   990    1.001907  0.000064  0.000006
  19    52   988    1.001908  0.000064  0.000006
  20    50  1000    1.001908  0.000066  0.000007
  21    47   987    1.001908  0.000068  0.000007
  22    45   990    1.001907  0.000067  0.000007
  23    43   989    1.001907  0.000066  0.000007
  24    41   984    1.001910  0.000068  0.000008
  25    40  1000    1.001908  0.000069  0.000008
Fit (variance): plateau_var = 5.404e-09 ± 7.693e-10
Fit (error):    plateau = 0.000074 ± 0.000005
     autocorrelation length ~ 13.7 blocks
     plateau reached at block size ~ 64
     !!!Failed to reach plateau in blocking
     Return max block error
nclean = 1000, max_block_size = 25, min_nblocks = 40
Blk_SZ   NBlk   NSmp      Energy     Error    dError
     1   1000   1000  -342.687623  0.000042  0.000001
     2    500   1000  -342.687625  0.000051  0.000002
     3    333    999  -342.687628  0.000057  0.000002
     4    250   1000  -342.687632  0.000058  0.000003
     5    200   1000  -342.687636  0.000060  0.000003
     6    166    996  -342.687641  0.000060  0.000003
     7    142    994  -342.687639  0.000054  0.000003
     8    125   1000  -342.687646  0.000056  0.000004
     9    111    999  -342.687649  0.000054  0.000004
    10    100   1000  -342.687647  0.000057  0.000004
    11     90    990  -342.687646  0.000056  0.000004
    12     83    996  -342.687652  0.000060  0.000005
    13     76    988  -342.687647  0.000052  0.000004
    14     71    994  -342.687656  0.000050  0.000004
    15     66    990  -342.687651  0.000054  0.000005
    16     62    992  -342.687655  0.000050  0.000005
    17     58    986  -342.687648  0.000052  0.000005
    18     55    990  -342.687653  0.000054  0.000005
    19     52    988  -342.687656  0.000058  0.000006
    20     50   1000  -342.687661  0.000055  0.000006
    21     47    987  -342.687651  0.000047  0.000005
    22     45    990  -342.687654  0.000049  0.000005
    23     43    989  -342.687656  0.000052  0.000006
    24     41    984  -342.687658  0.000057  0.000006
    25     40   1000  -342.687662  0.000055  0.000006
Fit (variance): plateau_var = 3.041954e-09 ± 9.889375e-11
Fit (error):    plateau = 0.000055 ± 0.000001
     autocorrelation length ~ 0.8 blocks
     plateau reached at block size ~ 4
Final AFQMC/pt2CCSD overlap ratio: 1.001908 ± 0.000069
Final AFQMC/pt2CCSD energy: -342.687673 ± 0.000055
Total run time: 624.60

AFQMC Sampling Finished

QMC script: /u/yzhang65/myprojects/software/afqmc/afqmc/scripts/run_afqmc_pt2ccsd.py
  => E_HF(ph3)      = -342.4871308938 Eh
  => E_CCSD(ph3)    = -342.6802691608 Eh
  => E_AFQMC(ph3)   = -342.68767 +/- 0.00006 Eh

============================================================
Running: propane  charge=0  spin=0
============================================================
output file: ../../result/molout/closed_shell/propane_vtzfp.out

Preparing AFQMC calculation
Calculating Cholesky integrals
Alpha Cholesky shape: (902, 162, 162) 
 Beta Cholesky shape: (902, 162, 162) 
Finished calculating Cholesky integrals
Size of the correlation space:
Number of electrons:        [10 10]
Number of basis functions:  159
Number of Cholesky vectors: 902

    ________                     _____                    
    ___  __ \___  __________________(_)_____________ _    
    __  /_/ /  / / /_  __ \_  __ \_  /__  __ \_  __ `/    
    _  _, _// /_/ /_  / / /  / / /  / _  / / /  /_/ /     
    /_/ |_| \__,_/ /_/ /_//_/ /_//_/  /_/ /_/_\__, /      
                                             /____/       
    _____________________________  ___________            
    ___    |__  ____/_  __ \__   |/  /_  ____/            
    __  /| |_  /_   _  / / /_  /|_/ /_  /                 
    _  ___ |  __/   / /_/ /_  /  / / / /___               
    /_/  |_/_/      \___\_\/_/  /_/  \____/               

Hostname:     gpua021.delta.ncsa.illinois.edu
System:       Linux
Node:         gpua021.delta.ncsa.illinois.edu
Release:      5.14.0-427.91.1.el9_4.x86_64
Machine:      x86_64
Processor:    x86_64
JAX backend:  GPU
JAX devices:  [CudaDevice(id=0)]
Device kind:  NVIDIA A100-SXM4-40GB
Platform:     gpu

Load system from Integral File
Maximum memory per walker:            66.67 MB
Maximum number of Cholesky per chunk: 86
Number of Cholesky chunks:            11
Number of Cholesky per chunk:         82
Number of padding Cholesky:           0

QMC System
Number of electrons: (10, 10)
Spin Multiplicity:   0
Number of orbitals:  159
Number of Chol:      902

QMC Parameters
eql_time            :                   50
n_blocks            :                 1000
n_walkers           :                  300
max_error           :                  0.0
seed                :                   17
walker_type         :                  uhf
trial               :             upt2ccsd
mix_precision       :                 True
max_memory          :                20000
dt                  :                0.005
n_exp_terms         :                    6
n_prop_steps        :                   50
save_walkers        :                False
free_projection     :                False
n_batch             :                    1
nchol_chunk         :                   82

Initalize QMC walkers by stochastic CCSD

Equilibration
inv_T        weight  killW        energy   runTime
 0.00    300.000000      0   -118.880587     17.07
 5.00    298.627532      0   -118.896540     34.01
10.00    298.107144      0   -118.914563     45.20
15.00    298.474395      0   -118.886410     56.38
20.00    298.318424      0   -118.912332     67.56
25.00    298.485750      0   -118.906572     78.75
30.00    298.618689      0   -118.917950     89.95
35.00    298.743133      0   -118.930425    101.14
40.00    298.601991      0   -118.927513    112.32
45.00    298.770778      0   -118.922028    123.50
50.00    299.459092      0   -118.915492    134.69

Sampling
blocks        weight  killW       E_Guide     error       E_Trial     error     olp_T/G     error  Walltime
    20    298.576693      0   -118.918829  0.010309   -118.906137  0.001279    1.001768  0.000144  257.28
    40    298.562943      0   -118.914555  0.006352   -118.905296  0.000741    1.001714  0.000089  374.77
    60    298.527729      0   -118.908365  0.005449   -118.904617  0.000565    1.001675  0.000059  492.40
    80    298.505199      0   -118.908548  0.004384   -118.904982  0.000490    1.001554  0.000093  609.96
   100    298.492548      0   -118.909051  0.003396   -118.904918  0.000456    1.001516  0.000079  727.59
   120    298.476337      0   -118.907365  0.003116   -118.904679  0.000405    1.001468  0.000075  845.17
   140    298.452363      0   -118.907633  0.002795   -118.904514  0.000361    1.001411  0.000074  962.80
   160    298.432113      0   -118.907053  0.002475   -118.904291  0.000332    1.001401  0.000070 1080.40
   180    298.443846      0   -118.907727  0.002333   -118.904392  0.000309    1.001404  0.000059 1198.04
   200    298.433056      0   -118.907775  0.002139   -118.904189  0.000290    1.001425  0.000055 1315.65
   220    298.437250      0   -118.908287  0.001960   -118.904512  0.000377    1.001438  0.000053 1433.29
   240    298.431197      0   -118.908874  0.001832   -118.904486  0.000353    1.001424  0.000049 1558.04
   260    298.406558      0   -118.908486  0.001750   -118.904365  0.000332    1.001420  0.000047 1677.56
   280    298.403609      0   -118.909078  0.001772   -118.904351  0.000321    1.001420  0.000042 1795.10
   300    298.391233      0   -118.908685  0.001675   -118.904302  0.000304    1.001402  0.000044 1914.84
   320    298.372745      0   -118.908120  0.001671   -118.904190  0.000290    1.001405  0.000042 2036.21
   340    298.361745      0   -118.907938  0.001583   -118.904184  0.000276    1.001385  0.000043 2153.79
   360    298.349081      0   -118.906987  0.001635   -118.904097  0.000264    1.001386  0.000040 2274.18
   380    298.359788      0   -118.907680  0.001665   -118.904163  0.000254    1.001392  0.000039 2391.72
   400    298.350744      0   -118.907682  0.001581   -118.904149  0.000244    1.001394  0.000038 2509.89
   420    298.337831      0   -118.907070  0.001568   -118.904091  0.000236    1.001393  0.000037 2629.73
   440    298.338741      0   -118.907068  0.001505   -118.904085  0.000227    1.001387  0.000037 2747.24
   460    298.333554      1   -118.906692  0.001528   -118.904014  0.000220    1.001374  0.000036 2865.30
   480    298.322951      1   -118.906573  0.001468   -118.903973  0.000213    1.001375  0.000037 2988.15
   500    298.313090      1   -118.906601  0.001410   -118.903903  0.000208    1.001380  0.000037 3108.27
   520    298.309270      1   -118.906279  0.001382   -118.903877  0.000201    1.001366  0.000036 3226.65
   540    298.308849      2   -118.906566  0.001378   -118.903881  0.000200    1.001370  0.000034 3344.21
   560    298.310384      2   -118.906783  0.001343   -118.903866  0.000224    1.001378  0.000034 3461.82
   580    298.300910      2   -118.906561  0.001325   -118.903848  0.000218    1.001372  0.000033 3579.48
   600    298.301825      3   -118.906858  0.001297   -118.903835  0.000212    1.001372  0.000033 3697.14
   620    298.300603      3   -118.906639  0.001280   -118.903797  0.000207    1.001367  0.000032 3814.78
   640    298.299252      3   -118.906782  0.001249   -118.903832  0.000202    1.001360  0.000032 3932.44
   660    298.300173      3   -118.906982  0.001226   -118.903915  0.000200    1.001361  0.000030 4050.09
   680    298.303974      3   -118.907053  0.001249   -118.903948  0.000196    1.001362  0.000030 4167.76
   700    298.307011      3   -118.907187  0.001228   -118.903988  0.000194    1.001368  0.000030 4285.44
   720    298.309932      3   -118.907338  0.001238   -118.904006  0.000189    1.001366  0.000029 4403.12
   740    298.310270      3   -118.907271  0.001208   -118.903971  0.000186    1.001362  0.000029 4520.77
   760    298.306509      3   -118.906989  0.001194   -118.903965  0.000183    1.001357  0.000029 4638.46
   780    298.301787      3   -118.906754  0.001204   -118.903933  0.000179    1.001350  0.000029 4756.10
   800    298.301589      3   -118.906847  0.001189   -118.903944  0.000176    1.001349  0.000029 4873.83
   820    298.297101      3   -118.906713  0.001174   -118.903923  0.000172    1.001355  0.000029 4991.46
   840    298.296763      3   -118.906661  0.001153   -118.903871  0.000169    1.001355  0.000028 5109.17
   860    298.291318      3   -118.906411  0.001129   -118.903842  0.000166    1.001362  0.000029 5226.83
   880    298.288152      3   -118.906369  0.001139   -118.903822  0.000163    1.001366  0.000028 5344.52
   900    298.288674      3   -118.906107  0.001118   -118.903807  0.000160    1.001372  0.000028 5462.19
   920    298.286274      3   -118.906057  0.001097   -118.903806  0.000158    1.001369  0.000027 5579.92
   940    298.287403      3   -118.905887  0.001082   -118.903786  0.000155    1.001362  0.000028 5697.55
   960    298.286542      3   -118.905955  0.001104   -118.903779  0.000153    1.001356  0.000028 5815.23
   980    298.282489      3   -118.905752  0.001104   -118.903747  0.000151    1.001341  0.000031 5932.89
  1000    298.280653      3   -118.905474  0.001108   -118.903713  0.000148    1.001340  0.000032 6050.48

Post Propagation Process
Total number of samples 1000
Raw AFQMC/HF (Guide) energy:           -118.905474 ± 0.001108
Raw Trial/Guide overlap ratio:          1.001340 ± 0.000032
Raw AFQMC/pt2CCSD energy (covariance): -118.903713 ± 0.000148
Raw AFQMC/pt2CCSD energy (dir sample): -118.903713 ± 0.000118

Remove Outliers
removing energies outside zeta > 30
Outlier energy bound [-118.986774, -118.819797]
Removed 0 outliers with energies []
Clean AFQMC/pt2CCSD overlap ratio:        1.001340 ± 0.000032
Clean AFQMC/pt2CCSD energy (covariance): -118.903713 ± 0.000148
Clean AFQMC/ptCCSD energy (dir sample):  -118.903713 ± 0.000118

Blocking Analysis
nsample = 1000, max_block_size = 25, min_nblocks = 40
   B    NB    NS  Observable     Error    dError
   1  1000  1000    1.001340  0.000012  0.000000
   2   500  1000    1.001340  0.000015  0.000000
   3   333   999    1.001340  0.000018  0.000001
   4   250  1000    1.001340  0.000020  0.000001
   5   200  1000    1.001340  0.000021  0.000001
   6   166   996    1.001341  0.000022  0.000001
   7   142   994    1.001340  0.000022  0.000001
   8   125  1000    1.001340  0.000024  0.000001
   9   111   999    1.001340  0.000024  0.000002
  10   100  1000    1.001340  0.000025  0.000002
  11    90   990    1.001340  0.000026  0.000002
  12    83   996    1.001341  0.000026  0.000002
  13    76   988    1.001340  0.000026  0.000002
  14    71   994    1.001340  0.000027  0.000002
  15    66   990    1.001340  0.000027  0.000002
  16    62   992    1.001340  0.000027  0.000002
  17    58   986    1.001340  0.000029  0.000003
  18    55   990    1.001340  0.000029  0.000003
  19    52   988    1.001340  0.000029  0.000003
  20    50  1000    1.001340  0.000030  0.000003
  21    47   987    1.001340  0.000030  0.000003
  22    45   990    1.001340  0.000028  0.000003
  23    43   989    1.001340  0.000030  0.000003
  24    41   984    1.001339  0.000032  0.000004
  25    40  1000    1.001340  0.000032  0.000004
Fit (variance): plateau_var = 9.093e-10 ± 8.621e-11
Fit (error):    plateau = 0.000030 ± 0.000001
     autocorrelation length ~ 8.6 blocks
     plateau reached at block size ~ 39
     !!!Failed to reach plateau in blocking
     Return max block error
nclean = 1000, max_block_size = 25, min_nblocks = 40
Blk_SZ   NBlk   NSmp      Energy     Error    dError
     1   1000   1000  -118.903616  0.000118  0.000003
     2    500   1000  -118.903635  0.000128  0.000004
     3    333    999  -118.903645  0.000135  0.000005
     4    250   1000  -118.903657  0.000141  0.000006
     5    200   1000  -118.903664  0.000144  0.000007
     6    166    996  -118.903668  0.000147  0.000008
     7    142    994  -118.903680  0.000147  0.000009
     8    125   1000  -118.903675  0.000156  0.000010
     9    111    999  -118.903673  0.000156  0.000011
    10    100   1000  -118.903678  0.000148  0.000010
    11     90    990  -118.903694  0.000158  0.000012
    12     83    996  -118.903685  0.000169  0.000013
    13     76    988  -118.903702  0.000157  0.000013
    14     71    994  -118.903697  0.000150  0.000013
    15     66    990  -118.903701  0.000171  0.000015
    16     62    992  -118.903699  0.000171  0.000016
    17     58    986  -118.903709  0.000188  0.000018
    18     55    990  -118.903699  0.000184  0.000018
    19     52    988  -118.903710  0.000157  0.000016
    20     50   1000  -118.903692  0.000178  0.000018
    21     47    987  -118.903711  0.000171  0.000018
    22     45    990  -118.903708  0.000187  0.000020
    23     43    989  -118.903711  0.000176  0.000019
    24     41    984  -118.903714  0.000185  0.000021
    25     40   1000  -118.903697  0.000168  0.000019
Fit (variance): plateau_var = 3.086926e-08 ± 3.330219e-09
Fit (error):    plateau = 0.000176 ± 0.000009
     autocorrelation length ~ 8.4 blocks
     plateau reached at block size ~ 35
     !!!Failed to reach plateau in blocking
     Return max block error
Final AFQMC/pt2CCSD overlap ratio: 1.001340 ± 0.000032
Final AFQMC/pt2CCSD energy: -118.903713 ± 0.000188
Total run time: 6087.32

AFQMC Sampling Finished

QMC script: /u/yzhang65/myprojects/software/afqmc/afqmc/scripts/run_afqmc_pt2ccsd.py
  => E_HF(propane)      = -118.3068962673 Eh
  => E_CCSD(propane)    = -118.8821791508 Eh
  => E_AFQMC(propane)   = -118.90371 +/- 0.00019 Eh

============================================================
Running: propene  charge=0  spin=0
============================================================
output file: ../../result/molout/closed_shell/propene_vtzfp.out

Preparing AFQMC calculation
Calculating Cholesky integrals
Alpha Cholesky shape: (815, 144, 144) 
 Beta Cholesky shape: (815, 144, 144) 
Finished calculating Cholesky integrals
Size of the correlation space:
Number of electrons:        [9 9]
Number of basis functions:  141
Number of Cholesky vectors: 815

    ________                     _____                    
    ___  __ \___  __________________(_)_____________ _    
    __  /_/ /  / / /_  __ \_  __ \_  /__  __ \_  __ `/    
    _  _, _// /_/ /_  / / /  / / /  / _  / / /  /_/ /     
    /_/ |_| \__,_/ /_/ /_//_/ /_//_/  /_/ /_/_\__, /      
                                             /____/       
    _____________________________  ___________            
    ___    |__  ____/_  __ \__   |/  /_  ____/            
    __  /| |_  /_   _  / / /_  /|_/ /_  /                 
    _  ___ |  __/   / /_/ /_  /  / / / /___               
    /_/  |_/_/      \___\_\/_/  /_/  \____/               

Hostname:     gpua021.delta.ncsa.illinois.edu
System:       Linux
Node:         gpua021.delta.ncsa.illinois.edu
Release:      5.14.0-427.91.1.el9_4.x86_64
Machine:      x86_64
Processor:    x86_64
JAX backend:  GPU
JAX devices:  [CudaDevice(id=0)]
Device kind:  NVIDIA A100-SXM4-40GB
Platform:     gpu

Load system from Integral File
Maximum memory per walker:            66.67 MB
Maximum number of Cholesky per chunk: 109
Number of Cholesky chunks:            8
Number of Cholesky per chunk:         102
Number of padding Cholesky:           1

QMC System
Number of electrons: (9, 9)
Spin Multiplicity:   0
Number of orbitals:  141
Number of Chol:      815

QMC Parameters
eql_time            :                   50
n_blocks            :                 1000
n_walkers           :                  300
max_error           :                  0.0
seed                :                   17
walker_type         :                  uhf
trial               :             upt2ccsd
mix_precision       :                 True
max_memory          :                20000
dt                  :                0.005
n_exp_terms         :                    6
n_prop_steps        :                   50
save_walkers        :                False
free_projection     :                False
n_batch             :                    1
nchol_chunk         :                  102

Initalize QMC walkers by stochastic CCSD

Equilibration
inv_T        weight  killW        energy   runTime
 0.00    300.000000      0   -117.650343     58.24
 5.00    298.625593      0   -117.672427     74.27
10.00    298.711746      0   -117.693606     82.86
15.00    298.093308      0   -117.653508     91.42
20.00    299.207643      0   -117.694929     99.97
25.00    298.697351      0   -117.661690    108.53
30.00    298.381704      0   -117.671153    117.08
35.00    299.010995      0   -117.695134    125.64
40.00    299.181094      0   -117.696839    134.20
45.00    299.092715      0   -117.663359    142.77
50.00    298.617268      0   -117.681404    151.33

Sampling
blocks        weight  killW       E_Guide     error       E_Trial     error     olp_T/G     error  Walltime
    20    298.513031      0   -117.669253  0.003817   -117.676301  0.000939    1.001859  0.000094  240.77
    40    298.707744      1   -117.676747  0.006127   -117.676515  0.000825    1.001963  0.000133  324.33
    60    298.668274      2   -117.678347  0.004113   -117.676909  0.000782    1.001934  0.000107  408.02
    80    298.674128      2   -117.681294  0.004056   -117.677061  0.000727    1.001883  0.000093  491.70
   100    298.620302      2   -117.679933  0.003039   -117.676566  0.000660    1.001916  0.000082  575.38
   120    298.617974      2   -117.679149  0.002664   -117.676067  0.000568    1.002015  0.000097  659.07
   140    298.615092      2   -117.678363  0.002303   -117.675579  0.000505    1.002129  0.000114  742.77
   160    298.570802      2   -117.677393  0.002176   -117.675307  0.000457    1.002177  0.000105  826.46
   180    298.579761      2   -117.678631  0.002223   -117.675680  0.000573    1.002194  0.000096  911.46
   200    298.554152      2   -117.677635  0.002067   -117.675396  0.000524    1.002203  0.000087  995.14
   220    298.537286      2   -117.677391  0.002074   -117.675344  0.000481    1.002229  0.000081 1079.12
   240    298.508970      2   -117.677069  0.001971   -117.675357  0.000449    1.002234  0.000079 1162.82
   260    298.487157      2   -117.676224  0.001918   -117.675556  0.000452    1.002225  0.000073 1246.51
   280    298.473265      2   -117.675805  0.001814   -117.675488  0.000424    1.002234  0.000068 1330.19
   300    298.458452      2   -117.675285  0.001744   -117.675377  0.000399    1.002238  0.000065 1413.88
   320    298.460295      2   -117.675146  0.001647   -117.675317  0.000381    1.002237  0.000061 1497.57
   340    298.456590      2   -117.674977  0.001636   -117.675238  0.000361    1.002240  0.000057 1581.25
   360    298.448404      2   -117.675001  0.001521   -117.675208  0.000346    1.002270  0.000058 1664.94
   380    298.446453      2   -117.674495  0.001487   -117.675201  0.000334    1.002267  0.000058 1748.63
   400    298.435481      2   -117.673933  0.001464   -117.675191  0.000320    1.002252  0.000056 1832.29
   420    298.441599      2   -117.674163  0.001405   -117.675107  0.000310    1.002238  0.000055 1915.99
   440    298.439873      2   -117.674075  0.001459   -117.675047  0.000298    1.002219  0.000055 1999.91
   460    298.439847      2   -117.674121  0.001425   -117.675021  0.000287    1.002227  0.000054 2083.30
   480    298.433424      2   -117.673914  0.001362   -117.674961  0.000277    1.002234  0.000053 2166.94
   500    298.431884      2   -117.674086  0.001319   -117.674940  0.000269    1.002249  0.000053 2250.61
   520    298.442064      2   -117.674535  0.001340   -117.674981  0.000261    1.002251  0.000051 2334.24
   540    298.440607      2   -117.674666  0.001336   -117.674949  0.000255    1.002238  0.000051 2417.90
   560    298.447404      2   -117.675256  0.001355   -117.674995  0.000248    1.002224  0.000053 2501.57
   580    298.450548      3   -117.675415  0.001319   -117.675023  0.000242    1.002219  0.000052 2585.20
   600    298.449294      3   -117.675533  0.001328   -117.675011  0.000236    1.002229  0.000050 2668.85
   620    298.448926      3   -117.675925  0.001303   -117.675056  0.000231    1.002224  0.000049 2752.52
   640    298.447236      3   -117.675945  0.001427   -117.675032  0.000225    1.002225  0.000050 2836.14
   660    298.449832      3   -117.676077  0.001399   -117.674998  0.000221    1.002240  0.000051 2919.79
   680    298.449798      3   -117.675986  0.001367   -117.674950  0.000216    1.002233  0.000050 3003.45
   700    298.451502      3   -117.676461  0.001389   -117.675221  0.000370    1.002230  0.000049 3087.08
   720    298.449082      3   -117.676628  0.001392   -117.675144  0.000362    1.002247  0.000052 3170.74
   740    298.454161      3   -117.676791  0.001386   -117.675132  0.000353    1.002259  0.000052 3254.40
   760    298.453892      3   -117.676773  0.001362   -117.675138  0.000345    1.002266  0.000051 3338.05
   780    298.453653      3   -117.676839  0.001335   -117.675153  0.000337    1.002269  0.000051 3421.72
   800    298.448138      3   -117.676609  0.001302   -117.675099  0.000330    1.002262  0.000049 3505.37
   820    298.446234      3   -117.676676  0.001276   -117.675075  0.000322    1.002246  0.000051 3589.01
   840    298.441384      3   -117.676418  0.001312   -117.675012  0.000316    1.002242  0.000051 3672.68
   860    298.437307      3   -117.676219  0.001312   -117.674989  0.000309    1.002246  0.000050 3756.33
   880    298.436915      3   -117.676408  0.001301   -117.675084  0.000313    1.002253  0.000050 3841.20
   900    298.436500      3   -117.676440  0.001287   -117.675109  0.000309    1.002266  0.000050 3929.62
   920    298.435766      3   -117.676256  0.001256   -117.675084  0.000302    1.002267  0.000051 4012.61
   940    298.437741      3   -117.676517  0.001228   -117.675119  0.000298    1.002263  0.000049 4096.27
   960    298.439025      3   -117.676731  0.001213   -117.675120  0.000292    1.002256  0.000050 4179.93
   980    298.439226      3   -117.676876  0.001198   -117.675156  0.000287    1.002247  0.000050 4263.55
  1000    298.440130      3   -117.676903  0.001181   -117.675146  0.000282    1.002248  0.000049 4347.20

Post Propagation Process
Total number of samples 1000
Raw AFQMC/HF (Guide) energy:           -117.676903 ± 0.001181
Raw Trial/Guide overlap ratio:          1.002248 ± 0.000049
Raw AFQMC/pt2CCSD energy (covariance): -117.675146 ± 0.000282
Raw AFQMC/pt2CCSD energy (dir sample): -117.675146 ± 0.000199

Remove Outliers
removing energies outside zeta > 30
Outlier energy bound [-117.774773, -117.573610]
Removed 1 outliers with energies [-117.79412606]
Clean AFQMC/pt2CCSD overlap ratio:        1.002249 ± 0.000049
Clean AFQMC/pt2CCSD energy (covariance): -117.674966 ± 0.000186
Clean AFQMC/ptCCSD energy (dir sample):  -117.674966 ± 0.000159

Blocking Analysis
nsample = 999, max_block_size = 24, min_nblocks = 40
   B    NB    NS  Observable     Error    dError
   1   999   999    1.002249  0.000017  0.000000
   2   499   998    1.002249  0.000023  0.000001
   3   333   999    1.002249  0.000026  0.000001
   4   249   996    1.002249  0.000030  0.000001
   5   199   995    1.002249  0.000031  0.000002
   6   166   996    1.002249  0.000034  0.000002
   7   142   994    1.002249  0.000035  0.000002
   8   124   992    1.002250  0.000037  0.000002
   9   111   999    1.002249  0.000038  0.000003
  10    99   990    1.002250  0.000038  0.000003
  11    90   990    1.002250  0.000041  0.000003
  12    83   996    1.002249  0.000042  0.000003
  13    76   988    1.002249  0.000041  0.000003
  14    71   994    1.002249  0.000042  0.000004
  15    66   990    1.002250  0.000043  0.000004
  16    62   992    1.002250  0.000043  0.000004
  17    58   986    1.002247  0.000044  0.000004
  18    55   990    1.002250  0.000047  0.000004
  19    52   988    1.002249  0.000045  0.000004
  20    49   980    1.002248  0.000044  0.000005
  21    47   987    1.002248  0.000046  0.000005
  22    45   990    1.002250  0.000047  0.000005
  23    43   989    1.002250  0.000046  0.000005
  24    41   984    1.002247  0.000049  0.000005
Fit (variance): plateau_var = 2.290e-09 ± 2.302e-10
Fit (error):    plateau = 0.000048 ± 0.000002
     autocorrelation length ~ 9.0 blocks
     plateau reached at block size ~ 42
     !!!Failed to reach plateau in blocking
     Return max block error
nclean = 999, max_block_size = 24, min_nblocks = 40
Blk_SZ   NBlk   NSmp      Energy     Error    dError
     1    999    999  -117.674845  0.000159  0.000004
     2    499    998  -117.674872  0.000172  0.000005
     3    333    999  -117.674887  0.000187  0.000007
     4    249    996  -117.674902  0.000183  0.000008
     5    199    995  -117.674914  0.000203  0.000010
     6    166    996  -117.674917  0.000199  0.000011
     7    142    994  -117.674925  0.000198  0.000012
     8    124    992  -117.674923  0.000207  0.000013
     9    111    999  -117.674919  0.000207  0.000014
    10     99    990  -117.674937  0.000213  0.000015
    11     90    990  -117.674941  0.000216  0.000016
    12     83    996  -117.674934  0.000223  0.000017
    13     76    988  -117.674943  0.000218  0.000018
    14     71    994  -117.674947  0.000208  0.000018
    15     66    990  -117.674950  0.000226  0.000020
    16     62    992  -117.674938  0.000222  0.000020
    17     58    986  -117.674942  0.000230  0.000022
    18     55    990  -117.674953  0.000226  0.000022
    19     52    988  -117.674954  0.000216  0.000021
    20     49    980  -117.674950  0.000231  0.000024
    21     47    987  -117.674952  0.000231  0.000024
    22     45    990  -117.674963  0.000219  0.000023
    23     43    989  -117.674958  0.000215  0.000023
    24     41    984  -117.674954  0.000234  0.000026
Fit (variance): plateau_var = 5.073712e-08 ± 3.841416e-09
Fit (error):    plateau = 0.000225 ± 0.000009
     autocorrelation length ~ 5.8 blocks
     plateau reached at block size ~ 24
Final AFQMC/pt2CCSD overlap ratio: 1.002249 ± 0.000049
Final AFQMC/pt2CCSD energy: -117.674966 ± 0.000225
Total run time: 4378.20

AFQMC Sampling Finished

QMC script: /u/yzhang65/myprojects/software/afqmc/afqmc/scripts/run_afqmc_pt2ccsd.py
  => E_HF(propene)      = -117.1155161310 Eh
  => E_CCSD(propene)    = -117.6517072897 Eh
  => E_AFQMC(propene)   = -117.67497 +/- 0.00022 Eh

============================================================
Running: propyne  charge=0  spin=0
============================================================
output file: ../../result/molout/closed_shell/propyne_vtzfp.out

Preparing AFQMC calculation
Calculating Cholesky integrals
Alpha Cholesky shape: (707, 126, 126) 
 Beta Cholesky shape: (707, 126, 126) 
Finished calculating Cholesky integrals
Size of the correlation space:
Number of electrons:        [8 8]
Number of basis functions:  123
Number of Cholesky vectors: 707

    ________                     _____                    
    ___  __ \___  __________________(_)_____________ _    
    __  /_/ /  / / /_  __ \_  __ \_  /__  __ \_  __ `/    
    _  _, _// /_/ /_  / / /  / / /  / _  / / /  /_/ /     
    /_/ |_| \__,_/ /_/ /_//_/ /_//_/  /_/ /_/_\__, /      
                                             /____/       
    _____________________________  ___________            
    ___    |__  ____/_  __ \__   |/  /_  ____/            
    __  /| |_  /_   _  / / /_  /|_/ /_  /                 
    _  ___ |  __/   / /_/ /_  /  / / / /___               
    /_/  |_/_/      \___\_\/_/  /_/  \____/               

Hostname:     gpua021.delta.ncsa.illinois.edu
System:       Linux
Node:         gpua021.delta.ncsa.illinois.edu
Release:      5.14.0-427.91.1.el9_4.x86_64
Machine:      x86_64
Processor:    x86_64
JAX backend:  GPU
JAX devices:  [CudaDevice(id=0)]
Device kind:  NVIDIA A100-SXM4-40GB
Platform:     gpu

Load system from Integral File
Maximum memory per walker:            66.67 MB
Maximum number of Cholesky per chunk: 144
Number of Cholesky chunks:            5
Number of Cholesky per chunk:         142
Number of padding Cholesky:           3

QMC System
Number of electrons: (8, 8)
Spin Multiplicity:   0
Number of orbitals:  123
Number of Chol:      707

QMC Parameters
eql_time            :                   50
n_blocks            :                 1000
n_walkers           :                  300
max_error           :                  0.0
seed                :                   17
walker_type         :                  uhf
trial               :             upt2ccsd
mix_precision       :                 True
max_memory          :                20000
dt                  :                0.005
n_exp_terms         :                    6
n_prop_steps        :                   50
save_walkers        :                False
free_projection     :                False
n_batch             :                    1
nchol_chunk         :                  142

Initalize QMC walkers by stochastic CCSD
QMC script: /u/yzhang65/myprojects/software/afqmc/afqmc/scripts/run_afqmc_pt2ccsd.py
  => E_HF(propyne)      = -115.9073080637 Eh
  => E_CCSD(propyne)    = -116.4064879125 Eh
  => E_AFQMC(propyne)   = 0.00000 +/- 0.00000 Eh

All calculations complete. Results saved to ./closed_afqmc_vtzfp.dat
