Molecules to run: 20
    1. f2.xyz
    2. f2co.xyz
    3. f2o.xyz
    4. fccf.xyz
    5. fno.xyz
    6. foof.xyz
    7. formamide.xyz
    8. formic-anhydride.xyz
    9. formic.xyz
   10. furan.xyz
   11. glyoxal.xyz
   12. h2.xyz
   13. h2co.xyz
   14. h2o.xyz
   15. h2s.xyz
   16. hccf.xyz
   17. hcl.xyz
   18. hclo4.xyz
   19. hcn.xyz
   20. hcno.xyz

============================================================
Running: f2  charge=0  spin=0
============================================================
output file: ../../result/molout/closed_shell/f2_vtzfp.out

Preparing AFQMC calculation
Calculating Cholesky integrals
Alpha Cholesky shape: (377, 60, 60) 
 Beta Cholesky shape: (377, 60, 60) 
Finished calculating Cholesky integrals
Size of the correlation space:
Number of electrons:        [7 7]
Number of basis functions:  58
Number of Cholesky vectors: 377

    ________                     _____                    
    ___  __ \___  __________________(_)_____________ _    
    __  /_/ /  / / /_  __ \_  __ \_  /__  __ \_  __ `/    
    _  _, _// /_/ /_  / / /  / / /  / _  / / /  /_/ /     
    /_/ |_| \__,_/ /_/ /_//_/ /_//_/  /_/ /_/_\__, /      
                                             /____/       
    _____________________________  ___________            
    ___    |__  ____/_  __ \__   |/  /_  ____/            
    __  /| |_  /_   _  / / /_  /|_/ /_  /                 
    _  ___ |  __/   / /_/ /_  /  / / / /___               
    /_/  |_/_/      \___\_\/_/  /_/  \____/               

Hostname:     gpua057.delta.ncsa.illinois.edu
System:       Linux
Node:         gpua057.delta.ncsa.illinois.edu
Release:      5.14.0-427.91.1.el9_4.x86_64
Machine:      x86_64
Processor:    x86_64
JAX backend:  GPU
JAX devices:  [CudaDevice(id=0)]
Device kind:  NVIDIA A100-SXM4-40GB
Platform:     gpu

Load system from Integral File
Maximum memory per walker:            66.67 MB
Maximum number of Cholesky per chunk: 649
Number of Cholesky chunks:            1
Number of Cholesky per chunk:         377
Number of padding Cholesky:           0

QMC System
Number of electrons: (7, 7)
Spin Multiplicity:   0
Number of orbitals:  58
Number of Chol:      377

QMC Parameters
eql_time            :                   50
n_blocks            :                 1000
n_walkers           :                  300
max_error           :                  0.0
seed                :                   17
walker_type         :                  uhf
trial               :             upt2ccsd
mix_precision       :                 True
max_memory          :                20000
dt                  :                0.005
n_exp_terms         :                    6
n_prop_steps        :                   50
save_walkers        :                False
free_projection     :                False
n_batch             :                    1
nchol_chunk         :                  377

Initalize QMC walkers by stochastic CCSD

Equilibration
inv_T        weight  killW        energy   runTime
 0.00    300.000000      0   -199.275804     12.18
 5.00    299.264022      0   -199.307977     20.40
10.00    298.286698      0   -199.256197     22.20
15.00    299.621588      0   -199.284851     24.00
20.00    299.769623      0   -199.286929     25.80
25.00    298.683436      0   -199.301157     27.60
30.00    299.435581      0   -199.291418     29.40
35.00    299.182092      0   -199.304224     31.20
40.00    299.743168      0   -199.290429     33.00
45.00    300.592767      0   -199.314101     34.80
50.00    297.924788      0   -199.290108     36.60

Sampling
blocks        weight  killW       E_Guide     error       E_Trial     error     olp_T/G     error  Walltime
    20    299.087795      1   -199.304949  0.008729   -199.295227  0.000915    1.079639  0.002065   60.37
    40    298.888817      2   -199.298913  0.005512   -199.296081  0.000809    1.079462  0.001048   78.58
    60    298.928890      2   -199.295493  0.003638   -199.296044  0.000627    1.079920  0.000642   96.91
    80    298.962118      3   -199.297339  0.003036   -199.296560  0.000634    1.079401  0.000640  115.25
   100    298.908813      4   -199.296707  0.002547   -199.296335  0.000546    1.079366  0.000521  133.59
   120    298.883895      6   -199.296233  0.002301   -199.296296  0.000493    1.079298  0.000513  151.92
   140    298.878612      7   -199.296783  0.002045   -199.296454  0.000468    1.079198  0.000464  170.25
   160    298.861442      9   -199.296680  0.002124   -199.296551  0.000440    1.078899  0.000451  188.60
   180    298.867005     11   -199.296828  0.001952   -199.296492  0.000418    1.079220  0.000463  206.92
   200    298.849949     12   -199.296548  0.001926   -199.296623  0.000417    1.079303  0.000471  225.26
   220    298.831257     12   -199.295476  0.001940   -199.296569  0.000388    1.079566  0.000471  243.59
   240    298.820760     13   -199.295563  0.001893   -199.296703  0.000389    1.079372  0.000491  261.92
   260    298.802284     15   -199.294544  0.001935   -199.296640  0.000373    1.079613  0.000483  280.26
   280    298.804312     17   -199.294644  0.001818   -199.296630  0.000356    1.079747  0.000458  298.62
   300    298.821580     17   -199.295381  0.001760   -199.296762  0.000374    1.079705  0.000428  316.95
   320    298.834150     18   -199.295686  0.001821   -199.296942  0.000377    1.079497  0.000440  335.28
   340    298.833016     19   -199.295542  0.001785   -199.296970  0.000365    1.079405  0.000419  353.60
   360    298.830949     20   -199.295618  0.001685   -199.296915  0.000350    1.079355  0.000397  371.96
   380    298.834617     20   -199.296139  0.001687   -199.297002  0.000345    1.079193  0.000395  390.28
   400    298.822252     20   -199.295543  0.001627   -199.296958  0.000334    1.079175  0.000376  408.61
   420    298.812789     20   -199.295845  0.001566   -199.296919  0.000324    1.079233  0.000360  426.98
   440    298.804773     22   -199.295502  0.001527   -199.296934  0.000318    1.079275  0.000357  445.29
   460    298.809157     22   -199.296115  0.001534   -199.296966  0.000312    1.079164  0.000350  463.62
   480    298.810214     22   -199.296059  0.001590   -199.296878  0.000302    1.079263  0.000366  481.96
   500    298.811753     24   -199.296238  0.001557   -199.296938  0.000300    1.079236  0.000357  500.29
   520    298.811978     26   -199.296321  0.001513   -199.296942  0.000293    1.079244  0.000349  518.63
   540    298.818340     27   -199.296668  0.001473   -199.296924  0.000287    1.079223  0.000342  536.97
   560    298.813650     27   -199.296451  0.001465   -199.296910  0.000282    1.079273  0.000336  555.30
   580    298.808478     27   -199.296506  0.001418   -199.296851  0.000274    1.079278  0.000329  573.64
   600    298.800734     28   -199.296838  0.001392   -199.296889  0.000269    1.079168  0.000319  591.95
   620    298.798341     31   -199.297162  0.001450   -199.297022  0.000271    1.079182  0.000314  610.32
   640    298.786272     31   -199.296862  0.001421   -199.296995  0.000264    1.079210  0.000305  628.64
   660    298.790615     32   -199.296946  0.001389   -199.296966  0.000258    1.079295  0.000304  646.97
   680    298.790123     34   -199.297080  0.001365   -199.296998  0.000253    1.079232  0.000300  665.31
   700    298.794577     35   -199.297202  0.001327   -199.297087  0.000255    1.079210  0.000294  683.64
   720    298.797526     36   -199.297137  0.001287   -199.297088  0.000252    1.079169  0.000292  701.97
   740    298.802947     36   -199.297289  0.001267   -199.297108  0.000247    1.079183  0.000287  720.32
   760    298.807890     37   -199.297333  0.001232   -199.297079  0.000244    1.079232  0.000290  738.68
   780    298.809132     39   -199.297190  0.001198   -199.297095  0.000243    1.079271  0.000286  757.01
   800    298.805732     42   -199.296923  0.001201   -199.297084  0.000242    1.079286  0.000280  775.37
   820    298.806101     44   -199.296987  0.001176   -199.297169  0.000240    1.079279  0.000273  793.66
   840    298.804002     46   -199.296867  0.001195   -199.297145  0.000237    1.079294  0.000267  812.01
   860    298.796305     48   -199.297001  0.001195   -199.297156  0.000236    1.079295  0.000261  830.32
   880    298.792789     50   -199.297111  0.001172   -199.297117  0.000232    1.079284  0.000255  848.68
   900    298.791266     52   -199.297280  0.001153   -199.297137  0.000228    1.079241  0.000253  867.01
   920    298.788630     54   -199.297239  0.001128   -199.297123  0.000226    1.079251  0.000248  885.34
   940    298.788259     57   -199.297385  0.001111   -199.297147  0.000223    1.079258  0.000243  903.67
   960    298.783919     58   -199.297337  0.001088   -199.297145  0.000219    1.079304  0.000256  922.00
   980    298.782086     60   -199.297277  0.001068   -199.297149  0.000217    1.079326  0.000256  940.35
  1000    298.780269     60   -199.297184  0.001047   -199.297125  0.000214    1.079345  0.000250  958.69

Post Propagation Process
Total number of samples 1000
Raw AFQMC/HF (Guide) energy:           -199.297184 ± 0.001047
Raw Trial/Guide overlap ratio:          1.079345 ± 0.000250
Raw AFQMC/pt2CCSD energy (covariance): -199.297125 ± 0.000214
Raw AFQMC/pt2CCSD energy (dir sample): -199.297125 ± 0.000182

Remove Outliers
removing energies outside zeta > 30
Outlier energy bound [-199.416624, -199.174845]
Removed 0 outliers with energies []
Clean AFQMC/pt2CCSD overlap ratio:        1.079345 ± 0.000250
Clean AFQMC/pt2CCSD energy (covariance): -199.297125 ± 0.000214
Clean AFQMC/ptCCSD energy (dir sample):  -199.297125 ± 0.000182

Blocking Analysis
nsample = 1000, max_block_size = 25, min_nblocks = 40
   B    NB    NS  Observable     Error    dError
   1  1000  1000    1.079347  0.000124  0.000003
   2   500  1000    1.079347  0.000155  0.000005
   3   333   999    1.079343  0.000168  0.000007
   4   250  1000    1.079346  0.000185  0.000008
   5   200  1000    1.079346  0.000197  0.000010
   6   166   996    1.079334  0.000198  0.000011
   7   142   994    1.079326  0.000207  0.000012
   8   125  1000    1.079346  0.000211  0.000013
   9   111   999    1.079342  0.000198  0.000013
  10   100  1000    1.079346  0.000220  0.000016
  11    90   990    1.079319  0.000210  0.000016
  12    83   996    1.079334  0.000228  0.000018
  13    76   988    1.079317  0.000236  0.000019
  14    71   994    1.079326  0.000227  0.000019
  15    66   990    1.079319  0.000209  0.000018
  16    62   992    1.079321  0.000225  0.000020
  17    58   986    1.079317  0.000227  0.000021
  18    55   990    1.079319  0.000206  0.000020
  19    52   988    1.079317  0.000233  0.000023
  20    50  1000    1.079346  0.000227  0.000023
  21    47   987    1.079319  0.000219  0.000023
  22    45   990    1.079319  0.000230  0.000025
  23    43   989    1.079318  0.000227  0.000025
  24    41   984    1.079318  0.000250  0.000028
  25    40  1000    1.079346  0.000204  0.000023
Fit (variance): plateau_var = 4.935e-08 ± 2.551e-09
Fit (error):    plateau = 0.000222 ± 0.000006
     autocorrelation length ~ 3.7 blocks
     plateau reached at block size ~ 17
nclean = 1000, max_block_size = 25, min_nblocks = 40
Blk_SZ   NBlk   NSmp      Energy     Error    dError
     1   1000   1000  -199.296955  0.000182  0.000004
     2    500   1000  -199.296998  0.000192  0.000006
     3    333    999  -199.297030  0.000195  0.000008
     4    250   1000  -199.297042  0.000196  0.000009
     5    200   1000  -199.297054  0.000206  0.000010
     6    166    996  -199.297074  0.000199  0.000011
     7    142    994  -199.297086  0.000201  0.000012
     8    125   1000  -199.297077  0.000193  0.000012
     9    111    999  -199.297088  0.000196  0.000013
    10    100   1000  -199.297084  0.000203  0.000014
    11     90    990  -199.297126  0.000187  0.000014
    12     83    996  -199.297098  0.000207  0.000016
    13     76    988  -199.297128  0.000203  0.000017
    14     71    994  -199.297115  0.000203  0.000017
    15     66    990  -199.297134  0.000209  0.000018
    16     62    992  -199.297125  0.000204  0.000018
    17     58    986  -199.297121  0.000209  0.000020
    18     55    990  -199.297139  0.000189  0.000018
    19     52    988  -199.297142  0.000178  0.000018
    20     50   1000  -199.297109  0.000193  0.000019
    21     47    987  -199.297122  0.000198  0.000021
    22     45    990  -199.297137  0.000185  0.000020
    23     43    989  -199.297149  0.000194  0.000021
    24     41    984  -199.297128  0.000191  0.000021
    25     40   1000  -199.297115  0.000181  0.000020
Fit (variance): plateau_var = 3.879316e-08 ± 1.300370e-09
Fit (error):    plateau = 0.000197 ± 0.000003
     autocorrelation length ~ 0.9 blocks
     plateau reached at block size ~ 4
Final AFQMC/pt2CCSD overlap ratio: 1.079345 ± 0.000222
Final AFQMC/pt2CCSD energy: -199.297125 ± 0.000197
Total run time: 967.14

AFQMC Sampling Finished

QMC script: /u/yzhang65/myprojects/software/afqmc/afqmc/scripts/run_afqmc_pt2ccsd.py
  => E_HF(f2)      = -198.7618675941 Eh
  => E_CCSD(f2)    = -199.2763710286 Eh
  => E_AFQMC(f2)   = -199.29712 +/- 0.00020 Eh

============================================================
Running: f2co  charge=0  spin=0
============================================================
output file: ../../result/molout/closed_shell/f2co_vtzfp.out

Preparing AFQMC calculation
Calculating Cholesky integrals
Alpha Cholesky shape: (746, 120, 120) 
 Beta Cholesky shape: (746, 120, 120) 
Finished calculating Cholesky integrals
Size of the correlation space:
Number of electrons:        [12 12]
Number of basis functions:  116
Number of Cholesky vectors: 746

    ________                     _____                    
    ___  __ \___  __________________(_)_____________ _    
    __  /_/ /  / / /_  __ \_  __ \_  /__  __ \_  __ `/    
    _  _, _// /_/ /_  / / /  / / /  / _  / / /  /_/ /     
    /_/ |_| \__,_/ /_/ /_//_/ /_//_/  /_/ /_/_\__, /      
                                             /____/       
    _____________________________  ___________            
    ___    |__  ____/_  __ \__   |/  /_  ____/            
    __  /| |_  /_   _  / / /_  /|_/ /_  /                 
    _  ___ |  __/   / /_/ /_  /  / / / /___               
    /_/  |_/_/      \___\_\/_/  /_/  \____/               

Hostname:     gpua057.delta.ncsa.illinois.edu
System:       Linux
Node:         gpua057.delta.ncsa.illinois.edu
Release:      5.14.0-427.91.1.el9_4.x86_64
Machine:      x86_64
Processor:    x86_64
JAX backend:  GPU
JAX devices:  [CudaDevice(id=0)]
Device kind:  NVIDIA A100-SXM4-40GB
Platform:     gpu

Load system from Integral File
Maximum memory per walker:            66.67 MB
Maximum number of Cholesky per chunk: 162
Number of Cholesky chunks:            5
Number of Cholesky per chunk:         150
Number of padding Cholesky:           4

QMC System
Number of electrons: (12, 12)
Spin Multiplicity:   0
Number of orbitals:  116
Number of Chol:      746

QMC Parameters
eql_time            :                   50
n_blocks            :                 1000
n_walkers           :                  300
max_error           :                  0.0
seed                :                   17
walker_type         :                  uhf
trial               :             upt2ccsd
mix_precision       :                 True
max_memory          :                20000
dt                  :                0.005
n_exp_terms         :                    6
n_prop_steps        :                   50
save_walkers        :                False
free_projection     :                False
n_batch             :                    1
nchol_chunk         :                  150

Initalize QMC walkers by stochastic CCSD

Equilibration
inv_T        weight  killW        energy   runTime
 0.00    300.000000      0   -312.608152     13.14
 5.00    298.379395      0   -312.633672     25.66
10.00    298.299016      0   -312.613394     32.30
15.00    299.102885      0   -312.651229     38.94
20.00    299.129726      0   -312.632113     45.59
25.00    299.086316      0   -312.668508     52.23
30.00    299.171307      0   -312.661925     58.87
35.00    298.667847      0   -312.615575     65.52
40.00    298.274137      0   -312.614314     72.16
45.00    298.792034      0   -312.645281     78.80
50.00    301.574181      0   -312.715948     85.44

Sampling
blocks        weight  killW       E_Guide     error       E_Trial     error     olp_T/G     error  Walltime
    20    298.921698      0   -312.644470  0.010387   -312.644736  0.002225    1.006547  0.000633  147.82
    40    298.988250      0   -312.643284  0.007338   -312.643023  0.001317    1.006741  0.000342  205.01
    60    299.037059      0   -312.648879  0.006102   -312.642972  0.000967    1.006416  0.000298  262.32
    80    298.991985      0   -312.650973  0.006282   -312.643211  0.000916    1.006402  0.000269  319.64
   100    298.948756      1   -312.648863  0.005023   -312.643273  0.000854    1.006571  0.000261  376.97
   120    298.920547      1   -312.648147  0.004420   -312.643294  0.000791    1.006473  0.000229  434.29
   140    298.896540      1   -312.648216  0.003968   -312.643478  0.000743    1.006480  0.000199  491.59
   160    298.905324      1   -312.649451  0.003603   -312.644304  0.000850    1.006451  0.000182  548.89
   180    298.909816      1   -312.650868  0.003345   -312.644524  0.000796    1.006380  0.000175  606.20
   200    298.867539      1   -312.649593  0.003159   -312.644165  0.000775    1.006382  0.000162  663.51
   220    298.849890      1   -312.648970  0.002937   -312.643955  0.000722    1.006443  0.000150  720.82
   240    298.834786      2   -312.649392  0.002748   -312.643679  0.000674    1.006439  0.000141  778.13
   260    298.817339      2   -312.648701  0.002587   -312.643387  0.000637    1.006446  0.000134  835.43
   280    298.792906      2   -312.648232  0.002477   -312.643318  0.000609    1.006432  0.000125  892.74
   300    298.773118      2   -312.647856  0.002357   -312.643263  0.000575    1.006375  0.000123  950.04
   320    298.747065      2   -312.648274  0.002334   -312.643351  0.000559    1.006328  0.000121 1007.35
   340    298.736186      2   -312.648012  0.002251   -312.643369  0.000534    1.006287  0.000117 1064.65
   360    298.746576      2   -312.648405  0.002111   -312.643356  0.000514    1.006346  0.000118 1121.96
   380    298.733239      2   -312.648555  0.002024   -312.643318  0.000492    1.006318  0.000115 1179.27
   400    298.729272      2   -312.649351  0.002027   -312.643622  0.000494    1.006273  0.000119 1236.58
   420    298.736909      2   -312.649978  0.001976   -312.644025  0.000565    1.006231  0.000116 1293.89
   440    298.732354      2   -312.649686  0.002056   -312.643932  0.000545    1.006215  0.000118 1351.20
   460    298.717639      2   -312.649717  0.002005   -312.644021  0.000528    1.006203  0.000115 1408.51
   480    298.717986      2   -312.649819  0.001926   -312.643932  0.000511    1.006173  0.000114 1465.83
   500    298.708397      2   -312.649644  0.001875   -312.643915  0.000495    1.006131  0.000115 1523.16
   520    298.700439      2   -312.649071  0.001826   -312.643797  0.000481    1.006174  0.000114 1580.46
   540    298.686654      2   -312.648789  0.001784   -312.643756  0.000467    1.006160  0.000110 1637.75
   560    298.674439      2   -312.648693  0.001737   -312.643660  0.000454    1.006146  0.000108 1695.06
   580    298.666648      2   -312.649039  0.001672   -312.643599  0.000444    1.006123  0.000105 1752.38
   600    298.663243      2   -312.648950  0.001719   -312.643687  0.000439    1.006173  0.000112 1809.69
   620    298.659213      3   -312.648863  0.001677   -312.643610  0.000428    1.006169  0.000109 1866.99
   640    298.654836      3   -312.648890  0.001640   -312.643625  0.000425    1.006160  0.000110 1924.29
   660    298.652383      3   -312.648647  0.001581   -312.643620  0.000416    1.006151  0.000106 1981.62
   680    298.650212      3   -312.648532  0.001549   -312.643674  0.000409    1.006154  0.000103 2038.92
   700    298.647953      3   -312.648613  0.001525   -312.643652  0.000399    1.006150  0.000101 2096.23
   720    298.653373      3   -312.648968  0.001503   -312.643570  0.000392    1.006152  0.000097 2153.55
   740    298.648569      3   -312.649168  0.001473   -312.643592  0.000383    1.006137  0.000096 2210.87
   760    298.656126      3   -312.649538  0.001554   -312.643579  0.000377    1.006157  0.000100 2268.18
   780    298.657037      4   -312.649601  0.001575   -312.643545  0.000369    1.006165  0.000098 2325.48
   800    298.645567      4   -312.649247  0.001561   -312.643499  0.000362    1.006163  0.000096 2382.80
   820    298.642405      4   -312.649568  0.001560   -312.643507  0.000358    1.006155  0.000095 2440.12
   840    298.633901      4   -312.649488  0.001529   -312.643460  0.000351    1.006159  0.000093 2497.41
   860    298.623201      4   -312.649017  0.001497   -312.643425  0.000353    1.006176  0.000091 2554.71
   880    298.618330      4   -312.649059  0.001493   -312.643464  0.000350    1.006150  0.000092 2612.02
   900    298.615726      4   -312.649142  0.001450   -312.643426  0.000344    1.006153  0.000090 2669.34
   920    298.614311      4   -312.648768  0.001467   -312.643367  0.000338    1.006167  0.000089 2726.67
   940    298.620931      4   -312.649087  0.001462   -312.643434  0.000334    1.006158  0.000087 2783.98
   960    298.622385      4   -312.649206  0.001443   -312.643475  0.000329    1.006145  0.000086 2841.85
   980    298.616378      4   -312.648907  0.001420   -312.643391  0.000324    1.006156  0.000085 2900.24
  1000    298.618381      4   -312.648981  0.001414   -312.643387  0.000321    1.006166  0.000085 2957.53

Post Propagation Process
Total number of samples 1000
Raw AFQMC/HF (Guide) energy:           -312.648981 ± 0.001414
Raw Trial/Guide overlap ratio:          1.006166 ± 0.000085
Raw AFQMC/pt2CCSD energy (covariance): -312.643387 ± 0.000321
Raw AFQMC/pt2CCSD energy (dir sample): -312.643387 ± 0.000274

Remove Outliers
removing energies outside zeta > 30
Outlier energy bound [-312.839031, -312.445031]
Removed 0 outliers with energies []
Clean AFQMC/pt2CCSD overlap ratio:        1.006166 ± 0.000085
Clean AFQMC/pt2CCSD energy (covariance): -312.643387 ± 0.000321
Clean AFQMC/ptCCSD energy (dir sample):  -312.643387 ± 0.000274

Blocking Analysis
nsample = 1000, max_block_size = 25, min_nblocks = 40
   B    NB    NS  Observable     Error    dError
   1  1000  1000    1.006166  0.000038  0.000001
   2   500  1000    1.006166  0.000050  0.000002
   3   333   999    1.006166  0.000057  0.000002
   4   250  1000    1.006166  0.000063  0.000003
   5   200  1000    1.006166  0.000066  0.000003
   6   166   996    1.006168  0.000071  0.000004
   7   142   994    1.006167  0.000071  0.000004
   8   125  1000    1.006166  0.000073  0.000005
   9   111   999    1.006166  0.000075  0.000005
  10   100  1000    1.006166  0.000079  0.000006
  11    90   990    1.006166  0.000081  0.000006
  12    83   996    1.006168  0.000079  0.000006
  13    76   988    1.006165  0.000075  0.000006
  14    71   994    1.006167  0.000083  0.000007
  15    66   990    1.006166  0.000081  0.000007
  16    62   992    1.006166  0.000076  0.000007
  17    58   986    1.006164  0.000081  0.000008
  18    55   990    1.006166  0.000082  0.000008
  19    52   988    1.006165  0.000083  0.000008
  20    50  1000    1.006166  0.000084  0.000009
  21    47   987    1.006165  0.000079  0.000008
  22    45   990    1.006166  0.000078  0.000008
  23    43   989    1.006165  0.000070  0.000008
  24    41   984    1.006162  0.000085  0.000010
  25    40  1000    1.006166  0.000084  0.000009
Fit (variance): plateau_var = 6.474e-09 ± 3.574e-10
Fit (error):    plateau = 0.000080 ± 0.000002
     autocorrelation length ~ 4.4 blocks
     plateau reached at block size ~ 21
nclean = 1000, max_block_size = 25, min_nblocks = 40
Blk_SZ   NBlk   NSmp      Energy     Error    dError
     1   1000   1000  -312.643173  0.000274  0.000006
     2    500   1000  -312.643232  0.000307  0.000010
     3    333    999  -312.643265  0.000319  0.000012
     4    250   1000  -312.643275  0.000337  0.000015
     5    200   1000  -312.643300  0.000322  0.000016
     6    166    996  -312.643327  0.000325  0.000018
     7    142    994  -312.643342  0.000340  0.000020
     8    125   1000  -312.643329  0.000324  0.000021
     9    111    999  -312.643338  0.000330  0.000022
    10    100   1000  -312.643336  0.000338  0.000024
    11     90    990  -312.643318  0.000353  0.000026
    12     83    996  -312.643366  0.000324  0.000025
    13     76    988  -312.643312  0.000369  0.000030
    14     71    994  -312.643371  0.000361  0.000031
    15     66    990  -312.643328  0.000374  0.000033
    16     62    992  -312.643369  0.000331  0.000030
    17     58    986  -312.643344  0.000365  0.000034
    18     55    990  -312.643333  0.000338  0.000033
    19     52    988  -312.643332  0.000351  0.000035
    20     50   1000  -312.643360  0.000355  0.000036
    21     47    987  -312.643335  0.000346  0.000036
    22     45    990  -312.643345  0.000360  0.000038
    23     43    989  -312.643348  0.000357  0.000039
    24     41    984  -312.643347  0.000368  0.000041
    25     40   1000  -312.643366  0.000347  0.000039
Fit (variance): plateau_var = 1.176834e-07 ± 4.889983e-09
Fit (error):    plateau = 0.000343 ± 0.000007
     autocorrelation length ~ 2.1 blocks
     plateau reached at block size ~ 9
Final AFQMC/pt2CCSD overlap ratio: 1.006166 ± 0.000080
Final AFQMC/pt2CCSD energy: -312.643387 ± 0.000343
Total run time: 2979.18

AFQMC Sampling Finished

QMC script: /u/yzhang65/myprojects/software/afqmc/afqmc/scripts/run_afqmc_pt2ccsd.py
  => E_HF(f2co)      = -311.7375134471 Eh
  => E_CCSD(f2co)    = -312.6102779943 Eh
  => E_AFQMC(f2co)   = -312.64339 +/- 0.00034 Eh

============================================================
Running: f2o  charge=0  spin=0
============================================================
output file: ../../result/molout/closed_shell/f2o_vtzfp.out

Preparing AFQMC calculation
Calculating Cholesky integrals
Alpha Cholesky shape: (570, 90, 90) 
 Beta Cholesky shape: (570, 90, 90) 
Finished calculating Cholesky integrals
Size of the correlation space:
Number of electrons:        [10 10]
Number of basis functions:  87
Number of Cholesky vectors: 570

    ________                     _____                    
    ___  __ \___  __________________(_)_____________ _    
    __  /_/ /  / / /_  __ \_  __ \_  /__  __ \_  __ `/    
    _  _, _// /_/ /_  / / /  / / /  / _  / / /  /_/ /     
    /_/ |_| \__,_/ /_/ /_//_/ /_//_/  /_/ /_/_\__, /      
                                             /____/       
    _____________________________  ___________            
    ___    |__  ____/_  __ \__   |/  /_  ____/            
    __  /| |_  /_   _  / / /_  /|_/ /_  /                 
    _  ___ |  __/   / /_/ /_  /  / / / /___               
    /_/  |_/_/      \___\_\/_/  /_/  \____/               

Hostname:     gpua057.delta.ncsa.illinois.edu
System:       Linux
Node:         gpua057.delta.ncsa.illinois.edu
Release:      5.14.0-427.91.1.el9_4.x86_64
Machine:      x86_64
Processor:    x86_64
JAX backend:  GPU
JAX devices:  [CudaDevice(id=0)]
Device kind:  NVIDIA A100-SXM4-40GB
Platform:     gpu

Load system from Integral File
Maximum memory per walker:            66.67 MB
Maximum number of Cholesky per chunk: 288
Number of Cholesky chunks:            2
Number of Cholesky per chunk:         285
Number of padding Cholesky:           0

QMC System
Number of electrons: (10, 10)
Spin Multiplicity:   0
Number of orbitals:  87
Number of Chol:      570

QMC Parameters
eql_time            :                   50
n_blocks            :                 1000
n_walkers           :                  300
max_error           :                  0.0
seed                :                   17
walker_type         :                  uhf
trial               :             upt2ccsd
mix_precision       :                 True
max_memory          :                20000
dt                  :                0.005
n_exp_terms         :                    6
n_prop_steps        :                   50
save_walkers        :                False
free_projection     :                False
n_batch             :                    1
nchol_chunk         :                  285

Initalize QMC walkers by stochastic CCSD

Equilibration
inv_T        weight  killW        energy   runTime
 0.00    300.000000      0   -274.317725     20.47
 5.00    299.053114      0   -274.340038     30.18
10.00    299.495920      0   -274.344040     33.74
15.00    299.185792      0   -274.380215     37.31
20.00    298.688879      0   -274.409649     40.86
25.00    299.334012      0   -274.411276     44.43
30.00    298.694383      0   -274.373854     47.99
35.00    299.695403      0   -274.361096     51.55
40.00    298.378201      0   -274.318849     55.11
45.00    298.577725      0   -274.339813     58.67
50.00    298.862414      0   -274.344076     62.26

Sampling
blocks        weight  killW       E_Guide     error       E_Trial     error     olp_T/G     error  Walltime
    20    298.857616      0   -274.344810  0.007210   -274.349334  0.002517    1.020717  0.000581  101.16
    40    298.743391      0   -274.352173  0.006251   -274.351792  0.001925    1.019711  0.000725  135.15
    60    298.783089      1   -274.353357  0.007939   -274.351518  0.001597    1.019506  0.000467  169.21
    80    298.743239      2   -274.355604  0.006195   -274.350573  0.001278    1.019303  0.000374  203.27
   100    298.695742      2   -274.353154  0.005413   -274.350986  0.001129    1.018980  0.000351  237.34
   120    298.664498      2   -274.354241  0.004979   -274.352290  0.001426    1.018852  0.000318  271.41
   140    298.613353      2   -274.354965  0.004801   -274.352074  0.001262    1.018856  0.000300  305.47
   160    298.580644      2   -274.355733  0.004462   -274.352202  0.001180    1.018834  0.000289  339.53
   180    298.584593      2   -274.356531  0.003985   -274.352115  0.001090    1.018946  0.000272  373.59
   200    298.574211      2   -274.355685  0.003739   -274.351967  0.001006    1.018862  0.000256  407.65
   220    298.548943      2   -274.355848  0.003551   -274.352030  0.000931    1.019000  0.000257  441.72
   240    298.539607      4   -274.355851  0.003437   -274.351855  0.000880    1.019095  0.000251  475.78
   260    298.515025      4   -274.354694  0.003267   -274.351560  0.000824    1.019113  0.000235  509.84
   280    298.492471      4   -274.354591  0.003077   -274.351397  0.000777    1.019201  0.000228  543.92
   300    298.477501      5   -274.354477  0.002918   -274.351405  0.000750    1.019270  0.000223  577.98
   320    298.456021      5   -274.354863  0.002895   -274.351144  0.000752    1.019347  0.000219  612.04
   340    298.443250      6   -274.354685  0.002766   -274.351061  0.000717    1.019299  0.000207  646.11
   360    298.438034      7   -274.354976  0.002643   -274.351166  0.000698    1.019239  0.000203  680.18
   380    298.441855      7   -274.354954  0.002519   -274.351206  0.000673    1.019252  0.000196  714.23
   400    298.435388      7   -274.354815  0.002424   -274.351391  0.000695    1.019341  0.000197  748.31
   420    298.412216      7   -274.353575  0.002418   -274.351155  0.000668    1.019274  0.000191  782.37
   440    298.407489      9   -274.353749  0.002675   -274.351234  0.000660    1.019319  0.000195  816.42
   460    298.397803      9   -274.353747  0.002610   -274.351151  0.000635    1.019347  0.000190  850.49
   480    298.394580      9   -274.352768  0.002568   -274.351041  0.000611    1.019390  0.000185  884.55
   500    298.396668      9   -274.352711  0.002463   -274.350996  0.000594    1.019372  0.000182  918.63
   520    298.382671      9   -274.351766  0.002446   -274.350836  0.000578    1.019380  0.000174  952.70
   540    298.368661     10   -274.351245  0.002392   -274.350687  0.000561    1.019337  0.000172  986.75
   560    298.365849     10   -274.350785  0.002372   -274.350587  0.000552    1.019297  0.000169 1020.81
   580    298.360008     10   -274.350678  0.002283   -274.350557  0.000536    1.019260  0.000170 1054.87
   600    298.354523     10   -274.350852  0.002231   -274.350528  0.000522    1.019263  0.000176 1088.94
   620    298.352041     10   -274.351277  0.002226   -274.350557  0.000510    1.019155  0.000196 1123.01
   640    298.352747     10   -274.351647  0.002181   -274.350557  0.000498    1.019102  0.000199 1157.07
   660    298.349418     10   -274.351492  0.002081   -274.350560  0.000486    1.019110  0.000190 1191.13
   680    298.349883     11   -274.351513  0.002061   -274.350485  0.000474    1.019096  0.000187 1225.19
   700    298.352859     12   -274.351428  0.002131   -274.350412  0.000465    1.019120  0.000183 1259.26
   720    298.343813     12   -274.351004  0.002069   -274.350277  0.000456    1.019099  0.000179 1293.31
   740    298.333697     12   -274.350677  0.002048   -274.350257  0.000447    1.019083  0.000175 1327.39
   760    298.328169     14   -274.350789  0.002008   -274.350447  0.000506    1.019101  0.000172 1361.46
   780    298.328343     14   -274.351104  0.001947   -274.350388  0.000498    1.019038  0.000178 1395.51
   800    298.331471     14   -274.350879  0.001925   -274.350312  0.000487    1.019038  0.000177 1429.56
   820    298.335085     14   -274.350984  0.001908   -274.350236  0.000477    1.019102  0.000184 1463.62
   840    298.329390     14   -274.350769  0.001879   -274.350231  0.000470    1.019142  0.000184 1497.69
   860    298.324118     14   -274.350962  0.001879   -274.350207  0.000461    1.019162  0.000184 1531.77
   880    298.316916     14   -274.351034  0.001842   -274.350226  0.000453    1.019160  0.000181 1565.84
   900    298.316988     14   -274.351240  0.001798   -274.350215  0.000445    1.019139  0.000179 1599.90
   920    298.317383     16   -274.351143  0.001776   -274.350125  0.000437    1.019141  0.000176 1633.97
   940    298.315220     16   -274.351235  0.001739   -274.350244  0.000452    1.019105  0.000172 1668.03
   960    298.312642     17   -274.351352  0.001726   -274.350233  0.000446    1.019107  0.000171 1702.10
   980    298.308582     19   -274.351090  0.001691   -274.350219  0.000440    1.019099  0.000167 1736.16
  1000    298.310502     19   -274.351171  0.001661   -274.350174  0.000433    1.019120  0.000173 1770.23

Post Propagation Process
Total number of samples 1000
Raw AFQMC/HF (Guide) energy:           -274.351171 ± 0.001661
Raw Trial/Guide overlap ratio:          1.019120 ± 0.000173
Raw AFQMC/pt2CCSD energy (covariance): -274.350174 ± 0.000433
Raw AFQMC/pt2CCSD energy (dir sample): -274.350174 ± 0.000381

Remove Outliers
removing energies outside zeta > 30
Outlier energy bound [-274.552531, -274.143282]
Removed 0 outliers with energies []
Clean AFQMC/pt2CCSD overlap ratio:        1.019120 ± 0.000173
Clean AFQMC/pt2CCSD energy (covariance): -274.350174 ± 0.000433
Clean AFQMC/ptCCSD energy (dir sample):  -274.350174 ± 0.000381

Blocking Analysis
nsample = 1000, max_block_size = 25, min_nblocks = 40
   B    NB    NS  Observable     Error    dError
   1  1000  1000    1.019120  0.000059  0.000001
   2   500  1000    1.019120  0.000077  0.000002
   3   333   999    1.019119  0.000090  0.000004
   4   250  1000    1.019120  0.000100  0.000004
   5   200  1000    1.019120  0.000108  0.000005
   6   166   996    1.019122  0.000113  0.000006
   7   142   994    1.019121  0.000121  0.000007
   8   125  1000    1.019120  0.000127  0.000008
   9   111   999    1.019119  0.000131  0.000009
  10   100  1000    1.019120  0.000135  0.000010
  11    90   990    1.019115  0.000142  0.000011
  12    83   996    1.019122  0.000144  0.000011
  13    76   988    1.019113  0.000147  0.000012
  14    71   994    1.019121  0.000146  0.000012
  15    66   990    1.019115  0.000154  0.000013
  16    62   992    1.019116  0.000153  0.000014
  17    58   986    1.019111  0.000157  0.000015
  18    55   990    1.019114  0.000156  0.000015
  19    52   988    1.019113  0.000161  0.000016
  20    50  1000    1.019120  0.000162  0.000016
  21    47   987    1.019113  0.000162  0.000017
  22    45   990    1.019114  0.000165  0.000018
  23    43   989    1.019113  0.000162  0.000018
  24    41   984    1.019108  0.000161  0.000018
  25    40  1000    1.019120  0.000173  0.000020
Fit (variance): plateau_var = 3.036e-08 ± 3.441e-09
Fit (error):    plateau = 0.000174 ± 0.000010
     autocorrelation length ~ 10.9 blocks
     plateau reached at block size ~ 50
     !!!Failed to reach plateau in blocking
     Return max block error
nclean = 1000, max_block_size = 25, min_nblocks = 40
Blk_SZ   NBlk   NSmp      Energy     Error    dError
     1   1000   1000  -274.349859  0.000382  0.000009
     2    500   1000  -274.349952  0.000387  0.000012
     3    333    999  -274.349985  0.000401  0.000016
     4    250   1000  -274.350030  0.000391  0.000018
     5    200   1000  -274.350039  0.000419  0.000021
     6    166    996  -274.350087  0.000428  0.000024
     7    142    994  -274.350090  0.000384  0.000023
     8    125   1000  -274.350088  0.000402  0.000026
     9    111    999  -274.350080  0.000397  0.000027
    10    100   1000  -274.350101  0.000407  0.000029
    11     90    990  -274.350130  0.000405  0.000030
    12     83    996  -274.350126  0.000413  0.000032
    13     76    988  -274.350166  0.000386  0.000031
    14     71    994  -274.350134  0.000385  0.000033
    15     66    990  -274.350150  0.000415  0.000036
    16     62    992  -274.350152  0.000348  0.000032
    17     58    986  -274.350177  0.000403  0.000038
    18     55    990  -274.350173  0.000410  0.000039
    19     52    988  -274.350179  0.000394  0.000039
    20     50   1000  -274.350143  0.000402  0.000041
    21     47    987  -274.350175  0.000405  0.000042
    22     45    990  -274.350171  0.000394  0.000042
    23     43    989  -274.350191  0.000381  0.000042
    24     41    984  -274.350195  0.000410  0.000046
    25     40   1000  -274.350136  0.000403  0.000046
Fit (variance): plateau_var = 1.590490e-07 ± 5.635584e-09
Fit (error):    plateau = 0.000399 ± 0.000007
     autocorrelation length ~ 1.2 blocks
     plateau reached at block size ~ 4
Final AFQMC/pt2CCSD overlap ratio: 1.019120 ± 0.000173
Final AFQMC/pt2CCSD energy: -274.350174 ± 0.000399
Total run time: 1778.88

AFQMC Sampling Finished

QMC script: /u/yzhang65/myprojects/software/afqmc/afqmc/scripts/run_afqmc_pt2ccsd.py
  => E_HF(f2o)      = -273.5578153432 Eh
  => E_CCSD(f2o)    = -274.3193887408 Eh
  => E_AFQMC(f2o)   = -274.35017 +/- 0.00040 Eh

============================================================
Running: fccf  charge=0  spin=0
============================================================
output file: ../../result/molout/closed_shell/fccf_vtzfp.out

Preparing AFQMC calculation
Calculating Cholesky integrals
Alpha Cholesky shape: (729, 120, 120) 
 Beta Cholesky shape: (729, 120, 120) 
Finished calculating Cholesky integrals
Size of the correlation space:
Number of electrons:        [11 11]
Number of basis functions:  116
Number of Cholesky vectors: 729

    ________                     _____                    
    ___  __ \___  __________________(_)_____________ _    
    __  /_/ /  / / /_  __ \_  __ \_  /__  __ \_  __ `/    
    _  _, _// /_/ /_  / / /  / / /  / _  / / /  /_/ /     
    /_/ |_| \__,_/ /_/ /_//_/ /_//_/  /_/ /_/_\__, /      
                                             /____/       
    _____________________________  ___________            
    ___    |__  ____/_  __ \__   |/  /_  ____/            
    __  /| |_  /_   _  / / /_  /|_/ /_  /                 
    _  ___ |  __/   / /_/ /_  /  / / / /___               
    /_/  |_/_/      \___\_\/_/  /_/  \____/               

Hostname:     gpua057.delta.ncsa.illinois.edu
System:       Linux
Node:         gpua057.delta.ncsa.illinois.edu
Release:      5.14.0-427.91.1.el9_4.x86_64
Machine:      x86_64
Processor:    x86_64
JAX backend:  GPU
JAX devices:  [CudaDevice(id=0)]
Device kind:  NVIDIA A100-SXM4-40GB
Platform:     gpu

Load system from Integral File
Maximum memory per walker:            66.67 MB
Maximum number of Cholesky per chunk: 162
Number of Cholesky chunks:            5
Number of Cholesky per chunk:         146
Number of padding Cholesky:           1

QMC System
Number of electrons: (11, 11)
Spin Multiplicity:   0
Number of orbitals:  116
Number of Chol:      729

QMC Parameters
eql_time            :                   50
n_blocks            :                 1000
n_walkers           :                  300
max_error           :                  0.0
seed                :                   17
walker_type         :                  uhf
trial               :             upt2ccsd
mix_precision       :                 True
max_memory          :                20000
dt                  :                0.005
n_exp_terms         :                    6
n_prop_steps        :                   50
save_walkers        :                False
free_projection     :                False
n_batch             :                    1
nchol_chunk         :                  146

Initalize QMC walkers by stochastic CCSD

Equilibration
inv_T        weight  killW        energy   runTime
 0.00    300.000000      0   -275.356710     12.12
 5.00    299.416844      0   -275.415369     24.47
10.00    300.387626      0   -275.385712     30.83
15.00    299.514753      0   -275.417726     37.19
20.00    298.984833      0   -275.394772     43.55
25.00    298.105774      0   -275.361981     49.91
30.00    299.785449      0   -275.431451     56.26
35.00    300.583648      0   -275.458923     62.62
40.00    299.200831      0   -275.394341     68.97
45.00    299.686524      0   -275.381703     75.32
50.00    299.560881      0   -275.379366     81.68

Sampling
blocks        weight  killW       E_Guide     error       E_Trial     error     olp_T/G     error  Walltime
    20    299.123954      0   -275.392764  0.008049   -275.391090  0.001761    1.004977  0.000174  142.18
    40    299.228653      0   -275.403236  0.008218   -275.393070  0.001277    1.004588  0.000225  197.51
    60    299.080110      0   -275.401150  0.006353   -275.392481  0.001059    1.004418  0.000205  252.93
    80    298.987455      0   -275.399006  0.004875   -275.392153  0.000893    1.004474  0.000183  308.34
   100    298.904744      0   -275.398138  0.004287   -275.392186  0.000871    1.004550  0.000154  363.77
   120    298.838148      0   -275.395457  0.003930   -275.391742  0.000762    1.004634  0.000161  419.20
   140    298.844745      0   -275.397265  0.003667   -275.392325  0.000710    1.004611  0.000141  474.63
   160    298.846156      0   -275.396597  0.003330   -275.392337  0.000655    1.004639  0.000132  530.05
   180    298.814547      0   -275.397523  0.003174   -275.392364  0.000620    1.004682  0.000125  585.48
   200    298.786108      0   -275.397638  0.003085   -275.392566  0.000589    1.004657  0.000111  640.90
   220    298.782959      1   -275.398591  0.002905   -275.392864  0.000623    1.004599  0.000106  696.33
   240    298.748066      1   -275.398017  0.002688   -275.392544  0.000589    1.004711  0.000123  751.76
   260    298.758682      1   -275.399307  0.002787   -275.392675  0.000567    1.004729  0.000123  807.17
   280    298.763561      1   -275.399758  0.002756   -275.392675  0.000537    1.004682  0.000117  862.59
   300    298.732639      1   -275.398836  0.002660   -275.392460  0.000510    1.004688  0.000110  918.02
   320    298.707693      1   -275.398931  0.002500   -275.392424  0.000488    1.004689  0.000104  973.43
   340    298.707371      1   -275.398965  0.002442   -275.392527  0.000473    1.004666  0.000101 1028.85
   360    298.677487      1   -275.398874  0.002257   -275.392490  0.000453    1.004737  0.000105 1084.28
   380    298.665079      1   -275.399131  0.002160   -275.392556  0.000443    1.004752  0.000102 1139.70
   400    298.652163      1   -275.399292  0.002062   -275.392516  0.000425    1.004734  0.000099 1195.13
   420    298.642200      1   -275.399549  0.002050   -275.392535  0.000414    1.004690  0.000101 1250.59
   440    298.621597      1   -275.398944  0.001964   -275.392390  0.000399    1.004686  0.000101 1306.00
   460    298.625466      1   -275.399357  0.001941   -275.392412  0.000390    1.004684  0.000100 1361.41
   480    298.619545      1   -275.398931  0.001883   -275.392293  0.000378    1.004667  0.000099 1416.85
   500    298.619156      1   -275.399067  0.001847   -275.392268  0.000367    1.004654  0.000095 1472.29
   520    298.616857      1   -275.399046  0.001824   -275.392347  0.000366    1.004635  0.000101 1527.70
   540    298.607203      1   -275.398782  0.001773   -275.392318  0.000359    1.004663  0.000102 1583.11
   560    298.602359      1   -275.398368  0.001750   -275.392299  0.000354    1.004649  0.000097 1638.53
   580    298.596325      2   -275.398407  0.001756   -275.392283  0.000350    1.004650  0.000095 1693.96
   600    298.594282      2   -275.398837  0.001776   -275.392384  0.000354    1.004654  0.000093 1749.38
   620    298.581161      2   -275.398759  0.001727   -275.392339  0.000347    1.004631  0.000092 1804.81
   640    298.571486      2   -275.398793  0.001745   -275.392301  0.000341    1.004653  0.000093 1860.24
   660    298.572612      2   -275.398958  0.001701   -275.392340  0.000335    1.004657  0.000091 1915.67
   680    298.572540      2   -275.399416  0.001702   -275.392496  0.000345    1.004641  0.000091 1971.11
   700    298.570884      2   -275.399605  0.001659   -275.392609  0.000349    1.004639  0.000089 2026.52
   720    298.563408      2   -275.399213  0.001643   -275.392516  0.000344    1.004663  0.000088 2081.94
   740    298.556091      2   -275.399467  0.001615   -275.392500  0.000341    1.004659  0.000086 2137.36
   760    298.554334      2   -275.399259  0.001594   -275.392516  0.000336    1.004632  0.000087 2192.78
   780    298.564403      2   -275.399649  0.001576   -275.392601  0.000336    1.004594  0.000090 2248.22
   800    298.568057      2   -275.399799  0.001548   -275.392595  0.000331    1.004566  0.000094 2303.65
   820    298.567430      2   -275.399976  0.001502   -275.392558  0.000325    1.004570  0.000092 2359.06
   840    298.567463      2   -275.400134  0.001474   -275.392516  0.000321    1.004576  0.000090 2414.48
   860    298.569864      2   -275.400309  0.001464   -275.392537  0.000316    1.004576  0.000088 2469.92
   880    298.558301      2   -275.399792  0.001504   -275.392500  0.000312    1.004582  0.000089 2525.35
   900    298.557734      2   -275.399567  0.001514   -275.392460  0.000307    1.004582  0.000089 2580.77
   920    298.554141      2   -275.399742  0.001482   -275.392509  0.000303    1.004585  0.000087 2636.20
   940    298.555430      2   -275.399873  0.001456   -275.392530  0.000300    1.004586  0.000085 2691.62
   960    298.553570      2   -275.400019  0.001430   -275.392521  0.000296    1.004592  0.000083 2747.06
   980    298.552403      2   -275.400114  0.001417   -275.392564  0.000292    1.004588  0.000081 2802.49
  1000    298.549508      2   -275.399756  0.001388   -275.392531  0.000290    1.004594  0.000080 2857.90

Post Propagation Process
Total number of samples 1000
Raw AFQMC/HF (Guide) energy:           -275.399756 ± 0.001388
Raw Trial/Guide overlap ratio:          1.004594 ± 0.000080
Raw AFQMC/pt2CCSD energy (covariance): -275.392531 ± 0.000290
Raw AFQMC/pt2CCSD energy (dir sample): -275.392531 ± 0.000230

Remove Outliers
removing energies outside zeta > 30
Outlier energy bound [-275.585571, -275.197292]
Removed 0 outliers with energies []
Clean AFQMC/pt2CCSD overlap ratio:        1.004594 ± 0.000080
Clean AFQMC/pt2CCSD energy (covariance): -275.392531 ± 0.000290
Clean AFQMC/ptCCSD energy (dir sample):  -275.392531 ± 0.000230

Blocking Analysis
nsample = 1000, max_block_size = 25, min_nblocks = 40
   B    NB    NS  Observable     Error    dError
   1  1000  1000    1.004594  0.000031  0.000001
   2   500  1000    1.004594  0.000040  0.000001
   3   333   999    1.004594  0.000046  0.000002
   4   250  1000    1.004594  0.000052  0.000002
   5   200  1000    1.004594  0.000055  0.000003
   6   166   996    1.004594  0.000059  0.000003
   7   142   994    1.004594  0.000061  0.000004
   8   125  1000    1.004594  0.000064  0.000004
   9   111   999    1.004594  0.000065  0.000004
  10   100  1000    1.004594  0.000068  0.000005
  11    90   990    1.004592  0.000069  0.000005
  12    83   996    1.004594  0.000069  0.000005
  13    76   988    1.004592  0.000073  0.000006
  14    71   994    1.004594  0.000073  0.000006
  15    66   990    1.004592  0.000072  0.000006
  16    62   992    1.004593  0.000078  0.000007
  17    58   986    1.004590  0.000075  0.000007
  18    55   990    1.004592  0.000073  0.000007
  19    52   988    1.004592  0.000079  0.000008
  20    50  1000    1.004594  0.000076  0.000008
  21    47   987    1.004591  0.000075  0.000008
  22    45   990    1.004592  0.000080  0.000009
  23    43   989    1.004591  0.000079  0.000009
  24    41   984    1.004590  0.000079  0.000009
  25    40  1000    1.004594  0.000080  0.000009
Fit (variance): plateau_var = 6.414e-09 ± 5.597e-10
Fit (error):    plateau = 0.000080 ± 0.000003
     autocorrelation length ~ 8.1 blocks
     plateau reached at block size ~ 38
     !!!Failed to reach plateau in blocking
     Return max block error
nclean = 1000, max_block_size = 25, min_nblocks = 40
Blk_SZ   NBlk   NSmp      Energy     Error    dError
     1   1000   1000  -275.392314  0.000230  0.000005
     2    500   1000  -275.392375  0.000252  0.000008
     3    333    999  -275.392408  0.000256  0.000010
     4    250   1000  -275.392419  0.000283  0.000013
     5    200   1000  -275.392432  0.000279  0.000014
     6    166    996  -275.392460  0.000284  0.000016
     7    142    994  -275.392454  0.000285  0.000017
     8    125   1000  -275.392451  0.000294  0.000019
     9    111    999  -275.392466  0.000275  0.000019
    10    100   1000  -275.392466  0.000304  0.000022
    11     90    990  -275.392478  0.000296  0.000022
    12     83    996  -275.392496  0.000271  0.000021
    13     76    988  -275.392517  0.000275  0.000022
    14     71    994  -275.392493  0.000305  0.000026
    15     66    990  -275.392484  0.000304  0.000027
    16     62    992  -275.392481  0.000303  0.000027
    17     58    986  -275.392534  0.000284  0.000027
    18     55    990  -275.392498  0.000284  0.000027
    19     52    988  -275.392520  0.000289  0.000029
    20     50   1000  -275.392501  0.000288  0.000029
    21     47    987  -275.392532  0.000290  0.000030
    22     45    990  -275.392499  0.000319  0.000034
    23     43    989  -275.392514  0.000262  0.000029
    24     41    984  -275.392534  0.000284  0.000032
    25     40   1000  -275.392504  0.000294  0.000033
Fit (variance): plateau_var = 8.360661e-08 ± 3.633196e-09
Fit (error):    plateau = 0.000289 ± 0.000006
     autocorrelation length ~ 2.5 blocks
     plateau reached at block size ~ 10
Final AFQMC/pt2CCSD overlap ratio: 1.004594 ± 0.000080
Final AFQMC/pt2CCSD energy: -275.392531 ± 0.000289
Total run time: 2866.52

AFQMC Sampling Finished

QMC script: /u/yzhang65/myprojects/software/afqmc/afqmc/scripts/run_afqmc_pt2ccsd.py
  => E_HF(fccf)      = -274.5666360958 Eh
  => E_CCSD(fccf)    = -275.3599042469 Eh
  => E_AFQMC(fccf)   = -275.39253 +/- 0.00029 Eh

============================================================
Running: fno  charge=0  spin=0
============================================================
output file: ../../result/molout/closed_shell/fno_vtzfp.out

Preparing AFQMC calculation
Calculating Cholesky integrals
Alpha Cholesky shape: (555, 90, 90) 
 Beta Cholesky shape: (555, 90, 90) 
Finished calculating Cholesky integrals
Size of the correlation space:
Number of electrons:        [9 9]
Number of basis functions:  87
Number of Cholesky vectors: 555

    ________                     _____                    
    ___  __ \___  __________________(_)_____________ _    
    __  /_/ /  / / /_  __ \_  __ \_  /__  __ \_  __ `/    
    _  _, _// /_/ /_  / / /  / / /  / _  / / /  /_/ /     
    /_/ |_| \__,_/ /_/ /_//_/ /_//_/  /_/ /_/_\__, /      
                                             /____/       
    _____________________________  ___________            
    ___    |__  ____/_  __ \__   |/  /_  ____/            
    __  /| |_  /_   _  / / /_  /|_/ /_  /                 
    _  ___ |  __/   / /_/ /_  /  / / / /___               
    /_/  |_/_/      \___\_\/_/  /_/  \____/               

Hostname:     gpua057.delta.ncsa.illinois.edu
System:       Linux
Node:         gpua057.delta.ncsa.illinois.edu
Release:      5.14.0-427.91.1.el9_4.x86_64
Machine:      x86_64
Processor:    x86_64
JAX backend:  GPU
JAX devices:  [CudaDevice(id=0)]
Device kind:  NVIDIA A100-SXM4-40GB
Platform:     gpu

Load system from Integral File
Maximum memory per walker:            66.67 MB
Maximum number of Cholesky per chunk: 288
Number of Cholesky chunks:            2
Number of Cholesky per chunk:         278
Number of padding Cholesky:           1

QMC System
Number of electrons: (9, 9)
Spin Multiplicity:   0
Number of orbitals:  87
Number of Chol:      555

QMC Parameters
eql_time            :                   50
n_blocks            :                 1000
n_walkers           :                  300
max_error           :                  0.0
seed                :                   17
walker_type         :                  uhf
trial               :             upt2ccsd
mix_precision       :                 True
max_memory          :                20000
dt                  :                0.005
n_exp_terms         :                    6
n_prop_steps        :                   50
save_walkers        :                False
free_projection     :                False
n_batch             :                    1
nchol_chunk         :                  278

Initalize QMC walkers by stochastic CCSD

Equilibration
inv_T        weight  killW        energy   runTime
 0.00    300.000000      0   -229.393124     11.82
 5.00    299.030457      0   -229.417056     21.90
10.00    299.831176      0   -229.456600     25.35
15.00    297.966727      0   -229.399731     28.81
20.00    300.008635      0   -229.394779     32.26
25.00    298.979662      0   -229.417249     35.72
30.00    300.156291      0   -229.431486     39.17
35.00    299.400361      0   -229.499768     42.66
40.00    299.015005      0   -229.446072     46.11
45.00    298.665176      0   -229.413740     49.56
50.00    299.265793      0   -229.483232     53.02

Sampling
blocks        weight  killW       E_Guide     error       E_Trial     error     olp_T/G     error  Walltime
    20    298.939279      0   -229.427944  0.014715   -229.423739  0.003175    1.016882  0.003416   91.56
    40    298.873606      0   -229.427657  0.010502   -229.422985  0.002273    1.016823  0.001752  124.43
    60    298.793011      0   -229.426736  0.007107   -229.425964  0.002042    1.017173  0.001198  157.36
    80    298.737535      1   -229.424814  0.005257   -229.426286  0.001779    1.016098  0.001106  190.31
   100    298.763999      4   -229.431378  0.006723   -229.427485  0.001788    1.015722  0.000998  223.26
   120    298.737567      6   -229.432789  0.005869   -229.427680  0.001597    1.016284  0.000946  256.21
   140    298.695920      6   -229.431394  0.005239   -229.427875  0.001429    1.016069  0.000842  289.16
   160    298.641932      6   -229.430393  0.004644   -229.427867  0.001337    1.015959  0.000744  322.12
   180    298.618294      7   -229.428941  0.004347   -229.427874  0.001227    1.015730  0.000681  355.04
   200    298.614146      7   -229.429545  0.004092   -229.427945  0.001136    1.016178  0.000688  388.00
   220    298.607679      8   -229.430062  0.003791   -229.428127  0.001088    1.016154  0.000638  420.92
   240    298.607586      8   -229.431646  0.003665   -229.428407  0.001033    1.016131  0.000584  453.86
   260    298.607589      8   -229.432866  0.003658   -229.428618  0.000988    1.016198  0.000540  486.81
   280    298.606670      9   -229.434543  0.003571   -229.427797  0.001092    1.016088  0.000517  519.75
   300    298.581983     10   -229.433854  0.003506   -229.427839  0.001043    1.016009  0.000488  552.69
   320    298.571758     10   -229.433516  0.003289   -229.427609  0.000991    1.016084  0.000472  585.63
   340    298.562634     12   -229.433689  0.003140   -229.427473  0.000958    1.016221  0.000469  618.57
   360    298.531960     14   -229.432868  0.003003   -229.427477  0.000926    1.016171  0.000446  651.52
   380    298.517373     15   -229.432666  0.002876   -229.427531  0.000883    1.016111  0.000426  684.46
   400    298.524008     15   -229.433582  0.002775   -229.427810  0.000898    1.016049  0.000408  717.41
   420    298.516505     17   -229.433270  0.002695   -229.427993  0.000874    1.016088  0.000390  750.35
   440    298.514803     17   -229.433512  0.002622   -229.427897  0.000846    1.016155  0.000381  783.28
   460    298.501408     18   -229.433745  0.002536   -229.427753  0.000841    1.016170  0.000376  816.23
   480    298.485849     19   -229.433339  0.002479   -229.427779  0.000815    1.016093  0.000365  849.18
   500    298.473826     19   -229.433264  0.002403   -229.427722  0.000790    1.016133  0.000358  882.13
   520    298.471333     20   -229.432715  0.002405   -229.427733  0.000768    1.016084  0.000347  915.07
   540    298.468572     20   -229.433135  0.002354   -229.427910  0.000762    1.016079  0.000337  948.02
   560    298.471453     21   -229.433044  0.002258   -229.427960  0.000744    1.016041  0.000330  980.96
   580    298.450850     21   -229.432401  0.002223   -229.427795  0.000754    1.016106  0.000319 1013.91
   600    298.441230     21   -229.431980  0.002211   -229.427758  0.000731    1.016228  0.000342 1046.84
   620    298.438725     22   -229.431601  0.002174   -229.427934  0.000744    1.016308  0.000335 1079.79
   640    298.437958     22   -229.431892  0.002093   -229.427902  0.000734    1.016414  0.000333 1112.73
   660    298.444610     22   -229.431874  0.002051   -229.427824  0.000717    1.016442  0.000336 1145.69
   680    298.439999     22   -229.432219  0.002008   -229.427969  0.000702    1.016430  0.000330 1178.62
   700    298.437111     23   -229.431750  0.001993   -229.427970  0.000684    1.016463  0.000318 1211.57
   720    298.422859     23   -229.431237  0.001988   -229.427933  0.000670    1.016489  0.000341 1244.52
   740    298.424964     24   -229.431368  0.001953   -229.427984  0.000657    1.016499  0.000333 1277.45
   760    298.425622     24   -229.431643  0.001893   -229.428059  0.000643    1.016424  0.000326 1310.39
   780    298.430299     25   -229.432360  0.002026   -229.428397  0.000681    1.016470  0.000320 1343.33
   800    298.438193     25   -229.432642  0.001971   -229.428499  0.000697    1.016501  0.000315 1376.29
   820    298.440949     25   -229.432734  0.001929   -229.428536  0.000687    1.016488  0.000308 1409.22
   840    298.445472     25   -229.433342  0.002027   -229.428601  0.000678    1.016486  0.000301 1442.16
   860    298.446295     25   -229.433190  0.002027   -229.428526  0.000666    1.016452  0.000295 1475.11
   880    298.439626     26   -229.433133  0.001984   -229.428471  0.000653    1.016405  0.000312 1508.05
   900    298.437081     27   -229.432898  0.001936   -229.428368  0.000640    1.016433  0.000312 1541.00
   920    298.432052     29   -229.432769  0.001909   -229.428415  0.000629    1.016380  0.000305 1573.94
   940    298.425719     31   -229.432650  0.001885   -229.428507  0.000626    1.016390  0.000303 1606.90
   960    298.429805     31   -229.432952  0.001842   -229.428411  0.000622    1.016429  0.000297 1639.83
   980    298.428676     32   -229.433117  0.001885   -229.428336  0.000615    1.016432  0.000294 1672.77
  1000    298.429565     33   -229.433240  0.001848   -229.428249  0.000609    1.016470  0.000290 1705.71

Post Propagation Process
Total number of samples 1000
Raw AFQMC/HF (Guide) energy:           -229.433240 ± 0.001848
Raw Trial/Guide overlap ratio:          1.016470 ± 0.000290
Raw AFQMC/pt2CCSD energy (covariance): -229.428249 ± 0.000609
Raw AFQMC/pt2CCSD energy (dir sample): -229.428249 ± 0.000454

Remove Outliers
removing energies outside zeta > 30
Outlier energy bound [-229.705283, -229.147140]
Removed 0 outliers with energies []
Clean AFQMC/pt2CCSD overlap ratio:        1.016470 ± 0.000290
Clean AFQMC/pt2CCSD energy (covariance): -229.428249 ± 0.000609
Clean AFQMC/ptCCSD energy (dir sample):  -229.428249 ± 0.000454

Blocking Analysis
nsample = 1000, max_block_size = 25, min_nblocks = 40
   B    NB    NS  Observable     Error    dError
   1  1000  1000    1.016470  0.000107  0.000002
   2   500  1000    1.016470  0.000142  0.000004
   3   333   999    1.016465  0.000167  0.000006
   4   250  1000    1.016470  0.000184  0.000008
   5   200  1000    1.016470  0.000199  0.000010
   6   166   996    1.016451  0.000212  0.000012
   7   142   994    1.016441  0.000222  0.000013
   8   125  1000    1.016470  0.000224  0.000014
   9   111   999    1.016464  0.000238  0.000016
  10   100  1000    1.016470  0.000245  0.000017
  11    90   990    1.016413  0.000246  0.000018
  12    83   996    1.016451  0.000250  0.000020
  13    76   988    1.016409  0.000247  0.000020
  14    71   994    1.016441  0.000247  0.000021
  15    66   990    1.016413  0.000259  0.000023
  16    62   992    1.016424  0.000244  0.000022
  17    58   986    1.016411  0.000268  0.000025
  18    55   990    1.016413  0.000266  0.000026
  19    52   988    1.016409  0.000265  0.000026
  20    50  1000    1.016470  0.000244  0.000025
  21    47   987    1.016412  0.000259  0.000027
  22    45   990    1.016413  0.000290  0.000031
  23    43   989    1.016408  0.000284  0.000031
  24    41   984    1.016411  0.000272  0.000030
  25    40  1000    1.016470  0.000271  0.000031
Fit (variance): plateau_var = 7.281e-08 ± 5.217e-09
Fit (error):    plateau = 0.000270 ± 0.000010
     autocorrelation length ~ 6.5 blocks
     plateau reached at block size ~ 30
     !!!Failed to reach plateau in blocking
     Return max block error
nclean = 1000, max_block_size = 25, min_nblocks = 40
Blk_SZ   NBlk   NSmp      Energy     Error    dError
     1   1000   1000  -229.427923  0.000454  0.000010
     2    500   1000  -229.427993  0.000480  0.000015
     3    333    999  -229.428037  0.000492  0.000019
     4    250   1000  -229.428071  0.000495  0.000022
     5    200   1000  -229.428089  0.000504  0.000025
     6    166    996  -229.428100  0.000501  0.000028
     7    142    994  -229.428103  0.000481  0.000029
     8    125   1000  -229.428112  0.000495  0.000031
     9    111    999  -229.428124  0.000489  0.000033
    10    100   1000  -229.428141  0.000512  0.000036
    11     90    990  -229.428160  0.000516  0.000039
    12     83    996  -229.428149  0.000512  0.000040
    13     76    988  -229.428163  0.000526  0.000043
    14     71    994  -229.428159  0.000502  0.000042
    15     66    990  -229.428183  0.000547  0.000048
    16     62    992  -229.428188  0.000506  0.000046
    17     58    986  -229.428217  0.000535  0.000050
    18     55    990  -229.428199  0.000528  0.000051
    19     52    988  -229.428210  0.000549  0.000054
    20     50   1000  -229.428182  0.000546  0.000055
    21     47    987  -229.428229  0.000545  0.000057
    22     45    990  -229.428206  0.000575  0.000061
    23     43    989  -229.428176  0.000582  0.000063
    24     41    984  -229.428249  0.000581  0.000065
    25     40   1000  -229.428192  0.000577  0.000065
Fit (variance): plateau_var = 3.835739e-07 ± 2.558112e-07
Fit (error):    plateau = 0.000619 ± 0.000207
     autocorrelation length ~ 27.3 blocks
     plateau reached at block size ~ 105
     !!!Failed to reach plateau in blocking
     Return max block error
Final AFQMC/pt2CCSD overlap ratio: 1.016470 ± 0.000290
Final AFQMC/pt2CCSD energy: -229.428249 ± 0.000582
Total run time: 1714.15

AFQMC Sampling Finished

QMC script: /u/yzhang65/myprojects/software/afqmc/afqmc/scripts/run_afqmc_pt2ccsd.py
  => E_HF(fno)      = -228.7060334637 Eh
  => E_CCSD(fno)    = -229.3958242214 Eh
  => E_AFQMC(fno)   = -229.42825 +/- 0.00058 Eh

============================================================
Running: foof  charge=0  spin=0
============================================================
output file: ../../result/molout/closed_shell/foof_vtzfp.out

Preparing AFQMC calculation
Calculating Cholesky integrals
Alpha Cholesky shape: (759, 120, 120) 
 Beta Cholesky shape: (759, 120, 120) 
Finished calculating Cholesky integrals
Size of the correlation space:
Number of electrons:        [13 13]
Number of basis functions:  116
Number of Cholesky vectors: 759

    ________                     _____                    
    ___  __ \___  __________________(_)_____________ _    
    __  /_/ /  / / /_  __ \_  __ \_  /__  __ \_  __ `/    
    _  _, _// /_/ /_  / / /  / / /  / _  / / /  /_/ /     
    /_/ |_| \__,_/ /_/ /_//_/ /_//_/  /_/ /_/_\__, /      
                                             /____/       
    _____________________________  ___________            
    ___    |__  ____/_  __ \__   |/  /_  ____/            
    __  /| |_  /_   _  / / /_  /|_/ /_  /                 
    _  ___ |  __/   / /_/ /_  /  / / / /___               
    /_/  |_/_/      \___\_\/_/  /_/  \____/               

Hostname:     gpua057.delta.ncsa.illinois.edu
System:       Linux
Node:         gpua057.delta.ncsa.illinois.edu
Release:      5.14.0-427.91.1.el9_4.x86_64
Machine:      x86_64
Processor:    x86_64
JAX backend:  GPU
JAX devices:  [CudaDevice(id=0)]
Device kind:  NVIDIA A100-SXM4-40GB
Platform:     gpu

Load system from Integral File
Maximum memory per walker:            66.67 MB
Maximum number of Cholesky per chunk: 162
Number of Cholesky chunks:            5
Number of Cholesky per chunk:         152
Number of padding Cholesky:           1

QMC System
Number of electrons: (13, 13)
Spin Multiplicity:   0
Number of orbitals:  116
Number of Chol:      759

QMC Parameters
eql_time            :                   50
n_blocks            :                 1000
n_walkers           :                  300
max_error           :                  0.0
seed                :                   17
walker_type         :                  uhf
trial               :             upt2ccsd
mix_precision       :                 True
max_memory          :                20000
dt                  :                0.005
n_exp_terms         :                    6
n_prop_steps        :                   50
save_walkers        :                False
free_projection     :                False
n_batch             :                    1
nchol_chunk         :                  152

Initalize QMC walkers by stochastic CCSD

Equilibration
inv_T        weight  killW        energy   runTime
 0.00    300.000000      0   -349.347462     12.49
 5.00    298.126473      0   -349.398908     25.28
10.00    299.724287      0   -349.391462     32.12
15.00    296.700616      0   -349.394665     38.97
20.00    298.444648      1   -349.402427     45.82
25.00    297.956159      0   -349.415137     52.66
30.00    298.802317      0   -349.397052     59.51
35.00    299.882196      1   -349.431455     66.35
40.00    298.837962      0   -349.407971     73.19
45.00    299.761452      0   -349.435996     80.03
50.00    299.118594      0   -349.391398     86.87

Sampling
blocks        weight  killW       E_Guide     error       E_Trial     error     olp_T/G     error  Walltime
    20    298.500477      6   -349.417725  0.012404   -349.411172  0.004675    1.273724  0.007631  157.46
    40    298.472684     12   -349.416734  0.008011   -349.408801  0.002543    1.278018  0.004580  223.09
    60    298.393740     17   -349.414387  0.006061   -349.409188  0.001948    1.277106  0.003434  288.80
    80    298.256952     19   -349.415888  0.005366   -349.410223  0.001631    1.278631  0.002621  354.47
   100    298.286010     22   -349.418660  0.004717   -349.411936  0.001554    1.279318  0.001987  420.16
   120    298.254775     24   -349.417822  0.004318   -349.411228  0.001375    1.279621  0.001642  485.87
   140    298.177844     28   -349.417058  0.003935   -349.411407  0.001254    1.280697  0.001710  551.56
   160    298.156024     33   -349.417551  0.003463   -349.412016  0.001269    1.280568  0.001534  617.24
   180    298.147144     36   -349.416950  0.003136   -349.411939  0.001184    1.280456  0.001423  682.92
   200    298.110034     38   -349.416759  0.002798   -349.411268  0.001095    1.280204  0.001298  748.62
   220    298.097200     38   -349.415766  0.002674   -349.410706  0.001036    1.280737  0.001233  814.29
   240    298.071468     43   -349.416323  0.002496   -349.410831  0.000987    1.281708  0.001341  879.95
   260    298.034126     46   -349.415623  0.002362   -349.410800  0.000967    1.282331  0.001422  945.63
   280    297.997633     49   -349.415633  0.002244   -349.411219  0.000945    1.283147  0.001434 1011.30
   300    297.951111     52   -349.415674  0.002112   -349.411353  0.000917    1.283673  0.001382 1076.97
   320    297.909678     55   -349.415926  0.002081   -349.411115  0.000891    1.284217  0.001347 1142.67
   340    297.910014     59   -349.415896  0.002000   -349.411024  0.000861    1.284230  0.001279 1208.39
   360    297.905700     63   -349.415741  0.001903   -349.410990  0.000828    1.284248  0.001199 1274.07
   380    297.886260     69   -349.416313  0.002239   -349.411114  0.000805    1.284310  0.001220 1339.76
   400    297.890723     69   -349.416217  0.002229   -349.411043  0.000775    1.284091  0.001172 1405.44
   420    297.900182     71   -349.415817  0.002148   -349.410965  0.000750    1.283860  0.001131 1471.11
   440    297.896078     74   -349.416273  0.002074   -349.411113  0.000744    1.283879  0.001088 1536.78
   460    297.880359     81   -349.416473  0.002029   -349.411122  0.000721    1.283712  0.001084 1602.43
   480    297.872279     87   -349.415768  0.002008   -349.411010  0.000702    1.283783  0.001054 1668.10
   500    297.860194     90   -349.414886  0.002024   -349.410872  0.000680    1.283581  0.001024 1733.78
   520    297.858115     91   -349.414682  0.001952   -349.410842  0.000661    1.283782  0.000994 1799.44
   540    297.855978     92   -349.414740  0.001880   -349.410630  0.000645    1.284012  0.000965 1865.14
   560    297.842166     92   -349.414563  0.001822   -349.410524  0.000629    1.283804  0.000998 1930.81
   580    297.835667     93   -349.414353  0.001766   -349.410595  0.000621    1.283525  0.000989 1996.48
   600    297.833682     98   -349.414306  0.001730   -349.410465  0.000613    1.283441  0.000985 2062.16
   620    297.830757    104   -349.414368  0.001680   -349.410622  0.000604    1.283151  0.000979 2127.86
   640    297.831316    107   -349.414543  0.001639   -349.410799  0.000596    1.283130  0.000970 2193.51
   660    297.838150    112   -349.414523  0.001607   -349.410849  0.000587    1.283084  0.000946 2259.18
   680    297.841974    116   -349.415057  0.001706   -349.410892  0.000578    1.282968  0.000941 2324.87
   700    297.825952    121   -349.414688  0.001697   -349.410814  0.000566    1.282966  0.000920 2390.58
   720    297.824480    125   -349.414740  0.001651   -349.410747  0.000557    1.282951  0.000882 2456.26
   740    297.816129    127   -349.414813  0.001657   -349.410744  0.000549    1.283037  0.000866 2521.93
   760    297.805436    132   -349.414758  0.001635   -349.410676  0.000543    1.283216  0.000862 2587.60
   780    297.796194    134   -349.414489  0.001606   -349.410509  0.000533    1.283482  0.000855 2653.26
   800    297.798080    137   -349.414503  0.001570   -349.410566  0.000524    1.283453  0.000876 2718.92
   820    297.790953    140   -349.414498  0.001539   -349.410553  0.000516    1.283366  0.000863 2784.61
   840    297.779497    143   -349.413998  0.001557   -349.410409  0.000509    1.283402  0.000846 2850.29
   860    297.776565    145   -349.413750  0.001550   -349.410343  0.000502    1.283160  0.000836 2915.96
   880    297.777544    148   -349.414155  0.001533   -349.410337  0.000495    1.282989  0.000855 2981.65
   900    297.771158    148   -349.413760  0.001540   -349.410233  0.000487    1.282903  0.000853 3047.34
   920    297.767767    151   -349.413629  0.001535   -349.410242  0.000481    1.282881  0.000840 3113.00
   940    297.769307    153   -349.413628  0.001518   -349.410197  0.000474    1.282818  0.000822 3178.67
   960    297.766676    157   -349.413531  0.001494   -349.410182  0.000467    1.282776  0.000826 3244.36
   980    297.769734    157   -349.413785  0.001477   -349.410162  0.000461    1.282792  0.000826 3310.05
  1000    297.767230    158   -349.413373  0.001477   -349.410121  0.000453    1.282987  0.000807 3375.73

Post Propagation Process
Total number of samples 1000
Raw AFQMC/HF (Guide) energy:           -349.413373 ± 0.001477
Raw Trial/Guide overlap ratio:          1.282987 ± 0.000807
Raw AFQMC/pt2CCSD energy (covariance): -349.410121 ± 0.000453
Raw AFQMC/pt2CCSD energy (dir sample): -349.410121 ± 0.000371

Remove Outliers
removing energies outside zeta > 30
Outlier energy bound [-349.720409, -349.097060]
Removed 0 outliers with energies []
Clean AFQMC/pt2CCSD overlap ratio:        1.282987 ± 0.000807
Clean AFQMC/pt2CCSD energy (covariance): -349.410121 ± 0.000453
Clean AFQMC/ptCCSD energy (dir sample):  -349.410121 ± 0.000371

Blocking Analysis
nsample = 1000, max_block_size = 25, min_nblocks = 40
   B    NB    NS  Observable     Error    dError
   1  1000  1000    1.282991  0.000351  0.000008
   2   500  1000    1.282991  0.000450  0.000014
   3   333   999    1.282987  0.000506  0.000020
   4   250  1000    1.282989  0.000544  0.000024
   5   200  1000    1.282989  0.000578  0.000029
   6   166   996    1.282978  0.000615  0.000034
   7   142   994    1.282956  0.000647  0.000039
   8   125  1000    1.282988  0.000648  0.000041
   9   111   999    1.282986  0.000674  0.000045
  10   100  1000    1.282989  0.000702  0.000050
  11    90   990    1.282910  0.000695  0.000052
  12    83   996    1.282978  0.000702  0.000055
  13    76   988    1.282866  0.000697  0.000057
  14    71   994    1.282955  0.000752  0.000064
  15    66   990    1.282910  0.000749  0.000066
  16    62   992    1.282941  0.000763  0.000069
  17    58   986    1.282842  0.000707  0.000066
  18    55   990    1.282910  0.000744  0.000072
  19    52   988    1.282867  0.000724  0.000072
  20    50  1000    1.282989  0.000759  0.000077
  21    47   987    1.282848  0.000769  0.000080
  22    45   990    1.282910  0.000749  0.000080
  23    43   989    1.282884  0.000769  0.000084
  24    41   984    1.282827  0.000807  0.000090
  25    40  1000    1.282988  0.000800  0.000091
Fit (variance): plateau_var = 5.843e-07 ± 4.111e-08
Fit (error):    plateau = 0.000764 ± 0.000027
     autocorrelation length ~ 6.1 blocks
     plateau reached at block size ~ 28
     !!!Failed to reach plateau in blocking
     Return max block error
nclean = 1000, max_block_size = 25, min_nblocks = 40
Blk_SZ   NBlk   NSmp      Energy     Error    dError
     1   1000   1000  -349.409845  0.000371  0.000008
     2    500   1000  -349.409917  0.000415  0.000013
     3    333    999  -349.409982  0.000426  0.000017
     4    250   1000  -349.409983  0.000438  0.000020
     5    200   1000  -349.410015  0.000445  0.000022
     6    166    996  -349.410032  0.000478  0.000026
     7    142    994  -349.410050  0.000479  0.000029
     8    125   1000  -349.410050  0.000470  0.000030
     9    111    999  -349.410058  0.000479  0.000032
    10    100   1000  -349.410047  0.000481  0.000034
    11     90    990  -349.410083  0.000506  0.000038
    12     83    996  -349.410057  0.000497  0.000039
    13     76    988  -349.410111  0.000473  0.000039
    14     71    994  -349.410087  0.000503  0.000043
    15     66    990  -349.410113  0.000522  0.000046
    16     62    992  -349.410100  0.000496  0.000045
    17     58    986  -349.410119  0.000522  0.000049
    18     55    990  -349.410114  0.000517  0.000050
    19     52    988  -349.410125  0.000501  0.000050
    20     50   1000  -349.410084  0.000474  0.000048
    21     47    987  -349.410115  0.000495  0.000052
    22     45    990  -349.410098  0.000514  0.000055
    23     43    989  -349.410123  0.000487  0.000053
    24     41    984  -349.410135  0.000503  0.000056
    25     40   1000  -349.410092  0.000567  0.000064
Fit (variance): plateau_var = 2.527635e-07 ± 1.453929e-08
Fit (error):    plateau = 0.000503 ± 0.000014
     autocorrelation length ~ 4.2 blocks
     plateau reached at block size ~ 18
Final AFQMC/pt2CCSD overlap ratio: 1.282987 ± 0.000807
Final AFQMC/pt2CCSD energy: -349.410121 ± 0.000503
Total run time: 3384.18

AFQMC Sampling Finished

QMC script: /u/yzhang65/myprojects/software/afqmc/afqmc/scripts/run_afqmc_pt2ccsd.py
  => E_HF(foof)      = -348.3725964989 Eh
  => E_CCSD(foof)    = -349.3504148518 Eh
  => E_AFQMC(foof)   = -349.41012 +/- 0.00050 Eh

============================================================
Running: formamide  charge=0  spin=0
============================================================
output file: ../../result/molout/closed_shell/formamide_vtzfp.out

Preparing AFQMC calculation
Calculating Cholesky integrals
Alpha Cholesky shape: (697, 117, 117) 
 Beta Cholesky shape: (697, 117, 117) 
Finished calculating Cholesky integrals
Size of the correlation space:
Number of electrons:        [9 9]
Number of basis functions:  114
Number of Cholesky vectors: 697

    ________                     _____                    
    ___  __ \___  __________________(_)_____________ _    
    __  /_/ /  / / /_  __ \_  __ \_  /__  __ \_  __ `/    
    _  _, _// /_/ /_  / / /  / / /  / _  / / /  /_/ /     
    /_/ |_| \__,_/ /_/ /_//_/ /_//_/  /_/ /_/_\__, /      
                                             /____/       
    _____________________________  ___________            
    ___    |__  ____/_  __ \__   |/  /_  ____/            
    __  /| |_  /_   _  / / /_  /|_/ /_  /                 
    _  ___ |  __/   / /_/ /_  /  / / / /___               
    /_/  |_/_/      \___\_\/_/  /_/  \____/               

Hostname:     gpua057.delta.ncsa.illinois.edu
System:       Linux
Node:         gpua057.delta.ncsa.illinois.edu
Release:      5.14.0-427.91.1.el9_4.x86_64
Machine:      x86_64
Processor:    x86_64
JAX backend:  GPU
JAX devices:  [CudaDevice(id=0)]
Device kind:  NVIDIA A100-SXM4-40GB
Platform:     gpu

Load system from Integral File
Maximum memory per walker:            66.67 MB
Maximum number of Cholesky per chunk: 168
Number of Cholesky chunks:            5
Number of Cholesky per chunk:         140
Number of padding Cholesky:           3

QMC System
Number of electrons: (9, 9)
Spin Multiplicity:   0
Number of orbitals:  114
Number of Chol:      697

QMC Parameters
eql_time            :                   50
n_blocks            :                 1000
n_walkers           :                  300
max_error           :                  0.0
seed                :                   17
walker_type         :                  uhf
trial               :             upt2ccsd
mix_precision       :                 True
max_memory          :                20000
dt                  :                0.005
n_exp_terms         :                    6
n_prop_steps        :                   50
save_walkers        :                False
free_projection     :                False
n_batch             :                    1
nchol_chunk         :                  140

Initalize QMC walkers by stochastic CCSD

Equilibration
inv_T        weight  killW        energy   runTime
 0.00    300.000000      0   -169.609158     22.24
 5.00    298.697214      0   -169.669776     35.20
10.00    299.610177      0   -169.620404     40.99
15.00    299.047779      0   -169.661057     46.79
20.00    298.702157      0   -169.637661     52.57
25.00    298.910944      0   -169.645331     58.36
30.00    299.738577      0   -169.662781     64.14
35.00    299.839078      0   -169.620760     69.93
40.00    299.492097      0   -169.654360     75.71
45.00    299.266737      0   -169.650181     81.50
50.00    297.867053      0   -169.583800     87.28

Sampling
blocks        weight  killW       E_Guide     error       E_Trial     error     olp_T/G     error  Walltime
    20    298.972983      0   -169.644128  0.012860   -169.636971  0.001273    1.006718  0.000622  143.66
    40    298.985996      0   -169.644800  0.007869   -169.637918  0.001125    1.007067  0.000476  194.06
    60    298.975270      0   -169.646100  0.006332   -169.637739  0.000922    1.007394  0.000475  244.56
    80    299.008869      0   -169.648038  0.004693   -169.637452  0.000767    1.007330  0.000354  295.04
   100    298.933741      0   -169.648299  0.003955   -169.637485  0.000649    1.007328  0.000277  345.53
   120    298.922077      0   -169.649854  0.003325   -169.637914  0.000616    1.007079  0.000289  396.00
   140    298.873260      0   -169.648027  0.003268   -169.638244  0.000604    1.006978  0.000262  446.51
   160    298.841403      0   -169.646483  0.003271   -169.638281  0.000584    1.006938  0.000231  496.98
   180    298.814798      0   -169.646151  0.002840   -169.638160  0.000555    1.006923  0.000212  547.49
   200    298.771432      0   -169.646049  0.002637   -169.638169  0.000526    1.006989  0.000197  597.97
   220    298.761765      0   -169.646522  0.002495   -169.638134  0.000505    1.007011  0.000182  648.45
   240    298.744075      1   -169.646023  0.002312   -169.638044  0.000482    1.007015  0.000167  698.92
   260    298.748658      1   -169.646312  0.002156   -169.637995  0.000452    1.007059  0.000157  749.42
   280    298.730331      1   -169.645317  0.002037   -169.637741  0.000431    1.007096  0.000148  799.91
   300    298.712597      1   -169.644942  0.001958   -169.637766  0.000414    1.007085  0.000138  850.41
   320    298.709464      1   -169.644218  0.001916   -169.637765  0.000397    1.007123  0.000133  900.90
   340    298.701471      1   -169.644029  0.001898   -169.637763  0.000379    1.007053  0.000135  951.38
   360    298.697881      1   -169.644449  0.001811   -169.637941  0.000374    1.006980  0.000141 1001.85
   380    298.699108      1   -169.644173  0.001822   -169.637841  0.000362    1.006932  0.000138 1052.35
   400    298.689342      1   -169.643607  0.001764   -169.637723  0.000352    1.006958  0.000132 1102.84
   420    298.686785      1   -169.643426  0.001733   -169.637757  0.000357    1.006968  0.000126 1153.32
   440    298.688589      2   -169.643692  0.001674   -169.637680  0.000346    1.006970  0.000120 1203.82
   460    298.685109      3   -169.643637  0.001688   -169.637645  0.000337    1.007024  0.000122 1254.31
   480    298.681001      3   -169.643882  0.001633   -169.637738  0.000333    1.007062  0.000121 1304.80
   500    298.683188      3   -169.643988  0.001632   -169.637845  0.000336    1.007068  0.000120 1355.29
   520    298.676658      3   -169.643795  0.001585   -169.637804  0.000326    1.007083  0.000126 1405.78
   540    298.677926      3   -169.643668  0.001524   -169.637788  0.000319    1.007073  0.000123 1456.27
   560    298.673048      3   -169.643777  0.001480   -169.637813  0.000312    1.007072  0.000118 1506.76
   580    298.663634      3   -169.643647  0.001450   -169.637758  0.000306    1.007056  0.000116 1557.24
   600    298.661099      3   -169.643232  0.001440   -169.637701  0.000298    1.006986  0.000122 1607.74
   620    298.652414      3   -169.642771  0.001472   -169.637639  0.000293    1.006995  0.000119 1658.21
   640    298.650805      3   -169.642912  0.001478   -169.637640  0.000286    1.006980  0.000117 1708.74
   660    298.647952      3   -169.642488  0.001499   -169.637553  0.000280    1.006964  0.000114 1759.22
   680    298.642152      3   -169.642504  0.001468   -169.637824  0.000321    1.006961  0.000116 1809.71
   700    298.638948      4   -169.642063  0.001486   -169.637811  0.000315    1.006888  0.000128 1860.19
   720    298.634130      4   -169.641642  0.001516   -169.637747  0.000310    1.006855  0.000131 1910.69
   740    298.632077      4   -169.641565  0.001479   -169.637695  0.000304    1.006816  0.000131 1961.16
   760    298.627942      4   -169.641435  0.001458   -169.637618  0.000297    1.006850  0.000135 2011.65
   780    298.629185      4   -169.641771  0.001452   -169.637622  0.000292    1.006836  0.000132 2062.13
   800    298.625961      4   -169.641681  0.001422   -169.637619  0.000286    1.006843  0.000134 2112.63
   820    298.624578      4   -169.641810  0.001396   -169.637647  0.000287    1.006865  0.000132 2163.12
   840    298.624400      4   -169.641674  0.001368   -169.637638  0.000281    1.006875  0.000130 2213.60
   860    298.630613      4   -169.641803  0.001338   -169.637723  0.000278    1.006883  0.000127 2264.07
   880    298.627232      4   -169.641691  0.001310   -169.637704  0.000272    1.006882  0.000124 2314.55
   900    298.623621      4   -169.641762  0.001265   -169.637695  0.000268    1.006853  0.000125 2365.04
   920    298.620724      5   -169.641508  0.001269   -169.637626  0.000264    1.006829  0.000124 2415.53
   940    298.619033      5   -169.641533  0.001247   -169.637638  0.000260    1.006832  0.000123 2466.00
   960    298.623510      5   -169.641546  0.001226   -169.637634  0.000256    1.006839  0.000120 2516.50
   980    298.623138      5   -169.641430  0.001213   -169.637592  0.000252    1.006874  0.000122 2566.99
  1000    298.624557      5   -169.641662  0.001191   -169.637622  0.000249    1.006878  0.000122 2617.46

Post Propagation Process
Total number of samples 1000
Raw AFQMC/HF (Guide) energy:           -169.641662 ± 0.001191
Raw Trial/Guide overlap ratio:          1.006878 ± 0.000122
Raw AFQMC/pt2CCSD energy (covariance): -169.637622 ± 0.000249
Raw AFQMC/pt2CCSD energy (dir sample): -169.637622 ± 0.000209

Remove Outliers
removing energies outside zeta > 30
Outlier energy bound [-169.778725, -169.493930]
Removed 0 outliers with energies []
Clean AFQMC/pt2CCSD overlap ratio:        1.006878 ± 0.000122
Clean AFQMC/pt2CCSD energy (covariance): -169.637622 ± 0.000249
Clean AFQMC/ptCCSD energy (dir sample):  -169.637622 ± 0.000209

Blocking Analysis
nsample = 1000, max_block_size = 25, min_nblocks = 40
   B    NB    NS  Observable     Error    dError
   1  1000  1000    1.006879  0.000044  0.000001
   2   500  1000    1.006879  0.000057  0.000002
   3   333   999    1.006879  0.000068  0.000003
   4   250  1000    1.006878  0.000073  0.000003
   5   200  1000    1.006878  0.000082  0.000004
   6   166   996    1.006878  0.000082  0.000005
   7   142   994    1.006882  0.000089  0.000005
   8   125  1000    1.006878  0.000090  0.000006
   9   111   999    1.006879  0.000095  0.000006
  10   100  1000    1.006878  0.000097  0.000007
  11    90   990    1.006882  0.000099  0.000007
  12    83   996    1.006878  0.000101  0.000008
  13    76   988    1.006884  0.000106  0.000009
  14    71   994    1.006882  0.000105  0.000009
  15    66   990    1.006882  0.000110  0.000010
  16    62   992    1.006882  0.000110  0.000010
  17    58   986    1.006885  0.000114  0.000011
  18    55   990    1.006882  0.000113  0.000011
  19    52   988    1.006884  0.000117  0.000012
  20    50  1000    1.006878  0.000119  0.000012
  21    47   987    1.006885  0.000117  0.000012
  22    45   990    1.006882  0.000118  0.000013
  23    43   989    1.006883  0.000122  0.000013
  24    41   984    1.006880  0.000119  0.000013
  25    40  1000    1.006878  0.000120  0.000014
Fit (variance): plateau_var = 1.496e-08 ± 1.548e-09
Fit (error):    plateau = 0.000122 ± 0.000006
     autocorrelation length ~ 9.6 blocks
     plateau reached at block size ~ 45
     !!!Failed to reach plateau in blocking
     Return max block error
nclean = 1000, max_block_size = 25, min_nblocks = 40
Blk_SZ   NBlk   NSmp      Energy     Error    dError
     1   1000   1000  -169.637465  0.000209  0.000005
     2    500   1000  -169.637504  0.000242  0.000008
     3    333    999  -169.637525  0.000262  0.000010
     4    250   1000  -169.637543  0.000258  0.000012
     5    200   1000  -169.637551  0.000291  0.000015
     6    166    996  -169.637564  0.000289  0.000016
     7    142    994  -169.637562  0.000298  0.000018
     8    125   1000  -169.637568  0.000306  0.000019
     9    111    999  -169.637572  0.000310  0.000021
    10    100   1000  -169.637581  0.000287  0.000020
    11     90    990  -169.637560  0.000296  0.000022
    12     83    996  -169.637597  0.000290  0.000023
    13     76    988  -169.637563  0.000307  0.000025
    14     71    994  -169.637586  0.000299  0.000025
    15     66    990  -169.637571  0.000305  0.000027
    16     62    992  -169.637573  0.000294  0.000027
    17     58    986  -169.637563  0.000310  0.000029
    18     55    990  -169.637567  0.000303  0.000029
    19     52    988  -169.637574  0.000294  0.000029
    20     50   1000  -169.637600  0.000296  0.000030
    21     47    987  -169.637567  0.000289  0.000030
    22     45    990  -169.637579  0.000285  0.000030
    23     43    989  -169.637577  0.000253  0.000028
    24     41    984  -169.637567  0.000282  0.000032
    25     40   1000  -169.637603  0.000286  0.000032
Fit (variance): plateau_var = 8.714544e-08 ± 3.734283e-09
Fit (error):    plateau = 0.000295 ± 0.000006
     autocorrelation length ~ 2.4 blocks
     plateau reached at block size ~ 11
Final AFQMC/pt2CCSD overlap ratio: 1.006878 ± 0.000122
Final AFQMC/pt2CCSD energy: -169.637622 ± 0.000295
Total run time: 2625.93

AFQMC Sampling Finished

QMC script: /u/yzhang65/myprojects/software/afqmc/afqmc/scripts/run_afqmc_pt2ccsd.py
  => E_HF(formamide)      = -169.0008484523 Eh
  => E_CCSD(formamide)    = -169.6110365868 Eh
  => E_AFQMC(formamide)   = -169.63762 +/- 0.00030 Eh

============================================================
Running: formic-anhydride  charge=0  spin=0
============================================================
output file: ../../result/molout/closed_shell/formic-anhydride_vtzfp.out

Preparing AFQMC calculation
Calculating Cholesky integrals
Alpha Cholesky shape: (1006, 168, 168) 
 Beta Cholesky shape: (1006, 168, 168) 
Finished calculating Cholesky integrals
Size of the correlation space:
Number of electrons:        [14 14]
Number of basis functions:  163
Number of Cholesky vectors: 1006

    ________                     _____                    
    ___  __ \___  __________________(_)_____________ _    
    __  /_/ /  / / /_  __ \_  __ \_  /__  __ \_  __ `/    
    _  _, _// /_/ /_  / / /  / / /  / _  / / /  /_/ /     
    /_/ |_| \__,_/ /_/ /_//_/ /_//_/  /_/ /_/_\__, /      
                                             /____/       
    _____________________________  ___________            
    ___    |__  ____/_  __ \__   |/  /_  ____/            
    __  /| |_  /_   _  / / /_  /|_/ /_  /                 
    _  ___ |  __/   / /_/ /_  /  / / / /___               
    /_/  |_/_/      \___\_\/_/  /_/  \____/               

Hostname:     gpua057.delta.ncsa.illinois.edu
System:       Linux
Node:         gpua057.delta.ncsa.illinois.edu
Release:      5.14.0-427.91.1.el9_4.x86_64
Machine:      x86_64
Processor:    x86_64
JAX backend:  GPU
JAX devices:  [CudaDevice(id=0)]
Device kind:  NVIDIA A100-SXM4-40GB
Platform:     gpu

Load system from Integral File
Maximum memory per walker:            66.67 MB
Maximum number of Cholesky per chunk: 82
Number of Cholesky chunks:            13
Number of Cholesky per chunk:         78
Number of padding Cholesky:           8

QMC System
Number of electrons: (14, 14)
Spin Multiplicity:   0
Number of orbitals:  163
Number of Chol:      1006

QMC Parameters
eql_time            :                   50
n_blocks            :                 1000
n_walkers           :                  300
max_error           :                  0.0
seed                :                   17
walker_type         :                  uhf
trial               :             upt2ccsd
mix_precision       :                 True
max_memory          :                20000
dt                  :                0.005
n_exp_terms         :                    6
n_prop_steps        :                   50
save_walkers        :                False
free_projection     :                False
n_batch             :                    1
nchol_chunk         :                   78

Initalize QMC walkers by stochastic CCSD
QMC script: /u/yzhang65/myprojects/software/afqmc/afqmc/scripts/run_afqmc_pt2ccsd.py
  => E_HF(formic-anhydride)      = -301.5970621672 Eh
  => E_CCSD(formic-anhydride)    = -302.5999010203 Eh
  => E_AFQMC(formic-anhydride)   = 0.00000 +/- 0.00000 Eh

============================================================
Running: formic  charge=0  spin=0
============================================================
output file: ../../result/molout/closed_shell/formic_vtzfp.out

Preparing AFQMC calculation
Calculating Cholesky integrals
Alpha Cholesky shape: (655, 108, 108) 
 Beta Cholesky shape: (655, 108, 108) 
Finished calculating Cholesky integrals
Size of the correlation space:
Number of electrons:        [9 9]
Number of basis functions:  105
Number of Cholesky vectors: 655

    ________                     _____                    
    ___  __ \___  __________________(_)_____________ _    
    __  /_/ /  / / /_  __ \_  __ \_  /__  __ \_  __ `/    
    _  _, _// /_/ /_  / / /  / / /  / _  / / /  /_/ /     
    /_/ |_| \__,_/ /_/ /_//_/ /_//_/  /_/ /_/_\__, /      
                                             /____/       
    _____________________________  ___________            
    ___    |__  ____/_  __ \__   |/  /_  ____/            
    __  /| |_  /_   _  / / /_  /|_/ /_  /                 
    _  ___ |  __/   / /_/ /_  /  / / / /___               
    /_/  |_/_/      \___\_\/_/  /_/  \____/               

Hostname:     gpua057.delta.ncsa.illinois.edu
System:       Linux
Node:         gpua057.delta.ncsa.illinois.edu
Release:      5.14.0-427.91.1.el9_4.x86_64
Machine:      x86_64
Processor:    x86_64
JAX backend:  GPU
JAX devices:  [CudaDevice(id=0)]
Device kind:  NVIDIA A100-SXM4-40GB
Platform:     gpu

Load system from Integral File
Maximum memory per walker:            66.67 MB
Maximum number of Cholesky per chunk: 198
Number of Cholesky chunks:            4
Number of Cholesky per chunk:         164
Number of padding Cholesky:           1

QMC System
Number of electrons: (9, 9)
Spin Multiplicity:   0
Number of orbitals:  105
Number of Chol:      655

QMC Parameters
eql_time            :                   50
n_blocks            :                 1000
n_walkers           :                  300
max_error           :                  0.0
seed                :                   17
walker_type         :                  uhf
trial               :             upt2ccsd
mix_precision       :                 True
max_memory          :                20000
dt                  :                0.005
n_exp_terms         :                    6
n_prop_steps        :                   50
save_walkers        :                False
free_projection     :                False
n_batch             :                    1
nchol_chunk         :                  164

Initalize QMC walkers by stochastic CCSD

Equilibration
inv_T        weight  killW        energy   runTime
 0.00    300.000000      0   -189.469734     12.36
 5.00    298.628099      0   -189.502122     23.89
10.00    298.425471      0   -189.496959     28.70
15.00    298.660973      0   -189.512324     33.50
20.00    299.356828      0   -189.508277     38.31
25.00    299.322030      0   -189.484469     43.11
30.00    299.104113      0   -189.525846     47.92
35.00    299.764641      0   -189.511187     52.73
40.00    298.944603      0   -189.514305     57.53
45.00    299.380601      0   -189.497496     62.34
50.00    298.852546      0   -189.481006     67.15

Sampling
blocks        weight  killW       E_Guide     error       E_Trial     error     olp_T/G     error  Walltime
    20    299.230970      0   -189.511965  0.005459   -189.500770  0.001291    1.006600  0.000867  114.69
    40    299.145050      0   -189.507434  0.007900   -189.502360  0.001966    1.006906  0.000581  156.37
    60    299.091864      0   -189.505795  0.005159   -189.500948  0.001721    1.007220  0.000463  198.13
    80    299.046397      1   -189.506911  0.004497   -189.499958  0.001332    1.006987  0.000375  239.88
   100    298.979888      1   -189.505078  0.003545   -189.499378  0.001096    1.006947  0.000289  281.65
   120    298.954439      1   -189.502745  0.003315   -189.499116  0.000933    1.006997  0.000244  323.40
   140    298.948575      1   -189.503457  0.002866   -189.499130  0.000827    1.006913  0.000241  365.18
   160    298.912863      1   -189.503292  0.002550   -189.499194  0.000743    1.006919  0.000213  406.92
   180    298.897067      1   -189.502897  0.002305   -189.499095  0.000671    1.006763  0.000218  448.67
   200    298.895239      2   -189.505171  0.002739   -189.499412  0.000762    1.006717  0.000199  490.43
   220    298.877378      2   -189.505266  0.002571   -189.499373  0.000707    1.006782  0.000192  532.20
   240    298.865239      2   -189.505256  0.002395   -189.499120  0.000671    1.006836  0.000180  573.96
   260    298.862081      3   -189.505381  0.002260   -189.499218  0.000647    1.006868  0.000168  615.72
   280    298.852228      3   -189.504847  0.002203   -189.499096  0.000608    1.007028  0.000191  657.46
   300    298.837274      3   -189.504656  0.002197   -189.498879  0.000576    1.007057  0.000184  699.22
   320    298.844438      3   -189.506032  0.002244   -189.499191  0.000563    1.007054  0.000173  740.98
   340    298.842834      3   -189.506177  0.002251   -189.499214  0.000537    1.007101  0.000166  782.71
   360    298.831988      3   -189.506559  0.002145   -189.499239  0.000513    1.007140  0.000159  824.48
   380    298.827377      3   -189.506924  0.002067   -189.499344  0.000498    1.007170  0.000152  866.24
   400    298.823974      3   -189.507466  0.002080   -189.499482  0.000490    1.007118  0.000151  908.01
   420    298.816465      3   -189.507630  0.001968   -189.499378  0.000486    1.007077  0.000150  949.77
   440    298.808028      3   -189.507037  0.001967   -189.499363  0.000470    1.007069  0.000144  991.52
   460    298.795088      3   -189.506796  0.001920   -189.499390  0.000453    1.007083  0.000138 1033.29
   480    298.775788      3   -189.506163  0.001921   -189.499304  0.000436    1.007066  0.000142 1075.05
   500    298.773496      3   -189.506636  0.001863   -189.499430  0.000428    1.007072  0.000140 1116.82
   520    298.762479      3   -189.506159  0.001810   -189.499430  0.000415    1.007077  0.000135 1158.58
   540    298.756505      3   -189.506147  0.001773   -189.499462  0.000410    1.007083  0.000134 1200.32
   560    298.754205      3   -189.506366  0.001750   -189.499402  0.000400    1.007102  0.000138 1242.09
   580    298.748048      3   -189.506123  0.001710   -189.499323  0.000390    1.007090  0.000136 1283.86
   600    298.741027      3   -189.505831  0.001709   -189.499304  0.000380    1.007079  0.000132 1325.61
   620    298.737965      3   -189.505992  0.001708   -189.499370  0.000383    1.007059  0.000128 1367.36
   640    298.733393      3   -189.505376  0.001722   -189.499345  0.000374    1.007061  0.000125 1409.12
   660    298.731135      4   -189.505653  0.001674   -189.499323  0.000365    1.007050  0.000123 1450.87
   680    298.729431      4   -189.505658  0.001674   -189.499318  0.000357    1.007042  0.000121 1492.63
   700    298.728193      4   -189.505157  0.001697   -189.499295  0.000349    1.007044  0.000117 1534.40
   720    298.723817      4   -189.504776  0.001701   -189.499252  0.000342    1.007029  0.000114 1576.16
   740    298.718940      4   -189.504558  0.001661   -189.499174  0.000334    1.007012  0.000113 1617.91
   760    298.708555      4   -189.504091  0.001682   -189.499063  0.000328    1.007035  0.000119 1659.68
   780    298.711862      4   -189.503916  0.001667   -189.499099  0.000331    1.007065  0.000120 1701.42
   800    298.707550      4   -189.503743  0.001608   -189.499078  0.000325    1.007043  0.000118 1743.18
   820    298.705549      4   -189.503858  0.001575   -189.499132  0.000320    1.007007  0.000120 1784.94
   840    298.706546      5   -189.503855  0.001547   -189.499158  0.000315    1.006949  0.000131 1826.72
   860    298.706371      6   -189.503874  0.001518   -189.499140  0.000311    1.006931  0.000130 1868.49
   880    298.711219      6   -189.503929  0.001518   -189.499178  0.000307    1.006926  0.000128 1910.22
   900    298.709973      6   -189.503893  0.001518   -189.499198  0.000303    1.006926  0.000126 1951.98
   920    298.706098      6   -189.503839  0.001480   -189.499177  0.000298    1.006941  0.000123 1993.75
   940    298.704347      6   -189.503724  0.001451   -189.499141  0.000293    1.006946  0.000123 2035.51
   960    298.705826      6   -189.503867  0.001423   -189.499103  0.000288    1.006932  0.000122 2077.27
   980    298.705977      6   -189.504076  0.001441   -189.499138  0.000283    1.006957  0.000122 2119.01
  1000    298.700549      6   -189.503866  0.001422   -189.499181  0.000281    1.006961  0.000123 2160.77

Post Propagation Process
Total number of samples 1000
Raw AFQMC/HF (Guide) energy:           -189.503866 ± 0.001422
Raw Trial/Guide overlap ratio:          1.006961 ± 0.000123
Raw AFQMC/pt2CCSD energy (covariance): -189.499181 ± 0.000281
Raw AFQMC/pt2CCSD energy (dir sample): -189.499181 ± 0.000220

Remove Outliers
removing energies outside zeta > 30
Outlier energy bound [-189.646714, -189.348908]
Removed 0 outliers with energies []
Clean AFQMC/pt2CCSD overlap ratio:        1.006961 ± 0.000123
Clean AFQMC/pt2CCSD energy (covariance): -189.499181 ± 0.000281
Clean AFQMC/ptCCSD energy (dir sample):  -189.499181 ± 0.000220

Blocking Analysis
nsample = 1000, max_block_size = 25, min_nblocks = 40
   B    NB    NS  Observable     Error    dError
   1  1000  1000    1.006961  0.000044  0.000001
   2   500  1000    1.006961  0.000058  0.000002
   3   333   999    1.006962  0.000068  0.000003
   4   250  1000    1.006961  0.000075  0.000003
   5   200  1000    1.006961  0.000080  0.000004
   6   166   996    1.006965  0.000086  0.000005
   7   142   994    1.006970  0.000089  0.000005
   8   125  1000    1.006961  0.000093  0.000006
   9   111   999    1.006962  0.000095  0.000006
  10   100  1000    1.006961  0.000097  0.000007
  11    90   990    1.006968  0.000100  0.000007
  12    83   996    1.006965  0.000104  0.000008
  13    76   988    1.006966  0.000107  0.000009
  14    71   994    1.006970  0.000106  0.000009
  15    66   990    1.006968  0.000105  0.000009
  16    62   992    1.006970  0.000104  0.000009
  17    58   986    1.006964  0.000106  0.000010
  18    55   990    1.006968  0.000110  0.000011
  19    52   988    1.006966  0.000118  0.000012
  20    50  1000    1.006961  0.000108  0.000011
  21    47   987    1.006964  0.000115  0.000012
  22    45   990    1.006968  0.000118  0.000013
  23    43   989    1.006968  0.000120  0.000013
  24    41   984    1.006965  0.000123  0.000014
  25    40  1000    1.006961  0.000113  0.000013
Fit (variance): plateau_var = 1.368e-08 ± 1.202e-09
Fit (error):    plateau = 0.000117 ± 0.000005
     autocorrelation length ~ 8.1 blocks
     plateau reached at block size ~ 38
     !!!Failed to reach plateau in blocking
     Return max block error
nclean = 1000, max_block_size = 25, min_nblocks = 40
Blk_SZ   NBlk   NSmp      Energy     Error    dError
     1   1000   1000  -189.498999  0.000220  0.000005
     2    500   1000  -189.499056  0.000235  0.000007
     3    333    999  -189.499079  0.000251  0.000010
     4    250   1000  -189.499089  0.000256  0.000011
     5    200   1000  -189.499104  0.000252  0.000013
     6    166    996  -189.499105  0.000268  0.000015
     7    142    994  -189.499109  0.000280  0.000017
     8    125   1000  -189.499123  0.000261  0.000017
     9    111    999  -189.499137  0.000263  0.000018
    10    100   1000  -189.499130  0.000250  0.000018
    11     90    990  -189.499077  0.000270  0.000020
    12     83    996  -189.499138  0.000284  0.000022
    13     76    988  -189.499093  0.000263  0.000021
    14     71    994  -189.499129  0.000270  0.000023
    15     66    990  -189.499091  0.000272  0.000024
    16     62    992  -189.499103  0.000285  0.000026
    17     58    986  -189.499106  0.000285  0.000027
    18     55    990  -189.499101  0.000279  0.000027
    19     52    988  -189.499111  0.000292  0.000029
    20     50   1000  -189.499149  0.000280  0.000028
    21     47    987  -189.499119  0.000274  0.000029
    22     45    990  -189.499101  0.000287  0.000031
    23     43    989  -189.499105  0.000274  0.000030
    24     41    984  -189.499117  0.000259  0.000029
    25     40   1000  -189.499152  0.000292  0.000033
Fit (variance): plateau_var = 7.494589e-08 ± 3.718377e-09
Fit (error):    plateau = 0.000274 ± 0.000007
     autocorrelation length ~ 3.2 blocks
     plateau reached at block size ~ 13
Final AFQMC/pt2CCSD overlap ratio: 1.006961 ± 0.000123
Final AFQMC/pt2CCSD energy: -189.499181 ± 0.000274
Total run time: 2169.28

AFQMC Sampling Finished

QMC script: /u/yzhang65/myprojects/software/afqmc/afqmc/scripts/run_afqmc_pt2ccsd.py
  => E_HF(formic)      = -188.8407318825 Eh
  => E_CCSD(formic)    = -189.4723786710 Eh
  => E_AFQMC(formic)   = -189.49918 +/- 0.00027 Eh

============================================================
Running: furan  charge=0  spin=0
============================================================
output file: ../../result/molout/closed_shell/furan_vtzfp.out

Preparing AFQMC calculation
Calculating Cholesky integrals
Alpha Cholesky shape: (1057, 186, 186) 
 Beta Cholesky shape: (1057, 186, 186) 
Finished calculating Cholesky integrals
Size of the correlation space:
Number of electrons:        [13 13]
Number of basis functions:  181
Number of Cholesky vectors: 1057

    ________                     _____                    
    ___  __ \___  __________________(_)_____________ _    
    __  /_/ /  / / /_  __ \_  __ \_  /__  __ \_  __ `/    
    _  _, _// /_/ /_  / / /  / / /  / _  / / /  /_/ /     
    /_/ |_| \__,_/ /_/ /_//_/ /_//_/  /_/ /_/_\__, /      
                                             /____/       
    _____________________________  ___________            
    ___    |__  ____/_  __ \__   |/  /_  ____/            
    __  /| |_  /_   _  / / /_  /|_/ /_  /                 
    _  ___ |  __/   / /_/ /_  /  / / / /___               
    /_/  |_/_/      \___\_\/_/  /_/  \____/               

Hostname:     gpua057.delta.ncsa.illinois.edu
System:       Linux
Node:         gpua057.delta.ncsa.illinois.edu
Release:      5.14.0-427.91.1.el9_4.x86_64
Machine:      x86_64
Processor:    x86_64
JAX backend:  GPU
JAX devices:  [CudaDevice(id=0)]
Device kind:  NVIDIA A100-SXM4-40GB
Platform:     gpu

Load system from Integral File
Maximum memory per walker:            66.67 MB
Maximum number of Cholesky per chunk: 66
Number of Cholesky chunks:            17
Number of Cholesky per chunk:         63
Number of padding Cholesky:           14

QMC System
Number of electrons: (13, 13)
Spin Multiplicity:   0
Number of orbitals:  181
Number of Chol:      1057

QMC Parameters
eql_time            :                   50
n_blocks            :                 1000
n_walkers           :                  300
max_error           :                  0.0
seed                :                   17
walker_type         :                  uhf
trial               :             upt2ccsd
mix_precision       :                 True
max_memory          :                20000
dt                  :                0.005
n_exp_terms         :                    6
n_prop_steps        :                   50
save_walkers        :                False
free_projection     :                False
n_batch             :                    1
nchol_chunk         :                   63

Initalize QMC walkers by stochastic CCSD

Equilibration
inv_T        weight  killW        energy   runTime
 0.00    300.000000      0   -229.582982     21.19
 5.00    298.485217      0   -229.648094     43.08
10.00    298.559339      0   -229.655503     59.46
15.00    298.499035      0   -229.600896     75.85
20.00    297.827532      0   -229.652971     92.24
25.00    298.970031      0   -229.644368    108.61
30.00    298.117886      0   -229.617883    124.99
35.00    297.985734      0   -229.635773    141.38
40.00    299.179658      0   -229.652822    157.76
45.00    298.292659      0   -229.608271    174.14
50.00    298.858616      0   -229.653060    190.51

Sampling
blocks        weight  killW       E_Guide     error       E_Trial     error     olp_T/G     error  Walltime
    20    298.691402      0   -229.628207  0.007403   -229.629545  0.001451    1.019409  0.000430  388.16
    40    298.652425      0   -229.631605  0.010276   -229.630027  0.001094    1.019105  0.000407  580.39
    60    298.554093      0   -229.626813  0.007962   -229.629448  0.000920    1.019098  0.000318  772.60
    80    298.475859      0   -229.629261  0.006071   -229.629606  0.000819    1.019302  0.000358  964.88
   100    298.467403      0   -229.630860  0.004930   -229.629309  0.000712    1.019091  0.000321 1157.17
   120    298.374046      0   -229.631621  0.004266   -229.629013  0.000645    1.018998  0.000273 1349.39
   140    298.324174      0   -229.629584  0.003888   -229.629081  0.000607    1.019173  0.000273 1541.70
   160    298.305874      0   -229.630484  0.003475   -229.629732  0.000723    1.019378  0.000276 1733.94
   180    298.306230      0   -229.631485  0.003254   -229.629867  0.000667    1.019426  0.000248 1926.23
   200    298.273629      0   -229.632296  0.003063   -229.629962  0.000624    1.019378  0.000233 2118.51
   220    298.238931      0   -229.631955  0.002831   -229.629972  0.000585    1.019259  0.000235 2310.74
   240    298.210220      0   -229.631021  0.002661   -229.629925  0.000552    1.019239  0.000219 2503.03
   260    298.183048      0   -229.630394  0.002522   -229.629864  0.000533    1.019329  0.000214 2695.24
   280    298.170160      0   -229.631178  0.002426   -229.629854  0.000503    1.019348  0.000201 2887.53
   300    298.163805      0   -229.631559  0.002381   -229.629989  0.000488    1.019361  0.000187 3079.73
   320    298.143256      0   -229.631506  0.002304   -229.629947  0.000465    1.019308  0.000179 3272.00
   340    298.140150      0   -229.632434  0.002296   -229.630277  0.000499    1.019262  0.000172 3464.32
   360    298.121597      0   -229.632431  0.002225   -229.630307  0.000483    1.019195  0.000169 3656.55
   380    298.118860      0   -229.632949  0.002142   -229.630211  0.000468    1.019181  0.000166 3848.83
   400    298.120375      0   -229.633394  0.002057   -229.630247  0.000453    1.019244  0.000163 4041.50
   420    298.110238      1   -229.633296  0.001959   -229.630186  0.000439    1.019227  0.000156 4233.77
   440    298.119236      3   -229.633698  0.002085   -229.630215  0.000429    1.019208  0.000150 4426.11
   460    298.117456      3   -229.633775  0.002036   -229.630237  0.000417    1.019197  0.000147 4618.39
   480    298.105775      3   -229.633659  0.001992   -229.630111  0.000403    1.019141  0.000152 4810.71
   500    298.106547      3   -229.634229  0.002016   -229.630287  0.000409    1.019094  0.000153 5002.94
   520    298.104936      3   -229.634146  0.001943   -229.630385  0.000400    1.019026  0.000156 5195.26
   540    298.097063      3   -229.633928  0.001873   -229.630294  0.000389    1.019024  0.000152 5387.51
   560    298.096518      3   -229.634336  0.001887   -229.630339  0.000380    1.019041  0.000152 5579.83
   580    298.085755      3   -229.634118  0.001815   -229.630354  0.000374    1.019051  0.000149 5772.14
   600    298.090075      3   -229.634275  0.001753   -229.630464  0.000368    1.019058  0.000146 5964.45
   620    298.101593      3   -229.635121  0.001856   -229.630476  0.000421    1.019111  0.000144 6156.72
   640    298.092031      3   -229.635031  0.001814   -229.630463  0.000411    1.019126  0.000145 6348.98
   660    298.088909      3   -229.634943  0.001732   -229.630454  0.000407    1.019123  0.000142 6541.24
   680    298.078278      4   -229.634730  0.001705   -229.630418  0.000400    1.019140  0.000140 6733.53
   700    298.069867      4   -229.634580  0.001665   -229.630418  0.000393    1.019123  0.000137 6925.79
   720    298.064898      4   -229.634632  0.001614   -229.630488  0.000393    1.019118  0.000133 7118.10
   740    298.059508      4   -229.634723  0.001568   -229.630499  0.000386    1.019093  0.000131 7310.40
   760    298.063729      4   -229.634894  0.001538   -229.630490  0.000377    1.019080  0.000130 7502.65
   780    298.061024      4   -229.634871  0.001511   -229.630619  0.000374    1.019068  0.000128 7694.97
   800    298.056010      4   -229.634981  0.001489   -229.630635  0.000368    1.019043  0.000128 7887.28
   820    298.056304      4   -229.635024  0.001456   -229.630635  0.000361    1.019001  0.000132 8079.81
   840    298.048720      4   -229.635001  0.001430   -229.630593  0.000360    1.018987  0.000134 8272.07
   860    298.043450      4   -229.634906  0.001398   -229.630546  0.000353    1.018988  0.000134 8464.40
   880    298.040186      4   -229.634888  0.001372   -229.630501  0.000347    1.019006  0.000131 8656.65
   900    298.032286      4   -229.635002  0.001363   -229.630492  0.000342    1.018998  0.000129 8848.97
   920    298.024201      4   -229.634667  0.001343   -229.630471  0.000337    1.018989  0.000129 9041.22
   940    298.023821      5   -229.634826  0.001322   -229.630479  0.000331    1.018961  0.000129 9233.51
   960    298.022237      5   -229.635025  0.001375   -229.630597  0.000352    1.018940  0.000130 9425.81
   980    298.019638      5   -229.634992  0.001351   -229.630595  0.000347    1.018955  0.000128 9618.05
  1000    298.017470      5   -229.635069  0.001325   -229.630667  0.000344    1.018921  0.000138 9810.38

Post Propagation Process
Total number of samples 1000
Raw AFQMC/HF (Guide) energy:           -229.635069 ± 0.001325
Raw Trial/Guide overlap ratio:          1.018921 ± 0.000138
Raw AFQMC/pt2CCSD energy (covariance): -229.630667 ± 0.000344
Raw AFQMC/pt2CCSD energy (dir sample): -229.630667 ± 0.000269

Remove Outliers
removing energies outside zeta > 30
Outlier energy bound [-229.819863, -229.438732]
Removed 0 outliers with energies []
Clean AFQMC/pt2CCSD overlap ratio:        1.018921 ± 0.000138
Clean AFQMC/pt2CCSD energy (covariance): -229.630667 ± 0.000344
Clean AFQMC/ptCCSD energy (dir sample):  -229.630667 ± 0.000269

Blocking Analysis
nsample = 1000, max_block_size = 25, min_nblocks = 40
   B    NB    NS  Observable     Error    dError
   1  1000  1000    1.018921  0.000043  0.000001
   2   500  1000    1.018921  0.000058  0.000002
   3   333   999    1.018925  0.000068  0.000003
   4   250  1000    1.018921  0.000076  0.000003
   5   200  1000    1.018921  0.000083  0.000004
   6   166   996    1.018932  0.000087  0.000005
   7   142   994    1.018941  0.000091  0.000005
   8   125  1000    1.018921  0.000096  0.000006
   9   111   999    1.018925  0.000097  0.000007
  10   100  1000    1.018921  0.000105  0.000007
  11    90   990    1.018949  0.000102  0.000008
  12    83   996    1.018932  0.000109  0.000009
  13    76   988    1.018952  0.000109  0.000009
  14    71   994    1.018941  0.000111  0.000009
  15    66   990    1.018949  0.000107  0.000009
  16    62   992    1.018946  0.000113  0.000010
  17    58   986    1.018954  0.000116  0.000011
  18    55   990    1.018949  0.000114  0.000011
  19    52   988    1.018952  0.000118  0.000012
  20    50  1000    1.018921  0.000121  0.000012
  21    47   987    1.018953  0.000122  0.000013
  22    45   990    1.018949  0.000121  0.000013
  23    43   989    1.018951  0.000125  0.000014
  24    41   984    1.018955  0.000124  0.000014
  25    40  1000    1.018921  0.000138  0.000016
Fit (variance): plateau_var = 1.611e-08 ± 1.641e-09
Fit (error):    plateau = 0.000127 ± 0.000006
     autocorrelation length ~ 9.6 blocks
     plateau reached at block size ~ 45
     !!!Failed to reach plateau in blocking
     Return max block error
nclean = 1000, max_block_size = 25, min_nblocks = 40
Blk_SZ   NBlk   NSmp      Energy     Error    dError
     1   1000   1000  -229.630439  0.000269  0.000006
     2    500   1000  -229.630490  0.000297  0.000009
     3    333    999  -229.630520  0.000316  0.000012
     4    250   1000  -229.630539  0.000320  0.000014
     5    200   1000  -229.630556  0.000319  0.000016
     6    166    996  -229.630598  0.000333  0.000018
     7    142    994  -229.630596  0.000331  0.000020
     8    125   1000  -229.630587  0.000323  0.000020
     9    111    999  -229.630612  0.000309  0.000021
    10    100   1000  -229.630601  0.000329  0.000023
    11     90    990  -229.630578  0.000327  0.000025
    12     83    996  -229.630653  0.000328  0.000026
    13     76    988  -229.630577  0.000325  0.000027
    14     71    994  -229.630629  0.000319  0.000027
    15     66    990  -229.630596  0.000297  0.000026
    16     62    992  -229.630645  0.000304  0.000028
    17     58    986  -229.630559  0.000296  0.000028
    18     55    990  -229.630596  0.000297  0.000029
    19     52    988  -229.630593  0.000299  0.000030
    20     50   1000  -229.630645  0.000296  0.000030
    21     47    987  -229.630594  0.000284  0.000030
    22     45    990  -229.630609  0.000295  0.000031
    23     43    989  -229.630610  0.000304  0.000033
    24     41    984  -229.630577  0.000282  0.000032
    25     40   1000  -229.630644  0.000310  0.000035
Fit (variance): plateau_var = 9.866847e-08 ± 3.268124e-09
Fit (error):    plateau = 0.000314 ± 0.000005
     autocorrelation length ~ 0.9 blocks
     plateau reached at block size ~ 4
Final AFQMC/pt2CCSD overlap ratio: 1.018921 ± 0.000138
Final AFQMC/pt2CCSD energy: -229.630667 ± 0.000314
Total run time: 9830.22

AFQMC Sampling Finished

QMC script: /u/yzhang65/myprojects/software/afqmc/afqmc/scripts/run_afqmc_pt2ccsd.py
  => E_HF(furan)      = -228.7065017898 Eh
  => E_CCSD(furan)    = -229.5847111598 Eh
  => E_AFQMC(furan)   = -229.63067 +/- 0.00031 Eh

============================================================
Running: glyoxal  charge=0  spin=0
============================================================
output file: ../../result/molout/closed_shell/glyoxal_vtzfp.out

Preparing AFQMC calculation
Calculating Cholesky integrals
Alpha Cholesky shape: (823, 138, 138) 
 Beta Cholesky shape: (823, 138, 138) 
Finished calculating Cholesky integrals
Size of the correlation space:
Number of electrons:        [11 11]
Number of basis functions:  134
Number of Cholesky vectors: 823

    ________                     _____                    
    ___  __ \___  __________________(_)_____________ _    
    __  /_/ /  / / /_  __ \_  __ \_  /__  __ \_  __ `/    
    _  _, _// /_/ /_  / / /  / / /  / _  / / /  /_/ /     
    /_/ |_| \__,_/ /_/ /_//_/ /_//_/  /_/ /_/_\__, /      
                                             /____/       
    _____________________________  ___________            
    ___    |__  ____/_  __ \__   |/  /_  ____/            
    __  /| |_  /_   _  / / /_  /|_/ /_  /                 
    _  ___ |  __/   / /_/ /_  /  / / / /___               
    /_/  |_/_/      \___\_\/_/  /_/  \____/               

Hostname:     gpua057.delta.ncsa.illinois.edu
System:       Linux
Node:         gpua057.delta.ncsa.illinois.edu
Release:      5.14.0-427.91.1.el9_4.x86_64
Machine:      x86_64
Processor:    x86_64
JAX backend:  GPU
JAX devices:  [CudaDevice(id=0)]
Device kind:  NVIDIA A100-SXM4-40GB
Platform:     gpu

Load system from Integral File
Maximum memory per walker:            66.67 MB
Maximum number of Cholesky per chunk: 121
Number of Cholesky chunks:            7
Number of Cholesky per chunk:         118
Number of padding Cholesky:           3

QMC System
Number of electrons: (11, 11)
Spin Multiplicity:   0
Number of orbitals:  134
Number of Chol:      823

QMC Parameters
eql_time            :                   50
n_blocks            :                 1000
n_walkers           :                  300
max_error           :                  0.0
seed                :                   17
walker_type         :                  uhf
trial               :             upt2ccsd
mix_precision       :                 True
max_memory          :                20000
dt                  :                0.005
n_exp_terms         :                    6
n_prop_steps        :                   50
save_walkers        :                False
free_projection     :                False
n_batch             :                    1
nchol_chunk         :                  118

Initalize QMC walkers by stochastic CCSD
QMC script: /u/yzhang65/myprojects/software/afqmc/afqmc/scripts/run_afqmc_pt2ccsd.py
  => E_HF(glyoxal)      = -226.6757969473 Eh
  => E_CCSD(glyoxal)    = -227.4488959071 Eh
  => E_AFQMC(glyoxal)   = 0.00000 +/- 0.00000 Eh

============================================================
Running: h2  charge=0  spin=0
============================================================
output file: ../../result/molout/closed_shell/h2_vtzfp.out

Preparing AFQMC calculation
Calculating Cholesky integrals
