Molecules to run: 11
    1. al.xyz
    2. b.xyz
    3. c.xyz
    4. cl.xyz
    5. f.xyz
    6. h.xyz
    7. n.xyz
    8. o.xyz
    9. p.xyz
   10. s.xyz
   11. si.xyz

============================================================
Running: al  charge=0  spin=1
============================================================
output file: ../../result/molout/atom/tz/al_vtzfp.out

Preparing AFQMC calculation
Calculating Cholesky integrals
Alpha Cholesky shape: (193, 29, 29) 
 Beta Cholesky shape: (193, 29, 29) 
Finished calculating Cholesky integrals
Size of the correlation space:
Number of electrons:        [2 1]
Number of basis functions:  29
Number of Cholesky vectors: 193

    ________                     _____                    
    ___  __ \___  __________________(_)_____________ _    
    __  /_/ /  / / /_  __ \_  __ \_  /__  __ \_  __ `/    
    _  _, _// /_/ /_  / / /  / / /  / _  / / /  /_/ /     
    /_/ |_| \__,_/ /_/ /_//_/ /_//_/  /_/ /_/_\__, /      
                                             /____/       
    _____________________________  ___________            
    ___    |__  ____/_  __ \__   |/  /_  ____/            
    __  /| |_  /_   _  / / /_  /|_/ /_  /                 
    _  ___ |  __/   / /_/ /_  /  / / / /___               
    /_/  |_/_/      \___\_\/_/  /_/  \____/               

Hostname:     gpua023.delta.ncsa.illinois.edu
System:       Linux
Node:         gpua023.delta.ncsa.illinois.edu
Release:      5.14.0-427.91.1.el9_4.x86_64
Machine:      x86_64
Processor:    x86_64
JAX backend:  GPU
JAX devices:  [CudaDevice(id=0)]
Device kind:  NVIDIA A100-SXM4-40GB
Platform:     gpu

Load system from Integral File
Maximum memory per walker:            33.33 MB
Maximum number of Cholesky per chunk: 1298
Number of Cholesky chunks:            1
Number of Cholesky per chunk:         193
Number of padding Cholesky:           0

QMC System
Number of electrons: (2, 1)
Spin Multiplicity:   1
Number of orbitals:  29
Number of Chol:      193

QMC Parameters
eql_time            :                   50
n_blocks            :                 1000
n_walkers           :                  300
max_error           :                  0.0
seed                :                   17
walker_type         :                  uhf
trial               :             upt2ccsd
mix_precision       :                 True
max_memory          :                10000
dt                  :                0.005
n_exp_terms         :                    6
n_prop_steps        :                   50
save_walkers        :                False
free_projection     :                False
n_batch             :                    1
nchol_chunk         :                  193

Initalize QMC walkers by HF

Equilibration
inv_T        weight  killW        energy   runTime
 0.00    300.000000      0   -241.879046      9.90
 5.00    300.339773      0   -241.928691     17.64
10.00    300.029477      0   -241.924530     18.44
15.00    300.055660      0   -241.926217     19.24
20.00    299.793839      0   -241.929009     20.04
25.00    300.002640      0   -241.926746     20.84
30.00    299.838295      0   -241.922357     21.63
35.00    299.413436      0   -241.930102     22.43
40.00    299.385302      1   -241.922366     23.23
45.00    299.623411      0   -241.928804     24.03
50.00    299.717037      0   -241.921569     24.83

Sampling
blocks        weight  killW       E_Trial     error     olp_T/G     error  Walltime
    20    299.615399      0   -241.931614  0.000097    1.003608  0.000153   34.23
    40    299.575970      0   -241.931734  0.000080    1.003520  0.000130   35.72
    60    299.556036      0   -241.931769  0.000062    1.003336  0.000147   37.22
    80    299.523499      0   -241.931809  0.000062    1.003087  0.000197   38.71
   100    299.475577      0   -241.931794  0.000054    1.003038  0.000164   40.21
   120    299.403190      0   -241.931801  0.000060    1.003060  0.000145   41.87
   140    299.366670      0   -241.932242  0.000830    1.003067  0.000126   43.47
   160    299.332073      0   -241.932182  0.000727    1.003026  0.000112   45.16
   180    299.311447      0   -241.932136  0.000646    1.003044  0.000097   46.86
   200    299.283733      0   -241.932109  0.000582    1.003071  0.000090   48.52
   220    299.264386      0   -241.932085  0.000529    1.003083  0.000083   50.21
   240    299.247252      0   -241.932058  0.000485    1.003070  0.000080   51.89
   260    299.229944      0   -241.932037  0.000448    1.003094  0.000075   53.58
   280    299.213849      0   -241.932018  0.000416    1.003098  0.000069   55.26
   300    299.194744      0   -241.932011  0.000388    1.003143  0.000072   56.94
   320    299.181099      0   -241.931989  0.000364    1.003164  0.000069   58.63
   340    299.162843      0   -241.931986  0.000343    1.003170  0.000067   60.31
   360    299.142581      0   -241.931992  0.000324    1.003129  0.000069   62.00
   380    299.131616      0   -241.931990  0.000307    1.003117  0.000066   63.67
   400    299.123227      0   -241.931971  0.000291    1.003130  0.000064   65.36
   420    299.113450      0   -241.931968  0.000278    1.003126  0.000062   67.04
   440    299.103041      0   -241.931953  0.000265    1.003121  0.000060   68.72
   460    299.092978      0   -241.931947  0.000254    1.003101  0.000061   70.40
   480    299.085824      0   -241.931939  0.000243    1.003100  0.000060   72.09
   500    299.069699      0   -241.931934  0.000233    1.003119  0.000060   73.76
   520    299.057757      0   -241.931931  0.000224    1.003110  0.000060   75.44
   540    299.051120      0   -241.931919  0.000216    1.003128  0.000060   77.13
   560    299.040243      0   -241.931903  0.000209    1.003130  0.000059   78.81
   580    299.039610      0   -241.931907  0.000201    1.003121  0.000058   80.49
   600    299.031825      0   -241.931907  0.000195    1.003135  0.000057   82.17
   620    299.025302      0   -241.931905  0.000188    1.003148  0.000056   83.85
   640    299.017677      0   -241.931898  0.000183    1.003151  0.000056   85.53
   660    299.013781      0   -241.931893  0.000177    1.003149  0.000054   87.22
   680    299.012344      0   -241.931893  0.000172    1.003141  0.000054   88.90
   700    299.007495      0   -241.931896  0.000167    1.003139  0.000053   90.58
   720    299.007851      0   -241.931897  0.000162    1.003141  0.000052   92.27
   740    299.005407      0   -241.931892  0.000158    1.003140  0.000051   93.95
   760    299.003891      0   -241.931891  0.000154    1.003133  0.000051   95.63
   780    298.999301      0   -241.931881  0.000150    1.003120  0.000052   97.31
   800    298.998088      0   -241.931880  0.000146    1.003132  0.000052   98.98
   820    298.998488      0   -241.931884  0.000143    1.003133  0.000051  100.67
   840    298.996336      0   -241.931881  0.000139    1.003134  0.000051  102.36
   860    298.996340      0   -241.931879  0.000136    1.003129  0.000051  104.03
   880    298.997573      0   -241.931873  0.000133    1.003116  0.000050  105.71
   900    298.995332      0   -241.931869  0.000130    1.003116  0.000051  107.40
   920    298.994345      0   -241.931870  0.000127    1.003119  0.000050  109.07
   940    298.994557      0   -241.931868  0.000125    1.003124  0.000049  110.75
   960    298.995250      0   -241.931865  0.000122    1.003123  0.000048  112.50
   980    298.995330      0   -241.931861  0.000120    1.003114  0.000047  114.20
  1000    298.994504      0   -241.931858  0.000117    1.003110  0.000048  115.89

Post Propagation Process
Total number of samples 1000
Raw Trial/Guide overlap ratio:          1.003110 ± 0.000048
Raw AFQMC/pt2CCSD energy (covariance): -241.931858 ± 0.000117
Raw AFQMC/pt2CCSD energy (dir sample): -241.931858 ± 0.000060

Remove Outliers
removing energies outside zeta > 30
Outlier energy bound [-241.941653, -241.921928]
Removed 1 outliers with energies [-241.99031221]
Clean AFQMC/pt2CCSD overlap ratio:        1.003110 ± 0.000047
Clean AFQMC/pt2CCSD energy (covariance): -241.931799 ± 0.000017
Clean AFQMC/ptCCSD energy (dir sample):  -241.931799 ± 0.000011

Blocking Analysis
nsample = 999, max_block_size = 24, min_nblocks = 40
   B    NB    NS  Observable     Error    dError
   1   999   999    1.003110  0.000015  0.000000
   2   499   998    1.003110  0.000021  0.000001
   3   333   999    1.003110  0.000024  0.000001
   4   249   996    1.003111  0.000027  0.000001
   5   199   995    1.003111  0.000030  0.000001
   6   166   996    1.003111  0.000031  0.000002
   7   142   994    1.003111  0.000033  0.000002
   8   124   992    1.003110  0.000034  0.000002
   9   111   999    1.003110  0.000036  0.000002
  10    99   990    1.003111  0.000036  0.000003
  11    90   990    1.003111  0.000038  0.000003
  12    83   996    1.003111  0.000038  0.000003
  13    76   988    1.003111  0.000040  0.000003
  14    71   994    1.003111  0.000040  0.000003
  15    66   990    1.003111  0.000040  0.000004
  16    62   992    1.003110  0.000042  0.000004
  17    58   986    1.003111  0.000042  0.000004
  18    55   990    1.003111  0.000044  0.000004
  19    52   988    1.003111  0.000045  0.000004
  20    49   980    1.003114  0.000045  0.000005
  21    47   987    1.003111  0.000047  0.000005
  22    45   990    1.003111  0.000044  0.000005
  23    43   989    1.003111  0.000044  0.000005
  24    41   984    1.003112  0.000045  0.000005
Fit (variance): plateau_var = 2.298e-09 ± 2.845e-10
Fit (error):    plateau = 0.000048 ± 0.000003
     autocorrelation length ~ 11.3 blocks
     plateau reached at block size ~ 52
     !!!Failed to reach plateau in blocking
     Return max block error
nclean = 999, max_block_size = 24, min_nblocks = 40
Blk_SZ   NBlk   NSmp      Energy     Error    dError
     1    999    999  -241.931785  0.000011  0.000000
     2    499    998  -241.931786  0.000014  0.000000
     3    333    999  -241.931787  0.000014  0.000001
     4    249    996  -241.931786  0.000015  0.000001
     5    199    995  -241.931787  0.000016  0.000001
     6    166    996  -241.931787  0.000016  0.000001
     7    142    994  -241.931788  0.000016  0.000001
     8    124    992  -241.931789  0.000017  0.000001
     9    111    999  -241.931790  0.000017  0.000001
    10     99    990  -241.931789  0.000018  0.000001
    11     90    990  -241.931789  0.000018  0.000001
    12     83    996  -241.931789  0.000018  0.000001
    13     76    988  -241.931789  0.000019  0.000002
    14     71    994  -241.931790  0.000017  0.000001
    15     66    990  -241.931792  0.000020  0.000002
    16     62    992  -241.931791  0.000018  0.000002
    17     58    986  -241.931791  0.000018  0.000002
    18     55    990  -241.931791  0.000018  0.000002
    19     52    988  -241.931792  0.000020  0.000002
    20     49    980  -241.931793  0.000019  0.000002
    21     47    987  -241.931792  0.000019  0.000002
    22     45    990  -241.931792  0.000020  0.000002
    23     43    989  -241.931794  0.000021  0.000002
    24     41    984  -241.931795  0.000020  0.000002
Fit (variance): plateau_var = 3.575939e-10 ± 2.264180e-11
Fit (error):    plateau = 0.000019 ± 0.000001
     autocorrelation length ~ 4.7 blocks
     plateau reached at block size ~ 21
Final AFQMC/pt2CCSD overlap ratio: 1.003110 ± 0.000047
Final AFQMC/pt2CCSD energy: -241.931799 ± 0.000019
Total run time: 124.15

AFQMC Sampling Finished

QMC script: /u/yzhang65/myprojects/software/afqmc/afqmc/scripts/run_afqmc_pt2ccsd_new.py
  => E_HF(al)      = -241.8790456268 Eh
  => E_CCSD(al)    = -241.9300602170 Eh
  => E_AFQMC(al)   = -241.93180 +/- 0.00002 Eh

============================================================
Running: b  charge=0  spin=1
============================================================
output file: ../../result/molout/atom/tz/b_vtzfp.out

Preparing AFQMC calculation
Calculating Cholesky integrals
Alpha Cholesky shape: (173, 29, 29) 
 Beta Cholesky shape: (173, 29, 29) 
Finished calculating Cholesky integrals
Size of the correlation space:
Number of electrons:        [2 1]
Number of basis functions:  29
Number of Cholesky vectors: 173

    ________                     _____                    
    ___  __ \___  __________________(_)_____________ _    
    __  /_/ /  / / /_  __ \_  __ \_  /__  __ \_  __ `/    
    _  _, _// /_/ /_  / / /  / / /  / _  / / /  /_/ /     
    /_/ |_| \__,_/ /_/ /_//_/ /_//_/  /_/ /_/_\__, /      
                                             /____/       
    _____________________________  ___________            
    ___    |__  ____/_  __ \__   |/  /_  ____/            
    __  /| |_  /_   _  / / /_  /|_/ /_  /                 
    _  ___ |  __/   / /_/ /_  /  / / / /___               
    /_/  |_/_/      \___\_\/_/  /_/  \____/               

Hostname:     gpua023.delta.ncsa.illinois.edu
System:       Linux
Node:         gpua023.delta.ncsa.illinois.edu
Release:      5.14.0-427.91.1.el9_4.x86_64
Machine:      x86_64
Processor:    x86_64
JAX backend:  GPU
JAX devices:  [CudaDevice(id=0)]
Device kind:  NVIDIA A100-SXM4-40GB
Platform:     gpu

Load system from Integral File
Maximum memory per walker:            33.33 MB
Maximum number of Cholesky per chunk: 1298
Number of Cholesky chunks:            1
Number of Cholesky per chunk:         173
Number of padding Cholesky:           0

QMC System
Number of electrons: (2, 1)
Spin Multiplicity:   1
Number of orbitals:  29
Number of Chol:      173

QMC Parameters
eql_time            :                   50
n_blocks            :                 1000
n_walkers           :                  300
max_error           :                  0.0
seed                :                   17
walker_type         :                  uhf
trial               :             upt2ccsd
mix_precision       :                 True
max_memory          :                10000
dt                  :                0.005
n_exp_terms         :                    6
n_prop_steps        :                   50
save_walkers        :                False
free_projection     :                False
n_batch             :                    1
nchol_chunk         :                  173

Initalize QMC walkers by HF

Equilibration
inv_T        weight  killW        energy   runTime
 0.00    300.000000      0    -24.532068      5.54
 5.00    300.338597      0    -24.589754     12.17
10.00    300.034179      1    -24.594791     12.94
15.00    299.790275      0    -24.589868     13.71
20.00    299.600049      1    -24.595593     14.49
25.00    299.739048      0    -24.598984     15.27
30.00    299.599338      0    -24.592460     16.04
35.00    299.649454      1    -24.591179     16.82
40.00    299.311746      1    -24.590234     17.59
45.00    299.874761      0    -24.593579     18.36
50.00    299.839590      0    -24.594613     19.14

Sampling
blocks        weight  killW       E_Trial     error     olp_T/G     error  Walltime
    20    299.755974      0    -24.598824  0.000114    1.000992  0.000123   27.71
    40    299.621108      0    -24.598806  0.000091    1.001182  0.000133   29.12
    60    299.524969      0    -24.598726  0.000069    1.001198  0.000087   30.53
    80    299.450838      0    -24.598731  0.000059    1.001231  0.000073   31.95
   100    299.368339      0    -24.598726  0.000051    1.001231  0.000058   33.40
   120    299.319707      0    -24.598718  0.000045    1.001196  0.000054   34.84
   140    299.279261      0    -24.598731  0.000042    1.001232  0.000052   36.25
   160    299.224154      0    -24.598719  0.000041    1.001250  0.000047   37.67
   180    299.179205      0    -24.598734  0.000038    1.001276  0.000046   39.08
   200    299.138541      0    -24.598717  0.000038    1.001279  0.000041   40.49
   220    299.092962      0    -24.598709  0.000036    1.001293  0.000040   41.99
   240    299.058787      0    -24.598719  0.000034    1.001295  0.000036   43.49
   260    299.038305      0    -24.598704  0.000032    1.001293  0.000033   44.98
   280    299.009964      0    -24.598705  0.000030    1.001297  0.000031   46.48
   300    298.983575      0    -24.598700  0.000029    1.001305  0.000030   47.98
   320    298.957580      0    -24.598704  0.000028    1.001297  0.000029   49.47
   340    298.941912      0    -24.598693  0.000027    1.001311  0.000030   50.96
   360    298.926768      0    -24.598699  0.000026    1.001317  0.000028   52.53
   380    298.915004      0    -24.598693  0.000026    1.001334  0.000030   54.02
   400    298.898099      0    -24.598692  0.000025    1.001343  0.000030   55.51
   420    298.881585      0    -24.598700  0.000024    1.001341  0.000029   57.00
   440    298.875795      0    -24.598712  0.000025    1.001342  0.000028   58.56
   460    298.868000      0    -24.598708  0.000025    1.001332  0.000028   60.06
   480    298.861460      0    -24.598714  0.000024    1.001329  0.000028   61.56
   500    298.857988      0    -24.598710  0.000023    1.001326  0.000027   63.04
   520    298.851871      0    -24.598712  0.000023    1.001322  0.000026   64.54
   540    298.843215      0    -24.598716  0.000022    1.001329  0.000026   66.03
   560    298.834456      0    -24.598715  0.000022    1.001327  0.000027   67.60
   580    298.829454      0    -24.598711  0.000021    1.001328  0.000026   69.09
   600    298.828031      0    -24.598710  0.000021    1.001339  0.000027   70.58
   620    298.823261      0    -24.598714  0.000020    1.001345  0.000028   72.07
   640    298.817466      0    -24.598715  0.000020    1.001349  0.000028   73.58
   660    298.810279      0    -24.598714  0.000020    1.001356  0.000028   75.15
   680    298.806057      0    -24.598714  0.000020    1.001348  0.000028   76.64
   700    298.802955      0    -24.598717  0.000020    1.001347  0.000027   78.12
   720    298.796489      0    -24.598715  0.000019    1.001351  0.000026   79.61
   740    298.795869      0    -24.598711  0.000019    1.001355  0.000026   81.10
   760    298.792010      0    -24.598711  0.000019    1.001363  0.000027   82.67
   780    298.788154      0    -24.598709  0.000019    1.001373  0.000029   84.16
   800    298.784204      0    -24.598707  0.000018    1.001365  0.000029   85.66
   820    298.779434      0    -24.598708  0.000018    1.001364  0.000028   87.16
   840    298.773549      0    -24.598706  0.000018    1.001356  0.000028   88.66
   860    298.769671      0    -24.598704  0.000018    1.001355  0.000028   90.15
   880    298.769560      0    -24.598703  0.000018    1.001353  0.000027   91.65
   900    298.768419      0    -24.598698  0.000018    1.001353  0.000027   93.22
   920    298.767331      0    -24.598698  0.000017    1.001355  0.000026   94.74
   940    298.763854      0    -24.598697  0.000017    1.001354  0.000026   96.23
   960    298.761417      0    -24.598702  0.000018    1.001352  0.000025   97.73
   980    298.759512      0    -24.598705  0.000017    1.001353  0.000025   99.22
  1000    298.759933      0    -24.598703  0.000017    1.001360  0.000025  100.71

Post Propagation Process
Total number of samples 1000
Raw Trial/Guide overlap ratio:          1.001360 ± 0.000025
Raw AFQMC/pt2CCSD energy (covariance): -24.598703 ± 0.000017
Raw AFQMC/pt2CCSD energy (dir sample): -24.598703 ± 0.000013

Remove Outliers
removing energies outside zeta > 30
Outlier energy bound [-24.607977, -24.589385]
Removed 0 outliers with energies []
Clean AFQMC/pt2CCSD overlap ratio:        1.001360 ± 0.000025
Clean AFQMC/pt2CCSD energy (covariance): -24.598703 ± 0.000017
Clean AFQMC/ptCCSD energy (dir sample):  -24.598703 ± 0.000013

Blocking Analysis
nsample = 1000, max_block_size = 25, min_nblocks = 40
   B    NB    NS  Observable     Error    dError
   1  1000  1000    1.001360  0.000009  0.000000
   2   500  1000    1.001360  0.000012  0.000000
   3   333   999    1.001360  0.000014  0.000001
   4   250  1000    1.001360  0.000016  0.000001
   5   200  1000    1.001360  0.000017  0.000001
   6   166   996    1.001359  0.000018  0.000001
   7   142   994    1.001358  0.000019  0.000001
   8   125  1000    1.001360  0.000020  0.000001
   9   111   999    1.001360  0.000020  0.000001
  10   100  1000    1.001360  0.000021  0.000001
  11    90   990    1.001356  0.000021  0.000002
  12    83   996    1.001359  0.000022  0.000002
  13    76   988    1.001355  0.000022  0.000002
  14    71   994    1.001358  0.000023  0.000002
  15    66   990    1.001356  0.000022  0.000002
  16    62   992    1.001357  0.000023  0.000002
  17    58   986    1.001354  0.000023  0.000002
  18    55   990    1.001356  0.000023  0.000002
  19    52   988    1.001355  0.000024  0.000002
  20    50  1000    1.001360  0.000025  0.000003
  21    47   987    1.001355  0.000024  0.000003
  22    45   990    1.001356  0.000024  0.000003
  23    43   989    1.001355  0.000024  0.000003
  24    41   984    1.001353  0.000025  0.000003
  25    40  1000    1.001360  0.000025  0.000003
Fit (variance): plateau_var = 6.157e-10 ± 5.442e-11
Fit (error):    plateau = 0.000025 ± 0.000001
     autocorrelation length ~ 8.2 blocks
     plateau reached at block size ~ 38
     !!!Failed to reach plateau in blocking
     Return max block error
nclean = 1000, max_block_size = 25, min_nblocks = 40
Blk_SZ   NBlk   NSmp      Energy     Error    dError
     1   1000   1000  -24.598690  0.000013  0.000000
     2    500   1000  -24.598691  0.000015  0.000000
     3    333    999  -24.598693  0.000016  0.000001
     4    250   1000  -24.598693  0.000016  0.000001
     5    200   1000  -24.598694  0.000017  0.000001
     6    166    996  -24.598695  0.000017  0.000001
     7    142    994  -24.598697  0.000018  0.000001
     8    125   1000  -24.598695  0.000016  0.000001
     9    111    999  -24.598695  0.000017  0.000001
    10    100   1000  -24.598698  0.000017  0.000001
    11     90    990  -24.598699  0.000017  0.000001
    12     83    996  -24.598697  0.000017  0.000001
    13     76    988  -24.598699  0.000016  0.000001
    14     71    994  -24.598699  0.000017  0.000001
    15     66    990  -24.598700  0.000017  0.000001
    16     62    992  -24.598699  0.000016  0.000001
    17     58    986  -24.598699  0.000017  0.000002
    18     55    990  -24.598701  0.000016  0.000002
    19     52    988  -24.598701  0.000017  0.000002
    20     50   1000  -24.598699  0.000016  0.000002
    21     47    987  -24.598702  0.000018  0.000002
    22     45    990  -24.598702  0.000016  0.000002
    23     43    989  -24.598702  0.000014  0.000002
    24     41    984  -24.598701  0.000016  0.000002
    25     40   1000  -24.598700  0.000014  0.000002
Fit (variance): plateau_var = 2.684443e-10 ± 9.582919e-12
Fit (error):    plateau = 0.000016 ± 0.000000
     autocorrelation length ~ 1.3 blocks
     plateau reached at block size ~ 6
Final AFQMC/pt2CCSD overlap ratio: 1.001360 ± 0.000025
Final AFQMC/pt2CCSD energy: -24.598703 ± 0.000016
Total run time: 109.16

AFQMC Sampling Finished

QMC script: /u/yzhang65/myprojects/software/afqmc/afqmc/scripts/run_afqmc_pt2ccsd_new.py
  => E_HF(b)      = -24.5320678037 Eh
  => E_CCSD(b)    = -24.5967859881 Eh
  => E_AFQMC(b)   = -24.59870 +/- 0.00002 Eh

============================================================
Running: c  charge=0  spin=2
============================================================
output file: ../../result/molout/atom/tz/c_vtzfp.out

Preparing AFQMC calculation
Calculating Cholesky integrals
Alpha Cholesky shape: (175, 29, 29) 
 Beta Cholesky shape: (175, 29, 29) 
Finished calculating Cholesky integrals
Size of the correlation space:
Number of electrons:        [3 1]
Number of basis functions:  29
Number of Cholesky vectors: 175

    ________                     _____                    
    ___  __ \___  __________________(_)_____________ _    
    __  /_/ /  / / /_  __ \_  __ \_  /__  __ \_  __ `/    
    _  _, _// /_/ /_  / / /  / / /  / _  / / /  /_/ /     
    /_/ |_| \__,_/ /_/ /_//_/ /_//_/  /_/ /_/_\__, /      
                                             /____/       
    _____________________________  ___________            
    ___    |__  ____/_  __ \__   |/  /_  ____/            
    __  /| |_  /_   _  / / /_  /|_/ /_  /                 
    _  ___ |  __/   / /_/ /_  /  / / / /___               
    /_/  |_/_/      \___\_\/_/  /_/  \____/               

Hostname:     gpua023.delta.ncsa.illinois.edu
System:       Linux
Node:         gpua023.delta.ncsa.illinois.edu
Release:      5.14.0-427.91.1.el9_4.x86_64
Machine:      x86_64
Processor:    x86_64
JAX backend:  GPU
JAX devices:  [CudaDevice(id=0)]
Device kind:  NVIDIA A100-SXM4-40GB
Platform:     gpu

Load system from Integral File
Maximum memory per walker:            33.33 MB
Maximum number of Cholesky per chunk: 1298
Number of Cholesky chunks:            1
Number of Cholesky per chunk:         175
Number of padding Cholesky:           0

QMC System
Number of electrons: (3, 1)
Spin Multiplicity:   2
Number of orbitals:  29
Number of Chol:      175

QMC Parameters
eql_time            :                   50
n_blocks            :                 1000
n_walkers           :                  300
max_error           :                  0.0
seed                :                   17
walker_type         :                  uhf
trial               :             upt2ccsd
mix_precision       :                 True
max_memory          :                10000
dt                  :                0.005
n_exp_terms         :                    6
n_prop_steps        :                   50
save_walkers        :                False
free_projection     :                False
n_batch             :                    1
nchol_chunk         :                  175

Initalize QMC walkers by HF

Equilibration
inv_T        weight  killW        energy   runTime
 0.00    300.000000      0    -37.691569      6.07
 5.00    300.819222      0    -37.776800     12.87
10.00    300.542741      0    -37.781363     13.65
15.00    300.077142      0    -37.789025     14.43
20.00    300.587482      0    -37.777657     15.21
25.00    300.028103      0    -37.778137     15.99
30.00    300.104050      1    -37.778871     16.77
35.00    300.217414      0    -37.771919     17.56
40.00    299.994883      0    -37.784137     18.34
45.00    300.193017      0    -37.781933     19.12
50.00    300.103316      0    -37.774395     19.90

Sampling
blocks        weight  killW       E_Trial     error     olp_T/G     error  Walltime
    20    299.945212      0    -37.781430  0.000471    1.000655  0.000048   28.62
    40    299.819524      0    -37.781325  0.000237    1.000646  0.000026   30.07
    60    299.791970      0    -37.781240  0.000161    1.000653  0.000034   31.50
    80    299.722915      0    -37.781319  0.000126    1.000651  0.000025   32.94
   100    299.614834      0    -37.781280  0.000102    1.000659  0.000024   34.37
   120    299.535362      0    -37.781279  0.000088    1.000619  0.000034   35.81
   140    299.436602      0    -37.781262  0.000077    1.000626  0.000031   37.25
   160    299.381007      0    -37.781293  0.000070    1.000605  0.000031   38.68
   180    299.332568      0    -37.781288  0.000063    1.000589  0.000031   40.18
   200    299.283466      0    -37.781283  0.000058    1.000582  0.000031   41.62
   220    299.241004      0    -37.781263  0.000054    1.000587  0.000029   43.05
   240    299.206172      0    -37.781258  0.000050    1.000592  0.000027   44.49
   260    299.171139      0    -37.781245  0.000048    1.000597  0.000025   46.01
   280    299.140866      0    -37.781237  0.000045    1.000606  0.000024   47.54
   300    299.107538      0    -37.781232  0.000043    1.000604  0.000022   49.05
   320    299.078566      0    -37.781224  0.000041    1.000603  0.000021   50.57
   340    299.055189      0    -37.781227  0.000039    1.000607  0.000020   52.09
   360    299.039100      0    -37.781225  0.000038    1.000601  0.000020   53.60
   380    299.026090      0    -37.781217  0.000036    1.000602  0.000020   55.19
   400    299.018543      0    -37.781216  0.000034    1.000599  0.000019   56.71
   420    299.007697      0    -37.781212  0.000034    1.000598  0.000018   58.22
   440    298.994436      0    -37.781215  0.000033    1.000593  0.000019   59.74
   460    298.983801      0    -37.781214  0.000032    1.000595  0.000019   61.24
   480    298.971498      0    -37.781207  0.000031    1.000604  0.000019   62.75
   500    298.961688      0    -37.781210  0.000030    1.000603  0.000018   64.27
   520    298.956452      0    -37.781209  0.000029    1.000603  0.000018   65.78
   540    298.948593      0    -37.781202  0.000028    1.000599  0.000018   67.29
   560    298.942178      0    -37.781199  0.000027    1.000600  0.000017   68.81
   580    298.934187      0    -37.781198  0.000027    1.000596  0.000017   70.40
   600    298.927311      0    -37.781196  0.000026    1.000596  0.000016   71.92
   620    298.917807      0    -37.781189  0.000025    1.000594  0.000016   73.44
   640    298.912529      0    -37.781187  0.000025    1.000596  0.000015   74.96
   660    298.909056      0    -37.781186  0.000024    1.000602  0.000015   76.48
   680    298.903844      0    -37.781186  0.000024    1.000603  0.000017   77.99
   700    298.899444      0    -37.781185  0.000023    1.000600  0.000016   79.50
   720    298.892363      0    -37.781183  0.000023    1.000596  0.000017   81.02
   740    298.891977      0    -37.781185  0.000022    1.000596  0.000017   82.54
   760    298.886870      0    -37.781185  0.000022    1.000598  0.000016   84.05
   780    298.881360      0    -37.781186  0.000022    1.000600  0.000016   85.57
   800    298.878441      0    -37.781191  0.000021    1.000599  0.000015   87.08
   820    298.875554      0    -37.781188  0.000021    1.000602  0.000015   88.60
   840    298.872280      0    -37.781186  0.000021    1.000603  0.000015   90.12
   860    298.870872      0    -37.781193  0.000022    1.000604  0.000015   91.64
   880    298.867970      0    -37.781195  0.000022    1.000604  0.000015   93.24
   900    298.863580      0    -37.781192  0.000021    1.000606  0.000015   94.68
   920    298.857304      0    -37.781190  0.000021    1.000606  0.000014   96.20
   940    298.854302      0    -37.781193  0.000021    1.000607  0.000014   97.80
   960    298.850561      0    -37.781195  0.000020    1.000606  0.000014   99.32
   980    298.848346      0    -37.781199  0.000020    1.000608  0.000013  100.77
  1000    298.848339      0    -37.781197  0.000020    1.000607  0.000013  102.28

Post Propagation Process
Total number of samples 1000
Raw Trial/Guide overlap ratio:          1.000607 ± 0.000013
Raw AFQMC/pt2CCSD energy (covariance): -37.781197 ± 0.000020
Raw AFQMC/pt2CCSD energy (dir sample): -37.781197 ± 0.000014

Remove Outliers
removing energies outside zeta > 30
Outlier energy bound [-37.790479, -37.771840]
Removed 0 outliers with energies []
Clean AFQMC/pt2CCSD overlap ratio:        1.000607 ± 0.000013
Clean AFQMC/pt2CCSD energy (covariance): -37.781197 ± 0.000020
Clean AFQMC/ptCCSD energy (dir sample):  -37.781197 ± 0.000014

Blocking Analysis
nsample = 1000, max_block_size = 25, min_nblocks = 40
   B    NB    NS  Observable     Error    dError
   1  1000  1000    1.000607  0.000006  0.000000
   2   500  1000    1.000607  0.000008  0.000000
   3   333   999    1.000607  0.000009  0.000000
   4   250  1000    1.000607  0.000009  0.000000
   5   200  1000    1.000607  0.000010  0.000001
   6   166   996    1.000607  0.000010  0.000001
   7   142   994    1.000607  0.000011  0.000001
   8   125  1000    1.000607  0.000011  0.000001
   9   111   999    1.000607  0.000011  0.000001
  10   100  1000    1.000607  0.000012  0.000001
  11    90   990    1.000607  0.000012  0.000001
  12    83   996    1.000607  0.000011  0.000001
  13    76   988    1.000607  0.000012  0.000001
  14    71   994    1.000607  0.000012  0.000001
  15    66   990    1.000607  0.000011  0.000001
  16    62   992    1.000607  0.000012  0.000001
  17    58   986    1.000608  0.000013  0.000001
  18    55   990    1.000607  0.000011  0.000001
  19    52   988    1.000607  0.000011  0.000001
  20    50  1000    1.000607  0.000012  0.000001
  21    47   987    1.000607  0.000013  0.000001
  22    45   990    1.000607  0.000011  0.000001
  23    43   989    1.000607  0.000012  0.000001
  24    41   984    1.000608  0.000012  0.000001
  25    40  1000    1.000607  0.000011  0.000001
Fit (variance): plateau_var = 1.396e-10 ± 7.464e-12
Fit (error):    plateau = 0.000012 ± 0.000000
     autocorrelation length ~ 4.2 blocks
     plateau reached at block size ~ 19
nclean = 1000, max_block_size = 25, min_nblocks = 40
Blk_SZ   NBlk   NSmp      Energy     Error    dError
     1   1000   1000  -37.781189  0.000014  0.000000
     2    500   1000  -37.781191  0.000015  0.000000
     3    333    999  -37.781191  0.000016  0.000001
     4    250   1000  -37.781192  0.000016  0.000001
     5    200   1000  -37.781192  0.000017  0.000001
     6    166    996  -37.781193  0.000018  0.000001
     7    142    994  -37.781195  0.000018  0.000001
     8    125   1000  -37.781193  0.000018  0.000001
     9    111    999  -37.781194  0.000018  0.000001
    10    100   1000  -37.781193  0.000019  0.000001
    11     90    990  -37.781196  0.000019  0.000001
    12     83    996  -37.781195  0.000018  0.000001
    13     76    988  -37.781197  0.000017  0.000001
    14     71    994  -37.781196  0.000017  0.000001
    15     66    990  -37.781197  0.000017  0.000002
    16     62    992  -37.781196  0.000018  0.000002
    17     58    986  -37.781196  0.000018  0.000002
    18     55    990  -37.781197  0.000017  0.000002
    19     52    988  -37.781198  0.000019  0.000002
    20     50   1000  -37.781195  0.000018  0.000002
    21     47    987  -37.781197  0.000017  0.000002
    22     45    990  -37.781198  0.000017  0.000002
    23     43    989  -37.781197  0.000016  0.000002
    24     41    984  -37.781198  0.000018  0.000002
    25     40   1000  -37.781195  0.000017  0.000002
Fit (variance): plateau_var = 3.178523e-10 ± 1.387856e-11
Fit (error):    plateau = 0.000018 ± 0.000000
     autocorrelation length ~ 2.6 blocks
     plateau reached at block size ~ 11
Final AFQMC/pt2CCSD overlap ratio: 1.000607 ± 0.000012
Final AFQMC/pt2CCSD energy: -37.781197 ± 0.000018
Total run time: 110.72

AFQMC Sampling Finished

QMC script: /u/yzhang65/myprojects/software/afqmc/afqmc/scripts/run_afqmc_pt2ccsd_new.py
  => E_HF(c)      = -37.6915691727 Eh
  => E_CCSD(c)    = -37.7787254385 Eh
  => E_AFQMC(c)   = -37.78120 +/- 0.00002 Eh

============================================================
Running: cl  charge=0  spin=1
============================================================
output file: ../../result/molout/atom/tz/cl_vtzfp.out

Preparing AFQMC calculation
Calculating Cholesky integrals
Alpha Cholesky shape: (186, 29, 29) 
 Beta Cholesky shape: (186, 29, 29) 
Finished calculating Cholesky integrals
Size of the correlation space:
Number of electrons:        [4 3]
Number of basis functions:  29
Number of Cholesky vectors: 186

    ________                     _____                    
    ___  __ \___  __________________(_)_____________ _    
    __  /_/ /  / / /_  __ \_  __ \_  /__  __ \_  __ `/    
    _  _, _// /_/ /_  / / /  / / /  / _  / / /  /_/ /     
    /_/ |_| \__,_/ /_/ /_//_/ /_//_/  /_/ /_/_\__, /      
                                             /____/       
    _____________________________  ___________            
    ___    |__  ____/_  __ \__   |/  /_  ____/            
    __  /| |_  /_   _  / / /_  /|_/ /_  /                 
    _  ___ |  __/   / /_/ /_  /  / / / /___               
    /_/  |_/_/      \___\_\/_/  /_/  \____/               

Hostname:     gpua023.delta.ncsa.illinois.edu
System:       Linux
Node:         gpua023.delta.ncsa.illinois.edu
Release:      5.14.0-427.91.1.el9_4.x86_64
Machine:      x86_64
Processor:    x86_64
JAX backend:  GPU
JAX devices:  [CudaDevice(id=0)]
Device kind:  NVIDIA A100-SXM4-40GB
Platform:     gpu

Load system from Integral File
Maximum memory per walker:            33.33 MB
Maximum number of Cholesky per chunk: 1298
Number of Cholesky chunks:            1
Number of Cholesky per chunk:         186
Number of padding Cholesky:           0

QMC System
Number of electrons: (4, 3)
Spin Multiplicity:   1
Number of orbitals:  29
Number of Chol:      186

QMC Parameters
eql_time            :                   50
n_blocks            :                 1000
n_walkers           :                  300
max_error           :                  0.0
seed                :                   17
walker_type         :                  uhf
trial               :             upt2ccsd
mix_precision       :                 True
max_memory          :                10000
dt                  :                0.005
n_exp_terms         :                    6
n_prop_steps        :                   50
save_walkers        :                False
free_projection     :                False
n_batch             :                    1
nchol_chunk         :                  186

Initalize QMC walkers by HF

Equilibration
inv_T        weight  killW        energy   runTime
 0.00    300.000000      0   -459.485437      6.04
 5.00    301.977757      0   -459.673252     12.96
10.00    301.982693      0   -459.658853     13.82
15.00    302.029883      1   -459.677681     14.67
20.00    301.813163      0   -459.665383     15.53
25.00    302.211886      0   -459.669703     16.39
30.00    301.267529      1   -459.659910     17.24
35.00    301.504920      0   -459.679250     18.10
40.00    301.769829      0   -459.671331     18.96
45.00    301.327013      0   -459.670022     19.81
50.00    301.583524      0   -459.666809     20.67

Sampling
blocks        weight  killW       E_Trial     error     olp_T/G     error  Walltime
    20    301.412166      0   -459.672130  0.000182    1.001005  0.000046   28.93
    40    301.266934      0   -459.672189  0.000165    1.000903  0.000066   30.38
    60    301.066285      0   -459.672222  0.000145    1.000896  0.000045   31.82
    80    300.888220      0   -459.672291  0.000119    1.000910  0.000035   33.28
   100    300.701222      0   -459.672318  0.000106    1.000955  0.000044   34.72
   120    300.548958      0   -459.672373  0.000098    1.000967  0.000040   36.17
   140    300.410103      0   -459.672361  0.000088    1.000963  0.000037   37.64
   160    300.281398      0   -459.672353  0.000083    1.000973  0.000035   39.13
   180    300.172415      0   -459.672390  0.000081    1.000974  0.000031   40.62
   200    300.076790      0   -459.672348  0.000076    1.000980  0.000029   42.18
   220    299.991189      0   -459.672384  0.000073    1.000978  0.000026   43.81
   240    299.922315      0   -459.672391  0.000071    1.000972  0.000026   45.30
   260    299.855303      0   -459.672403  0.000068    1.000968  0.000024   46.87
   280    299.794746      0   -459.672395  0.000064    1.000962  0.000023   48.44
   300    299.731784      0   -459.672401  0.000061    1.000961  0.000021   50.00
   320    299.686940      0   -459.672434  0.000059    1.000954  0.000021   51.56
   340    299.646464      0   -459.672432  0.000058    1.000950  0.000020   53.13
   360    299.614397      0   -459.672440  0.000055    1.000949  0.000019   54.69
   380    299.580321      0   -459.672424  0.000054    1.000945  0.000018   56.25
   400    299.545554      0   -459.672421  0.000057    1.000943  0.000018   57.82
   420    299.522640      0   -459.672419  0.000055    1.000937  0.000018   59.37
   440    299.493279      0   -459.672387  0.000077    1.000940  0.000017   60.94
   460    299.464108      0   -459.672390  0.000074    1.000935  0.000016   62.50
   480    299.437078      0   -459.672405  0.000072    1.000934  0.000016   64.08
   500    299.416564      0   -459.672398  0.000070    1.000939  0.000016   65.62
   520    299.398976      0   -459.672403  0.000068    1.000935  0.000016   67.20
   540    299.375775      0   -459.672387  0.000066    1.000939  0.000015   68.75
   560    299.361034      0   -459.672394  0.000064    1.000944  0.000016   70.31
   580    299.343996      0   -459.672407  0.000062    1.000946  0.000016   71.88
   600    299.325822      0   -459.672417  0.000060    1.000947  0.000015   73.44
   620    299.307654      0   -459.672429  0.000059    1.000945  0.000015   75.01
   640    299.297349      0   -459.672417  0.000058    1.000946  0.000015   76.56
   660    299.283445      0   -459.672420  0.000056    1.000952  0.000016   78.13
   680    299.274040      0   -459.672421  0.000055    1.000954  0.000015   79.69
   700    299.262962      0   -459.672420  0.000054    1.000952  0.000015   81.25
   720    299.255685      0   -459.672408  0.000053    1.000950  0.000015   82.81
   740    299.243140      0   -459.672413  0.000052    1.000947  0.000014   84.38
   760    299.232958      0   -459.672408  0.000050    1.000951  0.000016   85.94
   780    299.223103      0   -459.672404  0.000049    1.000952  0.000015   87.50
   800    299.217990      0   -459.672409  0.000048    1.000952  0.000015   89.08
   820    299.209497      0   -459.672402  0.000048    1.000954  0.000015   90.63
   840    299.200135      0   -459.672406  0.000047    1.000953  0.000015   92.19
   860    299.194587      0   -459.672403  0.000046    1.000950  0.000015   93.75
   880    299.188689      0   -459.672399  0.000045    1.000950  0.000014   95.32
   900    299.183619      0   -459.672402  0.000045    1.000950  0.000014   96.88
   920    299.175983      0   -459.672408  0.000044    1.000949  0.000014   98.44
   940    299.167589      0   -459.672404  0.000043    1.000946  0.000014  100.00
   960    299.161760      0   -459.672411  0.000043    1.000946  0.000013  101.57
   980    299.155317      0   -459.672414  0.000043    1.000946  0.000013  103.20
  1000    299.148471      0   -459.672412  0.000042    1.000944  0.000013  104.77

Post Propagation Process
Total number of samples 1000
Raw Trial/Guide overlap ratio:          1.000944 ± 0.000013
Raw AFQMC/pt2CCSD energy (covariance): -459.672412 ± 0.000042
Raw AFQMC/pt2CCSD energy (dir sample): -459.672412 ± 0.000028

Remove Outliers
removing energies outside zeta > 30
Outlier energy bound [-459.694947, -459.649671]
Removed 0 outliers with energies []
Clean AFQMC/pt2CCSD overlap ratio:        1.000944 ± 0.000013
Clean AFQMC/pt2CCSD energy (covariance): -459.672412 ± 0.000042
Clean AFQMC/ptCCSD energy (dir sample):  -459.672412 ± 0.000028

Blocking Analysis
nsample = 1000, max_block_size = 25, min_nblocks = 40
   B    NB    NS  Observable     Error    dError
   1  1000  1000    1.000944  0.000006  0.000000
   2   500  1000    1.000944  0.000008  0.000000
   3   333   999    1.000944  0.000009  0.000000
   4   250  1000    1.000944  0.000009  0.000000
   5   200  1000    1.000944  0.000010  0.000000
   6   166   996    1.000944  0.000010  0.000001
   7   142   994    1.000944  0.000011  0.000001
   8   125  1000    1.000944  0.000011  0.000001
   9   111   999    1.000944  0.000010  0.000001
  10   100  1000    1.000944  0.000011  0.000001
  11    90   990    1.000945  0.000011  0.000001
  12    83   996    1.000944  0.000011  0.000001
  13    76   988    1.000944  0.000011  0.000001
  14    71   994    1.000944  0.000012  0.000001
  15    66   990    1.000945  0.000012  0.000001
  16    62   992    1.000944  0.000012  0.000001
  17    58   986    1.000945  0.000011  0.000001
  18    55   990    1.000945  0.000011  0.000001
  19    52   988    1.000944  0.000013  0.000001
  20    50  1000    1.000944  0.000012  0.000001
  21    47   987    1.000944  0.000012  0.000001
  22    45   990    1.000945  0.000012  0.000001
  23    43   989    1.000945  0.000011  0.000001
  24    41   984    1.000945  0.000012  0.000001
  25    40  1000    1.000944  0.000011  0.000001
Fit (variance): plateau_var = 1.282e-10 ± 6.703e-12
Fit (error):    plateau = 0.000011 ± 0.000000
     autocorrelation length ~ 3.7 blocks
     plateau reached at block size ~ 17
nclean = 1000, max_block_size = 25, min_nblocks = 40
Blk_SZ   NBlk   NSmp      Energy     Error    dError
     1   1000   1000  -459.672395  0.000028  0.000001
     2    500   1000  -459.672399  0.000032  0.000001
     3    333    999  -459.672403  0.000035  0.000001
     4    250   1000  -459.672404  0.000035  0.000002
     5    200   1000  -459.672405  0.000035  0.000002
     6    166    996  -459.672405  0.000037  0.000002
     7    142    994  -459.672406  0.000037  0.000002
     8    125   1000  -459.672407  0.000037  0.000002
     9    111    999  -459.672409  0.000038  0.000003
    10    100   1000  -459.672409  0.000036  0.000003
    11     90    990  -459.672407  0.000038  0.000003
    12     83    996  -459.672408  0.000038  0.000003
    13     76    988  -459.672407  0.000036  0.000003
    14     71    994  -459.672408  0.000039  0.000003
    15     66    990  -459.672408  0.000036  0.000003
    16     62    992  -459.672408  0.000038  0.000003
    17     58    986  -459.672408  0.000038  0.000004
    18     55    990  -459.672409  0.000037  0.000004
    19     52    988  -459.672408  0.000039  0.000004
    20     50   1000  -459.672410  0.000036  0.000004
    21     47    987  -459.672407  0.000039  0.000004
    22     45    990  -459.672408  0.000037  0.000004
    23     43    989  -459.672409  0.000041  0.000004
    24     41    984  -459.672410  0.000036  0.000004
    25     40   1000  -459.672411  0.000034  0.000004
Fit (variance): plateau_var = 1.375639e-09 ± 5.605737e-11
Fit (error):    plateau = 0.000037 ± 0.000001
     autocorrelation length ~ 2.1 blocks
     plateau reached at block size ~ 9
Final AFQMC/pt2CCSD overlap ratio: 1.000944 ± 0.000011
Final AFQMC/pt2CCSD energy: -459.672412 ± 0.000037
Total run time: 113.19

AFQMC Sampling Finished

QMC script: /u/yzhang65/myprojects/software/afqmc/afqmc/scripts/run_afqmc_pt2ccsd_new.py
  => E_HF(cl)      = -459.4854339164 Eh
  => E_CCSD(cl)    = -459.6662814360 Eh
  => E_AFQMC(cl)   = -459.67241 +/- 0.00004 Eh

============================================================
Running: f  charge=0  spin=1
============================================================
output file: ../../result/molout/atom/tz/f_vtzfp.out

Preparing AFQMC calculation
Calculating Cholesky integrals
Alpha Cholesky shape: (178, 29, 29) 
 Beta Cholesky shape: (178, 29, 29) 
Finished calculating Cholesky integrals
Size of the correlation space:
Number of electrons:        [4 3]
Number of basis functions:  29
Number of Cholesky vectors: 178

    ________                     _____                    
    ___  __ \___  __________________(_)_____________ _    
    __  /_/ /  / / /_  __ \_  __ \_  /__  __ \_  __ `/    
    _  _, _// /_/ /_  / / /  / / /  / _  / / /  /_/ /     
    /_/ |_| \__,_/ /_/ /_//_/ /_//_/  /_/ /_/_\__, /      
                                             /____/       
    _____________________________  ___________            
    ___    |__  ____/_  __ \__   |/  /_  ____/            
    __  /| |_  /_   _  / / /_  /|_/ /_  /                 
    _  ___ |  __/   / /_/ /_  /  / / / /___               
    /_/  |_/_/      \___\_\/_/  /_/  \____/               

Hostname:     gpua023.delta.ncsa.illinois.edu
System:       Linux
Node:         gpua023.delta.ncsa.illinois.edu
Release:      5.14.0-427.91.1.el9_4.x86_64
Machine:      x86_64
Processor:    x86_64
JAX backend:  GPU
JAX devices:  [CudaDevice(id=0)]
Device kind:  NVIDIA A100-SXM4-40GB
Platform:     gpu

Load system from Integral File
Maximum memory per walker:            33.33 MB
Maximum number of Cholesky per chunk: 1298
Number of Cholesky chunks:            1
Number of Cholesky per chunk:         178
Number of padding Cholesky:           0

QMC System
Number of electrons: (4, 3)
Spin Multiplicity:   1
Number of orbitals:  29
Number of Chol:      178

QMC Parameters
eql_time            :                   50
n_blocks            :                 1000
n_walkers           :                  300
max_error           :                  0.0
seed                :                   17
walker_type         :                  uhf
trial               :             upt2ccsd
mix_precision       :                 True
max_memory          :                10000
dt                  :                0.005
n_exp_terms         :                    6
n_prop_steps        :                   50
save_walkers        :                False
free_projection     :                False
n_batch             :                    1
nchol_chunk         :                  178

Initalize QMC walkers by HF

Equilibration
inv_T        weight  killW        energy   runTime
 0.00    300.000000      0    -99.405522     10.75
 5.00    302.429697      0    -99.607704     17.78
10.00    302.058853      0    -99.624350     18.65
15.00    302.445962      0    -99.618760     19.52
20.00    302.298486      0    -99.636144     20.39
25.00    302.274171      1    -99.607525     21.26
30.00    301.154929      0    -99.618409     22.13
35.00    302.645956      0    -99.616825     23.00
40.00    302.725486      0    -99.643615     23.87
45.00    302.025279      0    -99.606396     24.74
50.00    301.512268      0    -99.601855     25.62

Sampling
blocks        weight  killW       E_Trial     error     olp_T/G     error  Walltime
    20    301.840024      0    -99.620928  0.000440    1.000298  0.000047   33.82
    40    301.597647      0    -99.620495  0.000241    1.000313  0.000042   35.26
    60    301.264365      0    -99.620556  0.000181    1.000311  0.000030   36.70
    80    301.042958      0    -99.620552  0.000145    1.000314  0.000024   38.13
   100    300.827508      0    -99.620663  0.000136    1.000302  0.000026   39.57
   120    300.650455      0    -99.620645  0.000118    1.000301  0.000023   41.00
   140    300.505265      0    -99.620648  0.000106    1.000300  0.000020   42.43
   160    300.354903      0    -99.620660  0.000096    1.000303  0.000018   44.03
   180    300.245751      0    -99.620641  0.000087    1.000305  0.000016   45.46
   200    300.120228      0    -99.620611  0.000081    1.000318  0.000016   46.90
   220    300.002914      0    -99.620627  0.000078    1.000316  0.000015   48.33
   240    299.902454      0    -99.620616  0.000074    1.000317  0.000015   49.77
   260    299.835858      0    -99.620642  0.000072    1.000307  0.000015   51.20
   280    299.763205      0    -99.620641  0.000070    1.000304  0.000014   52.64
   300    299.707448      0    -99.620662  0.000068    1.000303  0.000013   54.08
   320    299.638067      0    -99.620642  0.000065    1.000302  0.000012   55.51
   340    299.575557      0    -99.620616  0.000062    1.000308  0.000012   56.94
   360    299.526235      0    -99.620617  0.000060    1.000303  0.000012   58.43
   380    299.492398      0    -99.620630  0.000058    1.000305  0.000012   59.93
   400    299.436658      0    -99.620611  0.000057    1.000309  0.000011   61.39
   420    299.388316      0    -99.620608  0.000055    1.000309  0.000011   62.85
   440    299.360122      0    -99.620605  0.000054    1.000303  0.000011   64.34
   460    299.335340      0    -99.620593  0.000052    1.000303  0.000011   65.85
   480    299.310797      0    -99.620584  0.000051    1.000306  0.000011   67.33
   500    299.284704      0    -99.620587  0.000051    1.000307  0.000010   68.84
   520    299.256677      0    -99.620583  0.000049    1.000306  0.000010   70.33
   540    299.230930      0    -99.620569  0.000048    1.000305  0.000010   71.82
   560    299.214051      0    -99.620567  0.000046    1.000305  0.000009   73.32
   580    299.193194      0    -99.620559  0.000045    1.000304  0.000009   74.81
   600    299.179265      0    -99.620569  0.000045    1.000305  0.000009   76.31
   620    299.162881      0    -99.620568  0.000044    1.000305  0.000009   77.81
   640    299.148952      0    -99.620562  0.000043    1.000305  0.000009   79.31
   660    299.135231      0    -99.620569  0.000043    1.000305  0.000009   80.80
   680    299.111993      0    -99.620571  0.000042    1.000307  0.000009   82.29
   700    299.094004      0    -99.620570  0.000042    1.000306  0.000009   83.79
   720    299.080801      0    -99.620568  0.000041    1.000306  0.000008   85.29
   740    299.066875      0    -99.620561  0.000040    1.000307  0.000008   86.78
   760    299.058260      0    -99.620568  0.000040    1.000306  0.000008   88.28
   780    299.048627      0    -99.620561  0.000040    1.000306  0.000008   89.77
   800    299.036990      0    -99.620557  0.000039    1.000307  0.000008   91.27
   820    299.027578      0    -99.620553  0.000038    1.000306  0.000007   92.77
   840    299.024463      0    -99.620562  0.000038    1.000307  0.000007   94.26
   860    299.015789      0    -99.620560  0.000038    1.000307  0.000007   95.76
   880    299.006936      0    -99.620559  0.000037    1.000307  0.000007   97.26
   900    298.999196      0    -99.620560  0.000037    1.000307  0.000007   98.76
   920    298.993057      0    -99.620557  0.000036    1.000307  0.000007  100.25
   940    298.979262      0    -99.620556  0.000036    1.000307  0.000007  101.74
   960    298.972983      0    -99.620551  0.000035    1.000308  0.000007  103.33
   980    298.971148      0    -99.620549  0.000035    1.000308  0.000007  104.81
  1000    298.961154      0    -99.620550  0.000034    1.000308  0.000007  106.31

Post Propagation Process
Total number of samples 1000
Raw Trial/Guide overlap ratio:          1.000308 ± 0.000007
Raw AFQMC/pt2CCSD energy (covariance): -99.620550 ± 0.000034
Raw AFQMC/pt2CCSD energy (dir sample): -99.620550 ± 0.000029

Remove Outliers
removing energies outside zeta > 30
Outlier energy bound [-99.643218, -99.597575]
Removed 0 outliers with energies []
Clean AFQMC/pt2CCSD overlap ratio:        1.000308 ± 0.000007
Clean AFQMC/pt2CCSD energy (covariance): -99.620550 ± 0.000034
Clean AFQMC/ptCCSD energy (dir sample):  -99.620550 ± 0.000029

Blocking Analysis
nsample = 1000, max_block_size = 25, min_nblocks = 40
   B    NB    NS  Observable     Error    dError
   1  1000  1000    1.000308  0.000003  0.000000
   2   500  1000    1.000308  0.000004  0.000000
   3   333   999    1.000308  0.000005  0.000000
   4   250  1000    1.000308  0.000005  0.000000
   5   200  1000    1.000308  0.000006  0.000000
   6   166   996    1.000308  0.000006  0.000000
   7   142   994    1.000308  0.000006  0.000000
   8   125  1000    1.000308  0.000006  0.000000
   9   111   999    1.000308  0.000006  0.000000
  10   100  1000    1.000308  0.000006  0.000000
  11    90   990    1.000308  0.000006  0.000000
  12    83   996    1.000308  0.000006  0.000000
  13    76   988    1.000308  0.000007  0.000001
  14    71   994    1.000308  0.000006  0.000001
  15    66   990    1.000308  0.000006  0.000001
  16    62   992    1.000308  0.000006  0.000001
  17    58   986    1.000308  0.000006  0.000001
  18    55   990    1.000308  0.000006  0.000001
  19    52   988    1.000308  0.000006  0.000001
  20    50  1000    1.000308  0.000006  0.000001
  21    47   987    1.000308  0.000006  0.000001
  22    45   990    1.000308  0.000007  0.000001
  23    43   989    1.000308  0.000006  0.000001
  24    41   984    1.000308  0.000006  0.000001
  25    40  1000    1.000308  0.000006  0.000001
Fit (variance): plateau_var = 3.832e-11 ± 1.883e-12
Fit (error):    plateau = 0.000006 ± 0.000000
     autocorrelation length ~ 3.4 blocks
     plateau reached at block size ~ 16
nclean = 1000, max_block_size = 25, min_nblocks = 40
Blk_SZ   NBlk   NSmp      Energy     Error    dError
     1   1000   1000  -99.620531  0.000029  0.000001
     2    500   1000  -99.620536  0.000031  0.000001
     3    333    999  -99.620540  0.000033  0.000001
     4    250   1000  -99.620542  0.000034  0.000002
     5    200   1000  -99.620543  0.000033  0.000002
     6    166    996  -99.620542  0.000035  0.000002
     7    142    994  -99.620544  0.000035  0.000002
     8    125   1000  -99.620545  0.000034  0.000002
     9    111    999  -99.620545  0.000034  0.000002
    10    100   1000  -99.620545  0.000033  0.000002
    11     90    990  -99.620548  0.000034  0.000003
    12     83    996  -99.620545  0.000032  0.000003
    13     76    988  -99.620547  0.000034  0.000003
    14     71    994  -99.620546  0.000031  0.000003
    15     66    990  -99.620549  0.000032  0.000003
    16     62    992  -99.620548  0.000035  0.000003
    17     58    986  -99.620548  0.000032  0.000003
    18     55    990  -99.620549  0.000030  0.000003
    19     52    988  -99.620549  0.000030  0.000003
    20     50   1000  -99.620548  0.000032  0.000003
    21     47    987  -99.620549  0.000033  0.000003
    22     45    990  -99.620550  0.000035  0.000004
    23     43    989  -99.620551  0.000032  0.000003
    24     41    984  -99.620549  0.000031  0.000003
    25     40   1000  -99.620548  0.000029  0.000003
Fit (variance): plateau_var = 1.077233e-09 ± 3.769791e-11
Fit (error):    plateau = 0.000033 ± 0.000001
     autocorrelation length ~ 1.2 blocks
     plateau reached at block size ~ 5
Final AFQMC/pt2CCSD overlap ratio: 1.000308 ± 0.000006
Final AFQMC/pt2CCSD energy: -99.620550 ± 0.000033
Total run time: 114.80

AFQMC Sampling Finished

QMC script: /u/yzhang65/myprojects/software/afqmc/afqmc/scripts/run_afqmc_pt2ccsd_new.py
  => E_HF(f)      = -99.4055248597 Eh
  => E_CCSD(f)    = -99.6167706719 Eh
  => E_AFQMC(f)   = -99.62055 +/- 0.00003 Eh

============================================================
Running: h  charge=0  spin=1
============================================================
output file: ../../result/molout/atom/tz/h_vtzfp.out

============================================================
Running: n  charge=0  spin=3
============================================================
output file: ../../result/molout/atom/tz/n_vtzfp.out

Preparing AFQMC calculation
Calculating Cholesky integrals
Alpha Cholesky shape: (176, 29, 29) 
 Beta Cholesky shape: (176, 29, 29) 
Finished calculating Cholesky integrals
Size of the correlation space:
Number of electrons:        [4 1]
Number of basis functions:  29
Number of Cholesky vectors: 176

    ________                     _____                    
    ___  __ \___  __________________(_)_____________ _    
    __  /_/ /  / / /_  __ \_  __ \_  /__  __ \_  __ `/    
    _  _, _// /_/ /_  / / /  / / /  / _  / / /  /_/ /     
    /_/ |_| \__,_/ /_/ /_//_/ /_//_/  /_/ /_/_\__, /      
                                             /____/       
    _____________________________  ___________            
    ___    |__  ____/_  __ \__   |/  /_  ____/            
    __  /| |_  /_   _  / / /_  /|_/ /_  /                 
    _  ___ |  __/   / /_/ /_  /  / / / /___               
    /_/  |_/_/      \___\_\/_/  /_/  \____/               

Hostname:     gpua023.delta.ncsa.illinois.edu
System:       Linux
Node:         gpua023.delta.ncsa.illinois.edu
Release:      5.14.0-427.91.1.el9_4.x86_64
Machine:      x86_64
Processor:    x86_64
JAX backend:  GPU
JAX devices:  [CudaDevice(id=0)]
Device kind:  NVIDIA A100-SXM4-40GB
Platform:     gpu

Load system from Integral File
Maximum memory per walker:            33.33 MB
Maximum number of Cholesky per chunk: 1298
Number of Cholesky chunks:            1
Number of Cholesky per chunk:         176
Number of padding Cholesky:           0

QMC System
Number of electrons: (4, 1)
Spin Multiplicity:   3
Number of orbitals:  29
Number of Chol:      176

QMC Parameters
eql_time            :                   50
n_blocks            :                 1000
n_walkers           :                  300
max_error           :                  0.0
seed                :                   17
walker_type         :                  uhf
trial               :             upt2ccsd
mix_precision       :                 True
max_memory          :                10000
dt                  :                0.005
n_exp_terms         :                    6
n_prop_steps        :                   50
save_walkers        :                False
free_projection     :                False
n_batch             :                    1
nchol_chunk         :                  176

Initalize QMC walkers by HF

Equilibration
inv_T        weight  killW        energy   runTime
 0.00    300.000000      0    -54.400685      6.93
 5.00    301.455272      0    -54.515786     14.21
10.00    301.714914      0    -54.520071     15.05
15.00    301.233565      0    -54.513397     15.90
20.00    301.128737      0    -54.514993     16.74
25.00    301.506783      0    -54.504575     17.58
30.00    301.495482      0    -54.517687     18.42
35.00    301.271256      0    -54.512824     19.26
40.00    301.518085      0    -54.512307     20.10
45.00    301.368744      0    -54.516455     20.94
50.00    301.228533      0    -54.516232     21.78

Sampling
blocks        weight  killW       E_Trial     error     olp_T/G     error  Walltime
    20    301.343871      0    -54.515009  0.000063    1.000270  0.000031   30.80
    40    301.177535      0    -54.514995  0.000058    1.000301  0.000023   32.29
    60    301.017276      0    -54.515009  0.000056    1.000304  0.000015   33.78
    80    300.907420      0    -54.515034  0.000053    1.000296  0.000013   35.26
   100    300.797543      0    -54.515006  0.000044    1.000310  0.000013   36.75
   120    300.717200      0    -54.515005  0.000044    1.000310  0.000011   38.24
   140    300.628256      0    -54.514988  0.000039    1.000311  0.000009   39.73
   160    300.563328      0    -54.514989  0.000035    1.000311  0.000009   41.28
   180    300.492952      0    -54.514989  0.000032    1.000308  0.000010   42.77
   200    300.432888      0    -54.514994  0.000030    1.000313  0.000011   44.25
   220    300.375779      0    -54.514992  0.000028    1.000317  0.000011   45.74
   240    300.323163      0    -54.514991  0.000027    1.000325  0.000012   47.22
   260    300.285166      0    -54.514997  0.000025    1.000320  0.000011   48.72
   280    300.240965      0    -54.515000  0.000024    1.000322  0.000011   50.22
   300    300.209164      0    -54.515004  0.000023    1.000316  0.000011   51.70
   320    300.171866      0    -54.515010  0.000022    1.000316  0.000010   53.19
   340    300.148302      0    -54.515019  0.000022    1.000315  0.000010   54.67
   360    300.125758      0    -54.515021  0.000021    1.000312  0.000009   56.15
   380    300.103457      0    -54.515020  0.000021    1.000313  0.000009   57.64
   400    300.078842      0    -54.515028  0.000020    1.000312  0.000008   59.12
   420    300.057471      0    -54.515035  0.000019    1.000307  0.000009   60.60
   440    300.043034      0    -54.515040  0.000019    1.000303  0.000009   62.09
   460    300.025663      0    -54.515052  0.000019    1.000300  0.000009   63.58
   480    300.006667      0    -54.515055  0.000019    1.000299  0.000010   65.06
   500    299.986751      0    -54.515051  0.000018    1.000300  0.000010   66.54
   520    299.974034      0    -54.515055  0.000018    1.000300  0.000009   68.02
   540    299.960841      0    -54.515055  0.000017    1.000299  0.000009   69.50
   560    299.950631      0    -54.515052  0.000017    1.000304  0.000010   70.99
   580    299.937646      0    -54.515048  0.000017    1.000304  0.000010   72.47
   600    299.926946      0    -54.515049  0.000016    1.000303  0.000009   73.96
   620    299.918713      0    -54.515047  0.000016    1.000301  0.000009   75.44
   640    299.909660      0    -54.515048  0.000016    1.000304  0.000009   76.93
   660    299.903537      0    -54.515047  0.000015    1.000304  0.000009   78.42
   680    299.892747      0    -54.515043  0.000015    1.000306  0.000009   79.91
   700    299.885740      0    -54.515042  0.000015    1.000306  0.000009   81.40
   720    299.877233      0    -54.515039  0.000015    1.000306  0.000009   82.88
   740    299.870987      0    -54.515041  0.000015    1.000308  0.000009   84.38
   760    299.866537      0    -54.515042  0.000014    1.000307  0.000009   85.86
   780    299.859486      0    -54.515040  0.000014    1.000309  0.000008   87.35
   800    299.854368      0    -54.515038  0.000014    1.000309  0.000009   88.84
   820    299.847385      0    -54.515035  0.000014    1.000309  0.000008   90.33
   840    299.840803      0    -54.515034  0.000014    1.000310  0.000008   91.82
   860    299.837286      0    -54.515031  0.000013    1.000311  0.000008   93.31
   880    299.832433      0    -54.515032  0.000013    1.000312  0.000008   94.79
   900    299.829098      0    -54.515033  0.000013    1.000311  0.000008   96.28
   920    299.826625      0    -54.515031  0.000013    1.000312  0.000008   97.86
   940    299.822798      0    -54.515033  0.000013    1.000311  0.000008   99.36
   960    299.819119      0    -54.515033  0.000013    1.000310  0.000008  100.84
   980    299.815700      0    -54.515030  0.000012    1.000312  0.000008  102.37
  1000    299.811964      0    -54.515029  0.000012    1.000314  0.000008  103.85

Post Propagation Process
Total number of samples 1000
Raw Trial/Guide overlap ratio:          1.000314 ± 0.000008
Raw AFQMC/pt2CCSD energy (covariance): -54.515029 ± 0.000012
Raw AFQMC/pt2CCSD energy (dir sample): -54.515029 ± 0.000010

Remove Outliers
removing energies outside zeta > 30
Outlier energy bound [-54.522606, -54.507362]
Removed 0 outliers with energies []
Clean AFQMC/pt2CCSD overlap ratio:        1.000314 ± 0.000008
Clean AFQMC/pt2CCSD energy (covariance): -54.515029 ± 0.000012
Clean AFQMC/ptCCSD energy (dir sample):  -54.515029 ± 0.000010

Blocking Analysis
nsample = 1000, max_block_size = 25, min_nblocks = 40
   B    NB    NS  Observable     Error    dError
   1  1000  1000    1.000314  0.000003  0.000000
   2   500  1000    1.000314  0.000004  0.000000
   3   333   999    1.000314  0.000005  0.000000
   4   250  1000    1.000314  0.000005  0.000000
   5   200  1000    1.000314  0.000006  0.000000
   6   166   996    1.000313  0.000006  0.000000
   7   142   994    1.000313  0.000006  0.000000
   8   125  1000    1.000314  0.000006  0.000000
   9   111   999    1.000314  0.000006  0.000000
  10   100  1000    1.000314  0.000007  0.000000
  11    90   990    1.000313  0.000007  0.000000
  12    83   996    1.000313  0.000007  0.000001
  13    76   988    1.000313  0.000007  0.000001
  14    71   994    1.000313  0.000007  0.000001
  15    66   990    1.000313  0.000007  0.000001
  16    62   992    1.000313  0.000007  0.000001
  17    58   986    1.000313  0.000008  0.000001
  18    55   990    1.000313  0.000007  0.000001
  19    52   988    1.000313  0.000007  0.000001
  20    50  1000    1.000314  0.000008  0.000001
  21    47   987    1.000313  0.000007  0.000001
  22    45   990    1.000313  0.000007  0.000001
  23    43   989    1.000313  0.000008  0.000001
  24    41   984    1.000312  0.000008  0.000001
  25    40  1000    1.000314  0.000007  0.000001
Fit (variance): plateau_var = 5.588e-11 ± 3.731e-12
Fit (error):    plateau = 0.000007 ± 0.000000
     autocorrelation length ~ 5.9 blocks
     plateau reached at block size ~ 27
     !!!Failed to reach plateau in blocking
     Return max block error
nclean = 1000, max_block_size = 25, min_nblocks = 40
Blk_SZ   NBlk   NSmp      Energy     Error    dError
     1   1000   1000  -54.515021  0.000010  0.000000
     2    500   1000  -54.515023  0.000011  0.000000
     3    333    999  -54.515024  0.000012  0.000000
     4    250   1000  -54.515024  0.000012  0.000001
     5    200   1000  -54.515025  0.000012  0.000001
     6    166    996  -54.515026  0.000013  0.000001
     7    142    994  -54.515027  0.000013  0.000001
     8    125   1000  -54.515027  0.000013  0.000001
     9    111    999  -54.515027  0.000013  0.000001
    10    100   1000  -54.515027  0.000013  0.000001
    11     90    990  -54.515028  0.000012  0.000001
    12     83    996  -54.515028  0.000013  0.000001
    13     76    988  -54.515028  0.000013  0.000001
    14     71    994  -54.515028  0.000014  0.000001
    15     66    990  -54.515028  0.000013  0.000001
    16     62    992  -54.515027  0.000013  0.000001
    17     58    986  -54.515028  0.000013  0.000001
    18     55    990  -54.515028  0.000014  0.000001
    19     52    988  -54.515028  0.000014  0.000001
    20     50   1000  -54.515028  0.000013  0.000001
    21     47    987  -54.515029  0.000013  0.000001
    22     45    990  -54.515029  0.000013  0.000001
    23     43    989  -54.515028  0.000013  0.000001
    24     41    984  -54.515029  0.000014  0.000002
    25     40   1000  -54.515029  0.000013  0.000001
Fit (variance): plateau_var = 1.697221e-10 ± 8.080206e-12
Fit (error):    plateau = 0.000013 ± 0.000000
     autocorrelation length ~ 3.0 blocks
     plateau reached at block size ~ 13
Final AFQMC/pt2CCSD overlap ratio: 1.000314 ± 0.000008
Final AFQMC/pt2CCSD energy: -54.515029 ± 0.000013
Total run time: 112.22

AFQMC Sampling Finished

QMC script: /u/yzhang65/myprojects/software/afqmc/afqmc/scripts/run_afqmc_pt2ccsd_new.py
  => E_HF(n)      = -54.4006862065 Eh
  => E_CCSD(n)    = -54.5124318709 Eh
  => E_AFQMC(n)   = -54.51503 +/- 0.00001 Eh

============================================================
Running: o  charge=0  spin=2
============================================================
output file: ../../result/molout/atom/tz/o_vtzfp.out

Preparing AFQMC calculation
Calculating Cholesky integrals
Alpha Cholesky shape: (175, 29, 29) 
 Beta Cholesky shape: (175, 29, 29) 
Finished calculating Cholesky integrals
Size of the correlation space:
Number of electrons:        [4 2]
Number of basis functions:  29
Number of Cholesky vectors: 175

    ________                     _____                    
    ___  __ \___  __________________(_)_____________ _    
    __  /_/ /  / / /_  __ \_  __ \_  /__  __ \_  __ `/    
    _  _, _// /_/ /_  / / /  / / /  / _  / / /  /_/ /     
    /_/ |_| \__,_/ /_/ /_//_/ /_//_/  /_/ /_/_\__, /      
                                             /____/       
    _____________________________  ___________            
    ___    |__  ____/_  __ \__   |/  /_  ____/            
    __  /| |_  /_   _  / / /_  /|_/ /_  /                 
    _  ___ |  __/   / /_/ /_  /  / / / /___               
    /_/  |_/_/      \___\_\/_/  /_/  \____/               

Hostname:     gpua023.delta.ncsa.illinois.edu
System:       Linux
Node:         gpua023.delta.ncsa.illinois.edu
Release:      5.14.0-427.91.1.el9_4.x86_64
Machine:      x86_64
Processor:    x86_64
JAX backend:  GPU
JAX devices:  [CudaDevice(id=0)]
Device kind:  NVIDIA A100-SXM4-40GB
Platform:     gpu

Load system from Integral File
Maximum memory per walker:            33.33 MB
Maximum number of Cholesky per chunk: 1298
Number of Cholesky chunks:            1
Number of Cholesky per chunk:         175
Number of padding Cholesky:           0

QMC System
Number of electrons: (4, 2)
Spin Multiplicity:   2
Number of orbitals:  29
Number of Chol:      175

QMC Parameters
eql_time            :                   50
n_blocks            :                 1000
n_walkers           :                  300
max_error           :                  0.0
seed                :                   17
walker_type         :                  uhf
trial               :             upt2ccsd
mix_precision       :                 True
max_memory          :                10000
dt                  :                0.005
n_exp_terms         :                    6
n_prop_steps        :                   50
save_walkers        :                False
free_projection     :                False
n_batch             :                    1
nchol_chunk         :                  175

Initalize QMC walkers by HF

Equilibration
inv_T        weight  killW        energy   runTime
 0.00    300.000000      0    -74.811755      5.94
 5.00    301.460640      0    -74.966739     12.64
10.00    301.565631      1    -74.972781     13.49
15.00    301.221879      0    -74.966163     14.33
20.00    301.420252      0    -74.956491     15.18
25.00    300.053482      2    -74.986451     16.02
30.00    300.748224      0    -74.961520     16.87
35.00    301.030431      0    -74.967309     17.71
40.00    301.073217      0    -74.985126     18.56
45.00    300.695497      0    -74.964446     19.40
50.00    301.171412      0    -74.965074     20.24

Sampling
blocks        weight  killW       E_Trial     error     olp_T/G     error  Walltime
    20    301.083017      0    -74.974143  0.000126    1.000431  0.000057   28.13
    40    300.916687      0    -74.974253  0.000105    1.000423  0.000046   29.51
    60    300.704080      0    -74.974252  0.000085    1.000442  0.000034   30.90
    80    300.465718      0    -74.974194  0.000075    1.000453  0.000025   32.28
   100    300.285186      0    -74.974208  0.000067    1.000445  0.000021   33.67
   120    300.111201      0    -74.974208  0.000063    1.000441  0.000018   35.06
   140    299.999674      0    -74.974208  0.000057    1.000438  0.000016   36.44
   160    299.907752      0    -74.974179  0.000052    1.000451  0.000018   37.83
   180    299.819154      0    -74.974209  0.000054    1.000454  0.000016   39.22
   200    299.743462      0    -74.974226  0.000052    1.000455  0.000015   40.61
   220    299.682047      0    -74.974220  0.000060    1.000449  0.000014   41.99
   240    299.612073      0    -74.974207  0.000056    1.000451  0.000013   43.46
   260    299.551490      0    -74.974198  0.000053    1.000451  0.000013   44.96
   280    299.499613      0    -74.974198  0.000051    1.000450  0.000012   46.43
   300    299.445901      0    -74.974196  0.000048    1.000444  0.000012   47.90
   320    299.400403      0    -74.974195  0.000046    1.000445  0.000012   49.37
   340    299.359791      0    -74.974194  0.000044    1.000441  0.000012   50.84
   360    299.310140      0    -74.974192  0.000042    1.000444  0.000011   52.30
   380    299.279558      0    -74.974189  0.000041    1.000442  0.000011   53.77
   400    299.251833      0    -74.974186  0.000039    1.000439  0.000010   55.23
   420    299.228089      0    -74.974181  0.000038    1.000438  0.000010   56.71
   440    299.205323      0    -74.974188  0.000037    1.000437  0.000010   58.13
   460    299.188881      0    -74.974197  0.000036    1.000438  0.000010   59.60
   480    299.168017      0    -74.974190  0.000035    1.000442  0.000010   61.06
   500    299.151651      0    -74.974190  0.000034    1.000442  0.000009   62.52
   520    299.133452      0    -74.974193  0.000033    1.000444  0.000010   63.99
   540    299.116898      0    -74.974192  0.000032    1.000445  0.000009   65.54
   560    299.101658      0    -74.974193  0.000031    1.000445  0.000009   66.93
   580    299.087960      0    -74.974187  0.000031    1.000447  0.000009   68.41
   600    299.070988      0    -74.974188  0.000030    1.000446  0.000009   69.88
   620    299.053944      0    -74.974183  0.000029    1.000446  0.000009   71.34
   640    299.038998      0    -74.974183  0.000029    1.000444  0.000009   72.81
   660    299.022868      0    -74.974173  0.000028    1.000444  0.000008   74.34
   680    299.010559      0    -74.974172  0.000028    1.000445  0.000008   75.80
   700    299.004303      0    -74.974172  0.000027    1.000446  0.000008   77.29
   720    298.994268      0    -74.974168  0.000027    1.000446  0.000008   78.75
   740    298.987151      0    -74.974164  0.000026    1.000448  0.000008   80.22
   760    298.978232      0    -74.974172  0.000026    1.000447  0.000008   81.68
   780    298.972971      0    -74.974173  0.000026    1.000448  0.000007   83.15
   800    298.972680      0    -74.974179  0.000026    1.000448  0.000007   84.62
   820    298.969508      0    -74.974183  0.000025    1.000449  0.000007   86.08
   840    298.965337      0    -74.974181  0.000025    1.000450  0.000007   87.55
   860    298.963665      0    -74.974182  0.000024    1.000449  0.000007   89.01
   880    298.960292      0    -74.974186  0.000024    1.000448  0.000007   90.47
   900    298.957452      0    -74.974185  0.000024    1.000448  0.000007   91.93
   920    298.950669      0    -74.974190  0.000024    1.000447  0.000007   93.39
   940    298.942757      0    -74.974192  0.000023    1.000448  0.000007   94.86
   960    298.940880      0    -74.974193  0.000023    1.000447  0.000007   96.33
   980    298.932771      0    -74.974193  0.000023    1.000446  0.000007   97.80
  1000    298.928125      0    -74.974191  0.000023    1.000447  0.000007   99.26

Post Propagation Process
Total number of samples 1000
Raw Trial/Guide overlap ratio:          1.000447 ± 0.000007
Raw AFQMC/pt2CCSD energy (covariance): -74.974191 ± 0.000023
Raw AFQMC/pt2CCSD energy (dir sample): -74.974191 ± 0.000017

Remove Outliers
removing energies outside zeta > 30
Outlier energy bound [-74.989034, -74.959205]
Removed 0 outliers with energies []
Clean AFQMC/pt2CCSD overlap ratio:        1.000447 ± 0.000007
Clean AFQMC/pt2CCSD energy (covariance): -74.974191 ± 0.000023
Clean AFQMC/ptCCSD energy (dir sample):  -74.974191 ± 0.000017

Blocking Analysis
nsample = 1000, max_block_size = 25, min_nblocks = 40
   B    NB    NS  Observable     Error    dError
   1  1000  1000    1.000447  0.000003  0.000000
   2   500  1000    1.000447  0.000004  0.000000
   3   333   999    1.000447  0.000005  0.000000
   4   250  1000    1.000447  0.000005  0.000000
   5   200  1000    1.000447  0.000005  0.000000
   6   166   996    1.000447  0.000005  0.000000
   7   142   994    1.000447  0.000006  0.000000
   8   125  1000    1.000447  0.000006  0.000000
   9   111   999    1.000447  0.000006  0.000000
  10   100  1000    1.000447  0.000006  0.000000
  11    90   990    1.000447  0.000006  0.000000
  12    83   996    1.000447  0.000006  0.000000
  13    76   988    1.000447  0.000006  0.000001
  14    71   994    1.000447  0.000006  0.000000
  15    66   990    1.000447  0.000006  0.000001
  16    62   992    1.000447  0.000006  0.000001
  17    58   986    1.000447  0.000006  0.000001
  18    55   990    1.000447  0.000007  0.000001
  19    52   988    1.000447  0.000006  0.000001
  20    50  1000    1.000447  0.000006  0.000001
  21    47   987    1.000447  0.000006  0.000001
  22    45   990    1.000447  0.000005  0.000001
  23    43   989    1.000447  0.000006  0.000001
  24    41   984    1.000447  0.000007  0.000001
  25    40  1000    1.000447  0.000006  0.000001
Fit (variance): plateau_var = 3.537e-11 ± 1.750e-12
Fit (error):    plateau = 0.000006 ± 0.000000
     autocorrelation length ~ 3.5 blocks
     plateau reached at block size ~ 16
nclean = 1000, max_block_size = 25, min_nblocks = 40
Blk_SZ   NBlk   NSmp      Energy     Error    dError
     1   1000   1000  -74.974180  0.000017  0.000000
     2    500   1000  -74.974183  0.000018  0.000001
     3    333    999  -74.974185  0.000019  0.000001
     4    250   1000  -74.974186  0.000020  0.000001
     5    200   1000  -74.974187  0.000020  0.000001
     6    166    996  -74.974186  0.000020  0.000001
     7    142    994  -74.974187  0.000020  0.000001
     8    125   1000  -74.974188  0.000020  0.000001
     9    111    999  -74.974189  0.000020  0.000001
    10    100   1000  -74.974188  0.000020  0.000001
    11     90    990  -74.974189  0.000020  0.000001
    12     83    996  -74.974188  0.000020  0.000002
    13     76    988  -74.974190  0.000020  0.000002
    14     71    994  -74.974189  0.000020  0.000002
    15     66    990  -74.974189  0.000021  0.000002
    16     62    992  -74.974189  0.000020  0.000002
    17     58    986  -74.974191  0.000019  0.000002
    18     55    990  -74.974190  0.000021  0.000002
    19     52    988  -74.974191  0.000020  0.000002
    20     50   1000  -74.974190  0.000019  0.000002
    21     47    987  -74.974191  0.000019  0.000002
    22     45    990  -74.974190  0.000021  0.000002
    23     43    989  -74.974190  0.000021  0.000002
    24     41    984  -74.974192  0.000019  0.000002
    25     40   1000  -74.974190  0.000020  0.000002
Fit (variance): plateau_var = 4.014862e-10 ± 1.614199e-11
Fit (error):    plateau = 0.000020 ± 0.000000
     autocorrelation length ~ 2.0 blocks
     plateau reached at block size ~ 8
Final AFQMC/pt2CCSD overlap ratio: 1.000447 ± 0.000006
Final AFQMC/pt2CCSD energy: -74.974191 ± 0.000020
Total run time: 107.69

AFQMC Sampling Finished

QMC script: /u/yzhang65/myprojects/software/afqmc/afqmc/scripts/run_afqmc_pt2ccsd_new.py
  => E_HF(o)      = -74.8117566195 Eh
  => E_CCSD(o)    = -74.9710503477 Eh
  => E_AFQMC(o)   = -74.97419 +/- 0.00002 Eh

============================================================
Running: p  charge=0  spin=3
============================================================
output file: ../../result/molout/atom/tz/p_vtzfp.out

Preparing AFQMC calculation
Calculating Cholesky integrals
Alpha Cholesky shape: (179, 29, 29) 
 Beta Cholesky shape: (179, 29, 29) 
Finished calculating Cholesky integrals
Size of the correlation space:
Number of electrons:        [4 1]
Number of basis functions:  29
Number of Cholesky vectors: 179

    ________                     _____                    
    ___  __ \___  __________________(_)_____________ _    
    __  /_/ /  / / /_  __ \_  __ \_  /__  __ \_  __ `/    
    _  _, _// /_/ /_  / / /  / / /  / _  / / /  /_/ /     
    /_/ |_| \__,_/ /_/ /_//_/ /_//_/  /_/ /_/_\__, /      
                                             /____/       
    _____________________________  ___________            
    ___    |__  ____/_  __ \__   |/  /_  ____/            
    __  /| |_  /_   _  / / /_  /|_/ /_  /                 
    _  ___ |  __/   / /_/ /_  /  / / / /___               
    /_/  |_/_/      \___\_\/_/  /_/  \____/               

Hostname:     gpua023.delta.ncsa.illinois.edu
System:       Linux
Node:         gpua023.delta.ncsa.illinois.edu
Release:      5.14.0-427.91.1.el9_4.x86_64
Machine:      x86_64
Processor:    x86_64
JAX backend:  GPU
JAX devices:  [CudaDevice(id=0)]
Device kind:  NVIDIA A100-SXM4-40GB
Platform:     gpu

Load system from Integral File
Maximum memory per walker:            33.33 MB
Maximum number of Cholesky per chunk: 1298
Number of Cholesky chunks:            1
Number of Cholesky per chunk:         179
Number of padding Cholesky:           0

QMC System
Number of electrons: (4, 1)
Spin Multiplicity:   3
Number of orbitals:  29
Number of Chol:      179

QMC Parameters
eql_time            :                   50
n_blocks            :                 1000
n_walkers           :                  300
max_error           :                  0.0
seed                :                   17
walker_type         :                  uhf
trial               :             upt2ccsd
mix_precision       :                 True
max_memory          :                10000
dt                  :                0.005
n_exp_terms         :                    6
n_prop_steps        :                   50
save_walkers        :                False
free_projection     :                False
n_batch             :                    1
nchol_chunk         :                  179

Initalize QMC walkers by HF

Equilibration
inv_T        weight  killW        energy   runTime
 0.00    300.000000      0   -340.716305      5.81
 5.00    301.075423      0   -340.813887     13.14
10.00    300.984186      0   -340.815088     13.96
15.00    301.331567      0   -340.822238     14.79
20.00    301.334457      0   -340.828486     15.61
25.00    301.034333      0   -340.819046     16.44
30.00    301.278107      0   -340.815812     17.26
35.00    301.175953      0   -340.815757     18.08
40.00    301.210403      0   -340.832872     18.91
45.00    300.594089      0   -340.817516     19.73
50.00    301.289258      0   -340.817937     20.55

Sampling
blocks        weight  killW       E_Trial     error     olp_T/G     error  Walltime
    20    301.136419      0   -340.821497  0.000078    1.000284  0.000037   29.36
    40    301.024890      0   -340.821618  0.000065    1.000217  0.000045   30.89
    60    300.872494      0   -340.821610  0.000058    1.000221  0.000031   32.41
    80    300.786356      0   -340.821647  0.000056    1.000197  0.000027   33.94
   100    300.686513      0   -340.821649  0.000050    1.000208  0.000025   35.46
   120    300.580300      0   -340.821635  0.000046    1.000217  0.000022   37.17
   140    300.510042      0   -340.821665  0.000051    1.000236  0.000023   38.89
   160    300.439217      0   -340.821653  0.000047    1.000236  0.000020   40.61
   180    300.379820      0   -340.821668  0.000044    1.000239  0.000018   42.32
   200    300.333173      0   -340.821680  0.000041    1.000240  0.000017   44.03
   220    300.286346      0   -340.821675  0.000038    1.000243  0.000015   45.75
   240    300.241467      0   -340.821680  0.000038    1.000242  0.000014   47.46
   260    300.199011      0   -340.821681  0.000036    1.000242  0.000013   49.17
   280    300.165732      0   -340.821678  0.000034    1.000239  0.000013   50.94
   300    300.130417      0   -340.821666  0.000033    1.000237  0.000012   52.57
   320    300.100774      0   -340.821671  0.000032    1.000228  0.000013   54.29
   340    300.073876      0   -340.821677  0.000031    1.000231  0.000013   56.01
   360    300.053220      0   -340.821683  0.000030    1.000238  0.000013   57.72
   380    300.033794      0   -340.821689  0.000029    1.000237  0.000012   59.43
   400    300.012163      0   -340.821693  0.000028    1.000237  0.000012   61.15
   420    299.994278      0   -340.821696  0.000027    1.000234  0.000011   62.86
   440    299.978294      0   -340.821706  0.000027    1.000236  0.000011   64.58
   460    299.964420      0   -340.821717  0.000026    1.000240  0.000011   66.28
   480    299.949315      0   -340.821716  0.000026    1.000240  0.000011   68.00
   500    299.936532      0   -340.821719  0.000025    1.000244  0.000011   69.71
   520    299.922588      0   -340.821713  0.000024    1.000247  0.000011   71.42
   540    299.911930      0   -340.821710  0.000024    1.000248  0.000011   73.13
   560    299.901461      0   -340.821713  0.000023    1.000250  0.000012   74.85
   580    299.893132      0   -340.821725  0.000023    1.000249  0.000011   76.57
   600    299.884797      0   -340.821720  0.000023    1.000244  0.000012   78.28
   620    299.873540      0   -340.821712  0.000023    1.000241  0.000012   80.01
   640    299.861480      0   -340.821708  0.000022    1.000242  0.000011   81.72
   660    299.854965      0   -340.821708  0.000022    1.000242  0.000011   83.44
   680    299.845593      0   -340.821701  0.000021    1.000241  0.000011   85.16
   700    299.841046      0   -340.821713  0.000022    1.000242  0.000010   86.88
   720    299.834786      0   -340.821717  0.000022    1.000243  0.000010   88.60
   740    299.828804      0   -340.821719  0.000022    1.000242  0.000010   90.31
   760    299.824742      0   -340.821724  0.000021    1.000240  0.000010   92.03
   780    299.819802      0   -340.821720  0.000021    1.000238  0.000010   93.74
   800    299.814974      0   -340.821713  0.000021    1.000237  0.000010   95.46
   820    299.809896      0   -340.821713  0.000020    1.000238  0.000010   97.18
   840    299.806503      0   -340.821724  0.000021    1.000238  0.000011   98.89
   860    299.802670      0   -340.821725  0.000020    1.000239  0.000011  100.51
   880    299.797751      0   -340.821726  0.000020    1.000239  0.000010  102.23
   900    299.793243      0   -340.821728  0.000020    1.000241  0.000010  103.96
   920    299.790138      0   -340.821728  0.000020    1.000242  0.000010  105.68
   940    299.787623      0   -340.821726  0.000020    1.000243  0.000010  107.39
   960    299.782684      0   -340.821725  0.000019    1.000243  0.000010  109.10
   980    299.778534      0   -340.821723  0.000019    1.000243  0.000010  110.87
  1000    299.775654      0   -340.821719  0.000019    1.000244  0.000009  112.57

Post Propagation Process
Total number of samples 1000
Raw Trial/Guide overlap ratio:          1.000244 ± 0.000009
Raw AFQMC/pt2CCSD energy (covariance): -340.821719 ± 0.000019
Raw AFQMC/pt2CCSD energy (dir sample): -340.821719 ± 0.000015

Remove Outliers
removing energies outside zeta > 30
Outlier energy bound [-340.833790, -340.809516]
Removed 0 outliers with energies []
Clean AFQMC/pt2CCSD overlap ratio:        1.000244 ± 0.000009
Clean AFQMC/pt2CCSD energy (covariance): -340.821719 ± 0.000019
Clean AFQMC/ptCCSD energy (dir sample):  -340.821719 ± 0.000015

Blocking Analysis
nsample = 1000, max_block_size = 25, min_nblocks = 40
   B    NB    NS  Observable     Error    dError
   1  1000  1000    1.000244  0.000003  0.000000
   2   500  1000    1.000244  0.000004  0.000000
   3   333   999    1.000244  0.000005  0.000000
   4   250  1000    1.000244  0.000006  0.000000
   5   200  1000    1.000244  0.000006  0.000000
   6   166   996    1.000244  0.000006  0.000000
   7   142   994    1.000244  0.000007  0.000000
   8   125  1000    1.000244  0.000007  0.000000
   9   111   999    1.000244  0.000007  0.000000
  10   100  1000    1.000244  0.000007  0.000001
  11    90   990    1.000244  0.000007  0.000001
  12    83   996    1.000244  0.000008  0.000001
  13    76   988    1.000243  0.000008  0.000001
  14    71   994    1.000244  0.000008  0.000001
  15    66   990    1.000244  0.000008  0.000001
  16    62   992    1.000243  0.000008  0.000001
  17    58   986    1.000243  0.000008  0.000001
  18    55   990    1.000244  0.000008  0.000001
  19    52   988    1.000243  0.000008  0.000001
  20    50  1000    1.000244  0.000008  0.000001
  21    47   987    1.000243  0.000009  0.000001
  22    45   990    1.000244  0.000009  0.000001
  23    43   989    1.000243  0.000009  0.000001
  24    41   984    1.000243  0.000009  0.000001
  25    40  1000    1.000244  0.000009  0.000001
Fit (variance): plateau_var = 8.124e-11 ± 7.978e-12
Fit (error):    plateau = 0.000009 ± 0.000000
     autocorrelation length ~ 9.1 blocks
     plateau reached at block size ~ 42
     !!!Failed to reach plateau in blocking
     Return max block error
nclean = 1000, max_block_size = 25, min_nblocks = 40
Blk_SZ   NBlk   NSmp      Energy     Error    dError
     1   1000   1000  -340.821704  0.000015  0.000000
     2    500   1000  -340.821706  0.000018  0.000001
     3    333    999  -340.821708  0.000019  0.000001
     4    250   1000  -340.821708  0.000020  0.000001
     5    200   1000  -340.821710  0.000020  0.000001
     6    166    996  -340.821711  0.000021  0.000001
     7    142    994  -340.821713  0.000022  0.000001
     8    125   1000  -340.821710  0.000023  0.000001
     9    111    999  -340.821712  0.000020  0.000001
    10    100   1000  -340.821711  0.000022  0.000002
    11     90    990  -340.821714  0.000024  0.000002
    12     83    996  -340.821715  0.000021  0.000002
    13     76    988  -340.821717  0.000021  0.000002
    14     71    994  -340.821716  0.000023  0.000002
    15     66    990  -340.821717  0.000024  0.000002
    16     62    992  -340.821717  0.000024  0.000002
    17     58    986  -340.821718  0.000023  0.000002
    18     55    990  -340.821718  0.000023  0.000002
    19     52    988  -340.821719  0.000022  0.000002
    20     50   1000  -340.821715  0.000023  0.000002
    21     47    987  -340.821719  0.000024  0.000002
    22     45    990  -340.821717  0.000026  0.000003
    23     43    989  -340.821718  0.000024  0.000003
    24     41    984  -340.821720  0.000023  0.000003
    25     40   1000  -340.821716  0.000024  0.000003
Fit (variance): plateau_var = 5.190265e-10 ± 2.635099e-11
Fit (error):    plateau = 0.000023 ± 0.000001
     autocorrelation length ~ 3.4 blocks
     plateau reached at block size ~ 15
Final AFQMC/pt2CCSD overlap ratio: 1.000244 ± 0.000009
Final AFQMC/pt2CCSD energy: -340.821719 ± 0.000023
Total run time: 120.93

AFQMC Sampling Finished

QMC script: /u/yzhang65/myprojects/software/afqmc/afqmc/scripts/run_afqmc_pt2ccsd_new.py
  => E_HF(p)      = -340.7163058835 Eh
  => E_CCSD(p)    = -340.8172372324 Eh
  => E_AFQMC(p)   = -340.82172 +/- 0.00002 Eh

============================================================
Running: s  charge=0  spin=2
============================================================
output file: ../../result/molout/atom/tz/s_vtzfp.out

Preparing AFQMC calculation
Calculating Cholesky integrals
Alpha Cholesky shape: (178, 29, 29) 
 Beta Cholesky shape: (178, 29, 29) 
Finished calculating Cholesky integrals
Size of the correlation space:
Number of electrons:        [4 2]
Number of basis functions:  29
Number of Cholesky vectors: 178

    ________                     _____                    
    ___  __ \___  __________________(_)_____________ _    
    __  /_/ /  / / /_  __ \_  __ \_  /__  __ \_  __ `/    
    _  _, _// /_/ /_  / / /  / / /  / _  / / /  /_/ /     
    /_/ |_| \__,_/ /_/ /_//_/ /_//_/  /_/ /_/_\__, /      
                                             /____/       
    _____________________________  ___________            
    ___    |__  ____/_  __ \__   |/  /_  ____/            
    __  /| |_  /_   _  / / /_  /|_/ /_  /                 
    _  ___ |  __/   / /_/ /_  /  / / / /___               
    /_/  |_/_/      \___\_\/_/  /_/  \____/               

Hostname:     gpua023.delta.ncsa.illinois.edu
System:       Linux
Node:         gpua023.delta.ncsa.illinois.edu
Release:      5.14.0-427.91.1.el9_4.x86_64
Machine:      x86_64
Processor:    x86_64
JAX backend:  GPU
JAX devices:  [CudaDevice(id=0)]
Device kind:  NVIDIA A100-SXM4-40GB
Platform:     gpu

Load system from Integral File
Maximum memory per walker:            33.33 MB
Maximum number of Cholesky per chunk: 1298
Number of Cholesky chunks:            1
Number of Cholesky per chunk:         178
Number of padding Cholesky:           0

QMC System
Number of electrons: (4, 2)
Spin Multiplicity:   2
Number of orbitals:  29
Number of Chol:      178

QMC Parameters
eql_time            :                   50
n_blocks            :                 1000
n_walkers           :                  300
max_error           :                  0.0
seed                :                   17
walker_type         :                  uhf
trial               :             upt2ccsd
mix_precision       :                 True
max_memory          :                10000
dt                  :                0.005
n_exp_terms         :                    6
n_prop_steps        :                   50
save_walkers        :                False
free_projection     :                False
n_batch             :                    1
nchol_chunk         :                  178

Initalize QMC walkers by HF

Equilibration
inv_T        weight  killW        energy   runTime
 0.00    300.000000      0   -397.509269      5.94
 5.00    301.550821      0   -397.642346     12.60
10.00    301.496733      0   -397.643564     13.45
15.00    301.541616      0   -397.662064     14.30
20.00    301.020013      0   -397.649096     15.15
25.00    301.543131      0   -397.653312     16.00
30.00    300.935415      0   -397.656256     16.85
35.00    300.502994      1   -397.643870     17.70
40.00    301.096775      0   -397.652499     18.55
45.00    301.207734      0   -397.642203     19.40
50.00    300.477124      0   -397.655729     20.25

Sampling
blocks        weight  killW       E_Trial     error     olp_T/G     error  Walltime
    20    300.979737      0   -397.654515  0.000258    1.001517  0.000100   28.24
    40    300.784645      0   -397.654335  0.000177    1.001508  0.000059   29.63
    60    300.609180      0   -397.654199  0.000134    1.001485  0.000043   31.04
    80    300.424591      0   -397.654092  0.000112    1.001425  0.000052   32.44
   100    300.277710      0   -397.654094  0.000098    1.001425  0.000040   33.84
   120    300.177640      0   -397.654140  0.000089    1.001432  0.000034   35.24
   140    300.104101      0   -397.654127  0.000082    1.001436  0.000034   36.64
   160    300.011708      0   -397.654106  0.000074    1.001449  0.000032   38.03
   180    299.940377      0   -397.654111  0.000070    1.001428  0.000031   39.43
   200    299.863915      0   -397.654088  0.000067    1.001421  0.000029   40.83
   220    299.792983      0   -397.654068  0.000063    1.001418  0.000026   42.31
   240    299.728779      0   -397.654061  0.000059    1.001406  0.000025   43.81
   260    299.678528      0   -397.654046  0.000056    1.001397  0.000025   45.35
   280    299.625989      0   -397.654051  0.000053    1.001410  0.000024   46.83
   300    299.591046      0   -397.654092  0.000053    1.001415  0.000023   48.31
   320    299.548089      0   -397.654090  0.000051    1.001419  0.000022   49.79
   340    299.521783      0   -397.654069  0.000050    1.001411  0.000022   51.28
   360    299.481859      0   -397.654053  0.000048    1.001412  0.000022   52.75
   380    299.452704      0   -397.654043  0.000048    1.001411  0.000021   54.31
   400    299.421250      0   -397.654034  0.000046    1.001415  0.000020   55.79
   420    299.391185      0   -397.654044  0.000045    1.001414  0.000019   57.27
   440    299.372033      0   -397.654058  0.000044    1.001417  0.000019   58.76
   460    299.346053      0   -397.654058  0.000043    1.001420  0.000019   60.24
   480    299.329389      0   -397.654054  0.000042    1.001424  0.000018   61.72
   500    299.314139      0   -397.654054  0.000041    1.001433  0.000019   63.28
   520    299.301910      0   -397.654071  0.000045    1.001434  0.000020   64.76
   540    299.292912      0   -397.654068  0.000044    1.001441  0.000019   66.25
   560    299.286544      0   -397.654073  0.000043    1.001440  0.000019   67.73
   580    299.270817      0   -397.654065  0.000042    1.001447  0.000019   69.21
   600    299.256619      0   -397.654062  0.000041    1.001449  0.000020   70.70
   620    299.246313      0   -397.654060  0.000040    1.001445  0.000019   72.17
   640    299.234185      0   -397.654055  0.000039    1.001445  0.000019   73.73
   660    299.226215      0   -397.654058  0.000038    1.001446  0.000018   75.22
   680    299.217021      0   -397.654059  0.000037    1.001446  0.000018   76.70
   700    299.209524      0   -397.654053  0.000037    1.001441  0.000018   78.18
   720    299.204128      0   -397.654062  0.000036    1.001435  0.000018   79.66
   740    299.193291      0   -397.654066  0.000035    1.001431  0.000018   81.14
   760    299.186610      0   -397.654082  0.000035    1.001439  0.000019   82.69
   780    299.178418      0   -397.654067  0.000035    1.001440  0.000019   84.17
   800    299.175497      0   -397.654056  0.000034    1.001443  0.000019   85.65
   820    299.169696      0   -397.654076  0.000036    1.001443  0.000018   87.13
   840    299.159977      0   -397.654066  0.000035    1.001448  0.000019   88.62
   860    299.154492      0   -397.654068  0.000035    1.001448  0.000019   90.10
   880    299.149146      0   -397.654066  0.000034    1.001448  0.000018   91.66
   900    299.140635      0   -397.654063  0.000034    1.001443  0.000018   93.14
   920    299.132899      0   -397.654055  0.000033    1.001446  0.000018   94.63
   940    299.126180      0   -397.654058  0.000032    1.001449  0.000019   96.12
   960    299.120570      0   -397.654055  0.000032    1.001444  0.000018   97.60
   980    299.119089      0   -397.654057  0.000032    1.001441  0.000019   99.08
  1000    299.114251      0   -397.654059  0.000031    1.001445  0.000018  100.55

Post Propagation Process
Total number of samples 1000
Raw Trial/Guide overlap ratio:          1.001445 ± 0.000018
Raw AFQMC/pt2CCSD energy (covariance): -397.654059 ± 0.000031
Raw AFQMC/pt2CCSD energy (dir sample): -397.654059 ± 0.000025

Remove Outliers
removing energies outside zeta > 30
Outlier energy bound [-397.673267, -397.634581]
Removed 0 outliers with energies []
Clean AFQMC/pt2CCSD overlap ratio:        1.001445 ± 0.000018
Clean AFQMC/pt2CCSD energy (covariance): -397.654059 ± 0.000031
Clean AFQMC/ptCCSD energy (dir sample):  -397.654059 ± 0.000025

Blocking Analysis
nsample = 1000, max_block_size = 25, min_nblocks = 40
   B    NB    NS  Observable     Error    dError
   1  1000  1000    1.001445  0.000008  0.000000
   2   500  1000    1.001445  0.000010  0.000000
   3   333   999    1.001445  0.000011  0.000000
   4   250  1000    1.001445  0.000012  0.000001
   5   200  1000    1.001445  0.000013  0.000001
   6   166   996    1.001444  0.000013  0.000001
   7   142   994    1.001444  0.000014  0.000001
   8   125  1000    1.001445  0.000014  0.000001
   9   111   999    1.001445  0.000015  0.000001
  10   100  1000    1.001445  0.000015  0.000001
  11    90   990    1.001443  0.000016  0.000001
  12    83   996    1.001444  0.000016  0.000001
  13    76   988    1.001442  0.000017  0.000001
  14    71   994    1.001444  0.000017  0.000001
  15    66   990    1.001443  0.000017  0.000001
  16    62   992    1.001444  0.000018  0.000002
  17    58   986    1.001442  0.000017  0.000002
  18    55   990    1.001443  0.000018  0.000002
  19    52   988    1.001442  0.000018  0.000002
  20    50  1000    1.001445  0.000018  0.000002
  21    47   987    1.001442  0.000018  0.000002
  22    45   990    1.001443  0.000018  0.000002
  23    43   989    1.001443  0.000017  0.000002
  24    41   984    1.001442  0.000018  0.000002
  25    40  1000    1.001445  0.000017  0.000002
Fit (variance): plateau_var = 3.375e-10 ± 3.076e-11
Fit (error):    plateau = 0.000018 ± 0.000001
     autocorrelation length ~ 8.3 blocks
     plateau reached at block size ~ 38
     !!!Failed to reach plateau in blocking
     Return max block error
nclean = 1000, max_block_size = 25, min_nblocks = 40
Blk_SZ   NBlk   NSmp      Energy     Error    dError
     1   1000   1000  -397.654045  0.000025  0.000001
     2    500   1000  -397.654047  0.000030  0.000001
     3    333    999  -397.654048  0.000032  0.000001
     4    250   1000  -397.654050  0.000034  0.000002
     5    200   1000  -397.654051  0.000036  0.000002
     6    166    996  -397.654052  0.000035  0.000002
     7    142    994  -397.654053  0.000037  0.000002
     8    125   1000  -397.654053  0.000037  0.000002
     9    111    999  -397.654054  0.000037  0.000002
    10    100   1000  -397.654054  0.000035  0.000003
    11     90    990  -397.654056  0.000041  0.000003
    12     83    996  -397.654055  0.000038  0.000003
    13     76    988  -397.654052  0.000036  0.000003
    14     71    994  -397.654054  0.000041  0.000003
    15     66    990  -397.654057  0.000034  0.000003
    16     62    992  -397.654057  0.000039  0.000003
    17     58    986  -397.654055  0.000037  0.000003
    18     55    990  -397.654058  0.000036  0.000003
    19     52    988  -397.654054  0.000040  0.000004
    20     50   1000  -397.654056  0.000039  0.000004
    21     47    987  -397.654055  0.000041  0.000004
    22     45    990  -397.654058  0.000038  0.000004
    23     43    989  -397.654054  0.000039  0.000004
    24     41    984  -397.654056  0.000037  0.000004
    25     40   1000  -397.654058  0.000037  0.000004
Fit (variance): plateau_var = 1.411620e-09 ± 6.253787e-11
Fit (error):    plateau = 0.000038 ± 0.000001
     autocorrelation length ~ 2.6 blocks
     plateau reached at block size ~ 12
Final AFQMC/pt2CCSD overlap ratio: 1.001445 ± 0.000018
Final AFQMC/pt2CCSD energy: -397.654059 ± 0.000038
Total run time: 108.94

AFQMC Sampling Finished

QMC script: /u/yzhang65/myprojects/software/afqmc/afqmc/scripts/run_afqmc_pt2ccsd_new.py
  => E_HF(s)      = -397.5092689277 Eh
  => E_CCSD(s)    = -397.6487411239 Eh
  => E_AFQMC(s)   = -397.65406 +/- 0.00004 Eh

============================================================
Running: si  charge=0  spin=2
============================================================
output file: ../../result/molout/atom/tz/si_vtzfp.out

Preparing AFQMC calculation
Calculating Cholesky integrals
Alpha Cholesky shape: (191, 29, 29) 
 Beta Cholesky shape: (191, 29, 29) 
Finished calculating Cholesky integrals
Size of the correlation space:
Number of electrons:        [3 1]
Number of basis functions:  29
Number of Cholesky vectors: 191

    ________                     _____                    
    ___  __ \___  __________________(_)_____________ _    
    __  /_/ /  / / /_  __ \_  __ \_  /__  __ \_  __ `/    
    _  _, _// /_/ /_  / / /  / / /  / _  / / /  /_/ /     
    /_/ |_| \__,_/ /_/ /_//_/ /_//_/  /_/ /_/_\__, /      
                                             /____/       
    _____________________________  ___________            
    ___    |__  ____/_  __ \__   |/  /_  ____/            
    __  /| |_  /_   _  / / /_  /|_/ /_  /                 
    _  ___ |  __/   / /_/ /_  /  / / / /___               
    /_/  |_/_/      \___\_\/_/  /_/  \____/               

Hostname:     gpua023.delta.ncsa.illinois.edu
System:       Linux
Node:         gpua023.delta.ncsa.illinois.edu
Release:      5.14.0-427.91.1.el9_4.x86_64
Machine:      x86_64
Processor:    x86_64
JAX backend:  GPU
JAX devices:  [CudaDevice(id=0)]
Device kind:  NVIDIA A100-SXM4-40GB
Platform:     gpu

Load system from Integral File
Maximum memory per walker:            33.33 MB
Maximum number of Cholesky per chunk: 1298
Number of Cholesky chunks:            1
Number of Cholesky per chunk:         191
Number of padding Cholesky:           0

QMC System
Number of electrons: (3, 1)
Spin Multiplicity:   2
Number of orbitals:  29
Number of Chol:      191

QMC Parameters
eql_time            :                   50
n_blocks            :                 1000
n_walkers           :                  300
max_error           :                  0.0
seed                :                   17
walker_type         :                  uhf
trial               :             upt2ccsd
mix_precision       :                 True
max_memory          :                10000
dt                  :                0.005
n_exp_terms         :                    6
n_prop_steps        :                   50
save_walkers        :                False
free_projection     :                False
n_batch             :                    1
nchol_chunk         :                  191

Initalize QMC walkers by HF

Equilibration
inv_T        weight  killW        energy   runTime
 0.00    300.000000      0   -288.856427      5.65
 5.00    300.613365      0   -288.937187     12.49
10.00    300.359722      0   -288.924006     13.30
15.00    300.331010      0   -288.930063     14.11
20.00    300.167077      0   -288.929686     14.93
25.00    300.065563      0   -288.929445     15.74
30.00    300.080467      1   -288.929081     16.55
35.00    300.104712      0   -288.931192     17.36
40.00    300.660658      0   -288.932659     18.18
45.00    299.900800      0   -288.923930     18.99
50.00    300.085247      0   -288.928180     19.80

Sampling
blocks        weight  killW       E_Trial     error     olp_T/G     error  Walltime
    20    299.889587      0   -288.933924  0.000119    1.001878  0.000192   28.20
    40    299.870683      0   -288.933851  0.000082    1.001895  0.000096   29.75
    60    299.824584      0   -288.933815  0.000077    1.001869  0.000064   31.30
    80    299.749475      0   -288.933816  0.000067    1.001853  0.000053   33.04
   100    299.669089      0   -288.933852  0.000063    1.001807  0.000052   34.89
   120    299.621924      0   -288.933810  0.000055    1.001765  0.000055   36.72
   140    299.561699      0   -288.933813  0.000052    1.001723  0.000061   38.56
   160    299.505755      0   -288.933753  0.000048    1.001724  0.000053   40.41
   180    299.462684      0   -288.933755  0.000046    1.001784  0.000062   42.15
   200    299.425237      0   -288.933760  0.000042    1.001784  0.000056   43.99
   220    299.392823      0   -288.933748  0.000041    1.001782  0.000055   45.83
   240    299.364669      0   -288.933741  0.000039    1.001831  0.000063   47.67
   260    299.331769      0   -288.933751  0.000038    1.001825  0.000059   49.55
   280    299.303378      0   -288.933746  0.000037    1.001817  0.000054   51.32
   300    299.274058      0   -288.933741  0.000036    1.001827  0.000051   53.16
   320    299.253662      0   -288.933737  0.000035    1.001829  0.000049   55.00
   340    299.236261      0   -288.933744  0.000033    1.001830  0.000047   56.84
   360    299.220274      0   -288.933749  0.000033    1.001814  0.000046   58.60
   380    299.205684      0   -288.933751  0.000031    1.001812  0.000044   60.45
   400    299.193903      0   -288.933753  0.000031    1.001806  0.000042   62.30
   420    299.182323      0   -288.933748  0.000030    1.001804  0.000041   64.14
   440    299.171905      0   -288.933752  0.000029    1.001808  0.000040   65.90
   460    299.163437      0   -288.933752  0.000028    1.001802  0.000039   67.75
   480    299.155066      0   -288.933752  0.000027    1.001799  0.000039   69.60
   500    299.146227      0   -288.933755  0.000027    1.001814  0.000039   71.44
   520    299.133276      0   -288.933750  0.000026    1.001811  0.000038   73.17
   540    299.129036      0   -288.933752  0.000025    1.001811  0.000036   75.02
   560    299.118955      0   -288.933744  0.000025    1.001824  0.000037   76.87
   580    299.111781      0   -288.933744  0.000024    1.001819  0.000036   78.71
   600    299.105510      0   -288.933748  0.000024    1.001817  0.000035   80.55
   620    299.097596      0   -288.933742  0.000023    1.001815  0.000034   82.39
   640    299.094933      0   -288.933743  0.000023    1.001817  0.000035   84.13
   660    299.090368      0   -288.933746  0.000023    1.001809  0.000035   85.97
   680    299.086071      0   -288.933749  0.000023    1.001813  0.000034   87.81
   700    299.083899      0   -288.933753  0.000022    1.001809  0.000035   89.66
   720    299.075835      0   -288.933751  0.000022    1.001814  0.000033   91.52
   740    299.073171      0   -288.933749  0.000022    1.001811  0.000033   93.27
   760    299.064997      0   -288.933748  0.000021    1.001812  0.000032   95.11
   780    299.060510      0   -288.933751  0.000021    1.001817  0.000032   96.95
   800    299.059174      0   -288.933747  0.000021    1.001818  0.000031   98.80
   820    299.052886      0   -288.933754  0.000020    1.001818  0.000030  100.64
   840    299.047758      0   -288.933762  0.000020    1.001816  0.000030  102.39
   860    299.045715      0   -288.933762  0.000020    1.001808  0.000030  104.24
   880    299.039930      0   -288.933765  0.000020    1.001807  0.000030  106.08
   900    299.037677      0   -288.933766  0.000020    1.001808  0.000029  107.92
   920    299.036398      0   -288.933761  0.000021    1.001811  0.000028  109.70
   940    299.035164      0   -288.933759  0.000021    1.001812  0.000028  111.55
   960    299.034265      0   -288.933763  0.000020    1.001810  0.000027  113.39
   980    299.032873      0   -288.933770  0.000021    1.001809  0.000027  115.23
  1000    299.028710      0   -288.933771  0.000021    1.001812  0.000027  116.97

Post Propagation Process
Total number of samples 1000
Raw Trial/Guide overlap ratio:          1.001812 ± 0.000027
Raw AFQMC/pt2CCSD energy (covariance): -288.933771 ± 0.000021
Raw AFQMC/pt2CCSD energy (dir sample): -288.933771 ± 0.000015

Remove Outliers
removing energies outside zeta > 30
Outlier energy bound [-288.945543, -288.921915]
Removed 0 outliers with energies []
Clean AFQMC/pt2CCSD overlap ratio:        1.001812 ± 0.000027
Clean AFQMC/pt2CCSD energy (covariance): -288.933771 ± 0.000021
Clean AFQMC/ptCCSD energy (dir sample):  -288.933771 ± 0.000015

Blocking Analysis
nsample = 1000, max_block_size = 25, min_nblocks = 40
   B    NB    NS  Observable     Error    dError
   1  1000  1000    1.001812  0.000011  0.000000
   2   500  1000    1.001812  0.000014  0.000000
   3   333   999    1.001812  0.000017  0.000001
   4   250  1000    1.001812  0.000018  0.000001
   5   200  1000    1.001812  0.000020  0.000001
   6   166   996    1.001812  0.000020  0.000001
   7   142   994    1.001812  0.000022  0.000001
   8   125  1000    1.001812  0.000023  0.000001
   9   111   999    1.001812  0.000022  0.000001
  10   100  1000    1.001812  0.000024  0.000002
  11    90   990    1.001811  0.000024  0.000002
  12    83   996    1.001812  0.000023  0.000002
  13    76   988    1.001812  0.000025  0.000002
  14    71   994    1.001812  0.000026  0.000002
  15    66   990    1.001811  0.000026  0.000002
  16    62   992    1.001812  0.000027  0.000002
  17    58   986    1.001811  0.000025  0.000002
  18    55   990    1.001811  0.000027  0.000003
  19    52   988    1.001812  0.000024  0.000002
  20    50  1000    1.001812  0.000025  0.000003
  21    47   987    1.001811  0.000026  0.000003
  22    45   990    1.001811  0.000025  0.000003
  23    43   989    1.001811  0.000026  0.000003
  24    41   984    1.001811  0.000025  0.000003
  25    40  1000    1.001812  0.000026  0.000003
Fit (variance): plateau_var = 6.867e-10 ± 4.926e-11
Fit (error):    plateau = 0.000026 ± 0.000001
     autocorrelation length ~ 6.4 blocks
     plateau reached at block size ~ 30
     !!!Failed to reach plateau in blocking
     Return max block error
nclean = 1000, max_block_size = 25, min_nblocks = 40
Blk_SZ   NBlk   NSmp      Energy     Error    dError
     1   1000   1000  -288.933763  0.000015  0.000000
     2    500   1000  -288.933765  0.000017  0.000001
     3    333    999  -288.933766  0.000018  0.000001
     4    250   1000  -288.933766  0.000019  0.000001
     5    200   1000  -288.933767  0.000020  0.000001
     6    166    996  -288.933766  0.000020  0.000001
     7    142    994  -288.933765  0.000021  0.000001
     8    125   1000  -288.933767  0.000021  0.000001
     9    111    999  -288.933768  0.000021  0.000001
    10    100   1000  -288.933767  0.000021  0.000002
    11     90    990  -288.933766  0.000022  0.000002
    12     83    996  -288.933768  0.000022  0.000002
    13     76    988  -288.933766  0.000019  0.000002
    14     71    994  -288.933767  0.000023  0.000002
    15     66    990  -288.933767  0.000021  0.000002
    16     62    992  -288.933768  0.000021  0.000002
    17     58    986  -288.933767  0.000022  0.000002
    18     55    990  -288.933768  0.000018  0.000002
    19     52    988  -288.933767  0.000021  0.000002
    20     50   1000  -288.933769  0.000021  0.000002
    21     47    987  -288.933767  0.000020  0.000002
    22     45    990  -288.933768  0.000021  0.000002
    23     43    989  -288.933768  0.000022  0.000002
    24     41    984  -288.933767  0.000019  0.000002
    25     40   1000  -288.933769  0.000019  0.000002
Fit (variance): plateau_var = 4.298952e-10 ± 1.803534e-11
Fit (error):    plateau = 0.000021 ± 0.000000
     autocorrelation length ~ 2.3 blocks
     plateau reached at block size ~ 11
Final AFQMC/pt2CCSD overlap ratio: 1.001812 ± 0.000027
Final AFQMC/pt2CCSD energy: -288.933771 ± 0.000021
Total run time: 125.45

AFQMC Sampling Finished

QMC script: /u/yzhang65/myprojects/software/afqmc/afqmc/scripts/run_afqmc_pt2ccsd_new.py
  => E_HF(si)      = -288.8564275032 Eh
  => E_CCSD(si)    = -288.9306761631 Eh
  => E_AFQMC(si)   = -288.93377 +/- 0.00002 Eh

All calculations complete. Results saved to ./atom_afqmc_vtzfp.dat
