Molecules to run: 80
    1. benzene.xyz
    2. beta-lactim.xyz
    3. bf.xyz
    4. bf3.xyz
    5. bh.xyz
    6. bh3.xyz
    7. bhf2.xyz
    8. bn.xyz
    9. borole.xyz
   10. c-hcoh.xyz
   11. c2cl6.xyz
   12. c2clh.xyz
   13. c2clh3.xyz
   14. c2clh5.xyz
   15. c2f4.xyz
   16. c2f6.xyz
   17. c2h2.xyz
   18. c2h3f.xyz
   19. c2h4.xyz
   20. c2h5f.xyz
   21. c2h6.xyz
   22. ccl2.xyz
   23. ccl2h2.xyz
   24. ccl2o.xyz
   25. ccl3h.xyz
   26. clf5.xyz
   27. clno.xyz
   28. cloocl.xyz
   29. co.xyz
   30. co2.xyz
   31. cs.xyz
   32. cs2.xyz
   33. cyclobutadiene.xyz
   34. cyclobutane.xyz
   35. cyclobutene.xyz
   36. cyclopentadiene.xyz
   37. cyclopropane.xyz
   38. cyclopropene.xyz
   39. dioxetan2one.xyz
   40. dioxetane.xyz
   41. dioxirane.xyz
   42. dithiotane.xyz
   43. ethanol.xyz
   44. formic-anhydride.xyz
   45. glyoxal.xyz
   46. h2.xyz
   47. h2co.xyz
   48. h2o.xyz
   49. h2s.xyz
   50. hccf.xyz
   51. hcl.xyz
   52. hclo4.xyz
   53. hcn.xyz
   54. hcno.xyz
   55. n-butane.xyz
   56. n-pentane.xyz
   57. n2.xyz
   58. n2h4.xyz
   59. n2o.xyz
   60. propyne.xyz
   61. pyrrole.xyz
   62. s2o.xyz
   63. s3.xyz
   64. s4-c2v.xyz
   65. sf6.xyz
   66. si2h6.xyz
   67. sif4.xyz
   68. sih3f.xyz
   69. sih4.xyz
   70. silole.xyz
   71. sio.xyz
   72. so2.xyz
   73. so3.xyz
   74. t-butadiene.xyz
   75. t-hcoh.xyz
   76. t-hono.xyz
   77. t-n2h2.xyz
   78. tetrahedrane.xyz
   79. thiophene.xyz
   80. trans-c2f2cl2.xyz

============================================================
Running: benzene  charge=0  spin=0
============================================================
overwrite output file: ../../result/molout/closed_shell/tz/benzene_vtzfp.out

Preparing AFQMC calculation
Calculating Cholesky integrals
Alpha Cholesky shape: (1305, 234, 234) 
 Beta Cholesky shape: (1305, 234, 234) 
Finished calculating Cholesky integrals
Size of the correlation space:
Number of electrons:        [15 15]
Number of basis functions:  228
Number of Cholesky vectors: 1305

    ________                     _____                    
    ___  __ \___  __________________(_)_____________ _    
    __  /_/ /  / / /_  __ \_  __ \_  /__  __ \_  __ `/    
    _  _, _// /_/ /_  / / /  / / /  / _  / / /  /_/ /     
    /_/ |_| \__,_/ /_/ /_//_/ /_//_/  /_/ /_/_\__, /      
                                             /____/       
    _____________________________  ___________            
    ___    |__  ____/_  __ \__   |/  /_  ____/            
    __  /| |_  /_   _  / / /_  /|_/ /_  /                 
    _  ___ |  __/   / /_/ /_  /  / / / /___               
    /_/  |_/_/      \___\_\/_/  /_/  \____/               

Hostname:     gpue02.delta.ncsa.illinois.edu
System:       Linux
Node:         gpue02.delta.ncsa.illinois.edu
Release:      5.14.0-427.91.1.el9_4.x86_64
Machine:      x86_64
Processor:    x86_64
JAX backend:  GPU
JAX devices:  [CudaDevice(id=0)]
Device kind:  NVIDIA H200
Platform:     gpu

Load system from Integral File
Maximum memory per walker:            83.33 MB
Maximum number of Cholesky per chunk: 52
Number of Cholesky chunks:            26
Number of Cholesky per chunk:         51
Number of padding Cholesky:           21

QMC System
Number of electrons: (15, 15)
Spin Multiplicity:   0
Number of orbitals:  228
Number of Chol:      1305

QMC Parameters
eql_time            :                   50
n_blocks            :                 1000
n_walkers           :                  300
max_error           :                  0.0
seed                :                   17
walker_type         :                  uhf
trial               :             upt2ccsd
mix_precision       :                 True
max_memory          :                25000
dt                  :                0.005
n_exp_terms         :                    6
n_prop_steps        :                   50
save_walkers        :                False
free_projection     :                False
n_batch             :                    1
nchol_chunk         :                   51

Initalize QMC walkers by stochastic CCSD

Equilibration
inv_T        weight  killW        energy   runTime
 0.00    300.000000      0   -231.743336     27.27
 5.00    297.241146      0   -231.801272     44.59
10.00    298.378620      0   -231.761484     56.72
15.00    298.124924      0   -231.801036     68.68
20.00    298.067793      0   -231.783868     80.64
25.00    298.191028      0   -231.824383     92.60
30.00    297.962503      0   -231.785207    104.56
35.00    298.953295      0   -231.801592    116.52
40.00    298.124435      0   -231.760040    129.38
45.00    297.925778      0   -231.792122    141.37
50.00    298.459601      0   -231.777788    153.34

Sampling
blocks        weight  killW       E_Guide     error       E_Trial     error     olp_T/G     error  Walltime
    20    298.375992      0   -231.811114  0.011374   -231.797536  0.001494    1.086991  0.000867  321.27
    40    298.311295      0   -231.811442  0.007493   -231.798703  0.001049    1.086142  0.000548  469.21
    60    298.082851      1   -231.802365  0.007979   -231.797180  0.000944    1.086458  0.000423  618.06
    80    298.156517      2   -231.808042  0.006474   -231.800252  0.001137    1.086200  0.000348  768.96
   100    298.119397      2   -231.808806  0.005232   -231.800080  0.000979    1.085965  0.000317  916.92
   120    298.042334      2   -231.807778  0.004466   -231.799933  0.000869    1.085990  0.000265 1064.86
   140    297.983511      2   -231.809195  0.004317   -231.799565  0.000781    1.085994  0.000317 1212.86
   160    297.935591      2   -231.807969  0.003856   -231.799127  0.000722    1.086362  0.000381 1363.12
   180    297.921960      2   -231.808675  0.003524   -231.799121  0.000661    1.086140  0.000366 1511.01
   200    297.897376      3   -231.809632  0.003244   -231.799343  0.000621    1.086069  0.000349 1658.87
   220    297.846956      4   -231.807487  0.003295   -231.799310  0.000584    1.086163  0.000325 1806.87
   240    297.828547      4   -231.807227  0.003158   -231.799542  0.000553    1.086106  0.000306 1960.99
   260    297.800786      4   -231.807780  0.002965   -231.799811  0.000538    1.086252  0.000312 2108.99
   280    297.777556      4   -231.807780  0.002851   -231.799953  0.000526    1.086441  0.000339 2256.79
   300    297.764320      4   -231.808721  0.002750   -231.800141  0.000505    1.086309  0.000355 2404.62
   320    297.744080      4   -231.808903  0.002603   -231.800264  0.000497    1.086046  0.000395 2552.55
   340    297.717895      4   -231.808856  0.002449   -231.800207  0.000481    1.085953  0.000378 2701.82
   360    297.705596      4   -231.808389  0.002349   -231.800113  0.000463    1.085850  0.000376 2849.88
   380    297.702582      4   -231.808986  0.002296   -231.799896  0.000449    1.085776  0.000361 2997.80
   400    297.689700      4   -231.808461  0.002262   -231.799785  0.000434    1.085815  0.000344 3145.73
   420    297.672616      4   -231.808014  0.002181   -231.799682  0.000418    1.085880  0.000333 3299.76
   440    297.677243      4   -231.808691  0.002134   -231.799756  0.000406    1.085911  0.000320 3447.64
   460    297.659596      4   -231.807975  0.002101   -231.799696  0.000393    1.085906  0.000314 3595.55
   480    297.653688      4   -231.807692  0.002066   -231.799681  0.000384    1.085921  0.000313 3743.42
   500    297.637397      4   -231.807165  0.002017   -231.799553  0.000373    1.086059  0.000315 3892.77
   520    297.633728      4   -231.807009  0.001942   -231.799538  0.000364    1.086059  0.000313 4040.67
   540    297.619116      4   -231.806169  0.001975   -231.799344  0.000358    1.086145  0.000309 4188.55
   560    297.614404      4   -231.806309  0.001906   -231.799489  0.000356    1.086138  0.000297 4336.40
   580    297.613456      4   -231.806477  0.001853   -231.799522  0.000350    1.086132  0.000289 4484.62
   600    297.606699      5   -231.806210  0.001845   -231.799528  0.000342    1.086166  0.000291 4636.77
   620    297.598067      5   -231.805881  0.001809   -231.799501  0.000335    1.086190  0.000285 4784.76
   640    297.594475      5   -231.805536  0.001786   -231.799448  0.000330    1.086218  0.000282 4932.73
   660    297.592945      6   -231.805490  0.001738   -231.799400  0.000325    1.086227  0.000275 5080.63
   680    297.584115      6   -231.804959  0.001780   -231.799263  0.000320    1.086249  0.000269 5231.21
   700    297.582077      6   -231.804975  0.001745   -231.799227  0.000314    1.086231  0.000263 5379.07
   720    297.570909      6   -231.805046  0.001686   -231.799231  0.000308    1.086248  0.000254 5526.95
   740    297.566076      6   -231.804889  0.001658   -231.799216  0.000302    1.086309  0.000251 5674.90
   760    297.563626      6   -231.804771  0.001625   -231.799182  0.000297    1.086331  0.000252 5823.02
   780    297.565979      6   -231.805025  0.001568   -231.799207  0.000293    1.086299  0.000248 5973.24
   800    297.559984      7   -231.804779  0.001686   -231.799160  0.000288    1.086293  0.000242 6123.96
   820    297.555649      7   -231.804287  0.001716   -231.799117  0.000284    1.086325  0.000237 6271.97
   840    297.555555      7   -231.804096  0.001686   -231.799105  0.000279    1.086380  0.000238 6419.86
   860    297.555999      7   -231.803981  0.001650   -231.799113  0.000276    1.086421  0.000238 6567.80
   880    297.557119      7   -231.803902  0.001614   -231.799122  0.000276    1.086410  0.000245 6716.89
   900    297.554517      7   -231.803897  0.001578   -231.799049  0.000271    1.086444  0.000245 6864.80
   920    297.554240      7   -231.803778  0.001548   -231.799051  0.000268    1.086442  0.000242 7012.77
   940    297.552686      7   -231.803388  0.001564   -231.799003  0.000265    1.086443  0.000236 7160.68
   960    297.552274      7   -231.803421  0.001531   -231.798993  0.000262    1.086455  0.000230 7315.62
   980    297.555161      7   -231.803733  0.001532   -231.799057  0.000258    1.086463  0.000225 7463.53
  1000    297.554931      8   -231.803723  0.001501   -231.799019  0.000255    1.086420  0.000220 7611.49

Post Propagation Process
Total number of samples 1000
Raw AFQMC/HF (Guide) energy:           -231.803723 ± 0.001501
Raw Trial/Guide overlap ratio:          1.086420 ± 0.000220
Raw AFQMC/pt2CCSD energy (covariance): -231.799019 ± 0.000255
Raw AFQMC/pt2CCSD energy (dir sample): -231.799019 ± 0.000220

Remove Outliers
removing energies outside zeta > 30
Outlier energy bound [-231.970112, -231.626234]
Removed 0 outliers with energies []
Clean AFQMC/pt2CCSD overlap ratio:        1.086420 ± 0.000220
Clean AFQMC/pt2CCSD energy (covariance): -231.799019 ± 0.000255
Clean AFQMC/ptCCSD energy (dir sample):  -231.799019 ± 0.000220

Blocking Analysis
nsample = 1000, max_block_size = 25, min_nblocks = 40
   B    NB    NS  Observable     Error    dError
   1  1000  1000    1.086421  0.000075  0.000002
   2   500  1000    1.086421  0.000099  0.000003
   3   333   999    1.086419  0.000117  0.000005
   4   250  1000    1.086420  0.000130  0.000006
   5   200  1000    1.086420  0.000141  0.000007
   6   166   996    1.086420  0.000151  0.000008
   7   142   994    1.086430  0.000158  0.000009
   8   125  1000    1.086420  0.000164  0.000010
   9   111   999    1.086418  0.000169  0.000011
  10   100  1000    1.086420  0.000177  0.000013
  11    90   990    1.086445  0.000180  0.000013
  12    83   996    1.086420  0.000187  0.000015
  13    76   988    1.086450  0.000186  0.000015
  14    71   994    1.086430  0.000192  0.000016
  15    66   990    1.086445  0.000196  0.000017
  16    62   992    1.086442  0.000199  0.000018
  17    58   986    1.086452  0.000201  0.000019
  18    55   990    1.086445  0.000200  0.000019
  19    52   988    1.086450  0.000210  0.000021
  20    50  1000    1.086420  0.000204  0.000021
  21    47   987    1.086451  0.000198  0.000021
  22    45   990    1.086445  0.000220  0.000023
  23    43   989    1.086447  0.000198  0.000022
  24    41   984    1.086459  0.000217  0.000024
  25    40  1000    1.086420  0.000208  0.000024
Fit (variance): plateau_var = 4.730e-08 ± 4.657e-09
Fit (error):    plateau = 0.000217 ± 0.000011
     autocorrelation length ~ 9.5 blocks
     plateau reached at block size ~ 44
     !!!Failed to reach plateau in blocking
     Return max block error
nclean = 1000, max_block_size = 25, min_nblocks = 40
Blk_SZ   NBlk   NSmp      Energy     Error    dError
     1   1000   1000  -231.798815  0.000220  0.000005
     2    500   1000  -231.798852  0.000260  0.000008
     3    333    999  -231.798874  0.000277  0.000011
     4    250   1000  -231.798894  0.000305  0.000014
     5    200   1000  -231.798910  0.000310  0.000016
     6    166    996  -231.798927  0.000314  0.000017
     7    142    994  -231.798937  0.000296  0.000018
     8    125   1000  -231.798927  0.000304  0.000019
     9    111    999  -231.798945  0.000319  0.000022
    10    100   1000  -231.798942  0.000343  0.000024
    11     90    990  -231.798972  0.000320  0.000024
    12     83    996  -231.798957  0.000369  0.000029
    13     76    988  -231.798986  0.000315  0.000026
    14     71    994  -231.798972  0.000325  0.000027
    15     66    990  -231.798991  0.000351  0.000031
    16     62    992  -231.798976  0.000343  0.000031
    17     58    986  -231.799006  0.000350  0.000033
    18     55    990  -231.799005  0.000372  0.000036
    19     52    988  -231.799001  0.000336  0.000033
    20     50   1000  -231.798968  0.000375  0.000038
    21     47    987  -231.799010  0.000353  0.000037
    22     45    990  -231.799008  0.000346  0.000037
    23     43    989  -231.799023  0.000326  0.000036
    24     41    984  -231.799030  0.000335  0.000037
    25     40   1000  -231.798987  0.000301  0.000034
Fit (variance): plateau_var = 1.115060e-07 ± 5.464299e-09
Fit (error):    plateau = 0.000334 ± 0.000008
     autocorrelation length ~ 3.2 blocks
     plateau reached at block size ~ 14
Final AFQMC/pt2CCSD overlap ratio: 1.086420 ± 0.000220
Final AFQMC/pt2CCSD energy: -231.799019 ± 0.000334
Total run time: 7666.28

AFQMC Sampling Finished

QMC script: /u/yzhang65/myprojects/software/afqmc/afqmc/scripts/run_afqmc_pt2ccsd.py
  => E_HF(benzene)      = -230.7813447048 Eh
  => E_CCSD(benzene)    = -231.7427623407 Eh
  => E_AFQMC(benzene)   = -231.79902 +/- 0.00033 Eh

============================================================
Running: beta-lactim  charge=0  spin=0
============================================================
overwrite output file: ../../result/molout/closed_shell/tz/beta-lactim_vtzfp.out
Not a UHF solution. Convert to RHF

Preparing AFQMC calculation
Calculating Cholesky integrals
Finished calculating Cholesky integrals
Size of the correlation space:
Number of electrons:        [14, 14]
Number of basis functions:  190
Number of Cholesky vectors: 1123

    ________                     _____                    
    ___  __ \___  __________________(_)_____________ _    
    __  /_/ /  / / /_  __ \_  __ \_  /__  __ \_  __ `/    
    _  _, _// /_/ /_  / / /  / / /  / _  / / /  /_/ /     
    /_/ |_| \__,_/ /_/ /_//_/ /_//_/  /_/ /_/_\__, /      
                                             /____/       
    _____________________________  ___________            
    ___    |__  ____/_  __ \__   |/  /_  ____/            
    __  /| |_  /_   _  / / /_  /|_/ /_  /                 
    _  ___ |  __/   / /_/ /_  /  / / / /___               
    /_/  |_/_/      \___\_\/_/  /_/  \____/               

Hostname:     gpue02.delta.ncsa.illinois.edu
System:       Linux
Node:         gpue02.delta.ncsa.illinois.edu
Release:      5.14.0-427.91.1.el9_4.x86_64
Machine:      x86_64
Processor:    x86_64
JAX backend:  GPU
JAX devices:  [CudaDevice(id=0)]
Device kind:  NVIDIA H200
Platform:     gpu

Load system from Integral File
Maximum memory per walker:            83.33 MB
Maximum number of Cholesky per chunk: 151
Number of Cholesky chunks:            8
Number of Cholesky per chunk:         141
Number of padding Cholesky:           5

QMC System
Number of electrons: (14, 14)
Spin Multiplicity:   0
Number of orbitals:  190
Number of Chol:      1123

QMC Parameters
eql_time            :                   50
n_blocks            :                 1000
n_walkers           :                  300
max_error           :                  0.0
seed                :                   17
walker_type         :                  rhf
trial               :              pt2ccsd
mix_precision       :                 True
max_memory          :                25000
dt                  :                0.005
n_exp_terms         :                    6
n_prop_steps        :                   50
save_walkers        :                False
free_projection     :                False
n_batch             :                    1
nchol_chunk         :                  141

Initalize QMC walkers by stochastic CCSD

Equilibration
inv_T        weight  killW        energy   runTime
 0.00    300.000000      0   -246.816287     66.23
 5.00    298.046628      0   -246.818787     75.19
10.00    297.902668      0   -246.911842     78.96
15.00    297.387109      0   -246.838149     82.73
20.00    298.040378      0   -246.868582     86.51
25.00    297.914920      0   -246.827546     90.50
30.00    297.216261      0   -246.813143     94.27
35.00    298.343936      0   -246.928510     98.04
40.00    298.549095      0   -246.864205    103.05
45.00    298.062048      0   -246.838329    106.82
50.00    297.795621      0   -246.809120    110.59

Sampling
blocks        weight  killW       E_Guide     error       E_Trial     error     olp_T/G     error  Walltime
    20    298.410536      1   -246.862808  0.010505   -246.856816  0.001984    1.005667  0.000223  194.58
    40    298.278897      1   -246.854823  0.010422   -246.857028  0.001231    1.005616  0.000218  256.99
    60    298.303391      1   -246.859720  0.007608   -246.859144  0.002983    1.005950  0.000277  319.70
    80    298.193452      1   -246.855110  0.006271   -246.857683  0.002294    1.006171  0.000247  382.48
   100    298.157763      1   -246.854394  0.004990   -246.857737  0.001872    1.006184  0.000192  445.13
   120    298.126943      1   -246.856345  0.004624   -246.857486  0.001599    1.006247  0.000175  507.80
   140    298.116492      1   -246.858043  0.004104   -246.857545  0.001383    1.006265  0.000160  571.28
   160    298.117184      1   -246.859158  0.003721   -246.857699  0.001231    1.006176  0.000155  634.19
   180    298.102209      1   -246.858969  0.003575   -246.857586  0.001111    1.006103  0.000145  696.87
   200    298.082622      1   -246.858847  0.003214   -246.857387  0.001022    1.006064  0.000139  763.28
   220    298.044065      1   -246.859158  0.003164   -246.857504  0.000966    1.006088  0.000129  829.08
   240    298.038705      1   -246.859157  0.002944   -246.857615  0.000903    1.006096  0.000120  891.85
   260    298.020525      1   -246.859417  0.002811   -246.857522  0.000847    1.006132  0.000124  954.55
   280    298.007032      1   -246.858821  0.002647   -246.857455  0.000799    1.005978  0.000152 1017.30
   300    297.989561      1   -246.858968  0.002478   -246.857348  0.000751    1.006028  0.000147 1080.00
   320    297.976389      1   -246.858804  0.002386   -246.857102  0.000716    1.006097  0.000146 1142.75
   340    297.965911      1   -246.858820  0.002244   -246.857113  0.000691    1.006052  0.000141 1205.50
   360    297.961038      1   -246.859177  0.002168   -246.857045  0.000658    1.006063  0.000133 1268.24
   380    297.947360      1   -246.859462  0.002069   -246.857009  0.000629    1.006066  0.000126 1330.86
   400    297.939993      1   -246.859630  0.001985   -246.857183  0.000609    1.006026  0.000123 1394.75
   420    297.929500      1   -246.858682  0.002004   -246.857064  0.000586    1.006032  0.000118 1457.04
   440    297.924640      1   -246.859128  0.001957   -246.856969  0.000564    1.005995  0.000124 1519.78
   460    297.922790      2   -246.859990  0.002029   -246.857029  0.000547    1.005974  0.000123 1582.52
   480    297.911590      2   -246.859996  0.001943   -246.856999  0.000528    1.005961  0.000119 1645.19
   500    297.901103      2   -246.859400  0.001925   -246.857108  0.000528    1.005961  0.000117 1707.98
   520    297.899209      2   -246.859889  0.001916   -246.857247  0.000516    1.005918  0.000118 1770.71
   540    297.905357      3   -246.860628  0.001897   -246.857385  0.000502    1.005877  0.000117 1833.45
   560    297.900035      3   -246.860808  0.001946   -246.857352  0.000487    1.005886  0.000115 1896.25
   580    297.904373      3   -246.861322  0.001956   -246.857313  0.000474    1.005908  0.000114 1958.87
   600    297.899617      3   -246.861507  0.001908   -246.857401  0.000468    1.005907  0.000112 2021.70
   620    297.889492      3   -246.861186  0.001844   -246.857321  0.000458    1.005910  0.000108 2089.46
   640    297.891891      3   -246.861355  0.001806   -246.857304  0.000447    1.005910  0.000110 2152.04
   660    297.895844      4   -246.861757  0.001761   -246.857320  0.000436    1.005931  0.000109 2214.70
   680    297.886865      5   -246.861588  0.001738   -246.857245  0.000426    1.005910  0.000107 2277.38
   700    297.882131      5   -246.861964  0.001755   -246.857353  0.000418    1.005900  0.000106 2339.98
   720    297.875845      5   -246.862055  0.001684   -246.857336  0.000409    1.005898  0.000101 2402.58
   740    297.872437      6   -246.861875  0.001674   -246.857314  0.000401    1.005867  0.000102 2465.24
   760    297.870657      6   -246.861902  0.001652   -246.857410  0.000408    1.005851  0.000103 2527.90
   780    297.870264      6   -246.861873  0.001594   -246.857321  0.000400    1.005862  0.000101 2590.50
   800    297.873179      6   -246.862479  0.001604   -246.857435  0.000396    1.005863  0.000103 2653.23
   820    297.871170      6   -246.862312  0.001584   -246.857422  0.000388    1.005872  0.000101 2716.48
   840    297.870510      6   -246.862663  0.001575   -246.857477  0.000381    1.005850  0.000101 2779.08
   860    297.876691      7   -246.863158  0.001615   -246.857472  0.000376    1.005870  0.000101 2841.71
   880    297.878722      7   -246.863501  0.001616   -246.857567  0.000374    1.005867  0.000098 2904.24
   900    297.871423      7   -246.863616  0.001607   -246.857546  0.000369    1.005874  0.000096 2966.82
   920    297.875411      7   -246.863828  0.001592   -246.857458  0.000363    1.005867  0.000094 3029.39
   940    297.873955      7   -246.863526  0.001561   -246.857416  0.000358    1.005865  0.000092 3092.00
   960    297.861425      7   -246.863214  0.001558   -246.857399  0.000351    1.005882  0.000092 3154.66
   980    297.861919      7   -246.863148  0.001549   -246.857309  0.000348    1.005896  0.000091 3217.34
  1000    297.860600      7   -246.863117  0.001538   -246.857325  0.000344    1.005908  0.000090 3280.25

Post Propagation Process
Total number of samples 1000
Raw AFQMC/HF (Guide) energy:           -246.863117 ± 0.001538
Raw Trial/Guide overlap ratio:          1.005908 ± 0.000090
Raw AFQMC/pt2CCSD energy (covariance): -246.857325 ± 0.000344
Raw AFQMC/pt2CCSD energy (dir sample): -246.857325 ± 0.000284

Remove Outliers
removing energies outside zeta > 30
Outlier energy bound [-247.051799, -246.660008]
Removed 0 outliers with energies []
Clean AFQMC/pt2CCSD overlap ratio:        1.005908 ± 0.000090
Clean AFQMC/pt2CCSD energy (covariance): -246.857325 ± 0.000344
Clean AFQMC/ptCCSD energy (dir sample):  -246.857325 ± 0.000284

Blocking Analysis
nsample = 1000, max_block_size = 25, min_nblocks = 40
   B    NB    NS  Observable     Error    dError
   1  1000  1000    1.005909  0.000033  0.000001
   2   500  1000    1.005909  0.000044  0.000001
   3   333   999    1.005908  0.000051  0.000002
   4   250  1000    1.005909  0.000057  0.000003
   5   200  1000    1.005908  0.000059  0.000003
   6   166   996    1.005906  0.000064  0.000004
   7   142   994    1.005904  0.000068  0.000004
   8   125  1000    1.005908  0.000068  0.000004
   9   111   999    1.005908  0.000072  0.000005
  10   100  1000    1.005908  0.000071  0.000005
  11    90   990    1.005903  0.000076  0.000006
  12    83   996    1.005906  0.000079  0.000006
  13    76   988    1.005901  0.000074  0.000006
  14    71   994    1.005904  0.000081  0.000007
  15    66   990    1.005903  0.000080  0.000007
  16    62   992    1.005903  0.000083  0.000008
  17    58   986    1.005900  0.000082  0.000008
  18    55   990    1.005903  0.000082  0.000008
  19    52   988    1.005901  0.000078  0.000008
  20    50  1000    1.005908  0.000090  0.000009
  21    47   987    1.005901  0.000089  0.000009
  22    45   990    1.005903  0.000083  0.000009
  23    43   989    1.005902  0.000086  0.000009
  24    41   984    1.005898  0.000083  0.000009
  25    40  1000    1.005908  0.000083  0.000009
Fit (variance): plateau_var = 7.413e-09 ± 6.203e-10
Fit (error):    plateau = 0.000086 ± 0.000004
     autocorrelation length ~ 7.7 blocks
     plateau reached at block size ~ 36
     !!!Failed to reach plateau in blocking
     Return max block error
nclean = 1000, max_block_size = 25, min_nblocks = 40
Blk_SZ   NBlk   NSmp      Energy     Error    dError
     1   1000   1000  -246.857084  0.000284  0.000006
     2    500   1000  -246.857145  0.000306  0.000010
     3    333    999  -246.857175  0.000308  0.000012
     4    250   1000  -246.857202  0.000314  0.000014
     5    200   1000  -246.857221  0.000326  0.000016
     6    166    996  -246.857238  0.000333  0.000018
     7    142    994  -246.857241  0.000355  0.000021
     8    125   1000  -246.857243  0.000336  0.000021
     9    111    999  -246.857252  0.000331  0.000022
    10    100   1000  -246.857259  0.000335  0.000024
    11     90    990  -246.857246  0.000327  0.000025
    12     83    996  -246.857283  0.000329  0.000026
    13     76    988  -246.857248  0.000328  0.000027
    14     71    994  -246.857281  0.000338  0.000029
    15     66    990  -246.857248  0.000323  0.000028
    16     62    992  -246.857277  0.000330  0.000030
    17     58    986  -246.857260  0.000348  0.000033
    18     55    990  -246.857260  0.000368  0.000035
    19     52    988  -246.857263  0.000334  0.000033
    20     50   1000  -246.857284  0.000341  0.000034
    21     47    987  -246.857256  0.000356  0.000037
    22     45    990  -246.857268  0.000353  0.000038
    23     43    989  -246.857276  0.000340  0.000037
    24     41    984  -246.857291  0.000307  0.000034
    25     40   1000  -246.857291  0.000333  0.000038
Fit (variance): plateau_var = 1.131720e-07 ± 5.121885e-09
Fit (error):    plateau = 0.000336 ± 0.000008
     autocorrelation length ~ 2.7 blocks
     plateau reached at block size ~ 10
Final AFQMC/pt2CCSD overlap ratio: 1.005908 ± 0.000090
Final AFQMC/pt2CCSD energy: -246.857325 ± 0.000336
Total run time: 3374.54

AFQMC Sampling Finished

QMC script: /u/yzhang65/myprojects/software/afqmc/afqmc/scripts/run_afqmc_pt2ccsd.py
  => E_HF(beta-lactim)      = -245.8707547152 Eh
  => E_CCSD(beta-lactim)    = -246.8132139647 Eh
  => E_AFQMC(beta-lactim)   = -246.85733 +/- 0.00034 Eh

============================================================
Running: bf  charge=0  spin=0
============================================================
overwrite output file: ../../result/molout/closed_shell/tz/bf_vtzfp.out
Not a UHF solution. Convert to RHF

Preparing AFQMC calculation
Calculating Cholesky integrals
Finished calculating Cholesky integrals
Size of the correlation space:
Number of electrons:        [5, 5]
Number of basis functions:  58
Number of Cholesky vectors: 371

    ________                     _____                    
    ___  __ \___  __________________(_)_____________ _    
    __  /_/ /  / / /_  __ \_  __ \_  /__  __ \_  __ `/    
    _  _, _// /_/ /_  / / /  / / /  / _  / / /  /_/ /     
    /_/ |_| \__,_/ /_/ /_//_/ /_//_/  /_/ /_/_\__, /      
                                             /____/       
    _____________________________  ___________            
    ___    |__  ____/_  __ \__   |/  /_  ____/            
    __  /| |_  /_   _  / / /_  /|_/ /_  /                 
    _  ___ |  __/   / /_/ /_  /  / / / /___               
    /_/  |_/_/      \___\_\/_/  /_/  \____/               

Hostname:     gpue02.delta.ncsa.illinois.edu
System:       Linux
Node:         gpue02.delta.ncsa.illinois.edu
Release:      5.14.0-427.91.1.el9_4.x86_64
Machine:      x86_64
Processor:    x86_64
JAX backend:  GPU
JAX devices:  [CudaDevice(id=0)]
Device kind:  NVIDIA H200
Platform:     gpu

Load system from Integral File
Maximum memory per walker:            83.33 MB
Maximum number of Cholesky per chunk: 1623
Number of Cholesky chunks:            1
Number of Cholesky per chunk:         371
Number of padding Cholesky:           0

QMC System
Number of electrons: (5, 5)
Spin Multiplicity:   0
Number of orbitals:  58
Number of Chol:      371

QMC Parameters
eql_time            :                   50
n_blocks            :                 1000
n_walkers           :                  300
max_error           :                  0.0
seed                :                   17
walker_type         :                  rhf
trial               :              pt2ccsd
mix_precision       :                 True
max_memory          :                25000
dt                  :                0.005
n_exp_terms         :                    6
n_prop_steps        :                   50
save_walkers        :                False
free_projection     :                False
n_batch             :                    1
nchol_chunk         :                  371

Initalize QMC walkers by stochastic CCSD

Equilibration
inv_T        weight  killW        energy   runTime
 0.00    300.000000      0   -124.490947     61.53
 5.00    298.972362      0   -124.470808     67.00
10.00    299.014182      0   -124.531135     67.59
15.00    299.141584      0   -124.542336     68.16
20.00    299.178458      0   -124.513863     68.74
25.00    298.645548      0   -124.511812     69.32
30.00    299.501708      0   -124.504160     69.89
35.00    298.172491      0   -124.503815     70.47
40.00    299.435690      0   -124.527379     71.05
45.00    299.012189      0   -124.495254     71.63
50.00    299.532910      0   -124.516831     72.20

Sampling
blocks        weight  killW       E_Guide     error       E_Trial     error     olp_T/G     error  Walltime
    20    299.286345      0   -124.502838  0.005558   -124.502057  0.001021    1.005162  0.000214   80.43
    40    299.204039      0   -124.504300  0.004105   -124.501765  0.000635    1.004954  0.000346   86.23
    60    299.222968      0   -124.506722  0.003335   -124.502383  0.000536    1.004891  0.000268   92.15
    80    299.163365      0   -124.504975  0.002726   -124.502430  0.000480    1.004862  0.000223   98.07
   100    299.132909      0   -124.504481  0.002363   -124.502339  0.000448    1.004766  0.000180  103.98
   120    299.119567      0   -124.504194  0.002055   -124.502367  0.000419    1.004520  0.000217  109.90
   140    299.098691      0   -124.504349  0.001829   -124.502532  0.000389    1.004301  0.000241  115.82
   160    299.093804      0   -124.503399  0.001823   -124.502485  0.000375    1.004156  0.000234  121.73
   180    299.084030      0   -124.503637  0.001636   -124.502307  0.000360    1.004022  0.000230  127.66
   200    299.088230      0   -124.503630  0.001537   -124.502286  0.000335    1.004022  0.000210  133.57
   220    299.093391      0   -124.503974  0.001420   -124.502267  0.000340    1.004008  0.000192  139.49
   240    299.106566      0   -124.503926  0.001302   -124.502230  0.000322    1.004039  0.000189  145.41
   260    299.110687      0   -124.503804  0.001285   -124.502304  0.000322    1.004115  0.000189  151.33
   280    299.117821      0   -124.504232  0.001234   -124.502321  0.000307    1.004126  0.000178  157.25
   300    299.113004      1   -124.503633  0.001189   -124.502246  0.000290    1.004092  0.000168  163.15
   320    299.110791      1   -124.503436  0.001132   -124.502273  0.000283    1.004069  0.000159  169.08
   340    299.108289      2   -124.503618  0.001081   -124.502361  0.000272    1.003998  0.000158  175.00
   360    299.099925      2   -124.503808  0.001058   -124.502340  0.000264    1.003905  0.000165  180.92
   380    299.089963      2   -124.503697  0.001066   -124.502365  0.000268    1.003896  0.000160  186.83
   400    299.094612      2   -124.503730  0.001030   -124.502303  0.000258    1.003959  0.000158  192.75
   420    299.094347      3   -124.503828  0.000994   -124.502302  0.000249    1.004000  0.000155  198.67
   440    299.091408      3   -124.503864  0.000964   -124.502308  0.000242    1.003975  0.000156  204.58
   460    299.090314      3   -124.504108  0.000932   -124.502272  0.000235    1.003997  0.000152  210.50
   480    299.092218      3   -124.504263  0.000967   -124.502274  0.000229    1.003995  0.000150  216.42
   500    299.090234      3   -124.504236  0.000960   -124.502326  0.000224    1.003979  0.000148  222.34
   520    299.092038      4   -124.503896  0.000927   -124.502219  0.000219    1.004019  0.000146  228.26
   540    299.090106      4   -124.504170  0.000939   -124.502189  0.000214    1.004029  0.000143  234.18
   560    299.090268      5   -124.504353  0.000900   -124.502198  0.000209    1.004031  0.000143  240.10
   580    299.084304      5   -124.503942  0.000914   -124.502181  0.000204    1.004086  0.000143  246.02
   600    299.081629      5   -124.504212  0.000911   -124.502129  0.000199    1.004098  0.000144  251.93
   620    299.079713      5   -124.504285  0.000901   -124.502108  0.000197    1.004132  0.000141  257.85
   640    299.079613      5   -124.504451  0.000882   -124.502170  0.000196    1.004116  0.000138  263.77
   660    299.078483      5   -124.504381  0.000866   -124.502185  0.000193    1.004105  0.000137  269.69
   680    299.075502      5   -124.504229  0.000840   -124.502146  0.000189    1.004126  0.000136  275.61
   700    299.076255      5   -124.504034  0.000824   -124.502152  0.000185    1.004146  0.000133  281.53
   720    299.074607      5   -124.503626  0.000881   -124.502127  0.000181    1.004180  0.000136  287.44
   740    299.074861      5   -124.503652  0.000870   -124.502146  0.000178    1.004187  0.000133  293.36
   760    299.075500      5   -124.503764  0.000845   -124.502192  0.000176    1.004161  0.000130  299.28
   780    299.073077      6   -124.503898  0.000830   -124.502190  0.000175    1.004130  0.000130  305.20
   800    299.077873      6   -124.504133  0.000858   -124.502165  0.000172    1.004118  0.000128  311.12
   820    299.081522      6   -124.504298  0.000898   -124.502210  0.000171    1.004129  0.000126  317.04
   840    299.087005      7   -124.504810  0.000977   -124.502297  0.000171    1.004105  0.000133  322.95
   860    299.083700      8   -124.504705  0.000960   -124.502270  0.000169    1.004101  0.000133  328.86
   880    299.081660      9   -124.504697  0.000938   -124.502244  0.000166    1.004114  0.000129  334.78
   900    299.078148      9   -124.504551  0.000928   -124.502250  0.000164    1.004129  0.000127  340.70
   920    299.073721     10   -124.504435  0.000915   -124.502229  0.000162    1.004115  0.000126  346.62
   940    299.070032     10   -124.504520  0.000900   -124.502234  0.000159    1.004108  0.000126  352.54
   960    299.069996     10   -124.504317  0.000904   -124.502206  0.000157    1.004138  0.000123  358.46
   980    299.073345     11   -124.504565  0.000920   -124.502219  0.000155    1.004104  0.000123  364.38
  1000    299.073683     12   -124.504638  0.000928   -124.502216  0.000153    1.004085  0.000129  370.30

Post Propagation Process
Total number of samples 1000
Raw AFQMC/HF (Guide) energy:           -124.504638 ± 0.000928
Raw Trial/Guide overlap ratio:          1.004085 ± 0.000129
Raw AFQMC/pt2CCSD energy (covariance): -124.502216 ± 0.000153
Raw AFQMC/pt2CCSD energy (dir sample): -124.502216 ± 0.000118

Remove Outliers
removing energies outside zeta > 30
Outlier energy bound [-124.593975, -124.409326]
Removed 0 outliers with energies []
Clean AFQMC/pt2CCSD overlap ratio:        1.004085 ± 0.000129
Clean AFQMC/pt2CCSD energy (covariance): -124.502216 ± 0.000153
Clean AFQMC/ptCCSD energy (dir sample):  -124.502216 ± 0.000118

Blocking Analysis
nsample = 1000, max_block_size = 25, min_nblocks = 40
   B    NB    NS  Observable     Error    dError
   1  1000  1000    1.004085  0.000039  0.000001
   2   500  1000    1.004085  0.000053  0.000002
   3   333   999    1.004084  0.000063  0.000002
   4   250  1000    1.004085  0.000070  0.000003
   5   200  1000    1.004085  0.000077  0.000004
   6   166   996    1.004081  0.000082  0.000005
   7   142   994    1.004082  0.000088  0.000005
   8   125  1000    1.004085  0.000091  0.000006
   9   111   999    1.004084  0.000092  0.000006
  10   100  1000    1.004085  0.000097  0.000007
  11    90   990    1.004087  0.000099  0.000007
  12    83   996    1.004081  0.000101  0.000008
  13    76   988    1.004091  0.000108  0.000009
  14    71   994    1.004082  0.000111  0.000009
  15    66   990    1.004087  0.000112  0.000010
  16    62   992    1.004083  0.000115  0.000010
  17    58   986    1.004093  0.000115  0.000011
  18    55   990    1.004087  0.000114  0.000011
  19    52   988    1.004091  0.000113  0.000011
  20    50  1000    1.004085  0.000117  0.000012
  21    47   987    1.004092  0.000124  0.000013
  22    45   990    1.004087  0.000121  0.000013
  23    43   989    1.004089  0.000129  0.000014
  24    41   984    1.004095  0.000123  0.000014
  25    40  1000    1.004085  0.000126  0.000014
Fit (variance): plateau_var = 1.773e-08 ± 2.351e-09
Fit (error):    plateau = 0.000133 ± 0.000009
     autocorrelation length ~ 12.9 blocks
     plateau reached at block size ~ 60
     !!!Failed to reach plateau in blocking
     Return max block error
nclean = 1000, max_block_size = 25, min_nblocks = 40
Blk_SZ   NBlk   NSmp      Energy     Error    dError
     1   1000   1000  -124.502128  0.000118  0.000003
     2    500   1000  -124.502148  0.000128  0.000004
     3    333    999  -124.502161  0.000129  0.000005
     4    250   1000  -124.502169  0.000139  0.000006
     5    200   1000  -124.502174  0.000134  0.000007
     6    166    996  -124.502185  0.000134  0.000007
     7    142    994  -124.502192  0.000144  0.000009
     8    125   1000  -124.502187  0.000137  0.000009
     9    111    999  -124.502185  0.000125  0.000008
    10    100   1000  -124.502189  0.000141  0.000010
    11     90    990  -124.502211  0.000135  0.000010
    12     83    996  -124.502200  0.000130  0.000010
    13     76    988  -124.502215  0.000140  0.000011
    14     71    994  -124.502205  0.000138  0.000012
    15     66    990  -124.502211  0.000148  0.000013
    16     62    992  -124.502216  0.000143  0.000013
    17     58    986  -124.502225  0.000138  0.000013
    18     55    990  -124.502213  0.000130  0.000013
    19     52    988  -124.502219  0.000128  0.000013
    20     50   1000  -124.502201  0.000154  0.000016
    21     47    987  -124.502224  0.000149  0.000016
    22     45    990  -124.502222  0.000140  0.000015
    23     43    989  -124.502225  0.000146  0.000016
    24     41    984  -124.502222  0.000141  0.000016
    25     40   1000  -124.502204  0.000139  0.000016
Fit (variance): plateau_var = 1.881871e-08 ± 7.205771e-10
Fit (error):    plateau = 0.000137 ± 0.000003
     autocorrelation length ~ 1.6 blocks
     plateau reached at block size ~ 7
Final AFQMC/pt2CCSD overlap ratio: 1.004085 ± 0.000129
Final AFQMC/pt2CCSD energy: -124.502216 ± 0.000137
Total run time: 378.22

AFQMC Sampling Finished

QMC script: /u/yzhang65/myprojects/software/afqmc/afqmc/scripts/run_afqmc_pt2ccsd.py
  => E_HF(bf)      = -124.1556936047 Eh
  => E_CCSD(bf)    = -124.4909037853 Eh
  => E_AFQMC(bf)   = -124.50222 +/- 0.00014 Eh

============================================================
Running: bf3  charge=0  spin=0
============================================================
output file: ../../result/molout/closed_shell/tz/bf3_vtzfp.out
Not a UHF solution. Convert to RHF

Preparing AFQMC calculation
Calculating Cholesky integrals
Finished calculating Cholesky integrals
Size of the correlation space:
Number of electrons:        [12, 12]
Number of basis functions:  116
Number of Cholesky vectors: 743

    ________                     _____                    
    ___  __ \___  __________________(_)_____________ _    
    __  /_/ /  / / /_  __ \_  __ \_  /__  __ \_  __ `/    
    _  _, _// /_/ /_  / / /  / / /  / _  / / /  /_/ /     
    /_/ |_| \__,_/ /_/ /_//_/ /_//_/  /_/ /_/_\__, /      
                                             /____/       
    _____________________________  ___________            
    ___    |__  ____/_  __ \__   |/  /_  ____/            
    __  /| |_  /_   _  / / /_  /|_/ /_  /                 
    _  ___ |  __/   / /_/ /_  /  / / / /___               
    /_/  |_/_/      \___\_\/_/  /_/  \____/               

Hostname:     gpue02.delta.ncsa.illinois.edu
System:       Linux
Node:         gpue02.delta.ncsa.illinois.edu
Release:      5.14.0-427.91.1.el9_4.x86_64
Machine:      x86_64
Processor:    x86_64
JAX backend:  GPU
JAX devices:  [CudaDevice(id=0)]
Device kind:  NVIDIA H200
Platform:     gpu

Load system from Integral File
Maximum memory per walker:            83.33 MB
Maximum number of Cholesky per chunk: 405
Number of Cholesky chunks:            2
Number of Cholesky per chunk:         372
Number of padding Cholesky:           1

QMC System
Number of electrons: (12, 12)
Spin Multiplicity:   0
Number of orbitals:  116
Number of Chol:      743

QMC Parameters
eql_time            :                   50
n_blocks            :                 1000
n_walkers           :                  300
max_error           :                  0.0
seed                :                   17
walker_type         :                  rhf
trial               :              pt2ccsd
mix_precision       :                 True
max_memory          :                25000
dt                  :                0.005
n_exp_terms         :                    6
n_prop_steps        :                   50
save_walkers        :                False
free_projection     :                False
n_batch             :                    1
nchol_chunk         :                  372

Initalize QMC walkers by stochastic CCSD

Equilibration
inv_T        weight  killW        energy   runTime
 0.00    300.000000      0   -324.167111      9.95
 5.00    298.298092      0   -324.206264     16.48
10.00    300.190983      0   -324.232398     17.90
15.00    298.711026      0   -324.224545     19.32
20.00    299.028631      0   -324.209806     20.74
25.00    299.603256      0   -324.165916     22.16
30.00    300.398562      0   -324.220825     23.59
35.00    300.349512      0   -324.229360     25.01
40.00    297.736115      0   -324.195919     26.43
45.00    299.620677      0   -324.202664     27.85
50.00    300.230718      0   -324.181618     29.28

Sampling
blocks        weight  killW       E_Guide     error       E_Trial     error     olp_T/G     error  Walltime
    20    299.320881      0   -324.205317  0.008967   -324.190946  0.000973    1.003672  0.000600   65.13
    40    299.159153      0   -324.194231  0.007100   -324.191179  0.000812    1.003565  0.000434   98.00
    60    298.995384      1   -324.192492  0.005964   -324.191395  0.000624    1.003651  0.000280  131.85
    80    298.998669      1   -324.194735  0.004939   -324.191341  0.000510    1.003893  0.000268  164.71
   100    298.943515      1   -324.191905  0.004300   -324.190724  0.000469    1.004123  0.000261  197.68
   120    298.941929      1   -324.191955  0.003609   -324.190555  0.000426    1.004240  0.000231  230.59
   140    298.948844      1   -324.193034  0.003294   -324.190532  0.000410    1.004262  0.000200  263.50
   160    298.939193      1   -324.195302  0.003242   -324.190878  0.000395    1.004229  0.000176  296.40
   180    298.931864      1   -324.196078  0.002987   -324.191212  0.000413    1.004243  0.000157  329.36
   200    298.916809      1   -324.195353  0.002825   -324.191193  0.000386    1.004173  0.000161  362.29
   220    298.918181      1   -324.194416  0.002759   -324.191189  0.000369    1.004091  0.000156  395.24
   240    298.904993      1   -324.193977  0.002585   -324.191149  0.000361    1.004090  0.000148  428.16
   260    298.903943      1   -324.194617  0.002408   -324.191159  0.000348    1.004054  0.000139  461.10
   280    298.889842      1   -324.193934  0.002304   -324.191269  0.000341    1.004028  0.000131  494.04
   300    298.874801      1   -324.194678  0.002216   -324.191402  0.000341    1.003980  0.000128  526.97
   320    298.861982      1   -324.194961  0.002123   -324.191436  0.000332    1.003973  0.000127  559.86
   340    298.858248      1   -324.195232  0.002087   -324.191460  0.000318    1.004028  0.000130  593.03
   360    298.864861      1   -324.195196  0.002024   -324.191449  0.000307    1.004067  0.000127  626.04
   380    298.871897      1   -324.195195  0.001939   -324.191547  0.000317    1.004129  0.000128  659.16
   400    298.858806      1   -324.194802  0.001864   -324.191286  0.000343    1.004136  0.000123  692.11
   420    298.859676      1   -324.195593  0.001894   -324.191371  0.000333    1.004146  0.000118  725.16
   440    298.849094      1   -324.195579  0.001840   -324.191390  0.000324    1.004157  0.000126  761.43
   460    298.855749      1   -324.195920  0.001772   -324.191388  0.000314    1.004181  0.000125  796.55
   480    298.859116      1   -324.196323  0.001730   -324.191336  0.000303    1.004179  0.000119  829.44
   500    298.859337      1   -324.196851  0.001672   -324.191357  0.000295    1.004136  0.000118  862.32
   520    298.853457      1   -324.196732  0.001650   -324.191490  0.000318    1.004152  0.000113  895.20
   540    298.849395      1   -324.196561  0.001585   -324.191494  0.000309    1.004159  0.000111  928.08
   560    298.836302      1   -324.196789  0.001709   -324.191508  0.000301    1.004134  0.000107  960.99
   580    298.841535      1   -324.196854  0.001695   -324.191537  0.000294    1.004135  0.000105  993.85
   600    298.837109      1   -324.196530  0.001679   -324.191462  0.000287    1.004109  0.000107 1026.72
   620    298.833371      1   -324.196836  0.001660   -324.191446  0.000279    1.004070  0.000109 1059.67
   640    298.834123      1   -324.196481  0.001638   -324.191468  0.000274    1.004074  0.000107 1092.58
   660    298.816801      1   -324.196326  0.001595   -324.191489  0.000268    1.004079  0.000104 1125.43
   680    298.816457      1   -324.196581  0.001576   -324.191510  0.000263    1.004078  0.000102 1158.34
   700    298.814656      2   -324.196658  0.001556   -324.191539  0.000258    1.004087  0.000100 1191.19
   720    298.810404      2   -324.196513  0.001518   -324.191514  0.000252    1.004097  0.000099 1224.07
   740    298.812768      2   -324.196626  0.001488   -324.191452  0.000247    1.004074  0.000098 1257.01
   760    298.810025      2   -324.196656  0.001465   -324.191457  0.000243    1.004065  0.000098 1289.84
   780    298.807673      2   -324.197086  0.001465   -324.191532  0.000240    1.004062  0.000096 1322.77
   800    298.814383      2   -324.197203  0.001443   -324.191530  0.000245    1.004091  0.000096 1355.76
   820    298.815177      2   -324.197346  0.001445   -324.191575  0.000241    1.004079  0.000095 1389.39
   840    298.812399      2   -324.197588  0.001443   -324.191625  0.000238    1.004074  0.000096 1422.10
   860    298.809974      2   -324.197499  0.001430   -324.191587  0.000235    1.004101  0.000096 1454.96
   880    298.806531      2   -324.197468  0.001413   -324.191577  0.000232    1.004113  0.000098 1487.88
   900    298.803348      2   -324.197379  0.001371   -324.191584  0.000228    1.004100  0.000096 1520.76
   920    298.803719      2   -324.197669  0.001362   -324.191601  0.000225    1.004095  0.000094 1553.67
   940    298.807157      2   -324.197932  0.001359   -324.191650  0.000222    1.004101  0.000092 1586.54
   960    298.806878      2   -324.197734  0.001345   -324.191635  0.000218    1.004105  0.000092 1619.45
   980    298.809923      2   -324.197605  0.001329   -324.191595  0.000214    1.004125  0.000092 1652.30
  1000    298.813008      2   -324.197623  0.001318   -324.191618  0.000213    1.004135  0.000094 1685.21

Post Propagation Process
Total number of samples 1000
Raw AFQMC/HF (Guide) energy:           -324.197623 ± 0.001318
Raw Trial/Guide overlap ratio:          1.004135 ± 0.000094
Raw AFQMC/pt2CCSD energy (covariance): -324.191618 ± 0.000213
Raw AFQMC/pt2CCSD energy (dir sample): -324.191618 ± 0.000178

Remove Outliers
removing energies outside zeta > 30
Outlier energy bound [-324.319146, -324.062589]
Removed 0 outliers with energies []
Clean AFQMC/pt2CCSD overlap ratio:        1.004135 ± 0.000094
Clean AFQMC/pt2CCSD energy (covariance): -324.191618 ± 0.000213
Clean AFQMC/ptCCSD energy (dir sample):  -324.191618 ± 0.000178

Blocking Analysis
nsample = 1000, max_block_size = 25, min_nblocks = 40
   B    NB    NS  Observable     Error    dError
   1  1000  1000    1.004135  0.000032  0.000001
   2   500  1000    1.004135  0.000042  0.000001
   3   333   999    1.004135  0.000050  0.000002
   4   250  1000    1.004135  0.000056  0.000002
   5   200  1000    1.004135  0.000059  0.000003
   6   166   996    1.004136  0.000063  0.000003
   7   142   994    1.004136  0.000067  0.000004
   8   125  1000    1.004135  0.000067  0.000004
   9   111   999    1.004135  0.000072  0.000005
  10   100  1000    1.004135  0.000074  0.000005
  11    90   990    1.004135  0.000079  0.000006
  12    83   996    1.004136  0.000076  0.000006
  13    76   988    1.004132  0.000080  0.000007
  14    71   994    1.004136  0.000077  0.000007
  15    66   990    1.004135  0.000081  0.000007
  16    62   992    1.004135  0.000084  0.000008
  17    58   986    1.004132  0.000085  0.000008
  18    55   990    1.004135  0.000082  0.000008
  19    52   988    1.004132  0.000082  0.000008
  20    50  1000    1.004135  0.000083  0.000008
  21    47   987    1.004132  0.000090  0.000009
  22    45   990    1.004135  0.000087  0.000009
  23    43   989    1.004133  0.000090  0.000010
  24    41   984    1.004131  0.000094  0.000010
  25    40  1000    1.004135  0.000092  0.000010
Fit (variance): plateau_var = 8.347e-09 ± 8.457e-10
Fit (error):    plateau = 0.000091 ± 0.000005
     autocorrelation length ~ 9.5 blocks
     plateau reached at block size ~ 44
     !!!Failed to reach plateau in blocking
     Return max block error
nclean = 1000, max_block_size = 25, min_nblocks = 40
Blk_SZ   NBlk   NSmp      Energy     Error    dError
     1   1000   1000  -324.191485  0.000178  0.000004
     2    500   1000  -324.191535  0.000186  0.000006
     3    333    999  -324.191550  0.000198  0.000008
     4    250   1000  -324.191563  0.000198  0.000009
     5    200   1000  -324.191569  0.000198  0.000010
     6    166    996  -324.191575  0.000201  0.000011
     7    142    994  -324.191575  0.000204  0.000012
     8    125   1000  -324.191587  0.000202  0.000013
     9    111    999  -324.191589  0.000224  0.000015
    10    100   1000  -324.191591  0.000209  0.000015
    11     90    990  -324.191545  0.000198  0.000015
    12     83    996  -324.191592  0.000204  0.000016
    13     76    988  -324.191555  0.000224  0.000018
    14     71    994  -324.191590  0.000213  0.000018
    15     66    990  -324.191549  0.000195  0.000017
    16     62    992  -324.191581  0.000192  0.000017
    17     58    986  -324.191564  0.000200  0.000019
    18     55    990  -324.191553  0.000216  0.000021
    19     52    988  -324.191562  0.000199  0.000020
    20     50   1000  -324.191603  0.000221  0.000022
    21     47    987  -324.191560  0.000219  0.000023
    22     45    990  -324.191557  0.000200  0.000021
    23     43    989  -324.191558  0.000229  0.000025
    24     41    984  -324.191569  0.000213  0.000024
    25     40   1000  -324.191603  0.000208  0.000024
Fit (variance): plateau_var = 4.290642e-08 ± 1.958234e-09
Fit (error):    plateau = 0.000207 ± 0.000005
     autocorrelation length ~ 2.7 blocks
     plateau reached at block size ~ 10
Final AFQMC/pt2CCSD overlap ratio: 1.004135 ± 0.000094
Final AFQMC/pt2CCSD energy: -324.191618 ± 0.000207
Total run time: 1722.18

AFQMC Sampling Finished

QMC script: /u/yzhang65/myprojects/software/afqmc/afqmc/scripts/run_afqmc_pt2ccsd.py
  => E_HF(bf3)      = -323.3259731851 Eh
  => E_CCSD(bf3)    = -324.1665370756 Eh
  => E_AFQMC(bf3)   = -324.19162 +/- 0.00021 Eh

============================================================
Running: bh  charge=0  spin=0
============================================================
output file: ../../result/molout/closed_shell/tz/bh_vtzfp.out

Preparing AFQMC calculation
Calculating Cholesky integrals
Alpha Cholesky shape: (232, 39, 39) 
 Beta Cholesky shape: (232, 39, 39) 
Finished calculating Cholesky integrals
Size of the correlation space:
Number of electrons:        [2 2]
Number of basis functions:  38
Number of Cholesky vectors: 232

    ________                     _____                    
    ___  __ \___  __________________(_)_____________ _    
    __  /_/ /  / / /_  __ \_  __ \_  /__  __ \_  __ `/    
    _  _, _// /_/ /_  / / /  / / /  / _  / / /  /_/ /     
    /_/ |_| \__,_/ /_/ /_//_/ /_//_/  /_/ /_/_\__, /      
                                             /____/       
    _____________________________  ___________            
    ___    |__  ____/_  __ \__   |/  /_  ____/            
    __  /| |_  /_   _  / / /_  /|_/ /_  /                 
    _  ___ |  __/   / /_/ /_  /  / / / /___               
    /_/  |_/_/      \___\_\/_/  /_/  \____/               

Hostname:     gpue02.delta.ncsa.illinois.edu
System:       Linux
Node:         gpue02.delta.ncsa.illinois.edu
Release:      5.14.0-427.91.1.el9_4.x86_64
Machine:      x86_64
Processor:    x86_64
JAX backend:  GPU
JAX devices:  [CudaDevice(id=0)]
Device kind:  NVIDIA H200
Platform:     gpu

Load system from Integral File
Maximum memory per walker:            83.33 MB
Maximum number of Cholesky per chunk: 1891
Number of Cholesky chunks:            1
Number of Cholesky per chunk:         232
Number of padding Cholesky:           0

QMC System
Number of electrons: (2, 2)
Spin Multiplicity:   0
Number of orbitals:  38
Number of Chol:      232

QMC Parameters
eql_time            :                   50
n_blocks            :                 1000
n_walkers           :                  300
max_error           :                  0.0
seed                :                   17
walker_type         :                  uhf
trial               :             upt2ccsd
mix_precision       :                 True
max_memory          :                25000
dt                  :                0.005
n_exp_terms         :                    6
n_prop_steps        :                   50
save_walkers        :                False
free_projection     :                False
n_batch             :                    1
nchol_chunk         :                  232

Initalize QMC walkers by stochastic CCSD

Equilibration
inv_T        weight  killW        energy   runTime
 0.00    300.000000      0    -25.227277     33.93
 5.00    299.260610      0    -25.229690     38.74
10.00    298.896132      0    -25.226262     39.54
15.00    298.714521      0    -25.228944     40.34
20.00    299.106599      0    -25.226378     41.15
25.00    298.984284      1    -25.240189     41.95
30.00    299.197870      0    -25.230117     42.76
35.00    298.980860      0    -25.223716     43.56
40.00    299.271436      0    -25.227778     44.37
45.00    298.859439      0    -25.224812     45.17
50.00    299.206696      0    -25.225482     45.97

Sampling
blocks        weight  killW       E_Guide     error       E_Trial     error     olp_T/G     error  Walltime
    20    299.029152      1    -25.225807  0.001114    -25.229606  0.000160    1.112141  0.003482   50.51
    40    299.012766      2    -25.226687  0.001251    -25.229419  0.000162    1.113393  0.002179   51.85
    60    299.039037      5    -25.226159  0.000991    -25.229627  0.000134    1.116270  0.002422   53.18
    80    299.059029      7    -25.226677  0.000844    -25.229604  0.000115    1.115286  0.001849   54.84
   100    299.052624      8    -25.227082  0.000723    -25.229493  0.000114    1.113167  0.001987   56.59
   120    299.040559     10    -25.227410  0.000718    -25.229538  0.000105    1.112113  0.001942   58.35
   140    299.039853     12    -25.226987  0.000775    -25.229541  0.000101    1.111754  0.001760   60.11
   160    299.031780     14    -25.227411  0.000703    -25.229502  0.000092    1.111162  0.001592   61.88
   180    299.018472     16    -25.227295  0.000644    -25.229533  0.000094    1.111676  0.001533   63.63
   200    299.019879     17    -25.227235  0.000599    -25.229554  0.000089    1.113012  0.001662   65.39
   220    299.014115     19    -25.227786  0.000705    -25.229508  0.000086    1.114727  0.001918   67.12
   240    299.006946     22    -25.227734  0.000647    -25.229551  0.000085    1.115731  0.001887   68.89
   260    299.005059     24    -25.227679  0.000599    -25.229567  0.000081    1.116112  0.001761   70.64
   280    299.007334     24    -25.227651  0.000568    -25.229584  0.000078    1.116326  0.001644   72.40
   300    299.002205     27    -25.227453  0.000565    -25.229628  0.000078    1.116846  0.001577   74.16
   320    299.004132     27    -25.227499  0.000562    -25.229639  0.000074    1.117360  0.001532   75.91
   340    299.012773     29    -25.227775  0.000590    -25.229612  0.000072    1.117888  0.001488   77.68
   360    299.022676     30    -25.228088  0.000612    -25.229590  0.000069    1.118358  0.001442   79.46
   380    299.024148     31    -25.228271  0.000609    -25.229585  0.000067    1.118515  0.001371   81.21
   400    299.025938     34    -25.228492  0.000598    -25.229642  0.000074    1.118670  0.001306   82.98
   420    299.018481     36    -25.228424  0.000571    -25.229642  0.000072    1.118832  0.001250   84.73
   440    299.020398     38    -25.228494  0.000551    -25.229607  0.000071    1.119146  0.001309   86.49
   460    299.024033     39    -25.228681  0.000563    -25.229618  0.000070    1.119191  0.001277   88.25
   480    299.025833     42    -25.228665  0.000538    -25.229617  0.000069    1.118951  0.001245   90.01
   500    299.023119     45    -25.228685  0.000521    -25.229611  0.000067    1.118898  0.001216   91.76
   520    299.020797     48    -25.228746  0.000510    -25.229604  0.000066    1.118999  0.001201   93.53
   540    299.024155     48    -25.228689  0.000499    -25.229601  0.000066    1.119504  0.001239   95.28
   560    299.026242     50    -25.228773  0.000501    -25.229629  0.000074    1.119828  0.001273   97.06
   580    299.024240     52    -25.228641  0.000501    -25.229650  0.000072    1.120434  0.001326   98.73
   600    299.025031     55    -25.228706  0.000489    -25.229649  0.000070    1.120544  0.001307  100.50
   620    299.027499     56    -25.228748  0.000474    -25.229667  0.000069    1.120810  0.001268  102.26
   640    299.028668     56    -25.228754  0.000475    -25.229661  0.000067    1.120941  0.001265  104.01
   660    299.028878     56    -25.228652  0.000471    -25.229660  0.000065    1.121021  0.001235  105.78
   680    299.025953     59    -25.228534  0.000481    -25.229668  0.000063    1.121008  0.001223  107.56
   700    299.023279     60    -25.228442  0.000477    -25.229664  0.000062    1.120899  0.001197  109.31
   720    299.024541     61    -25.228453  0.000466    -25.229664  0.000061    1.120927  0.001210  111.08
   740    299.025716     62    -25.228435  0.000455    -25.229658  0.000060    1.120963  0.001181  112.84
   760    299.027007     63    -25.228485  0.000446    -25.229654  0.000059    1.121070  0.001157  114.60
   780    299.024219     64    -25.228522  0.000439    -25.229650  0.000058    1.121285  0.001148  116.36
   800    299.025847     66    -25.228608  0.000427    -25.229663  0.000058    1.121325  0.001138  118.13
   820    299.024280     66    -25.228663  0.000422    -25.229649  0.000057    1.121378  0.001111  119.89
   840    299.023176     67    -25.228607  0.000413    -25.229656  0.000056    1.121430  0.001100  121.64
   860    299.021237     67    -25.228528  0.000421    -25.229666  0.000055    1.121625  0.001100  123.39
   880    299.021803     68    -25.228538  0.000422    -25.229679  0.000054    1.121731  0.001101  125.18
   900    299.021413     69    -25.228495  0.000422    -25.229676  0.000053    1.121899  0.001101  126.94
   920    299.021220     69    -25.228501  0.000416    -25.229674  0.000053    1.121962  0.001100  128.69
   940    299.020367     70    -25.228491  0.000407    -25.229674  0.000052    1.122137  0.001100  130.45
   960    299.021066     71    -25.228470  0.000401    -25.229683  0.000051    1.122283  0.001101  132.21
   980    299.018358     76    -25.228502  0.000394    -25.229698  0.000050    1.122356  0.001101  133.97
  1000    299.017999     76    -25.228502  0.000395    -25.229694  0.000050    1.122459  0.001077  135.71

Post Propagation Process
Total number of samples 1000
Raw AFQMC/HF (Guide) energy:           -25.228502 ± 0.000395
Raw Trial/Guide overlap ratio:          1.122459 ± 0.001077
Raw AFQMC/pt2CCSD energy (covariance): -25.229694 ± 0.000050
Raw AFQMC/pt2CCSD energy (dir sample): -25.229694 ± 0.000037

Remove Outliers
removing energies outside zeta > 30
Outlier energy bound [-25.255252, -25.204017]
Removed 0 outliers with energies []
Clean AFQMC/pt2CCSD overlap ratio:        1.122459 ± 0.001077
Clean AFQMC/pt2CCSD energy (covariance): -25.229694 ± 0.000050
Clean AFQMC/ptCCSD energy (dir sample):  -25.229694 ± 0.000037

Blocking Analysis
nsample = 1000, max_block_size = 25, min_nblocks = 40
   B    NB    NS  Observable     Error    dError
   1  1000  1000    1.122459  0.000274  0.000006
   2   500  1000    1.122459  0.000372  0.000012
   3   333   999    1.122458  0.000446  0.000017
   4   250  1000    1.122459  0.000504  0.000023
   5   200  1000    1.122459  0.000557  0.000028
   6   166   996    1.122442  0.000603  0.000033
   7   142   994    1.122431  0.000640  0.000038
   8   125  1000    1.122459  0.000671  0.000043
   9   111   999    1.122458  0.000709  0.000048
  10   100  1000    1.122459  0.000733  0.000052
  11    90   990    1.122423  0.000780  0.000058
  12    83   996    1.122442  0.000799  0.000062
  13    76   988    1.122405  0.000838  0.000068
  14    71   994    1.122431  0.000867  0.000073
  15    66   990    1.122423  0.000881  0.000077
  16    62   992    1.122425  0.000900  0.000081
  17    58   986    1.122388  0.000928  0.000087
  18    55   990    1.122423  0.000962  0.000093
  19    52   988    1.122405  0.000968  0.000096
  20    50  1000    1.122459  0.000976  0.000099
  21    47   987    1.122398  0.000997  0.000104
  22    45   990    1.122423  0.001022  0.000109
  23    43   989    1.122413  0.001055  0.000115
  24    41   984    1.122365  0.001077  0.000120
  25    40  1000    1.122459  0.001054  0.000119
Fit (variance): plateau_var = 2.096e-06 ± 7.131e-07
Fit (error):    plateau = 0.001448 ± 0.000246
     autocorrelation length ~ 32.7 blocks
     plateau reached at block size ~ 151
     !!!Failed to reach plateau in blocking
     Return max block error
nclean = 1000, max_block_size = 25, min_nblocks = 40
Blk_SZ   NBlk   NSmp      Energy     Error    dError
     1   1000   1000  -25.229667  0.000037  0.000001
     2    500   1000  -25.229670  0.000041  0.000001
     3    333    999  -25.229670  0.000044  0.000002
     4    250   1000  -25.229673  0.000045  0.000002
     5    200   1000  -25.229674  0.000048  0.000002
     6    166    996  -25.229676  0.000051  0.000003
     7    142    994  -25.229673  0.000049  0.000003
     8    125   1000  -25.229677  0.000049  0.000003
     9    111    999  -25.229676  0.000052  0.000003
    10    100   1000  -25.229679  0.000053  0.000004
    11     90    990  -25.229681  0.000049  0.000004
    12     83    996  -25.229678  0.000049  0.000004
    13     76    988  -25.229682  0.000054  0.000004
    14     71    994  -25.229680  0.000053  0.000004
    15     66    990  -25.229682  0.000048  0.000004
    16     62    992  -25.229678  0.000051  0.000005
    17     58    986  -25.229686  0.000053  0.000005
    18     55    990  -25.229686  0.000052  0.000005
    19     52    988  -25.229686  0.000054  0.000005
    20     50   1000  -25.229684  0.000055  0.000006
    21     47    987  -25.229689  0.000055  0.000006
    22     45    990  -25.229685  0.000055  0.000006
    23     43    989  -25.229687  0.000049  0.000005
    24     41    984  -25.229688  0.000050  0.000006
    25     40   1000  -25.229684  0.000054  0.000006
Fit (variance): plateau_var = 2.704024e-09 ± 1.427508e-10
Fit (error):    plateau = 0.000052 ± 0.000001
     autocorrelation length ~ 3.7 blocks
     plateau reached at block size ~ 16
Final AFQMC/pt2CCSD overlap ratio: 1.122459 ± 0.001077
Final AFQMC/pt2CCSD energy: -25.229694 ± 0.000052
Total run time: 143.45

AFQMC Sampling Finished

QMC script: /u/yzhang65/myprojects/software/afqmc/afqmc/scripts/run_afqmc_pt2ccsd.py
  => E_HF(bh)      = -25.1364096997 Eh
  => E_CCSD(bh)    = -25.2270665853 Eh
  => E_AFQMC(bh)   = -25.22969 +/- 0.00005 Eh

============================================================
Running: bh3  charge=0  spin=0
============================================================
output file: ../../result/molout/closed_shell/tz/bh3_vtzfp.out
Not a UHF solution. Convert to RHF

Preparing AFQMC calculation
Calculating Cholesky integrals
Finished calculating Cholesky integrals
Size of the correlation space:
Number of electrons:        [3, 3]
Number of basis functions:  56
Number of Cholesky vectors: 335

    ________                     _____                    
    ___  __ \___  __________________(_)_____________ _    
    __  /_/ /  / / /_  __ \_  __ \_  /__  __ \_  __ `/    
    _  _, _// /_/ /_  / / /  / / /  / _  / / /  /_/ /     
    /_/ |_| \__,_/ /_/ /_//_/ /_//_/  /_/ /_/_\__, /      
                                             /____/       
    _____________________________  ___________            
    ___    |__  ____/_  __ \__   |/  /_  ____/            
    __  /| |_  /_   _  / / /_  /|_/ /_  /                 
    _  ___ |  __/   / /_/ /_  /  / / / /___               
    /_/  |_/_/      \___\_\/_/  /_/  \____/               

Hostname:     gpue02.delta.ncsa.illinois.edu
System:       Linux
Node:         gpue02.delta.ncsa.illinois.edu
Release:      5.14.0-427.91.1.el9_4.x86_64
Machine:      x86_64
Processor:    x86_64
JAX backend:  GPU
JAX devices:  [CudaDevice(id=0)]
Device kind:  NVIDIA H200
Platform:     gpu

Load system from Integral File
Maximum memory per walker:            83.33 MB
Maximum number of Cholesky per chunk: 1741
Number of Cholesky chunks:            1
Number of Cholesky per chunk:         335
Number of padding Cholesky:           0

QMC System
Number of electrons: (3, 3)
Spin Multiplicity:   0
Number of orbitals:  56
Number of Chol:      335

QMC Parameters
eql_time            :                   50
n_blocks            :                 1000
n_walkers           :                  300
max_error           :                  0.0
seed                :                   17
walker_type         :                  rhf
trial               :              pt2ccsd
mix_precision       :                 True
max_memory          :                25000
dt                  :                0.005
n_exp_terms         :                    6
n_prop_steps        :                   50
save_walkers        :                False
free_projection     :                False
n_batch             :                    1
nchol_chunk         :                  335

Initalize QMC walkers by stochastic CCSD

Equilibration
inv_T        weight  killW        energy   runTime
 0.00    300.000000      0    -26.531257      6.65
 5.00    299.149375      0    -26.542174     10.86
10.00    299.344436      0    -26.533245     11.38
15.00    299.325814      0    -26.538657     11.90
20.00    299.743560      0    -26.536851     12.42
25.00    299.391827      0    -26.533226     12.94
30.00    299.668201      1    -26.535276     13.50
35.00    299.248367      0    -26.536128     14.02
40.00    299.254094      0    -26.531065     14.54
45.00    299.249254      0    -26.545392     15.06
50.00    299.492073      0    -26.527000     15.58

Sampling
blocks        weight  killW       E_Guide     error       E_Trial     error     olp_T/G     error  Walltime
    20    299.312448      0    -26.535795  0.002206    -26.534226  0.000143    1.000380  0.000034   22.11
    40    299.290158      1    -26.535540  0.001530    -26.534272  0.000107    1.000428  0.000040   27.01
    60    299.284045      1    -26.533859  0.001507    -26.534165  0.000084    1.000400  0.000035   31.99
    80    299.296183      1    -26.534437  0.001389    -26.534156  0.000071    1.000358  0.000043   36.98
   100    299.297240      1    -26.534797  0.001262    -26.534245  0.000082    1.000342  0.000038   41.96
   120    299.294600      1    -26.534293  0.001119    -26.534262  0.000075    1.000355  0.000033   46.93
   140    299.294236      1    -26.534173  0.000967    -26.534210  0.000067    1.000378  0.000031   51.93
   160    299.274151      1    -26.534447  0.000861    -26.534173  0.000062    1.000401  0.000033   56.90
   180    299.275695      1    -26.534659  0.000767    -26.534177  0.000057    1.000408  0.000030   61.88
   200    299.276398      1    -26.534830  0.000728    -26.534212  0.000072    1.000396  0.000029   66.86
   220    299.270256      1    -26.534792  0.000671    -26.534192  0.000068    1.000387  0.000028   71.84
   240    299.269996      1    -26.534865  0.000623    -26.534180  0.000063    1.000379  0.000026   76.82
   260    299.269550      1    -26.535102  0.000622    -26.534175  0.000061    1.000366  0.000026   81.81
   280    299.271922      1    -26.535333  0.000634    -26.534190  0.000058    1.000354  0.000026   86.79
   300    299.269188      1    -26.535106  0.000608    -26.534164  0.000054    1.000352  0.000025   91.77
   320    299.272273      1    -26.535127  0.000583    -26.534172  0.000052    1.000356  0.000024   96.76
   340    299.267547      1    -26.535073  0.000557    -26.534167  0.000050    1.000351  0.000024  101.74
   360    299.267114      1    -26.535151  0.000522    -26.534167  0.000049    1.000354  0.000022  106.72
   380    299.267654      1    -26.535148  0.000501    -26.534157  0.000047    1.000360  0.000022  111.74
   400    299.265276      1    -26.535039  0.000484    -26.534148  0.000046    1.000353  0.000021  117.55
   420    299.270595      1    -26.535210  0.000494    -26.534175  0.000047    1.000352  0.000021  122.74
   440    299.267924      1    -26.535261  0.000521    -26.534184  0.000046    1.000354  0.000021  127.41
   460    299.269947      1    -26.535273  0.000508    -26.534185  0.000045    1.000339  0.000024  132.40
   480    299.269724      1    -26.535248  0.000485    -26.534189  0.000043    1.000325  0.000025  137.48
   500    299.269329      1    -26.535193  0.000467    -26.534180  0.000042    1.000326  0.000024  143.43
   520    299.267714      1    -26.534898  0.000495    -26.534174  0.000040    1.000322  0.000025  147.50
   540    299.265356      1    -26.534807  0.000484    -26.534168  0.000039    1.000315  0.000024  152.48
   560    299.266136      1    -26.534622  0.000511    -26.534165  0.000038    1.000307  0.000025  157.46
   580    299.263322      1    -26.534496  0.000502    -26.534155  0.000037    1.000307  0.000025  162.45
   600    299.261374      1    -26.534511  0.000500    -26.534135  0.000037    1.000323  0.000028  167.43
   620    299.259373      1    -26.534647  0.000490    -26.534129  0.000036    1.000322  0.000027  172.40
   640    299.257674      1    -26.534750  0.000495    -26.534137  0.000035    1.000325  0.000027  177.39
   660    299.255594      1    -26.534740  0.000474    -26.534132  0.000035    1.000324  0.000026  182.36
   680    299.255057      1    -26.534924  0.000519    -26.534144  0.000034    1.000314  0.000027  187.35
   700    299.255383      1    -26.535073  0.000524    -26.534156  0.000035    1.000318  0.000026  192.33
   720    299.255451      1    -26.535126  0.000513    -26.534144  0.000035    1.000324  0.000026  197.31
   740    299.254155      1    -26.535121  0.000504    -26.534139  0.000034    1.000328  0.000026  202.29
   760    299.254716      1    -26.535072  0.000496    -26.534133  0.000033    1.000333  0.000026  207.27
   780    299.254641      1    -26.535057  0.000486    -26.534133  0.000033    1.000339  0.000026  212.25
   800    299.256752      1    -26.535111  0.000466    -26.534131  0.000032    1.000342  0.000026  217.23
   820    299.256256      1    -26.535134  0.000458    -26.534132  0.000031    1.000342  0.000026  222.22
   840    299.256643      1    -26.535166  0.000461    -26.534135  0.000031    1.000342  0.000025  227.20
   860    299.256958      2    -26.535399  0.000471    -26.534131  0.000032    1.000341  0.000024  232.19
   880    299.257096      2    -26.535320  0.000509    -26.534129  0.000031    1.000342  0.000024  237.17
   900    299.259025      2    -26.535325  0.000504    -26.534136  0.000031    1.000336  0.000024  242.15
   920    299.257680      2    -26.535243  0.000493    -26.534134  0.000031    1.000335  0.000024  247.13
   940    299.257305      2    -26.535245  0.000484    -26.534136  0.000030    1.000338  0.000024  252.12
   960    299.256987      2    -26.535240  0.000473    -26.534137  0.000030    1.000339  0.000024  257.10
   980    299.258271      2    -26.535358  0.000463    -26.534140  0.000029    1.000337  0.000024  262.09
  1000    299.257621      3    -26.535407  0.000477    -26.534151  0.000032    1.000337  0.000024  267.07

Post Propagation Process
Total number of samples 1000
Raw AFQMC/HF (Guide) energy:           -26.535407 ± 0.000477
Raw Trial/Guide overlap ratio:          1.000337 ± 0.000024
Raw AFQMC/pt2CCSD energy (covariance): -26.534151 ± 0.000032
Raw AFQMC/pt2CCSD energy (dir sample): -26.534151 ± 0.000028

Remove Outliers
removing energies outside zeta > 30
Outlier energy bound [-26.548194, -26.519934]
Removed 0 outliers with energies []
Clean AFQMC/pt2CCSD overlap ratio:        1.000337 ± 0.000024
Clean AFQMC/pt2CCSD energy (covariance): -26.534151 ± 0.000032
Clean AFQMC/ptCCSD energy (dir sample):  -26.534151 ± 0.000028

Blocking Analysis
nsample = 1000, max_block_size = 25, min_nblocks = 40
   B    NB    NS  Observable     Error    dError
   1  1000  1000    1.000337  0.000008  0.000000
   2   500  1000    1.000337  0.000010  0.000000
   3   333   999    1.000337  0.000012  0.000000
   4   250  1000    1.000337  0.000013  0.000001
   5   200  1000    1.000337  0.000014  0.000001
   6   166   996    1.000337  0.000015  0.000001
   7   142   994    1.000336  0.000016  0.000001
   8   125  1000    1.000337  0.000017  0.000001
   9   111   999    1.000337  0.000017  0.000001
  10   100  1000    1.000337  0.000018  0.000001
  11    90   990    1.000336  0.000019  0.000001
  12    83   996    1.000337  0.000019  0.000001
  13    76   988    1.000336  0.000020  0.000002
  14    71   994    1.000336  0.000020  0.000002
  15    66   990    1.000336  0.000021  0.000002
  16    62   992    1.000335  0.000020  0.000002
  17    58   986    1.000336  0.000021  0.000002
  18    55   990    1.000336  0.000020  0.000002
  19    52   988    1.000336  0.000021  0.000002
  20    50  1000    1.000337  0.000022  0.000002
  21    47   987    1.000336  0.000021  0.000002
  22    45   990    1.000336  0.000022  0.000002
  23    43   989    1.000336  0.000023  0.000002
  24    41   984    1.000336  0.000024  0.000003
  25    40  1000    1.000337  0.000023  0.000003
Fit (variance): plateau_var = 5.484e-10 ± 6.366e-11
Fit (error):    plateau = 0.000023 ± 0.000001
     autocorrelation length ~ 11.1 blocks
     plateau reached at block size ~ 51
     !!!Failed to reach plateau in blocking
     Return max block error
nclean = 1000, max_block_size = 25, min_nblocks = 40
Blk_SZ   NBlk   NSmp      Energy     Error    dError
     1   1000   1000  -26.534139  0.000028  0.000001
     2    500   1000  -26.534139  0.000029  0.000001
     3    333    999  -26.534140  0.000030  0.000001
     4    250   1000  -26.534141  0.000030  0.000001
     5    200   1000  -26.534142  0.000032  0.000002
     6    166    996  -26.534130  0.000028  0.000002
     7    142    994  -26.534132  0.000030  0.000002
     8    125   1000  -26.534144  0.000032  0.000002
     9    111    999  -26.534143  0.000032  0.000002
    10    100   1000  -26.534145  0.000032  0.000002
    11     90    990  -26.534134  0.000031  0.000002
    12     83    996  -26.534133  0.000029  0.000002
    13     76    988  -26.534133  0.000030  0.000002
    14     71    994  -26.534133  0.000032  0.000003
    15     66    990  -26.534135  0.000031  0.000003
    16     62    992  -26.534134  0.000031  0.000003
    17     58    986  -26.534134  0.000031  0.000003
    18     55    990  -26.534135  0.000031  0.000003
    19     52    988  -26.534135  0.000028  0.000003
    20     50   1000  -26.534146  0.000035  0.000004
    21     47    987  -26.534134  0.000031  0.000003
    22     45    990  -26.534135  0.000030  0.000003
    23     43    989  -26.534137  0.000033  0.000004
    24     41    984  -26.534135  0.000027  0.000003
    25     40   1000  -26.534148  0.000036  0.000004
Fit (variance): plateau_var = 9.444337e-10 ± 3.909079e-11
Fit (error):    plateau = 0.000031 ± 0.000001
     autocorrelation length ~ 2.0 blocks
     plateau reached at block size ~ 7
Final AFQMC/pt2CCSD overlap ratio: 1.000337 ± 0.000024
Final AFQMC/pt2CCSD energy: -26.534151 ± 0.000031
Total run time: 290.26

AFQMC Sampling Finished

QMC script: /u/yzhang65/myprojects/software/afqmc/afqmc/scripts/run_afqmc_pt2ccsd.py
  => E_HF(bh3)      = -26.4000011375 Eh
  => E_CCSD(bh3)    = -26.5312812750 Eh
  => E_AFQMC(bh3)   = -26.53415 +/- 0.00003 Eh

============================================================
Running: bhf2  charge=0  spin=0
============================================================
output file: ../../result/molout/closed_shell/tz/bhf2_vtzfp.out
Not a UHF solution. Convert to RHF

Preparing AFQMC calculation
Calculating Cholesky integrals
Finished calculating Cholesky integrals
Size of the correlation space:
Number of electrons:        [9, 9]
Number of basis functions:  96
Number of Cholesky vectors: 611

    ________                     _____                    
    ___  __ \___  __________________(_)_____________ _    
    __  /_/ /  / / /_  __ \_  __ \_  /__  __ \_  __ `/    
    _  _, _// /_/ /_  / / /  / / /  / _  / / /  /_/ /     
    /_/ |_| \__,_/ /_/ /_//_/ /_//_/  /_/ /_/_\__, /      
                                             /____/       
    _____________________________  ___________            
    ___    |__  ____/_  __ \__   |/  /_  ____/            
    __  /| |_  /_   _  / / /_  /|_/ /_  /                 
    _  ___ |  __/   / /_/ /_  /  / / / /___               
    /_/  |_/_/      \___\_\/_/  /_/  \____/               

Hostname:     gpue02.delta.ncsa.illinois.edu
System:       Linux
Node:         gpue02.delta.ncsa.illinois.edu
Release:      5.14.0-427.91.1.el9_4.x86_64
Machine:      x86_64
Processor:    x86_64
JAX backend:  GPU
JAX devices:  [CudaDevice(id=0)]
Device kind:  NVIDIA H200
Platform:     gpu

Load system from Integral File
Maximum memory per walker:            83.33 MB
Maximum number of Cholesky per chunk: 592
Number of Cholesky chunks:            2
Number of Cholesky per chunk:         306
Number of padding Cholesky:           1

QMC System
Number of electrons: (9, 9)
Spin Multiplicity:   0
Number of orbitals:  96
Number of Chol:      611

QMC Parameters
eql_time            :                   50
n_blocks            :                 1000
n_walkers           :                  300
max_error           :                  0.0
seed                :                   17
walker_type         :                  rhf
trial               :              pt2ccsd
mix_precision       :                 True
max_memory          :                25000
dt                  :                0.005
n_exp_terms         :                    6
n_prop_steps        :                   50
save_walkers        :                False
free_projection     :                False
n_batch             :                    1
nchol_chunk         :                  306

Initalize QMC walkers by stochastic CCSD

Equilibration
inv_T        weight  killW        energy   runTime
 0.00    300.000000      0   -224.960463     21.31
 5.00    300.053233      0   -224.945175     27.00
10.00    298.583680      0   -224.954282     27.97
15.00    300.053727      0   -224.997937     28.95
20.00    299.036287      0   -224.988621     29.92
25.00    299.418118      0   -225.009045     30.89
30.00    299.938274      0   -224.979465     31.87
35.00    299.246790      0   -224.951214     32.84
40.00    298.584880      0   -224.990759     33.82
45.00    298.391579      0   -224.940937     34.79
50.00    299.882992      0   -224.960338     35.76

Sampling
blocks        weight  killW       E_Guide     error       E_Trial     error     olp_T/G     error  Walltime
    20    298.852289      0   -224.970417  0.003721   -224.976258  0.000561    1.004589  0.000272   51.91
    40    299.015554      0   -224.973222  0.004424   -224.976086  0.000524    1.004586  0.000258   65.23
    60    299.063612      0   -224.978123  0.004845   -224.976544  0.000462    1.004286  0.000278   78.64
    80    299.084984      0   -224.977800  0.003657   -224.976987  0.000493    1.004162  0.000248   92.05
   100    299.099913      0   -224.978032  0.002828   -224.977016  0.000450    1.004234  0.000216  105.46
   120    299.126556      0   -224.979603  0.002817   -224.977371  0.000399    1.004176  0.000187  118.88
   140    299.120103      0   -224.978996  0.002526   -224.977241  0.000370    1.004218  0.000169  132.29
   160    299.099326      0   -224.979513  0.002291   -224.977381  0.000348    1.004224  0.000151  145.70
   180    299.099459      0   -224.979854  0.002195   -224.977447  0.000335    1.004260  0.000136  159.11
   200    299.088092      0   -224.980303  0.002068   -224.977638  0.000349    1.004253  0.000127  172.53
   220    299.085827      0   -224.980912  0.001893   -224.977624  0.000328    1.004214  0.000118  185.94
   240    299.070721      0   -224.981418  0.001825   -224.977754  0.000318    1.004137  0.000127  199.36
   260    299.055191      0   -224.981308  0.001694   -224.977794  0.000304    1.004145  0.000120  212.78
   280    299.044127      0   -224.981104  0.001606   -224.977638  0.000288    1.004176  0.000114  226.18
   300    299.010416      0   -224.981773  0.001592   -224.977764  0.000284    1.004262  0.000122  239.60
   320    299.016061      1   -224.982059  0.001559   -224.977869  0.000272    1.004183  0.000129  253.01
   340    298.997571      1   -224.982149  0.001495   -224.977831  0.000260    1.004203  0.000128  266.42
   360    299.002939      1   -224.982604  0.001430   -224.977794  0.000252    1.004341  0.000154  279.84
   380    298.999856      1   -224.982907  0.001386   -224.977787  0.000243    1.004340  0.000150  293.25
   400    299.002911      1   -224.982602  0.001357   -224.977689  0.000236    1.004336  0.000143  306.66
   420    299.015587      1   -224.982886  0.001343   -224.977629  0.000245    1.004342  0.000136  320.08
   440    299.008598      1   -224.983073  0.001360   -224.977692  0.000249    1.004340  0.000136  333.49
   460    299.002355      1   -224.983042  0.001328   -224.977701  0.000242    1.004326  0.000134  346.90
   480    298.993330      1   -224.983029  0.001266   -224.977777  0.000236    1.004337  0.000128  360.32
   500    298.984379      1   -224.982680  0.001223   -224.977788  0.000232    1.004293  0.000126  373.76
   520    298.990353      1   -224.982911  0.001197   -224.977776  0.000225    1.004285  0.000125  387.14
   540    298.992100      1   -224.983033  0.001167   -224.977803  0.000227    1.004260  0.000125  400.55
   560    298.988031      1   -224.982997  0.001229   -224.977765  0.000222    1.004316  0.000132  413.99
   580    298.990643      1   -224.983244  0.001210   -224.977785  0.000219    1.004333  0.000129  427.39
   600    298.982583      1   -224.983224  0.001183   -224.977748  0.000214    1.004348  0.000127  441.02
   620    298.976437      1   -224.982942  0.001142   -224.977698  0.000209    1.004334  0.000123  454.43
   640    298.967946      1   -224.982804  0.001138   -224.977696  0.000205    1.004321  0.000120  467.84
   660    298.960486      1   -224.982614  0.001111   -224.977675  0.000202    1.004337  0.000117  481.25
   680    298.954001      1   -224.982529  0.001088   -224.977670  0.000199    1.004338  0.000114  494.66
   700    298.946042      1   -224.982224  0.001099   -224.977662  0.000195    1.004312  0.000112  508.07
   720    298.943143      1   -224.982312  0.001077   -224.977666  0.000191    1.004288  0.000121  521.48
   740    298.943990      1   -224.982480  0.001067   -224.977649  0.000188    1.004306  0.000119  534.89
   760    298.940304      1   -224.982437  0.001033   -224.977621  0.000185    1.004336  0.000122  548.31
   780    298.939091      1   -224.982359  0.001015   -224.977610  0.000181    1.004315  0.000120  561.73
   800    298.937873      2   -224.982281  0.000991   -224.977551  0.000178    1.004307  0.000117  575.14
   820    298.931714      2   -224.982169  0.000978   -224.977518  0.000176    1.004291  0.000116  588.55
   840    298.922059      2   -224.981732  0.001061   -224.977478  0.000173    1.004284  0.000114  602.07
   860    298.921481      2   -224.981619  0.001046   -224.977476  0.000171    1.004290  0.000111  615.37
   880    298.922509      2   -224.981478  0.001052   -224.977447  0.000168    1.004291  0.000109  628.79
   900    298.923814      2   -224.981660  0.001052   -224.977490  0.000167    1.004291  0.000107  642.20
   920    298.918854      2   -224.981397  0.001041   -224.977437  0.000168    1.004299  0.000107  655.61
   940    298.921374      2   -224.981536  0.001060   -224.977493  0.000169    1.004294  0.000107  669.02
   960    298.918885      2   -224.981444  0.001041   -224.977490  0.000167    1.004309  0.000105  682.44
   980    298.917587      2   -224.981490  0.001017   -224.977480  0.000165    1.004312  0.000103  695.85
  1000    298.918612      2   -224.981552  0.000995   -224.977480  0.000163    1.004303  0.000100  709.27

Post Propagation Process
Total number of samples 1000
Raw AFQMC/HF (Guide) energy:           -224.981552 ± 0.000995
Raw Trial/Guide overlap ratio:          1.004303 ± 0.000100
Raw AFQMC/pt2CCSD energy (covariance): -224.977480 ± 0.000163
Raw AFQMC/pt2CCSD energy (dir sample): -224.977480 ± 0.000130

Remove Outliers
removing energies outside zeta > 30
Outlier energy bound [-225.084784, -224.868745]
Removed 0 outliers with energies []
Clean AFQMC/pt2CCSD overlap ratio:        1.004303 ± 0.000100
Clean AFQMC/pt2CCSD energy (covariance): -224.977480 ± 0.000163
Clean AFQMC/ptCCSD energy (dir sample):  -224.977480 ± 0.000130

Blocking Analysis
nsample = 1000, max_block_size = 25, min_nblocks = 40
   B    NB    NS  Observable     Error    dError
   1  1000  1000    1.004303  0.000033  0.000001
   2   500  1000    1.004303  0.000044  0.000001
   3   333   999    1.004304  0.000052  0.000002
   4   250  1000    1.004303  0.000058  0.000003
   5   200  1000    1.004303  0.000063  0.000003
   6   166   996    1.004304  0.000066  0.000004
   7   142   994    1.004305  0.000072  0.000004
   8   125  1000    1.004303  0.000074  0.000005
   9   111   999    1.004304  0.000076  0.000005
  10   100  1000    1.004303  0.000079  0.000006
  11    90   990    1.004309  0.000084  0.000006
  12    83   996    1.004304  0.000084  0.000007
  13    76   988    1.004308  0.000087  0.000007
  14    71   994    1.004305  0.000089  0.000008
  15    66   990    1.004309  0.000089  0.000008
  16    62   992    1.004309  0.000091  0.000008
  17    58   986    1.004306  0.000089  0.000008
  18    55   990    1.004309  0.000097  0.000009
  19    52   988    1.004308  0.000098  0.000010
  20    50  1000    1.004303  0.000095  0.000010
  21    47   987    1.004307  0.000088  0.000009
  22    45   990    1.004309  0.000096  0.000010
  23    43   989    1.004309  0.000100  0.000011
  24    41   984    1.004307  0.000097  0.000011
  25    40  1000    1.004303  0.000094  0.000011
Fit (variance): plateau_var = 1.054e-08 ± 1.199e-09
Fit (error):    plateau = 0.000103 ± 0.000006
     autocorrelation length ~ 11.1 blocks
     plateau reached at block size ~ 51
     !!!Failed to reach plateau in blocking
     Return max block error
nclean = 1000, max_block_size = 25, min_nblocks = 40
Blk_SZ   NBlk   NSmp      Energy     Error    dError
     1   1000   1000  -224.977397  0.000130  0.000003
     2    500   1000  -224.977424  0.000142  0.000004
     3    333    999  -224.977442  0.000150  0.000006
     4    250   1000  -224.977447  0.000163  0.000007
     5    200   1000  -224.977450  0.000151  0.000008
     6    166    996  -224.977472  0.000158  0.000009
     7    142    994  -224.977468  0.000157  0.000009
     8    125   1000  -224.977463  0.000161  0.000010
     9    111    999  -224.977471  0.000158  0.000011
    10    100   1000  -224.977467  0.000159  0.000011
    11     90    990  -224.977476  0.000157  0.000012
    12     83    996  -224.977485  0.000167  0.000013
    13     76    988  -224.977481  0.000158  0.000013
    14     71    994  -224.977476  0.000160  0.000013
    15     66    990  -224.977481  0.000168  0.000015
    16     62    992  -224.977469  0.000170  0.000015
    17     58    986  -224.977486  0.000164  0.000015
    18     55    990  -224.977481  0.000175  0.000017
    19     52    988  -224.977484  0.000158  0.000016
    20     50   1000  -224.977472  0.000172  0.000017
    21     47    987  -224.977488  0.000166  0.000017
    22     45    990  -224.977481  0.000178  0.000019
    23     43    989  -224.977488  0.000175  0.000019
    24     41    984  -224.977484  0.000173  0.000019
    25     40   1000  -224.977475  0.000160  0.000018
Fit (variance): plateau_var = 2.674804e-08 ± 1.191784e-09
Fit (error):    plateau = 0.000164 ± 0.000004
     autocorrelation length ~ 2.5 blocks
     plateau reached at block size ~ 11
Final AFQMC/pt2CCSD overlap ratio: 1.004303 ± 0.000100
Final AFQMC/pt2CCSD energy: -224.977480 ± 0.000164
Total run time: 733.69

AFQMC Sampling Finished

QMC script: /u/yzhang65/myprojects/software/afqmc/afqmc/scripts/run_afqmc_pt2ccsd.py
  => E_HF(bhf2)      = -224.3537978030 Eh
  => E_CCSD(bhf2)    = -224.9593349608 Eh
  => E_AFQMC(bhf2)   = -224.97748 +/- 0.00016 Eh

============================================================
Running: bn  charge=0  spin=0
============================================================
output file: ../../result/molout/closed_shell/tz/bn_vtzfp.out

Preparing AFQMC calculation
Calculating Cholesky integrals
Alpha Cholesky shape: (349, 60, 60) 
 Beta Cholesky shape: (349, 60, 60) 
Finished calculating Cholesky integrals
Size of the correlation space:
Number of electrons:        [4 4]
Number of basis functions:  58
Number of Cholesky vectors: 349

    ________                     _____                    
    ___  __ \___  __________________(_)_____________ _    
    __  /_/ /  / / /_  __ \_  __ \_  /__  __ \_  __ `/    
    _  _, _// /_/ /_  / / /  / / /  / _  / / /  /_/ /     
    /_/ |_| \__,_/ /_/ /_//_/ /_//_/  /_/ /_/_\__, /      
                                             /____/       
    _____________________________  ___________            
    ___    |__  ____/_  __ \__   |/  /_  ____/            
    __  /| |_  /_   _  / / /_  /|_/ /_  /                 
    _  ___ |  __/   / /_/ /_  /  / / / /___               
    /_/  |_/_/      \___\_\/_/  /_/  \____/               

Hostname:     gpue02.delta.ncsa.illinois.edu
System:       Linux
Node:         gpue02.delta.ncsa.illinois.edu
Release:      5.14.0-427.91.1.el9_4.x86_64
Machine:      x86_64
Processor:    x86_64
JAX backend:  GPU
JAX devices:  [CudaDevice(id=0)]
Device kind:  NVIDIA H200
Platform:     gpu

Load system from Integral File
Maximum memory per walker:            83.33 MB
Maximum number of Cholesky per chunk: 811
Number of Cholesky chunks:            1
Number of Cholesky per chunk:         349
Number of padding Cholesky:           0

QMC System
Number of electrons: (4, 4)
Spin Multiplicity:   0
Number of orbitals:  58
Number of Chol:      349

QMC Parameters
eql_time            :                   50
n_blocks            :                 1000
n_walkers           :                  300
max_error           :                  0.0
seed                :                   17
walker_type         :                  uhf
trial               :             upt2ccsd
mix_precision       :                 True
max_memory          :                25000
dt                  :                0.005
n_exp_terms         :                    6
n_prop_steps        :                   50
save_walkers        :                False
free_projection     :                False
n_batch             :                    1
nchol_chunk         :                  349

Initalize QMC walkers by stochastic CCSD

Equilibration
inv_T        weight  killW        energy   runTime
 0.00    300.000000      0    -79.235820     24.39
 5.00    298.689801      0    -79.245025     30.35
10.00    299.595064      0    -79.268118     31.46
15.00    298.990996      0    -79.278358     32.57
20.00    298.881050      1    -79.273477     33.68
25.00    298.875981      0    -79.256349     34.79
30.00    298.541971      0    -79.271811     35.90
35.00    298.854328      0    -79.255734     37.01
40.00    299.517859      0    -79.302142     38.13
45.00    299.197319      0    -79.266027     39.24
50.00    299.066702      0    -79.284270     40.35

Sampling
blocks        weight  killW       E_Guide     error       E_Trial     error     olp_T/G     error  Walltime
    20    298.816622      3    -79.273974  0.005470    -79.266441  0.003379    1.251572  0.005368   49.97
    40    298.748416     12    -79.268149  0.004817    -79.264162  0.001889    1.252379  0.003566   56.06
    60    298.611714     20    -79.262446  0.004882    -79.263572  0.001360    1.255650  0.004515   62.22
    80    298.565760     25    -79.260345  0.003939    -79.263083  0.001188    1.253097  0.004596   68.40
   100    298.514842     30    -79.260945  0.003217    -79.263080  0.001041    1.252452  0.004260   74.57
   120    298.460508     41    -79.261685  0.002790    -79.263132  0.000929    1.252173  0.003426   80.74
   140    298.416431     46    -79.260667  0.002528    -79.262972  0.000835    1.252109  0.003319   86.91
   160    298.390532     50    -79.259562  0.002333    -79.262639  0.000764    1.256311  0.004033   93.07
   180    298.395625     58    -79.260223  0.002140    -79.262557  0.000697    1.259600  0.004230   99.25
   200    298.426176     67    -79.262272  0.002460    -79.263318  0.000954    1.261684  0.004058  105.42
   220    298.435052     74    -79.263041  0.002273    -79.263213  0.000890    1.264231  0.004142  111.59
   240    298.436031     79    -79.263162  0.002123    -79.263483  0.000834    1.265027  0.003921  117.76
   260    298.437042     82    -79.263035  0.002016    -79.263530  0.000781    1.264111  0.003676  123.92
   280    298.436605     85    -79.263189  0.001845    -79.263538  0.000740    1.263357  0.003452  130.10
   300    298.438686     91    -79.263122  0.001734    -79.263750  0.000704    1.262932  0.003246  136.27
   320    298.415742     98    -79.262420  0.001776    -79.263975  0.000699    1.263151  0.003044  143.20
   340    298.415550    106    -79.262868  0.001762    -79.264342  0.000688    1.263345  0.002893  148.73
   360    298.405355    113    -79.262955  0.001668    -79.264467  0.000655    1.265082  0.002988  154.90
   380    298.399499    126    -79.263072  0.001589    -79.264397  0.000626    1.265695  0.002863  161.07
   400    298.402709    131    -79.262966  0.001517    -79.264268  0.000603    1.266380  0.002765  167.24
   420    298.398713    138    -79.262993  0.001464    -79.264188  0.000580    1.268007  0.002920  173.41
   440    298.397576    146    -79.262661  0.001484    -79.264118  0.000556    1.269462  0.003147  179.58
   460    298.397600    153    -79.262154  0.001507    -79.264207  0.000539    1.269470  0.003076  185.74
   480    298.407527    158    -79.262494  0.001502    -79.264190  0.000523    1.269462  0.002967  191.92
   500    298.418947    164    -79.262938  0.001450    -79.264348  0.000519    1.268844  0.002904  198.09
   520    298.416022    173    -79.262891  0.001394    -79.264388  0.000503    1.268486  0.002850  204.26
   540    298.413943    179    -79.262783  0.001342    -79.264519  0.000488    1.268254  0.002781  210.42
   560    298.406434    188    -79.262339  0.001383    -79.264438  0.000474    1.268192  0.002760  216.60
   580    298.409144    195    -79.262890  0.001362    -79.264842  0.000593    1.268423  0.002710  222.80
   600    298.407373    196    -79.263327  0.001484    -79.264966  0.000581    1.267752  0.002778  228.94
   620    298.397568    200    -79.263069  0.001455    -79.264870  0.000565    1.267322  0.002722  235.10
   640    298.398772    204    -79.263111  0.001422    -79.264919  0.000549    1.267208  0.002677  241.28
   660    298.399142    212    -79.262993  0.001373    -79.264844  0.000535    1.266981  0.002583  247.44
   680    298.391195    220    -79.262865  0.001346    -79.264794  0.000521    1.267890  0.002695  253.61
   700    298.395892    224    -79.262769  0.001317    -79.264752  0.000508    1.268264  0.002651  259.79
   720    298.397702    227    -79.263121  0.001283    -79.231995  0.034887    1.268106  0.002599  265.96
   740    298.402437    229    -79.263265  0.001281    -79.232946  0.033943    1.268141  0.002535  272.12
   760    298.406653    234    -79.263361  0.001255    -79.233726  0.033052    1.268049  0.002528  278.29
   780    298.403569    237    -79.263189  0.001220    -79.234472  0.032193    1.268525  0.002507  284.47
   800    298.400374    242    -79.263038  0.001250    -79.235221  0.031395    1.268229  0.002457  290.63
   820    298.397255    246    -79.262690  0.001268    -79.235906  0.030632    1.268121  0.002402  296.80
   840    298.397978    251    -79.262740  0.001239    -79.236601  0.029904    1.268089  0.002393  302.97
   860    298.397859    254    -79.262771  0.001210    -79.237193  0.029199    1.268470  0.002393  309.14
   880    298.393830    259    -79.262576  0.001220    -79.237805  0.028529    1.268755  0.002371  315.31
   900    298.392980    263    -79.262494  0.001220    -79.238393  0.027897    1.268674  0.002333  321.49
   920    298.388097    266    -79.262406  0.001228    -79.238996  0.027289    1.268770  0.002371  327.64
   940    298.393331    272    -79.262705  0.001228    -79.239689  0.026709    1.268727  0.002371  333.82
   960    298.392252    279    -79.262682  0.001236    -79.240234  0.026145    1.269114  0.002313  339.99
   980    298.391906    282    -79.262636  0.001207    -79.240727  0.025607    1.269349  0.002343  346.16
  1000    298.390839    289    -79.262654  0.001179    -79.241187  0.025102    1.269017  0.002293  352.33

Post Propagation Process
Total number of samples 1000
Raw AFQMC/HF (Guide) energy:           -79.262654 ± 0.001179
Raw Trial/Guide overlap ratio:          1.269017 ± 0.002293
Raw AFQMC/pt2CCSD energy (covariance): -79.241187 ± 0.025102
Raw AFQMC/pt2CCSD energy (dir sample): -79.241187 ± 0.024170

Remove Outliers
removing energies outside zeta > 30
Outlier energy bound [-79.446374, -79.080652]
Removed 3 outliers with energies [-79.46730259 -79.54788598 -55.08650689]
Clean AFQMC/pt2CCSD overlap ratio:        1.269065 ± 0.002267
Clean AFQMC/pt2CCSD energy (covariance): -79.264562 ± 0.000409
Clean AFQMC/ptCCSD energy (dir sample):  -79.264562 ± 0.000267

Blocking Analysis
nsample = 997, max_block_size = 24, min_nblocks = 40
   B    NB    NS  Observable     Error    dError
   1   997   997    1.269066  0.000661  0.000015
   2   498   996    1.269063  0.000882  0.000028
   3   332   996    1.269064  0.001043  0.000041
   4   249   996    1.269063  0.001167  0.000052
   5   199   995    1.269055  0.001288  0.000065
   6   166   996    1.269063  0.001373  0.000076
   7   142   994    1.269068  0.001462  0.000087
   8   124   992    1.269084  0.001552  0.000099
   9   110   990    1.269108  0.001587  0.000108
  10    99   990    1.269109  0.001686  0.000120
  11    90   990    1.269108  0.001745  0.000131
  12    83   996    1.269063  0.001776  0.000139
  13    76   988    1.269181  0.001833  0.000150
  14    71   994    1.269067  0.001888  0.000160
  15    66   990    1.269108  0.001969  0.000173
  16    62   992    1.269083  0.001970  0.000178
  17    58   986    1.269215  0.002051  0.000192
  18    55   990    1.269107  0.002070  0.000199
  19    52   988    1.269180  0.002116  0.000210
  20    49   980    1.269322  0.002128  0.000217
  21    47   987    1.269209  0.002176  0.000227
  22    45   990    1.269107  0.002202  0.000235
  23    43   989    1.269137  0.002267  0.000247
  24    41   984    1.269255  0.002252  0.000252
Fit (variance): plateau_var = 7.156e-06 ± 1.587e-06
Fit (error):    plateau = 0.002675 ± 0.000297
     autocorrelation length ~ 20.2 blocks
     plateau reached at block size ~ 93
     !!!Failed to reach plateau in blocking
     Return max block error
nclean = 997, max_block_size = 24, min_nblocks = 40
Blk_SZ   NBlk   NSmp      Energy     Error    dError
     1    997    997  -79.264406  0.000267  0.000006
     2    498    996  -79.264435  0.000301  0.000010
     3    332    996  -79.264450  0.000317  0.000012
     4    249    996  -79.264458  0.000325  0.000015
     5    199    995  -79.264476  0.000350  0.000018
     6    166    996  -79.264473  0.000344  0.000019
     7    142    994  -79.264468  0.000348  0.000021
     8    124    992  -79.264467  0.000347  0.000022
     9    110    990  -79.264464  0.000394  0.000027
    10     99    990  -79.264454  0.000340  0.000024
    11     90    990  -79.264466  0.000352  0.000026
    12     83    996  -79.264499  0.000376  0.000029
    13     76    988  -79.264484  0.000381  0.000031
    14     71    994  -79.264494  0.000385  0.000033
    15     66    990  -79.264479  0.000402  0.000035
    16     62    992  -79.264486  0.000374  0.000034
    17     58    986  -79.264508  0.000360  0.000034
    18     55    990  -79.264487  0.000441  0.000042
    19     52    988  -79.264504  0.000325  0.000032
    20     49    980  -79.264496  0.000360  0.000037
    21     47    987  -79.264512  0.000370  0.000039
    22     45    990  -79.264495  0.000425  0.000045
    23     43    989  -79.264489  0.000381  0.000042
    24     41    984  -79.264534  0.000410  0.000046
Fit (variance): plateau_var = 1.387554e-07 ± 7.603760e-09
Fit (error):    plateau = 0.000372 ± 0.000010
     autocorrelation length ~ 3.7 blocks
     plateau reached at block size ~ 16
Final AFQMC/pt2CCSD overlap ratio: 1.269065 ± 0.002267
Final AFQMC/pt2CCSD energy: -79.264562 ± 0.000372
Total run time: 361.12

AFQMC Sampling Finished

QMC script: /u/yzhang65/myprojects/software/afqmc/afqmc/scripts/run_afqmc_pt2ccsd.py
  => E_HF(bn)      = -78.9904348839 Eh
  => E_CCSD(bn)    = -79.2381316770 Eh
  => E_AFQMC(bn)   = -79.26456 +/- 0.00037 Eh

============================================================
Running: borole  charge=0  spin=0
============================================================
output file: ../../result/molout/closed_shell/tz/borole_vtzfp.out

Preparing AFQMC calculation
Calculating Cholesky integrals
Alpha Cholesky shape: (1084, 195, 195) 
 Beta Cholesky shape: (1084, 195, 195) 
Finished calculating Cholesky integrals
Size of the correlation space:
Number of electrons:        [12 12]
Number of basis functions:  190
Number of Cholesky vectors: 1084

    ________                     _____                    
    ___  __ \___  __________________(_)_____________ _    
    __  /_/ /  / / /_  __ \_  __ \_  /__  __ \_  __ `/    
    _  _, _// /_/ /_  / / /  / / /  / _  / / /  /_/ /     
    /_/ |_| \__,_/ /_/ /_//_/ /_//_/  /_/ /_/_\__, /      
                                             /____/       
    _____________________________  ___________            
    ___    |__  ____/_  __ \__   |/  /_  ____/            
    __  /| |_  /_   _  / / /_  /|_/ /_  /                 
    _  ___ |  __/   / /_/ /_  /  / / / /___               
    /_/  |_/_/      \___\_\/_/  /_/  \____/               

Hostname:     gpue02.delta.ncsa.illinois.edu
System:       Linux
Node:         gpue02.delta.ncsa.illinois.edu
Release:      5.14.0-427.91.1.el9_4.x86_64
Machine:      x86_64
Processor:    x86_64
JAX backend:  GPU
JAX devices:  [CudaDevice(id=0)]
Device kind:  NVIDIA H200
Platform:     gpu

Load system from Integral File
Maximum memory per walker:            83.33 MB
Maximum number of Cholesky per chunk: 75
Number of Cholesky chunks:            15
Number of Cholesky per chunk:         73
Number of padding Cholesky:           11

QMC System
Number of electrons: (12, 12)
Spin Multiplicity:   0
Number of orbitals:  190
Number of Chol:      1084

QMC Parameters
eql_time            :                   50
n_blocks            :                 1000
n_walkers           :                  300
max_error           :                  0.0
seed                :                   17
walker_type         :                  uhf
trial               :             upt2ccsd
mix_precision       :                 True
max_memory          :                25000
dt                  :                0.005
n_exp_terms         :                    6
n_prop_steps        :                   50
save_walkers        :                False
free_projection     :                False
n_batch             :                    1
nchol_chunk         :                   73

Initalize QMC walkers by stochastic CCSD

Equilibration
inv_T        weight  killW        energy   runTime
 0.00    300.000000      0   -179.811989     38.17
 5.00    298.596158      0   -179.874537     51.34
10.00    298.275753      0   -179.873752     58.54
15.00    298.699025      0   -179.855886     65.74
20.00    297.720349      0   -179.806342     72.94
25.00    298.652815      0   -179.870265     80.14
30.00    297.989552      1   -179.858959     87.34
35.00    298.507663      0   -179.837826     94.54
40.00    298.783837      0   -179.857288    101.74
45.00    298.866006      0   -179.877795    108.94
50.00    299.198083      0   -179.878279    116.14

Sampling
blocks        weight  killW       E_Guide     error       E_Trial     error     olp_T/G     error  Walltime
    20    298.340541      0   -179.853505  0.005861   -179.852237  0.001097    1.167286  0.001966  199.10
    40    298.348605      0   -179.857798  0.007053   -179.852828  0.000927    1.167405  0.002174  275.65
    60    298.211078      1   -179.855271  0.004309   -179.853166  0.000851    1.162775  0.004329  352.22
    80    298.165246      2   -179.855136  0.004273   -179.853251  0.000761    1.162284  0.003255  428.78
   100    298.124489      4   -179.855818  0.003394   -179.853336  0.000655    1.164475  0.002652  505.38
   120    298.102772      5   -179.854910  0.002979   -179.852817  0.000585    1.166307  0.002530  582.02
   140    298.072438      6   -179.854986  0.002522   -179.853005  0.000528    1.167159  0.002242  660.55
   160    298.043703      8   -179.854077  0.002386   -179.853068  0.000508    1.168356  0.002082  737.04
   180    298.020733      8   -179.855205  0.002272   -179.853519  0.000549    1.168420  0.001854  813.51
   200    297.995921      8   -179.854988  0.002141   -179.853468  0.000520    1.168882  0.001718  890.09
   220    297.949440      9   -179.854792  0.001997   -179.853443  0.000491    1.168995  0.001577  966.61
   240    297.932295     11   -179.854919  0.001865   -179.853437  0.000468    1.168987  0.001475 1043.23
   260    297.922772     12   -179.856080  0.001982   -179.853460  0.000446    1.169131  0.001370 1119.84
   280    297.919973     12   -179.855647  0.001895   -179.853438  0.000427    1.169315  0.001245 1199.36
   300    297.922459     12   -179.855558  0.001861   -179.853726  0.000414    1.169023  0.001193 1276.61
   320    297.899100     12   -179.855447  0.001769   -179.853632  0.000397    1.168838  0.001128 1353.11
   340    297.877860     13   -179.855179  0.001669   -179.853584  0.000379    1.168797  0.001073 1429.61
   360    297.866637     14   -179.854736  0.001620   -179.853600  0.000363    1.168987  0.001001 1506.17
   380    297.851768     14   -179.854956  0.001565   -179.853497  0.000349    1.169098  0.000965 1582.72
   400    297.849607     14   -179.854447  0.001597   -179.853421  0.000340    1.169263  0.000941 1659.26
   420    297.843865     14   -179.854752  0.001588   -179.853406  0.000335    1.169358  0.000928 1735.79
   440    297.841073     14   -179.854762  0.001526   -179.853548  0.000330    1.169722  0.000943 1815.23
   460    297.842090     15   -179.855028  0.001474   -179.853671  0.000322    1.169923  0.000958 1891.93
   480    297.832104     18   -179.855163  0.001534   -179.853814  0.000314    1.169683  0.000932 1968.47
   500    297.815347     18   -179.854698  0.001532   -179.853820  0.000305    1.169910  0.000912 2045.03
   520    297.817975     18   -179.854844  0.001469   -179.853804  0.000299    1.170241  0.000915 2121.57
   540    297.811684     19   -179.855031  0.001454   -179.853875  0.000295    1.170701  0.000946 2198.24
   560    297.818111     20   -179.855182  0.001423   -179.853901  0.000291    1.170643  0.000952 2274.75
   580    297.815160     21   -179.854987  0.001411   -179.853943  0.000284    1.170792  0.000929 2351.29
   600    297.814981     21   -179.855062  0.001369   -179.853919  0.000277    1.170992  0.001012 2430.36
   620    297.811972     22   -179.855125  0.001344   -179.853885  0.000274    1.170957  0.000988 2508.67
   640    297.810139     23   -179.855271  0.001302   -179.853906  0.000269    1.170994  0.000964 2585.28
   660    297.809173     25   -179.855213  0.001257   -179.853853  0.000265    1.170982  0.000935 2661.80
   680    297.803956     26   -179.855323  0.001240   -179.853904  0.000261    1.170963  0.000912 2738.35
   700    297.800282     26   -179.855267  0.001204   -179.853958  0.000257    1.171040  0.000891 2814.87
   720    297.800032     27   -179.855837  0.001287   -179.854046  0.000257    1.171100  0.000861 2891.41
   740    297.800086     27   -179.856193  0.001320   -179.854087  0.000252    1.171108  0.000840 2967.97
   760    297.802559     27   -179.856111  0.001303   -179.854015  0.000248    1.171385  0.000880 3044.69
   780    297.803234     27   -179.856303  0.001312   -179.854026  0.000246    1.171459  0.000860 3122.90
   800    297.803155     27   -179.856432  0.001283   -179.854048  0.000242    1.171363  0.000844 3199.46
   820    297.802867     27   -179.856311  0.001254   -179.854049  0.000239    1.171313  0.000826 3276.02
   840    297.800047     28   -179.856495  0.001227   -179.854074  0.000236    1.171143  0.000850 3352.56
   860    297.803079     31   -179.856498  0.001212   -179.854090  0.000233    1.170910  0.000850 3429.19
   880    297.803259     31   -179.856510  0.001187   -179.854099  0.000233    1.170902  0.000862 3505.73
   900    297.800137     33   -179.856554  0.001145   -179.854195  0.000232    1.170985  0.000849 3582.40
   920    297.796586     33   -179.856360  0.001142   -179.854160  0.000228    1.171121  0.000858 3659.12
   940    297.796876     33   -179.856288  0.001122   -179.854155  0.000225    1.171216  0.000858 3737.71
   960    297.794016     34   -179.856286  0.001101   -179.854138  0.000222    1.171202  0.000845 3814.24
   980    297.792438     35   -179.856276  0.001082   -179.854178  0.000222    1.171327  0.000825 3890.72
  1000    297.785937     36   -179.856161  0.001081   -179.854142  0.000220    1.171395  0.000809 3967.28

Post Propagation Process
Total number of samples 1000
Raw AFQMC/HF (Guide) energy:           -179.856161 ± 0.001081
Raw Trial/Guide overlap ratio:          1.171395 ± 0.000809
Raw AFQMC/pt2CCSD energy (covariance): -179.854142 ± 0.000220
Raw AFQMC/pt2CCSD energy (dir sample): -179.854142 ± 0.000179

Remove Outliers
removing energies outside zeta > 30
Outlier energy bound [-179.999068, -179.707658]
Removed 0 outliers with energies []
Clean AFQMC/pt2CCSD overlap ratio:        1.171395 ± 0.000809
Clean AFQMC/pt2CCSD energy (covariance): -179.854142 ± 0.000220
Clean AFQMC/ptCCSD energy (dir sample):  -179.854142 ± 0.000179

Blocking Analysis
nsample = 1000, max_block_size = 25, min_nblocks = 40
   B    NB    NS  Observable     Error    dError
   1  1000  1000    1.171397  0.000241  0.000005
   2   500  1000    1.171397  0.000323  0.000010
   3   333   999    1.171390  0.000384  0.000015
   4   250  1000    1.171396  0.000430  0.000019
   5   200  1000    1.171396  0.000475  0.000024
   6   166   996    1.171374  0.000505  0.000028
   7   142   994    1.171374  0.000534  0.000032
   8   125  1000    1.171396  0.000551  0.000035
   9   111   999    1.171389  0.000589  0.000040
  10   100  1000    1.171396  0.000600  0.000043
  11    90   990    1.171356  0.000638  0.000048
  12    83   996    1.171374  0.000644  0.000050
  13    76   988    1.171343  0.000647  0.000053
  14    71   994    1.171374  0.000676  0.000057
  15    66   990    1.171356  0.000722  0.000063
  16    62   992    1.171366  0.000727  0.000066
  17    58   986    1.171336  0.000693  0.000065
  18    55   990    1.171356  0.000735  0.000071
  19    52   988    1.171343  0.000738  0.000073
  20    50  1000    1.171396  0.000746  0.000075
  21    47   987    1.171337  0.000776  0.000081
  22    45   990    1.171356  0.000781  0.000083
  23    43   989    1.171352  0.000809  0.000088
  24    41   984    1.171334  0.000792  0.000089
  25    40  1000    1.171396  0.000771  0.000087
Fit (variance): plateau_var = 7.682e-07 ± 1.209e-07
Fit (error):    plateau = 0.000876 ± 0.000069
     autocorrelation length ~ 15.3 blocks
     plateau reached at block size ~ 71
     !!!Failed to reach plateau in blocking
     Return max block error
nclean = 1000, max_block_size = 25, min_nblocks = 40
Blk_SZ   NBlk   NSmp      Energy     Error    dError
     1   1000   1000  -179.853998  0.000179  0.000004
     2    500   1000  -179.854028  0.000203  0.000006
     3    333    999  -179.854044  0.000212  0.000008
     4    250   1000  -179.854068  0.000222  0.000010
     5    200   1000  -179.854068  0.000220  0.000011
     6    166    996  -179.854071  0.000227  0.000012
     7    142    994  -179.854091  0.000219  0.000013
     8    125   1000  -179.854099  0.000228  0.000015
     9    111    999  -179.854088  0.000226  0.000015
    10    100   1000  -179.854100  0.000236  0.000017
    11     90    990  -179.854114  0.000244  0.000018
    12     83    996  -179.854100  0.000247  0.000019
    13     76    988  -179.854127  0.000241  0.000020
    14     71    994  -179.854120  0.000242  0.000020
    15     66    990  -179.854118  0.000257  0.000023
    16     62    992  -179.854138  0.000247  0.000022
    17     58    986  -179.854139  0.000238  0.000022
    18     55    990  -179.854120  0.000240  0.000023
    19     52    988  -179.854133  0.000248  0.000025
    20     50   1000  -179.854125  0.000245  0.000025
    21     47    987  -179.854135  0.000238  0.000025
    22     45    990  -179.854129  0.000253  0.000027
    23     43    989  -179.854134  0.000257  0.000028
    24     41    984  -179.854156  0.000230  0.000026
    25     40   1000  -179.854127  0.000264  0.000030
Fit (variance): plateau_var = 5.856733e-08 ± 3.043136e-09
Fit (error):    plateau = 0.000242 ± 0.000006
     autocorrelation length ~ 3.5 blocks
     plateau reached at block size ~ 15
Final AFQMC/pt2CCSD overlap ratio: 1.171395 ± 0.000809
Final AFQMC/pt2CCSD energy: -179.854142 ± 0.000242
Total run time: 4018.78

AFQMC Sampling Finished

QMC script: /u/yzhang65/myprojects/software/afqmc/afqmc/scripts/run_afqmc_pt2ccsd.py
  => E_HF(borole)      = -179.0774232135 Eh
  => E_CCSD(borole)    = -179.8117033108 Eh
  => E_AFQMC(borole)   = -179.85414 +/- 0.00024 Eh

============================================================
Running: c-hcoh  charge=0  spin=0
============================================================
output file: ../../result/molout/closed_shell/tz/c-hcoh_vtzfp.out

Preparing AFQMC calculation
Calculating Cholesky integrals
Alpha Cholesky shape: (478, 78, 78) 
 Beta Cholesky shape: (478, 78, 78) 
Finished calculating Cholesky integrals
Size of the correlation space:
Number of electrons:        [6 6]
Number of basis functions:  76
Number of Cholesky vectors: 478

    ________                     _____                    
    ___  __ \___  __________________(_)_____________ _    
    __  /_/ /  / / /_  __ \_  __ \_  /__  __ \_  __ `/    
    _  _, _// /_/ /_  / / /  / / /  / _  / / /  /_/ /     
    /_/ |_| \__,_/ /_/ /_//_/ /_//_/  /_/ /_/_\__, /      
                                             /____/       
    _____________________________  ___________            
    ___    |__  ____/_  __ \__   |/  /_  ____/            
    __  /| |_  /_   _  / / /_  /|_/ /_  /                 
    _  ___ |  __/   / /_/ /_  /  / / / /___               
    /_/  |_/_/      \___\_\/_/  /_/  \____/               

Hostname:     gpue02.delta.ncsa.illinois.edu
System:       Linux
Node:         gpue02.delta.ncsa.illinois.edu
Release:      5.14.0-427.91.1.el9_4.x86_64
Machine:      x86_64
Processor:    x86_64
JAX backend:  GPU
JAX devices:  [CudaDevice(id=0)]
Device kind:  NVIDIA H200
Platform:     gpu

Load system from Integral File
Maximum memory per walker:            83.33 MB
Maximum number of Cholesky per chunk: 472
Number of Cholesky chunks:            2
Number of Cholesky per chunk:         239
Number of padding Cholesky:           0

QMC System
Number of electrons: (6, 6)
Spin Multiplicity:   0
Number of orbitals:  76
Number of Chol:      478

QMC Parameters
eql_time            :                   50
n_blocks            :                 1000
n_walkers           :                  300
max_error           :                  0.0
seed                :                   17
walker_type         :                  uhf
trial               :             upt2ccsd
mix_precision       :                 True
max_memory          :                25000
dt                  :                0.005
n_exp_terms         :                    6
n_prop_steps        :                   50
save_walkers        :                False
free_projection     :                False
n_batch             :                    1
nchol_chunk         :                  239

Initalize QMC walkers by stochastic CCSD

Equilibration
inv_T        weight  killW        energy   runTime
 0.00    300.000000      0   -114.222468     68.13
 5.00    299.082490      0   -114.243280     75.17
10.00    299.727561      0   -114.277593     76.65
15.00    298.905810      0   -114.243627     78.14
20.00    300.049094      0   -114.257805     79.63
25.00    299.002027      0   -114.224567     81.11
30.00    299.333010      0   -114.245073     82.59
35.00    298.490492      0   -114.236879     84.07
40.00    299.332603      0   -114.243196     85.56
45.00    299.721906      0   -114.264786     87.04
50.00    299.334258      0   -114.246678     88.53

Sampling
blocks        weight  killW       E_Guide     error       E_Trial     error     olp_T/G     error  Walltime
    20    299.252711      2   -114.252984  0.011227   -114.243927  0.002183    1.087930  0.001970   98.86
    40    299.166065      2   -114.252066  0.006670   -114.242867  0.001193    1.087728  0.001150  104.64
    60    299.070861      2   -114.249280  0.004609   -114.242145  0.000863    1.088520  0.001068  110.60
    80    299.036225      3   -114.249716  0.003446   -114.241681  0.000680    1.088198  0.000854  116.55
   100    299.002522      4   -114.248171  0.002915   -114.241410  0.000578    1.087456  0.000822  122.51
   120    298.995003      4   -114.249344  0.002858   -114.242092  0.000568    1.087124  0.000818  128.47
   140    298.965485      6   -114.247381  0.002736   -114.241722  0.000508    1.087307  0.000799  134.42
   160    298.940453      8   -114.247543  0.002612   -114.241511  0.000459    1.086992  0.000819  140.37
   180    298.928124      8   -114.247326  0.002372   -114.241238  0.000422    1.086748  0.000802  146.33
   200    298.912667      9   -114.245961  0.002288   -114.241107  0.000394    1.086516  0.000737  152.28
   220    298.892630      9   -114.245480  0.002149   -114.241120  0.000369    1.086379  0.000675  158.24
   240    298.885473      9   -114.245688  0.001991   -114.241188  0.000348    1.086171  0.000637  166.62
   260    298.869587     11   -114.245738  0.001951   -114.241318  0.000339    1.086058  0.000592  172.57
   280    298.860276     11   -114.245585  0.001895   -114.241237  0.000325    1.086138  0.000576  178.52
   300    298.845795     12   -114.246024  0.001851   -114.241366  0.000318    1.085910  0.000560  184.48
   320    298.834859     16   -114.246472  0.001770   -114.241399  0.000307    1.085927  0.000530  190.43
   340    298.846950     17   -114.246832  0.001721   -114.241474  0.000296    1.085848  0.000514  196.39
   360    298.840531     17   -114.246539  0.001635   -114.241484  0.000288    1.085872  0.000491  202.34
   380    298.834880     18   -114.246323  0.001579   -114.241387  0.000275    1.085992  0.000479  208.29
   400    298.841331     18   -114.246785  0.001504   -114.241468  0.000270    1.085918  0.000473  214.25
   420    298.839741     20   -114.246863  0.001446   -114.241476  0.000263    1.085704  0.000488  220.20
   440    298.831868     20   -114.246611  0.001375   -114.241367  0.000260    1.085700  0.000466  226.15
   460    298.830212     20   -114.246686  0.001329   -114.241326  0.000253    1.085703  0.000448  232.11
   480    298.818304     21   -114.246427  0.001293   -114.241325  0.000246    1.085788  0.000435  238.07
   500    298.807808     22   -114.245811  0.001361   -114.241279  0.000240    1.085986  0.000440  244.03
   520    298.815201     22   -114.246105  0.001387   -114.241413  0.000260    1.085930  0.000425  250.19
   540    298.812341     22   -114.246100  0.001334   -114.241429  0.000253    1.085778  0.000423  256.10
   560    298.816005     22   -114.246320  0.001317   -114.241535  0.000257    1.085722  0.000426  261.88
   580    298.809563     24   -114.246264  0.001289   -114.241513  0.000253    1.085615  0.000417  267.84
   600    298.810965     24   -114.246246  0.001255   -114.241554  0.000249    1.085573  0.000428  273.80
   620    298.812927     26   -114.246244  0.001228   -114.241564  0.000243    1.085599  0.000419  279.75
   640    298.812048     26   -114.246406  0.001189   -114.241713  0.000270    1.085540  0.000411  285.70
   660    298.820621     26   -114.246729  0.001221   -114.241784  0.000265    1.085466  0.000400  291.65
   680    298.817397     26   -114.246696  0.001184   -114.241789  0.000259    1.085355  0.000414  297.61
   700    298.811233     26   -114.246331  0.001180   -114.241736  0.000253    1.085464  0.000411  303.56
   720    298.814269     28   -114.246601  0.001181   -114.241717  0.000250    1.085462  0.000406  309.51
   740    298.815406     29   -114.246771  0.001176   -114.241706  0.000245    1.085497  0.000397  315.47
   760    298.810495     30   -114.246560  0.001160   -114.241690  0.000240    1.085431  0.000388  321.42
   780    298.811121     30   -114.246668  0.001134   -114.241699  0.000235    1.085451  0.000383  327.38
   800    298.813574     31   -114.246964  0.001135   -114.241752  0.000230    1.085383  0.000372  333.34
   820    298.815792     32   -114.247093  0.001116   -114.241793  0.000231    1.085305  0.000369  339.29
   840    298.816301     34   -114.247233  0.001116   -114.241806  0.000228    1.085265  0.000383  345.24
   860    298.816821     36   -114.247199  0.001085   -114.241790  0.000223    1.085351  0.000383  351.20
   880    298.815070     37   -114.247345  0.001069   -114.241812  0.000220    1.085418  0.000386  357.15
   900    298.818453     37   -114.247336  0.001064   -114.241823  0.000216    1.085425  0.000379  363.11
   920    298.817221     40   -114.247266  0.001038   -114.241836  0.000212    1.085326  0.000371  369.07
   940    298.813812     41   -114.246950  0.001028   -114.241799  0.000209    1.085341  0.000380  375.01
   960    298.811660     42   -114.246972  0.001045   -114.241786  0.000206    1.085388  0.000374  380.97
   980    298.808749     42   -114.246955  0.001025   -114.241810  0.000205    1.085411  0.000369  386.92
  1000    298.804652     43   -114.246834  0.001006   -114.241822  0.000202    1.085443  0.000379  392.88

Post Propagation Process
Total number of samples 1000
Raw AFQMC/HF (Guide) energy:           -114.246834 ± 0.001006
Raw Trial/Guide overlap ratio:          1.085443 ± 0.000379
Raw AFQMC/pt2CCSD energy (covariance): -114.241822 ± 0.000202
Raw AFQMC/pt2CCSD energy (dir sample): -114.241822 ± 0.000163

Remove Outliers
removing energies outside zeta > 30
Outlier energy bound [-114.346587, -114.135409]
Removed 0 outliers with energies []
Clean AFQMC/pt2CCSD overlap ratio:        1.085443 ± 0.000379
Clean AFQMC/pt2CCSD energy (covariance): -114.241822 ± 0.000202
Clean AFQMC/ptCCSD energy (dir sample):  -114.241822 ± 0.000163

Blocking Analysis
nsample = 1000, max_block_size = 25, min_nblocks = 40
   B    NB    NS  Observable     Error    dError
   1  1000  1000    1.085444  0.000142  0.000003
   2   500  1000    1.085444  0.000188  0.000006
   3   333   999    1.085444  0.000216  0.000008
   4   250  1000    1.085444  0.000237  0.000011
   5   200  1000    1.085443  0.000258  0.000013
   6   166   996    1.085438  0.000270  0.000015
   7   142   994    1.085430  0.000278  0.000017
   8   125  1000    1.085443  0.000291  0.000018
   9   111   999    1.085443  0.000297  0.000020
  10   100  1000    1.085443  0.000311  0.000022
  11    90   990    1.085420  0.000311  0.000023
  12    83   996    1.085438  0.000305  0.000024
  13    76   988    1.085420  0.000312  0.000025
  14    71   994    1.085430  0.000325  0.000027
  15    66   990    1.085420  0.000334  0.000029
  16    62   992    1.085422  0.000327  0.000030
  17    58   986    1.085420  0.000337  0.000032
  18    55   990    1.085420  0.000334  0.000032
  19    52   988    1.085420  0.000339  0.000034
  20    50  1000    1.085443  0.000328  0.000033
  21    47   987    1.085424  0.000362  0.000038
  22    45   990    1.085420  0.000357  0.000038
  23    43   989    1.085418  0.000345  0.000038
  24    41   984    1.085411  0.000337  0.000038
  25    40  1000    1.085443  0.000379  0.000043
Fit (variance): plateau_var = 1.202e-07 ± 8.953e-09
Fit (error):    plateau = 0.000347 ± 0.000013
     autocorrelation length ~ 6.7 blocks
     plateau reached at block size ~ 31
     !!!Failed to reach plateau in blocking
     Return max block error
nclean = 1000, max_block_size = 25, min_nblocks = 40
Blk_SZ   NBlk   NSmp      Energy     Error    dError
     1   1000   1000  -114.241728  0.000163  0.000004
     2    500   1000  -114.241750  0.000179  0.000006
     3    333    999  -114.241752  0.000188  0.000007
     4    250   1000  -114.241767  0.000194  0.000009
     5    200   1000  -114.241777  0.000195  0.000010
     6    166    996  -114.241766  0.000209  0.000012
     7    142    994  -114.241770  0.000222  0.000013
     8    125   1000  -114.241782  0.000213  0.000014
     9    111    999  -114.241785  0.000205  0.000014
    10    100   1000  -114.241793  0.000215  0.000015
    11     90    990  -114.241778  0.000224  0.000017
    12     83    996  -114.241778  0.000223  0.000017
    13     76    988  -114.241773  0.000230  0.000019
    14     71    994  -114.241788  0.000233  0.000020
    15     66    990  -114.241780  0.000224  0.000020
    16     62    992  -114.241785  0.000198  0.000018
    17     58    986  -114.241776  0.000225  0.000021
    18     55    990  -114.241782  0.000229  0.000022
    19     52    988  -114.241781  0.000223  0.000022
    20     50   1000  -114.241807  0.000231  0.000023
    21     47    987  -114.241781  0.000243  0.000025
    22     45    990  -114.241787  0.000246  0.000026
    23     43    989  -114.241794  0.000230  0.000025
    24     41    984  -114.241785  0.000246  0.000028
    25     40   1000  -114.241809  0.000236  0.000027
Fit (variance): plateau_var = 5.240447e-08 ± 3.561068e-09
Fit (error):    plateau = 0.000229 ± 0.000008
     autocorrelation length ~ 5.3 blocks
     plateau reached at block size ~ 22
Final AFQMC/pt2CCSD overlap ratio: 1.085443 ± 0.000379
Final AFQMC/pt2CCSD energy: -114.241822 ± 0.000229
Total run time: 418.46

AFQMC Sampling Finished

QMC script: /u/yzhang65/myprojects/software/afqmc/afqmc/scripts/run_afqmc_pt2ccsd.py
  => E_HF(c-hcoh)      = -113.8295822385 Eh
  => E_CCSD(c-hcoh)    = -114.2245479838 Eh
  => E_AFQMC(c-hcoh)   = -114.24182 +/- 0.00023 Eh

============================================================
Running: c2cl6  charge=0  spin=0
============================================================
overwrite output file: ../../result/molout/closed_shell/tz/c2cl6_vtzfp.out
Not a UHF solution. Convert to RHF

Preparing AFQMC calculation
Calculating Cholesky integrals
Finished calculating Cholesky integrals
Size of the correlation space:
Number of electrons:        [25, 25]
Number of basis functions:  232
Number of Cholesky vectors: 1483

    ________                     _____                    
    ___  __ \___  __________________(_)_____________ _    
    __  /_/ /  / / /_  __ \_  __ \_  /__  __ \_  __ `/    
    _  _, _// /_/ /_  / / /  / / /  / _  / / /  /_/ /     
    /_/ |_| \__,_/ /_/ /_//_/ /_//_/  /_/ /_/_\__, /      
                                             /____/       
    _____________________________  ___________            
    ___    |__  ____/_  __ \__   |/  /_  ____/            
    __  /| |_  /_   _  / / /_  /|_/ /_  /                 
    _  ___ |  __/   / /_/ /_  /  / / / /___               
    /_/  |_/_/      \___\_\/_/  /_/  \____/               

Hostname:     gpue02.delta.ncsa.illinois.edu
System:       Linux
Node:         gpue02.delta.ncsa.illinois.edu
Release:      5.14.0-427.91.1.el9_4.x86_64
Machine:      x86_64
Processor:    x86_64
JAX backend:  GPU
JAX devices:  [CudaDevice(id=0)]
Device kind:  NVIDIA H200
Platform:     gpu

Load system from Integral File
Maximum memory per walker:            83.33 MB
Maximum number of Cholesky per chunk: 101
Number of Cholesky chunks:            15
Number of Cholesky per chunk:         99
Number of padding Cholesky:           2

QMC System
Number of electrons: (25, 25)
Spin Multiplicity:   0
Number of orbitals:  232
Number of Chol:      1483

QMC Parameters
eql_time            :                   50
n_blocks            :                 1000
n_walkers           :                  300
max_error           :                  0.0
seed                :                   17
walker_type         :                  rhf
trial               :              pt2ccsd
mix_precision       :                 True
max_memory          :                25000
dt                  :                0.005
n_exp_terms         :                    6
n_prop_steps        :                   50
save_walkers        :                False
free_projection     :                False
n_batch             :                    1
nchol_chunk         :                   99

Initalize QMC walkers by stochastic CCSD

Equilibration
inv_T        weight  killW        energy   runTime
 0.00    300.000000      0  -2834.343385     32.11
 5.00    298.580612      0  -2834.447161     43.80
10.00    298.732050      0  -2834.457223     51.12
15.00    296.233554      1  -2834.379233     58.45
20.00    299.283350      0  -2834.477119     65.78
25.00    298.595675      0  -2834.423168     73.10
30.00    297.517013      0  -2834.427239     80.44
35.00    297.805897      0  -2834.418365     87.77
40.00    298.266812      0  -2834.436636     95.11
45.00    298.143243      0  -2834.409323    102.44
50.00    298.217086      0  -2834.482612    109.78

Sampling
blocks        weight  killW       E_Guide     error       E_Trial     error     olp_T/G     error  Walltime
    20    297.985478      0  -2834.427596  0.024307  -2834.432621  0.003197    1.005279  0.000400  267.29
    40    297.943309      0  -2834.440171  0.015668  -2834.436242  0.001996    1.005715  0.000315  390.29
    60    297.917157      0  -2834.440342  0.009288  -2834.435560  0.001551    1.005943  0.000293  513.85
    80    297.816296      0  -2834.443101  0.007386  -2834.436085  0.001339    1.005692  0.000307  637.98
   100    297.779447      0  -2834.445746  0.006449  -2834.436288  0.001208    1.005527  0.000253  761.54
   120    297.687814      0  -2834.446209  0.005363  -2834.436066  0.001080    1.005609  0.000216  885.92
   140    297.598944      0  -2834.447085  0.004687  -2834.437219  0.001512    1.005772  0.000216 1009.93
   160    297.512261      0  -2834.445707  0.004822  -2834.436877  0.001349    1.005863  0.000198 1133.62
   180    297.464460      0  -2834.445098  0.004301  -2834.437005  0.001227    1.005953  0.000186 1258.01
   200    297.419324      0  -2834.445925  0.004039  -2834.437194  0.001130    1.006017  0.000178 1381.78
   220    297.337306      0  -2834.444126  0.003750  -2834.436816  0.001050    1.006048  0.000163 1505.56
   240    297.300321      0  -2834.444039  0.003604  -2834.436983  0.000987    1.006059  0.000151 1630.72
   260    297.252745      0  -2834.443252  0.003395  -2834.436980  0.000926    1.006091  0.000150 1754.43
   280    297.222489      0  -2834.441921  0.003243  -2834.436697  0.000879    1.006187  0.000155 1878.28
   300    297.220056      0  -2834.442857  0.003082  -2834.436580  0.000838    1.006303  0.000166 2001.95
   320    297.204237      0  -2834.443979  0.002988  -2834.436653  0.000800    1.006328  0.000157 2125.73
   340    297.174934      0  -2834.443772  0.002842  -2834.436585  0.000767    1.006358  0.000149 2250.11
   360    297.135901      0  -2834.442398  0.002740  -2834.436384  0.000734    1.006356  0.000141 2373.78
   380    297.123481      0  -2834.443973  0.002782  -2834.436621  0.000710    1.006347  0.000134 2497.60
   400    297.089189      0  -2834.443866  0.002776  -2834.436569  0.000683    1.006345  0.000128 2621.28
   420    297.068081      0  -2834.444290  0.002687  -2834.436310  0.000662    1.006362  0.000124 2745.04
   440    297.036821      0  -2834.443640  0.002615  -2834.436117  0.000640    1.006400  0.000127 2869.85
   460    297.012198      0  -2834.443674  0.002646  -2834.436136  0.000619    1.006419  0.000125 2993.54
   480    296.988790      0  -2834.443087  0.002568  -2834.436225  0.000603    1.006434  0.000121 3117.38
   500    296.985172      0  -2834.443331  0.002476  -2834.436341  0.000593    1.006433  0.000118 3241.08
   520    296.974074      0  -2834.443534  0.002415  -2834.436548  0.000592    1.006453  0.000114 3364.86
   540    296.954073      0  -2834.443099  0.002379  -2834.436361  0.000576    1.006496  0.000115 3490.84
   560    296.932382      0  -2834.442828  0.002343  -2834.436339  0.000562    1.006510  0.000115 3614.54
   580    296.921338      0  -2834.442723  0.002299  -2834.436425  0.000547    1.006515  0.000112 3738.51
   600    296.911226      0  -2834.442475  0.002284  -2834.436483  0.000539    1.006500  0.000111 3862.10
   620    296.896631      0  -2834.442607  0.002246  -2834.436656  0.000540    1.006471  0.000110 3985.83
   640    296.897775      0  -2834.443023  0.002192  -2834.436558  0.000536    1.006430  0.000113 4111.11
   660    296.883860      0  -2834.443024  0.002155  -2834.436590  0.000526    1.006421  0.000111 4235.28
   680    296.880141      0  -2834.442830  0.002096  -2834.436359  0.000517    1.006462  0.000116 4359.08
   700    296.879690      0  -2834.443288  0.002063  -2834.436361  0.000507    1.006464  0.000113 4482.78
   720    296.870222      0  -2834.443234  0.002008  -2834.436303  0.000497    1.006477  0.000114 4609.44
   740    296.861012      0  -2834.443094  0.001960  -2834.436204  0.000486    1.006483  0.000111 4733.31
   760    296.846089      0  -2834.442310  0.002023  -2834.436078  0.000477    1.006477  0.000111 4857.05
   780    296.841525      0  -2834.442169  0.002013  -2834.436053  0.000469    1.006495  0.000109 4980.92
   800    296.835668      0  -2834.442007  0.001977  -2834.436078  0.000462    1.006507  0.000109 5104.62
   820    296.828337      0  -2834.441896  0.001950  -2834.436042  0.000454    1.006484  0.000108 5228.97
   840    296.830933      0  -2834.441874  0.001884  -2834.436024  0.000447    1.006486  0.000107 5352.93
   860    296.827101      0  -2834.441662  0.001857  -2834.435895  0.000443    1.006479  0.000107 5476.64
   880    296.822069      0  -2834.442039  0.001834  -2834.436034  0.000439    1.006459  0.000105 5605.25
   900    296.806772      1  -2834.441522  0.001834  -2834.436009  0.000432    1.006475  0.000104 5728.85
   920    296.801623      1  -2834.441442  0.001823  -2834.436050  0.000424    1.006481  0.000104 5852.65
   940    296.793038      1  -2834.441149  0.001803  -2834.436100  0.000419    1.006460  0.000104 5976.53
   960    296.797758      1  -2834.441326  0.001807  -2834.436144  0.000413    1.006428  0.000106 6100.33
   980    296.795387      1  -2834.441528  0.001807  -2834.436147  0.000408    1.006397  0.000108 6224.80
  1000    296.794222      2  -2834.441800  0.001794  -2834.436188  0.000404    1.006362  0.000120 6348.44

Post Propagation Process
Total number of samples 1000
Raw AFQMC/HF (Guide) energy:           -2834.441800 ± 0.001794
Raw Trial/Guide overlap ratio:          1.006362 ± 0.000120
Raw AFQMC/pt2CCSD energy (covariance): -2834.436188 ± 0.000404
Raw AFQMC/pt2CCSD energy (dir sample): -2834.436188 ± 0.000337

Remove Outliers
removing energies outside zeta > 30
Outlier energy bound [-2834.720074, -2834.150176]
Removed 0 outliers with energies []
Clean AFQMC/pt2CCSD overlap ratio:        1.006362 ± 0.000120
Clean AFQMC/pt2CCSD energy (covariance): -2834.436188 ± 0.000404
Clean AFQMC/ptCCSD energy (dir sample):  -2834.436188 ± 0.000337

Blocking Analysis
nsample = 1000, max_block_size = 25, min_nblocks = 40
   B    NB    NS  Observable     Error    dError
   1  1000  1000    1.006363  0.000035  0.000001
   2   500  1000    1.006363  0.000047  0.000001
   3   333   999    1.006363  0.000055  0.000002
   4   250  1000    1.006362  0.000062  0.000003
   5   200  1000    1.006363  0.000068  0.000003
   6   166   996    1.006366  0.000073  0.000004
   7   142   994    1.006370  0.000077  0.000005
   8   125  1000    1.006362  0.000080  0.000005
   9   111   999    1.006363  0.000084  0.000006
  10   100  1000    1.006362  0.000087  0.000006
  11    90   990    1.006374  0.000091  0.000007
  12    83   996    1.006366  0.000093  0.000007
  13    76   988    1.006378  0.000095  0.000008
  14    71   994    1.006370  0.000095  0.000008
  15    66   990    1.006374  0.000100  0.000009
  16    62   992    1.006372  0.000100  0.000009
  17    58   986    1.006382  0.000102  0.000010
  18    55   990    1.006374  0.000106  0.000010
  19    52   988    1.006378  0.000110  0.000011
  20    50  1000    1.006362  0.000109  0.000011
  21    47   987    1.006380  0.000111  0.000012
  22    45   990    1.006374  0.000112  0.000012
  23    43   989    1.006376  0.000115  0.000013
  24    41   984    1.006385  0.000112  0.000013
  25    40  1000    1.006362  0.000120  0.000014
Fit (variance): plateau_var = 1.592e-08 ± 2.533e-09
Fit (error):    plateau = 0.000126 ± 0.000010
     autocorrelation length ~ 15.3 blocks
     plateau reached at block size ~ 71
     !!!Failed to reach plateau in blocking
     Return max block error
nclean = 1000, max_block_size = 25, min_nblocks = 40
Blk_SZ   NBlk   NSmp      Energy     Error    dError
     1   1000   1000  -2834.435851  0.000337  0.000008
     2    500   1000  -2834.435921  0.000396  0.000013
     3    333    999  -2834.435939  0.000419  0.000016
     4    250   1000  -2834.435990  0.000430  0.000019
     5    200   1000  -2834.436002  0.000424  0.000021
     6    166    996  -2834.435976  0.000437  0.000024
     7    142    994  -2834.436045  0.000428  0.000026
     8    125   1000  -2834.436061  0.000438  0.000028
     9    111    999  -2834.436050  0.000435  0.000029
    10    100   1000  -2834.436072  0.000429  0.000030
    11     90    990  -2834.436077  0.000458  0.000034
    12     83    996  -2834.436054  0.000461  0.000036
    13     76    988  -2834.436082  0.000467  0.000038
    14     71    994  -2834.436106  0.000403  0.000034
    15     66    990  -2834.436093  0.000419  0.000037
    16     62    992  -2834.436113  0.000445  0.000040
    17     58    986  -2834.436112  0.000460  0.000043
    18     55    990  -2834.436116  0.000482  0.000046
    19     52    988  -2834.436114  0.000453  0.000045
    20     50   1000  -2834.436131  0.000463  0.000047
    21     47    987  -2834.436100  0.000471  0.000049
    22     45    990  -2834.436130  0.000480  0.000051
    23     43    989  -2834.436144  0.000414  0.000045
    24     41    984  -2834.436100  0.000450  0.000050
    25     40   1000  -2834.436156  0.000417  0.000047
Fit (variance): plateau_var = 1.930495e-07 ± 6.988104e-09
Fit (error):    plateau = 0.000439 ± 0.000008
     autocorrelation length ~ 1.3 blocks
     plateau reached at block size ~ 6
Final AFQMC/pt2CCSD overlap ratio: 1.006362 ± 0.000120
Final AFQMC/pt2CCSD energy: -2834.436188 ± 0.000439
Total run time: 6398.88

AFQMC Sampling Finished

QMC script: /u/yzhang65/myprojects/software/afqmc/afqmc/scripts/run_afqmc_pt2ccsd.py
  => E_HF(c2cl6)      = -2832.8084537183 Eh
  => E_CCSD(c2cl6)    = -2834.3559050504 Eh
  => E_AFQMC(c2cl6)   = -2834.43619 +/- 0.00044 Eh

============================================================
Running: c2clh  charge=0  spin=0
============================================================
output file: ../../result/molout/closed_shell/tz/c2clh_vtzfp.out
Not a UHF solution. Convert to RHF

Preparing AFQMC calculation
Calculating Cholesky integrals
Finished calculating Cholesky integrals
Size of the correlation space:
Number of electrons:        [8, 8]
Number of basis functions:  96
Number of Cholesky vectors: 590

    ________                     _____                    
    ___  __ \___  __________________(_)_____________ _    
    __  /_/ /  / / /_  __ \_  __ \_  /__  __ \_  __ `/    
    _  _, _// /_/ /_  / / /  / / /  / _  / / /  /_/ /     
    /_/ |_| \__,_/ /_/ /_//_/ /_//_/  /_/ /_/_\__, /      
                                             /____/       
    _____________________________  ___________            
    ___    |__  ____/_  __ \__   |/  /_  ____/            
    __  /| |_  /_   _  / / /_  /|_/ /_  /                 
    _  ___ |  __/   / /_/ /_  /  / / / /___               
    /_/  |_/_/      \___\_\/_/  /_/  \____/               

Hostname:     gpue02.delta.ncsa.illinois.edu
System:       Linux
Node:         gpue02.delta.ncsa.illinois.edu
Release:      5.14.0-427.91.1.el9_4.x86_64
Machine:      x86_64
Processor:    x86_64
JAX backend:  GPU
JAX devices:  [CudaDevice(id=0)]
Device kind:  NVIDIA H200
Platform:     gpu

Load system from Integral File
Maximum memory per walker:            83.33 MB
Maximum number of Cholesky per chunk: 592
Number of Cholesky chunks:            1
Number of Cholesky per chunk:         590
Number of padding Cholesky:           0

QMC System
Number of electrons: (8, 8)
Spin Multiplicity:   0
Number of orbitals:  96
Number of Chol:      590

QMC Parameters
eql_time            :                   50
n_blocks            :                 1000
n_walkers           :                  300
max_error           :                  0.0
seed                :                   17
walker_type         :                  rhf
trial               :              pt2ccsd
mix_precision       :                 True
max_memory          :                25000
dt                  :                0.005
n_exp_terms         :                    6
n_prop_steps        :                   50
save_walkers        :                False
free_projection     :                False
n_batch             :                    1
nchol_chunk         :                  590

Initalize QMC walkers by stochastic CCSD

Equilibration
inv_T        weight  killW        energy   runTime
 0.00    300.000000      0   -536.281277     65.16
 5.00    299.748710      0   -536.333747     71.31
10.00    298.990969      0   -536.314441     72.24
15.00    298.457938      0   -536.327486     73.17
20.00    299.499771      0   -536.322531     74.10
25.00    299.100798      0   -536.321140     75.03
30.00    298.708028      0   -536.306587     75.96
35.00    299.866859      0   -536.333823     76.89
40.00    298.987258      0   -536.297104     77.81
45.00    299.867281      0   -536.320624     78.75
50.00    299.034673      0   -536.323969     79.68

Sampling
blocks        weight  killW       E_Guide     error       E_Trial     error     olp_T/G     error  Walltime
    20    299.268326      0   -536.315372  0.005491   -536.312641  0.001676    1.003361  0.000093  112.82
    40    299.160689      0   -536.314289  0.003580   -536.311310  0.001097    1.003432  0.000131  143.58
    60    299.108659      0   -536.314417  0.005526   -536.312108  0.001064    1.003329  0.000142  174.44
    80    299.057982      0   -536.312560  0.004050   -536.311605  0.000855    1.003185  0.000132  205.36
   100    299.019274      0   -536.312248  0.003414   -536.311382  0.000724    1.003113  0.000116  236.26
   120    298.977588      0   -536.312023  0.003007   -536.311313  0.000631    1.003159  0.000128  267.24
   140    298.974036      0   -536.312213  0.002939   -536.311347  0.000579    1.003093  0.000127  298.16
   160    298.962465      0   -536.312372  0.002506   -536.311353  0.000530    1.003028  0.000119  329.78
   180    298.934705      0   -536.312762  0.002333   -536.311233  0.000496    1.003000  0.000116  364.94
   200    298.896344      0   -536.313001  0.002102   -536.311103  0.000459    1.002993  0.000105  396.66
   220    298.883726      0   -536.313154  0.001966   -536.311085  0.000451    1.003002  0.000096  427.53
   240    298.876657      0   -536.313542  0.001819   -536.311016  0.000433    1.003008  0.000089  458.41
   260    298.862103      0   -536.313802  0.001732   -536.310869  0.000409    1.002989  0.000085  489.32
   280    298.844319      0   -536.313989  0.001705   -536.310936  0.000397    1.002996  0.000080  520.19
   300    298.845407      1   -536.314760  0.001674   -536.310989  0.000383    1.002974  0.000076  551.13
   320    298.833823      1   -536.314737  0.001594   -536.311091  0.000378    1.002929  0.000077  582.50
   340    298.850578      1   -536.316443  0.001889   -536.311260  0.000396    1.002928  0.000075  613.45
   360    298.839646      1   -536.315525  0.001869   -536.311112  0.000379    1.002947  0.000073  644.25
   380    298.838122      1   -536.315682  0.001779   -536.311170  0.000365    1.002882  0.000082  675.17
   400    298.820558      1   -536.315057  0.001750   -536.311085  0.000352    1.002891  0.000080  706.07
   420    298.814102      1   -536.314649  0.001715   -536.311079  0.000339    1.002893  0.000077  737.00
   440    298.809105      1   -536.314846  0.001681   -536.311152  0.000333    1.002907  0.000076  767.89
   460    298.801737      1   -536.314765  0.001608   -536.311108  0.000323    1.002915  0.000075  798.81
   480    298.803047      1   -536.315280  0.001629   -536.311159  0.000317    1.002919  0.000076  829.68
   500    298.796676      1   -536.315046  0.001616   -536.311148  0.000308    1.002925  0.000074  860.62
   520    298.790198      1   -536.314768  0.001647   -536.311151  0.000299    1.002908  0.000073  891.52
   540    298.792122      1   -536.315014  0.001606   -536.311223  0.000292    1.002873  0.000075  922.40
   560    298.788115      1   -536.315152  0.001547   -536.311199  0.000285    1.002862  0.000077  953.31
   580    298.783207      1   -536.314967  0.001512   -536.311160  0.000278    1.002861  0.000075  984.24
   600    298.772302      1   -536.314709  0.001498   -536.311105  0.000274    1.002856  0.000073 1015.16
   620    298.773062      1   -536.314861  0.001486   -536.311204  0.000270    1.002838  0.000071 1046.07
   640    298.772749      1   -536.314907  0.001450   -536.311192  0.000265    1.002835  0.000073 1076.96
   660    298.764002      1   -536.314489  0.001429   -536.311154  0.000260    1.002841  0.000071 1107.89
   680    298.761066      1   -536.314227  0.001420   -536.311120  0.000255    1.002849  0.000070 1138.78
   700    298.769152      1   -536.314590  0.001411   -536.311144  0.000252    1.002842  0.000068 1169.71
   720    298.770156      1   -536.314700  0.001360   -536.311081  0.000247    1.002839  0.000066 1201.22
   740    298.763274      1   -536.314501  0.001338   -536.311085  0.000244    1.002834  0.000064 1232.12
   760    298.764114      1   -536.314864  0.001315   -536.311185  0.000243    1.002836  0.000063 1263.03
   780    298.763592      1   -536.314958  0.001312   -536.311154  0.000239    1.002837  0.000061 1293.89
   800    298.760346      1   -536.314993  0.001294   -536.311129  0.000237    1.002828  0.000061 1324.80
   820    298.753129      1   -536.314614  0.001317   -536.311099  0.000232    1.002817  0.000060 1355.70
   840    298.757077      1   -536.314931  0.001347   -536.311128  0.000230    1.002803  0.000063 1386.60
   860    298.760970      1   -536.315188  0.001347   -536.311141  0.000227    1.002811  0.000063 1417.48
   880    298.759045      1   -536.314949  0.001341   -536.311165  0.000229    1.002823  0.000062 1448.40
   900    298.760529      1   -536.315011  0.001333   -536.311162  0.000226    1.002845  0.000063 1479.31
   920    298.764089      1   -536.315342  0.001307   -536.311228  0.000226    1.002838  0.000064 1510.22
   940    298.764761      1   -536.315335  0.001311   -536.311242  0.000225    1.002837  0.000063 1541.10
   960    298.762151      2   -536.315342  0.001287   -536.311231  0.000222    1.002838  0.000065 1571.98
   980    298.762167      2   -536.315268  0.001263   -536.311245  0.000220    1.002835  0.000065 1602.94
  1000    298.759494      2   -536.315037  0.001238   -536.311226  0.000219    1.002851  0.000064 1635.79

Post Propagation Process
Total number of samples 1000
Raw AFQMC/HF (Guide) energy:           -536.315037 ± 0.001238
Raw Trial/Guide overlap ratio:          1.002851 ± 0.000064
Raw AFQMC/pt2CCSD energy (covariance): -536.311226 ± 0.000219
Raw AFQMC/pt2CCSD energy (dir sample): -536.311226 ± 0.000179

Remove Outliers
removing energies outside zeta > 30
Outlier energy bound [-536.440654, -536.179347]
Removed 0 outliers with energies []
Clean AFQMC/pt2CCSD overlap ratio:        1.002851 ± 0.000064
Clean AFQMC/pt2CCSD energy (covariance): -536.311226 ± 0.000219
Clean AFQMC/ptCCSD energy (dir sample):  -536.311226 ± 0.000179

Blocking Analysis
nsample = 1000, max_block_size = 25, min_nblocks = 40
   B    NB    NS  Observable     Error    dError
   1  1000  1000    1.002851  0.000022  0.000000
   2   500  1000    1.002851  0.000028  0.000001
   3   333   999    1.002849  0.000033  0.000001
   4   250  1000    1.002851  0.000037  0.000002
   5   200  1000    1.002851  0.000040  0.000002
   6   166   996    1.002847  0.000043  0.000002
   7   142   994    1.002844  0.000044  0.000003
   8   125  1000    1.002851  0.000046  0.000003
   9   111   999    1.002849  0.000048  0.000003
  10   100  1000    1.002851  0.000049  0.000003
  11    90   990    1.002840  0.000050  0.000004
  12    83   996    1.002847  0.000053  0.000004
  13    76   988    1.002838  0.000051  0.000004
  14    71   994    1.002844  0.000054  0.000005
  15    66   990    1.002840  0.000053  0.000005
  16    62   992    1.002842  0.000056  0.000005
  17    58   986    1.002837  0.000055  0.000005
  18    55   990    1.002840  0.000057  0.000006
  19    52   988    1.002838  0.000057  0.000006
  20    50  1000    1.002851  0.000057  0.000006
  21    47   987    1.002837  0.000060  0.000006
  22    45   990    1.002840  0.000060  0.000006
  23    43   989    1.002839  0.000058  0.000006
  24    41   984    1.002837  0.000063  0.000007
  25    40  1000    1.002851  0.000064  0.000007
Fit (variance): plateau_var = 3.850e-09 ± 4.064e-10
Fit (error):    plateau = 0.000062 ± 0.000003
     autocorrelation length ~ 10.0 blocks
     plateau reached at block size ~ 46
     !!!Failed to reach plateau in blocking
     Return max block error
nclean = 1000, max_block_size = 25, min_nblocks = 40
Blk_SZ   NBlk   NSmp      Energy     Error    dError
     1   1000   1000  -536.311041  0.000179  0.000004
     2    500   1000  -536.311082  0.000198  0.000006
     3    333    999  -536.311099  0.000215  0.000008
     4    250   1000  -536.311114  0.000212  0.000010
     5    200   1000  -536.311134  0.000229  0.000011
     6    166    996  -536.311146  0.000224  0.000012
     7    142    994  -536.311167  0.000228  0.000014
     8    125   1000  -536.311148  0.000236  0.000015
     9    111    999  -536.311164  0.000229  0.000015
    10    100   1000  -536.311165  0.000238  0.000017
    11     90    990  -536.311203  0.000210  0.000016
    12     83    996  -536.311186  0.000236  0.000018
    13     76    988  -536.311211  0.000233  0.000019
    14     71    994  -536.311208  0.000233  0.000020
    15     66    990  -536.311209  0.000234  0.000021
    16     62    992  -536.311215  0.000233  0.000021
    17     58    986  -536.311207  0.000220  0.000021
    18     55    990  -536.311223  0.000201  0.000019
    19     52    988  -536.311225  0.000218  0.000022
    20     50   1000  -536.311191  0.000203  0.000020
    21     47    987  -536.311234  0.000219  0.000023
    22     45    990  -536.311228  0.000185  0.000020
    23     43    989  -536.311231  0.000209  0.000023
    24     41    984  -536.311225  0.000246  0.000028
    25     40   1000  -536.311201  0.000214  0.000024
Fit (variance): plateau_var = 4.945246e-08 ± 1.848687e-09
Fit (error):    plateau = 0.000222 ± 0.000004
     autocorrelation length ~ 1.5 blocks
     plateau reached at block size ~ 7
Final AFQMC/pt2CCSD overlap ratio: 1.002851 ± 0.000064
Final AFQMC/pt2CCSD energy: -536.311226 ± 0.000222
Total run time: 1680.10

AFQMC Sampling Finished

QMC script: /u/yzhang65/myprojects/software/afqmc/afqmc/scripts/run_afqmc_pt2ccsd.py
  => E_HF(c2clh)      = -535.7738383036 Eh
  => E_CCSD(c2clh)    = -536.2841179564 Eh
  => E_AFQMC(c2clh)   = -536.31123 +/- 0.00022 Eh

============================================================
Running: c2clh3  charge=0  spin=0
============================================================
output file: ../../result/molout/closed_shell/tz/c2clh3_vtzfp.out

Preparing AFQMC calculation
Calculating Cholesky integrals
Alpha Cholesky shape: (690, 121, 121) 
 Beta Cholesky shape: (690, 121, 121) 
Finished calculating Cholesky integrals
Size of the correlation space:
Number of electrons:        [9 9]
Number of basis functions:  114
Number of Cholesky vectors: 690

    ________                     _____                    
    ___  __ \___  __________________(_)_____________ _    
    __  /_/ /  / / /_  __ \_  __ \_  /__  __ \_  __ `/    
    _  _, _// /_/ /_  / / /  / / /  / _  / / /  /_/ /     
    /_/ |_| \__,_/ /_/ /_//_/ /_//_/  /_/ /_/_\__, /      
                                             /____/       
    _____________________________  ___________            
    ___    |__  ____/_  __ \__   |/  /_  ____/            
    __  /| |_  /_   _  / / /_  /|_/ /_  /                 
    _  ___ |  __/   / /_/ /_  /  / / / /___               
    /_/  |_/_/      \___\_\/_/  /_/  \____/               

Hostname:     gpue02.delta.ncsa.illinois.edu
System:       Linux
Node:         gpue02.delta.ncsa.illinois.edu
Release:      5.14.0-427.91.1.el9_4.x86_64
Machine:      x86_64
Processor:    x86_64
JAX backend:  GPU
JAX devices:  [CudaDevice(id=0)]
Device kind:  NVIDIA H200
Platform:     gpu

Load system from Integral File
Maximum memory per walker:            83.33 MB
Maximum number of Cholesky per chunk: 210
Number of Cholesky chunks:            4
Number of Cholesky per chunk:         173
Number of padding Cholesky:           2

QMC System
Number of electrons: (9, 9)
Spin Multiplicity:   0
Number of orbitals:  114
Number of Chol:      690

QMC Parameters
eql_time            :                   50
n_blocks            :                 1000
n_walkers           :                  300
max_error           :                  0.0
seed                :                   17
walker_type         :                  uhf
trial               :             upt2ccsd
mix_precision       :                 True
max_memory          :                25000
dt                  :                0.005
n_exp_terms         :                    6
n_prop_steps        :                   50
save_walkers        :                False
free_projection     :                False
n_batch             :                    1
nchol_chunk         :                  173

Initalize QMC walkers by stochastic CCSD

Equilibration
inv_T        weight  killW        energy   runTime
 0.00    300.000000      0   -537.544587     59.04
 5.00    298.657818      0   -537.543784     68.19
10.00    299.219186      0   -537.578504     70.78
15.00    298.727627      0   -537.578518     73.38
20.00    299.078661      0   -537.575275     75.97
25.00    299.970287      0   -537.625020     78.57
30.00    299.075287      0   -537.564201     81.17
35.00    298.415682      0   -537.559034     83.77
40.00    298.030753      0   -537.540442     86.36
45.00    299.213909      0   -537.581523     88.96
50.00    298.945871      0   -537.544587     91.56

Sampling
blocks        weight  killW       E_Guide     error       E_Trial     error     olp_T/G     error  Walltime
    20    298.692003      0   -537.558776  0.004470   -537.568534  0.000604    1.004664  0.000121  113.03
    40    298.808544      0   -537.565371  0.005209   -537.569813  0.000568    1.004770  0.000113  128.72
    60    298.790983      0   -537.566440  0.003331   -537.569238  0.000488    1.004727  0.000077  144.39
    80    298.755579      0   -537.568103  0.003571   -537.569809  0.000444    1.004692  0.000071  160.08
   100    298.739987      0   -537.567343  0.002662   -537.569855  0.000438    1.004623  0.000072  175.77
   120    298.727947      0   -537.566964  0.002458   -537.569670  0.000717    1.004668  0.000076  191.46
   140    298.732091      0   -537.568183  0.002196   -537.569770  0.000627    1.004655  0.000071  207.15
   160    298.723494      0   -537.568930  0.002237   -537.569700  0.000553    1.004693  0.000067  222.84
   180    298.699355      0   -537.568265  0.001989   -537.569751  0.000500    1.004669  0.000066  238.54
   200    298.730228      0   -537.570011  0.002237   -537.569967  0.000480    1.004617  0.000072  254.24
   220    298.723167      0   -537.570099  0.002078   -537.569988  0.000445    1.004677  0.000076  269.94
   240    298.717873      0   -537.570264  0.002072   -537.570021  0.000415    1.004693  0.000078  285.63
   260    298.694719      0   -537.569395  0.002055   -537.570029  0.000388    1.004680  0.000074  301.32
   280    298.693849      0   -537.570260  0.001983   -537.570078  0.000372    1.004672  0.000068  317.03
   300    298.704472      0   -537.570784  0.001953   -537.570129  0.000354    1.004663  0.000064  332.73
   320    298.700160      0   -537.570679  0.001843   -537.570111  0.000337    1.004649  0.000061  348.43
   340    298.692966      0   -537.570911  0.001773   -537.570128  0.000322    1.004671  0.000062  364.12
   360    298.693729      0   -537.571441  0.001720   -537.570183  0.000309    1.004691  0.000064  379.83
   380    298.687825      0   -537.571547  0.001643   -537.570212  0.000300    1.004673  0.000062  395.53
   400    298.690996      0   -537.571916  0.001582   -537.570279  0.000292    1.004645  0.000062  411.25
   420    298.688350      0   -537.572345  0.001541   -537.570292  0.000284    1.004649  0.000061  426.96
   440    298.682846      0   -537.572440  0.001481   -537.570378  0.000279    1.004618  0.000063  442.66
   460    298.689678      0   -537.573463  0.001661   -537.570152  0.000299    1.004594  0.000063  458.37
   480    298.681896      0   -537.573426  0.001610   -537.570204  0.000290    1.004606  0.000064  474.07
   500    298.682540      0   -537.573349  0.001566   -537.570247  0.000282    1.004591  0.000063  489.90
   520    298.672492      0   -537.572819  0.001588   -537.570188  0.000273    1.004589  0.000061  505.60
   540    298.666104      0   -537.572855  0.001524   -537.570255  0.000267    1.004603  0.000059  523.43
   560    298.666314      0   -537.572978  0.001499   -537.570290  0.000265    1.004604  0.000060  540.17
   580    298.665347      0   -537.572885  0.001442   -537.570313  0.000264    1.004610  0.000058  555.86
   600    298.662279      0   -537.572935  0.001519   -537.570285  0.000258    1.004578  0.000060  571.58
   620    298.666268      0   -537.573345  0.001491   -537.570354  0.000254    1.004563  0.000060  587.27
   640    298.668927      0   -537.573684  0.001554   -537.570402  0.000252    1.004543  0.000061  603.14
   660    298.664648      0   -537.573364  0.001520   -537.570362  0.000245    1.004547  0.000060  618.87
   680    298.650705      0   -537.572749  0.001571   -537.570329  0.000240    1.004532  0.000064  634.59
   700    298.645959      0   -537.572596  0.001547   -537.570295  0.000235    1.004531  0.000063  650.30
   720    298.640610      1   -537.572180  0.001554   -537.570279  0.000230    1.004519  0.000062  666.04
   740    298.634791      1   -537.572031  0.001523   -537.570261  0.000226    1.004510  0.000061  681.73
   760    298.634012      1   -537.572018  0.001511   -537.570258  0.000222    1.004511  0.000061  697.43
   780    298.631572      1   -537.572007  0.001474   -537.570252  0.000217    1.004511  0.000060  713.11
   800    298.629387      1   -537.571764  0.001479   -537.570224  0.000213    1.004516  0.000058  728.84
   820    298.629707      1   -537.571655  0.001446   -537.570245  0.000209    1.004528  0.000058  744.53
   840    298.627963      1   -537.571732  0.001421   -537.570274  0.000206    1.004522  0.000058  760.25
   860    298.627375      1   -537.571733  0.001392   -537.570269  0.000202    1.004529  0.000057  775.96
   880    298.629069      1   -537.571872  0.001373   -537.570276  0.000200    1.004515  0.000058  791.65
   900    298.627561      1   -537.571953  0.001348   -537.570301  0.000197    1.004505  0.000058  807.33
   920    298.626155      1   -537.572123  0.001330   -537.570331  0.000198    1.004511  0.000057  823.01
   940    298.624968      1   -537.572210  0.001303   -537.570317  0.000195    1.004522  0.000056  838.70
   960    298.626318      1   -537.572412  0.001284   -537.570328  0.000193    1.004523  0.000056  854.39
   980    298.624900      1   -537.572322  0.001262   -537.570350  0.000189    1.004541  0.000056  870.10
  1000    298.622602      1   -537.572223  0.001241   -537.570354  0.000187    1.004543  0.000057  885.79

Post Propagation Process
Total number of samples 1000
Raw AFQMC/HF (Guide) energy:           -537.572223 ± 0.001241
Raw Trial/Guide overlap ratio:          1.004543 ± 0.000057
Raw AFQMC/pt2CCSD energy (covariance): -537.570354 ± 0.000187
Raw AFQMC/pt2CCSD energy (dir sample): -537.570354 ± 0.000149

Remove Outliers
removing energies outside zeta > 30
Outlier energy bound [-537.673919, -537.465804]
Removed 0 outliers with energies []
Clean AFQMC/pt2CCSD overlap ratio:        1.004543 ± 0.000057
Clean AFQMC/pt2CCSD energy (covariance): -537.570354 ± 0.000187
Clean AFQMC/ptCCSD energy (dir sample):  -537.570354 ± 0.000149

Blocking Analysis
nsample = 1000, max_block_size = 25, min_nblocks = 40
   B    NB    NS  Observable     Error    dError
   1  1000  1000    1.004543  0.000021  0.000000
   2   500  1000    1.004543  0.000027  0.000001
   3   333   999    1.004543  0.000032  0.000001
   4   250  1000    1.004543  0.000035  0.000002
   5   200  1000    1.004543  0.000037  0.000002
   6   166   996    1.004544  0.000041  0.000002
   7   142   994    1.004545  0.000043  0.000003
   8   125  1000    1.004543  0.000044  0.000003
   9   111   999    1.004543  0.000045  0.000003
  10   100  1000    1.004543  0.000046  0.000003
  11    90   990    1.004545  0.000047  0.000004
  12    83   996    1.004544  0.000048  0.000004
  13    76   988    1.004544  0.000051  0.000004
  14    71   994    1.004545  0.000049  0.000004
  15    66   990    1.004545  0.000050  0.000004
  16    62   992    1.004546  0.000051  0.000005
  17    58   986    1.004543  0.000053  0.000005
  18    55   990    1.004545  0.000051  0.000005
  19    52   988    1.004544  0.000056  0.000006
  20    50  1000    1.004543  0.000053  0.000005
  21    47   987    1.004543  0.000052  0.000005
  22    45   990    1.004545  0.000056  0.000006
  23    43   989    1.004545  0.000055  0.000006
  24    41   984    1.004543  0.000056  0.000006
  25    40  1000    1.004543  0.000057  0.000006
Fit (variance): plateau_var = 3.129e-09 ± 2.880e-10
Fit (error):    plateau = 0.000056 ± 0.000003
     autocorrelation length ~ 8.6 blocks
     plateau reached at block size ~ 40
     !!!Failed to reach plateau in blocking
     Return max block error
nclean = 1000, max_block_size = 25, min_nblocks = 40
Blk_SZ   NBlk   NSmp      Energy     Error    dError
     1   1000   1000  -537.570194  0.000149  0.000003
     2    500   1000  -537.570225  0.000177  0.000006
     3    333    999  -537.570225  0.000194  0.000008
     4    250   1000  -537.570257  0.000183  0.000008
     5    200   1000  -537.570263  0.000203  0.000010
     6    166    996  -537.570244  0.000206  0.000011
     7    142    994  -537.570236  0.000203  0.000012
     8    125   1000  -537.570273  0.000205  0.000013
     9    111    999  -537.570274  0.000203  0.000014
    10    100   1000  -537.570291  0.000205  0.000015
    11     90    990  -537.570258  0.000199  0.000015
    12     83    996  -537.570273  0.000206  0.000016
    13     76    988  -537.570271  0.000221  0.000018
    14     71    994  -537.570267  0.000207  0.000018
    15     66    990  -537.570266  0.000210  0.000018
    16     62    992  -537.570263  0.000210  0.000019
    17     58    986  -537.570280  0.000220  0.000021
    18     55    990  -537.570279  0.000215  0.000021
    19     52    988  -537.570280  0.000221  0.000022
    20     50   1000  -537.570314  0.000187  0.000019
    21     47    987  -537.570291  0.000203  0.000021
    22     45    990  -537.570279  0.000211  0.000022
    23     43    989  -537.570284  0.000205  0.000022
    24     41    984  -537.570303  0.000176  0.000020
    25     40   1000  -537.570325  0.000183  0.000021
Fit (variance): plateau_var = 4.142560e-08 ± 1.592509e-09
Fit (error):    plateau = 0.000204 ± 0.000004
     autocorrelation length ~ 1.7 blocks
     plateau reached at block size ~ 8
Final AFQMC/pt2CCSD overlap ratio: 1.004543 ± 0.000057
Final AFQMC/pt2CCSD energy: -537.570354 ± 0.000204
Total run time: 923.54

AFQMC Sampling Finished

QMC script: /u/yzhang65/myprojects/software/afqmc/afqmc/scripts/run_afqmc_pt2ccsd.py
  => E_HF(c2clh3)      = -537.0005979483 Eh
  => E_CCSD(c2clh3)    = -537.5448675116 Eh
  => E_AFQMC(c2clh3)   = -537.57035 +/- 0.00020 Eh

============================================================
Running: c2clh5  charge=0  spin=0
============================================================
output file: ../../result/molout/closed_shell/tz/c2clh5_vtzfp.out
Not a UHF solution. Convert to RHF

Preparing AFQMC calculation
Calculating Cholesky integrals
Finished calculating Cholesky integrals
Size of the correlation space:
Number of electrons:        [10, 10]
Number of basis functions:  132
Number of Cholesky vectors: 783

    ________                     _____                    
    ___  __ \___  __________________(_)_____________ _    
    __  /_/ /  / / /_  __ \_  __ \_  /__  __ \_  __ `/    
    _  _, _// /_/ /_  / / /  / / /  / _  / / /  /_/ /     
    /_/ |_| \__,_/ /_/ /_//_/ /_//_/  /_/ /_/_\__, /      
                                             /____/       
    _____________________________  ___________            
    ___    |__  ____/_  __ \__   |/  /_  ____/            
    __  /| |_  /_   _  / / /_  /|_/ /_  /                 
    _  ___ |  __/   / /_/ /_  /  / / / /___               
    /_/  |_/_/      \___\_\/_/  /_/  \____/               

Hostname:     gpue02.delta.ncsa.illinois.edu
System:       Linux
Node:         gpue02.delta.ncsa.illinois.edu
Release:      5.14.0-427.91.1.el9_4.x86_64
Machine:      x86_64
Processor:    x86_64
JAX backend:  GPU
JAX devices:  [CudaDevice(id=0)]
Device kind:  NVIDIA H200
Platform:     gpu

Load system from Integral File
Maximum memory per walker:            83.33 MB
Maximum number of Cholesky per chunk: 313
Number of Cholesky chunks:            3
Number of Cholesky per chunk:         261
Number of padding Cholesky:           0

QMC System
Number of electrons: (10, 10)
Spin Multiplicity:   0
Number of orbitals:  132
Number of Chol:      783

QMC Parameters
eql_time            :                   50
n_blocks            :                 1000
n_walkers           :                  300
max_error           :                  0.0
seed                :                   17
walker_type         :                  rhf
trial               :              pt2ccsd
mix_precision       :                 True
max_memory          :                25000
dt                  :                0.005
n_exp_terms         :                    6
n_prop_steps        :                   50
save_walkers        :                False
free_projection     :                False
n_batch             :                    1
nchol_chunk         :                  261

Initalize QMC walkers by stochastic CCSD

Equilibration
inv_T        weight  killW        energy   runTime
 0.00    300.000000      0   -538.777980     56.81
 5.00    298.572589      0   -538.789492     63.89
10.00    299.310262      0   -538.794359     65.52
15.00    298.402756      0   -538.811704     67.15
20.00    298.735042      0   -538.802121     68.78
25.00    298.196926      0   -538.796444     70.41
30.00    298.626011      0   -538.817095     72.04
35.00    299.571433      0   -538.827612     73.68
40.00    298.005392      0   -538.808285     75.32
45.00    298.483335      0   -538.786356     76.95
50.00    299.120624      0   -538.817818     78.58

Sampling
blocks        weight  killW       E_Guide     error       E_Trial     error     olp_T/G     error  Walltime
    20    298.629399      0   -538.800324  0.004373   -538.801804  0.000618    1.001572  0.000204   99.69
    40    298.654675      0   -538.801094  0.005138   -538.802134  0.000431    1.001908  0.000215  117.10
    60    298.642362      0   -538.801306  0.004379   -538.802449  0.000411    1.001785  0.000162  134.59
    80    298.675202      0   -538.804112  0.003312   -538.803104  0.000402    1.001725  0.000141  152.19
   100    298.639046      0   -538.803783  0.002886   -538.803139  0.000377    1.001787  0.000118  170.78
   120    298.634958      0   -538.802939  0.002447   -538.802739  0.000343    1.001759  0.000099  190.11
   140    298.648732      0   -538.804371  0.002397   -538.802801  0.000318    1.001706  0.000090  211.21
   160    298.653373      0   -538.805177  0.002360   -538.802837  0.000302    1.001642  0.000096  228.77
   180    298.637169      0   -538.804297  0.002306   -538.802971  0.000289    1.001644  0.000084  246.22
   200    298.608298      0   -538.803592  0.002100   -538.803006  0.000285    1.001670  0.000080  263.68
   220    298.616168      0   -538.804389  0.001961   -538.803057  0.000270    1.001629  0.000080  281.15
   240    298.607740      0   -538.804135  0.001958   -538.803134  0.000256    1.001627  0.000074  298.60
   260    298.595178      0   -538.803864  0.001821   -538.803142  0.000250    1.001621  0.000069  316.02
   280    298.585004      0   -538.803561  0.001788   -538.803115  0.000237    1.001607  0.000063  333.46
   300    298.578473      0   -538.803820  0.001693   -538.803149  0.000232    1.001610  0.000059  350.91
   320    298.569856      0   -538.803980  0.001596   -538.803145  0.000225    1.001618  0.000056  368.36
   340    298.562068      0   -538.803969  0.001600   -538.803235  0.000220    1.001645  0.000056  385.81
   360    298.568882      0   -538.804680  0.001563   -538.803322  0.000214    1.001656  0.000054  403.27
   380    298.570992      0   -538.805028  0.001518   -538.803348  0.000209    1.001673  0.000053  420.74
   400    298.571972      0   -538.805081  0.001441   -538.803351  0.000202    1.001659  0.000052  438.21
   420    298.573498      0   -538.805687  0.001431   -538.803415  0.000198    1.001637  0.000052  455.64
   440    298.562551      0   -538.805590  0.001375   -538.803394  0.000191    1.001639  0.000054  473.14
   460    298.556343      0   -538.805295  0.001340   -538.803325  0.000187    1.001634  0.000053  490.57
   480    298.550970      0   -538.805390  0.001336   -538.803327  0.000182    1.001625  0.000054  508.03
   500    298.549320      0   -538.805626  0.001303   -538.803281  0.000177    1.001627  0.000053  525.51
   520    298.544710      0   -538.805773  0.001264   -538.803238  0.000173    1.001650  0.000055  542.97
   540    298.550334      0   -538.806446  0.001352   -538.803268  0.000169    1.001640  0.000053  560.42
   560    298.537130      0   -538.806274  0.001323   -538.803337  0.000171    1.001653  0.000053  577.88
   580    298.530062      0   -538.806367  0.001297   -538.803366  0.000171    1.001640  0.000052  596.26
   600    298.526356      0   -538.806412  0.001312   -538.803373  0.000167    1.001641  0.000050  613.65
   620    298.521538      0   -538.806339  0.001286   -538.803349  0.000163    1.001637  0.000050  631.08
   640    298.519537      0   -538.806315  0.001338   -538.803340  0.000160    1.001624  0.000050  648.59
   660    298.514979      0   -538.806150  0.001321   -538.803324  0.000156    1.001623  0.000048  666.01
   680    298.514191      0   -538.806223  0.001292   -538.803303  0.000153    1.001622  0.000047  683.47
   700    298.513906      0   -538.806288  0.001262   -538.803297  0.000152    1.001625  0.000046  700.95
   720    298.516175      0   -538.806199  0.001211   -538.803274  0.000149    1.001626  0.000045  718.41
   740    298.515609      0   -538.806258  0.001184   -538.803236  0.000146    1.001638  0.000045  735.86
   760    298.509179      0   -538.805994  0.001164   -538.803242  0.000144    1.001637  0.000044  753.32
   780    298.513279      0   -538.806054  0.001141   -538.803239  0.000142    1.001637  0.000043  770.80
   800    298.511271      0   -538.805738  0.001137   -538.803211  0.000139    1.001630  0.000043  788.26
   820    298.510057      0   -538.805812  0.001115   -538.803206  0.000138    1.001618  0.000045  805.69
   840    298.513307      0   -538.806055  0.001128   -538.803231  0.000136    1.001611  0.000045  823.19
   860    298.516920      0   -538.806328  0.001114   -538.803283  0.000136    1.001610  0.000044  840.81
   880    298.514887      0   -538.806282  0.001094   -538.803292  0.000134    1.001604  0.000043  858.11
   900    298.509486      0   -538.806249  0.001070   -538.803285  0.000132    1.001600  0.000043  875.54
   920    298.508214      0   -538.806246  0.001052   -538.803290  0.000130    1.001601  0.000042  892.99
   940    298.501769      0   -538.805957  0.001060   -538.803275  0.000128    1.001605  0.000041  910.44
   960    298.496258      0   -538.805701  0.001062   -538.803250  0.000126    1.001601  0.000043  927.87
   980    298.496127      0   -538.805775  0.001045   -538.803228  0.000125    1.001602  0.000043  945.32
  1000    298.499699      0   -538.805984  0.001035   -538.803234  0.000123    1.001608  0.000042  962.77

Post Propagation Process
Total number of samples 1000
Raw AFQMC/HF (Guide) energy:           -538.805984 ± 0.001035
Raw Trial/Guide overlap ratio:          1.001608 ± 0.000042
Raw AFQMC/pt2CCSD energy (covariance): -538.803234 ± 0.000123
Raw AFQMC/pt2CCSD energy (dir sample): -538.803234 ± 0.000103

Remove Outliers
removing energies outside zeta > 30
Outlier energy bound [-538.891669, -538.713996]
Removed 0 outliers with energies []
Clean AFQMC/pt2CCSD overlap ratio:        1.001608 ± 0.000042
Clean AFQMC/pt2CCSD energy (covariance): -538.803234 ± 0.000123
Clean AFQMC/ptCCSD energy (dir sample):  -538.803234 ± 0.000103

Blocking Analysis
nsample = 1000, max_block_size = 25, min_nblocks = 40
   B    NB    NS  Observable     Error    dError
   1  1000  1000    1.001608  0.000015  0.000000
   2   500  1000    1.001608  0.000019  0.000001
   3   333   999    1.001608  0.000022  0.000001
   4   250  1000    1.001608  0.000025  0.000001
   5   200  1000    1.001608  0.000027  0.000001
   6   166   996    1.001607  0.000029  0.000002
   7   142   994    1.001606  0.000030  0.000002
   8   125  1000    1.001608  0.000030  0.000002
   9   111   999    1.001608  0.000032  0.000002
  10   100  1000    1.001608  0.000033  0.000002
  11    90   990    1.001605  0.000034  0.000003
  12    83   996    1.001607  0.000037  0.000003
  13    76   988    1.001605  0.000034  0.000003
  14    71   994    1.001606  0.000035  0.000003
  15    66   990    1.001605  0.000034  0.000003
  16    62   992    1.001605  0.000036  0.000003
  17    58   986    1.001605  0.000035  0.000003
  18    55   990    1.001605  0.000039  0.000004
  19    52   988    1.001605  0.000036  0.000004
  20    50  1000    1.001608  0.000038  0.000004
  21    47   987    1.001605  0.000035  0.000004
  22    45   990    1.001605  0.000039  0.000004
  23    43   989    1.001605  0.000037  0.000004
  24    41   984    1.001604  0.000042  0.000005
  25    40  1000    1.001608  0.000039  0.000004
Fit (variance): plateau_var = 1.496e-09 ± 1.299e-10
Fit (error):    plateau = 0.000039 ± 0.000002
     autocorrelation length ~ 8.1 blocks
     plateau reached at block size ~ 37
     !!!Failed to reach plateau in blocking
     Return max block error
nclean = 1000, max_block_size = 25, min_nblocks = 40
Blk_SZ   NBlk   NSmp      Energy     Error    dError
     1   1000   1000  -538.803143  0.000103  0.000002
     2    500   1000  -538.803161  0.000120  0.000004
     3    333    999  -538.803182  0.000126  0.000005
     4    250   1000  -538.803179  0.000136  0.000006
     5    200   1000  -538.803188  0.000131  0.000007
     6    166    996  -538.803196  0.000135  0.000007
     7    142    994  -538.803199  0.000139  0.000008
     8    125   1000  -538.803196  0.000137  0.000009
     9    111    999  -538.803208  0.000136  0.000009
    10    100   1000  -538.803202  0.000128  0.000009
    11     90    990  -538.803200  0.000144  0.000011
    12     83    996  -538.803208  0.000156  0.000012
    13     76    988  -538.803199  0.000145  0.000012
    14     71    994  -538.803215  0.000143  0.000012
    15     66    990  -538.803206  0.000145  0.000013
    16     62    992  -538.803209  0.000153  0.000014
    17     58    986  -538.803197  0.000156  0.000015
    18     55    990  -538.803207  0.000148  0.000014
    19     52    988  -538.803202  0.000151  0.000015
    20     50   1000  -538.803215  0.000135  0.000014
    21     47    987  -538.803202  0.000152  0.000016
    22     45    990  -538.803211  0.000156  0.000017
    23     43    989  -538.803208  0.000157  0.000017
    24     41    984  -538.803207  0.000167  0.000019
    25     40   1000  -538.803218  0.000160  0.000018
Fit (variance): plateau_var = 2.101395e-08 ± 1.020217e-09
Fit (error):    plateau = 0.000145 ± 0.000004
     autocorrelation length ~ 3.0 blocks
     plateau reached at block size ~ 13
Final AFQMC/pt2CCSD overlap ratio: 1.001608 ± 0.000042
Final AFQMC/pt2CCSD energy: -538.803234 ± 0.000145
Total run time: 985.98

AFQMC Sampling Finished

QMC script: /u/yzhang65/myprojects/software/afqmc/afqmc/scripts/run_afqmc_pt2ccsd.py
  => E_HF(c2clh5)      = -538.1985459360 Eh
  => E_CCSD(c2clh5)    = -538.7791939692 Eh
  => E_AFQMC(c2clh5)   = -538.80323 +/- 0.00015 Eh

============================================================
Running: c2f4  charge=0  spin=0
============================================================
output file: ../../result/molout/closed_shell/tz/c2f4_vtzfp.out
Not a UHF solution. Convert to RHF

Preparing AFQMC calculation
Calculating Cholesky integrals
Finished calculating Cholesky integrals
Size of the correlation space:
Number of electrons:        [18, 18]
Number of basis functions:  174
Number of Cholesky vectors: 1103

    ________                     _____                    
    ___  __ \___  __________________(_)_____________ _    
    __  /_/ /  / / /_  __ \_  __ \_  /__  __ \_  __ `/    
    _  _, _// /_/ /_  / / /  / / /  / _  / / /  /_/ /     
    /_/ |_| \__,_/ /_/ /_//_/ /_//_/  /_/ /_/_\__, /      
                                             /____/       
    _____________________________  ___________            
    ___    |__  ____/_  __ \__   |/  /_  ____/            
    __  /| |_  /_   _  / / /_  /|_/ /_  /                 
    _  ___ |  __/   / /_/ /_  /  / / / /___               
    /_/  |_/_/      \___\_\/_/  /_/  \____/               

Hostname:     gpue02.delta.ncsa.illinois.edu
System:       Linux
Node:         gpue02.delta.ncsa.illinois.edu
Release:      5.14.0-427.91.1.el9_4.x86_64
Machine:      x86_64
Processor:    x86_64
JAX backend:  GPU
JAX devices:  [CudaDevice(id=0)]
Device kind:  NVIDIA H200
Platform:     gpu

Load system from Integral File
Maximum memory per walker:            83.33 MB
Maximum number of Cholesky per chunk: 180
Number of Cholesky chunks:            7
Number of Cholesky per chunk:         158
Number of padding Cholesky:           3

QMC System
Number of electrons: (18, 18)
Spin Multiplicity:   0
Number of orbitals:  174
Number of Chol:      1103

QMC Parameters
eql_time            :                   50
n_blocks            :                 1000
n_walkers           :                  300
max_error           :                  0.0
seed                :                   17
walker_type         :                  rhf
trial               :              pt2ccsd
mix_precision       :                 True
max_memory          :                25000
dt                  :                0.005
n_exp_terms         :                    6
n_prop_steps        :                   50
save_walkers        :                False
free_projection     :                False
n_batch             :                    1
nchol_chunk         :                  158

Initalize QMC walkers by stochastic CCSD

Equilibration
inv_T        weight  killW        energy   runTime
 0.00    300.000000      0   -474.895106     46.06
 5.00    299.721212      0   -474.894952     54.46
10.00    299.551632      0   -474.973280     58.04
15.00    300.255703      0   -474.990896     61.63
20.00    297.827174      0   -474.937323     65.21
25.00    298.401923      0   -474.992626     68.79
30.00    299.795146      0   -474.951963     72.37
35.00    298.682091      0   -474.968658     75.95
40.00    300.143863      0   -474.988602     79.54
45.00    296.992475      0   -474.932865     83.12
50.00    299.545561      0   -474.953680     86.70

Sampling
blocks        weight  killW       E_Guide     error       E_Trial     error     olp_T/G     error  Walltime
    20    298.675021      0   -474.946278  0.009409   -474.948012  0.001530    1.007132  0.000741  146.11
    40    298.690723      0   -474.956016  0.006831   -474.949309  0.001451    1.006753  0.000428  203.66
    60    298.624704      0   -474.951567  0.005383   -474.948221  0.001155    1.007017  0.000290  260.78
    80    298.467719      0   -474.951780  0.005373   -474.948344  0.000994    1.006980  0.000228  317.91
   100    298.394874      0   -474.952411  0.004367   -474.949469  0.001200    1.007088  0.000198  375.03
   120    298.353243      0   -474.951834  0.005399   -474.949062  0.001077    1.007077  0.000170  437.55
   140    298.313292      0   -474.951825  0.004616   -474.949342  0.000964    1.007020  0.000158  494.70
   160    298.337772      0   -474.955080  0.004564   -474.950076  0.000902    1.006800  0.000201  551.79
   180    298.307759      0   -474.955904  0.004205   -474.949978  0.000842    1.006770  0.000205  609.20
   200    298.263925      1   -474.954818  0.003864   -474.949651  0.000806    1.006855  0.000193  666.25
   220    298.249757      1   -474.954479  0.003668   -474.949714  0.000763    1.006906  0.000181  723.35
   240    298.228290      1   -474.955380  0.003465   -474.949902  0.000721    1.006897  0.000168  780.51
   260    298.231209      1   -474.957580  0.003749   -474.949581  0.000807    1.006904  0.000157  837.63
   280    298.229224      2   -474.957892  0.003649   -474.949515  0.000758    1.006984  0.000154  894.75
   300    298.215793      2   -474.957271  0.003431   -474.949068  0.000725    1.006993  0.000147  951.89
   320    298.185961      2   -474.957563  0.003300   -474.949173  0.000689    1.006945  0.000141 1009.05
   340    298.181877      2   -474.957793  0.003175   -474.949442  0.000668    1.006940  0.000138 1066.92
   360    298.184222      2   -474.958744  0.003020   -474.949587  0.000645    1.006934  0.000129 1124.02
   380    298.155466      2   -474.956989  0.003114   -474.949195  0.000622    1.007004  0.000134 1181.16
   400    298.140777      2   -474.955752  0.003116   -474.949168  0.000596    1.007036  0.000128 1238.68
   420    298.145149      2   -474.956267  0.002993   -474.949227  0.000574    1.007025  0.000124 1295.69
   440    298.137514      2   -474.956235  0.002880   -474.949175  0.000560    1.007036  0.000121 1352.87
   460    298.152648      2   -474.956311  0.002799   -474.949405  0.000556    1.007030  0.000114 1410.03
   480    298.150967      2   -474.956884  0.002725   -474.949665  0.000549    1.007033  0.000110 1467.17
   500    298.144104      3   -474.957282  0.002682   -474.949697  0.000535    1.006995  0.000112 1524.29
   520    298.132715      3   -474.956870  0.002608   -474.949726  0.000520    1.007013  0.000114 1581.40
   540    298.124688      3   -474.957047  0.002548   -474.949742  0.000508    1.007012  0.000112 1638.55
   560    298.108017      3   -474.956721  0.002471   -474.949683  0.000495    1.007044  0.000109 1701.44
   580    298.091927      3   -474.956660  0.002383   -474.949603  0.000484    1.007060  0.000112 1758.55
   600    298.091355      3   -474.956862  0.002397   -474.949695  0.000475    1.007091  0.000116 1815.74
   620    298.074936      3   -474.956542  0.002336   -474.949728  0.000468    1.007136  0.000118 1872.91
   640    298.059214      3   -474.956446  0.002302   -474.949617  0.000458    1.007156  0.000120 1930.04
   660    298.055958      3   -474.956261  0.002218   -474.949574  0.000449    1.007141  0.000118 1987.22
   680    298.057697      3   -474.956729  0.002208   -474.949567  0.000437    1.007115  0.000117 2044.37
   700    298.048361      3   -474.956774  0.002161   -474.949548  0.000429    1.007120  0.000114 2101.54
   720    298.044687      3   -474.956691  0.002237   -474.949463  0.000421    1.007115  0.000111 2158.66
   740    298.028597      3   -474.956540  0.002199   -474.949421  0.000413    1.007117  0.000109 2215.81
   760    298.029072      3   -474.956927  0.002215   -474.949322  0.000405    1.007112  0.000108 2273.01
   780    298.013583      4   -474.956802  0.002163   -474.949303  0.000397    1.007117  0.000106 2331.85
   800    298.013482      4   -474.957024  0.002114   -474.949317  0.000390    1.007108  0.000104 2388.95
   820    298.008216      4   -474.956655  0.002082   -474.949370  0.000389    1.007097  0.000102 2446.13
   840    298.004322      4   -474.956650  0.002051   -474.949303  0.000388    1.007088  0.000102 2503.30
   860    297.996362      4   -474.956555  0.002051   -474.949371  0.000382    1.007089  0.000102 2560.40
   880    297.990694      4   -474.956457  0.002001   -474.949336  0.000379    1.007082  0.000100 2617.54
   900    297.984585      4   -474.956305  0.001957   -474.949293  0.000373    1.007075  0.000098 2674.67
   920    297.989282      4   -474.956754  0.001944   -474.949372  0.000367    1.007056  0.000096 2731.83
   940    297.986649      4   -474.956510  0.001949   -474.949339  0.000362    1.007067  0.000095 2788.98
   960    297.990579      4   -474.956815  0.001950   -474.949419  0.000365    1.007059  0.000094 2846.12
   980    297.990962      4   -474.956720  0.001914   -474.949325  0.000360    1.007063  0.000093 2903.42
  1000    297.995778      4   -474.956894  0.001883   -474.949319  0.000355    1.007055  0.000091 2963.03

Post Propagation Process
Total number of samples 1000
Raw AFQMC/HF (Guide) energy:           -474.956894 ± 0.001883
Raw Trial/Guide overlap ratio:          1.007055 ± 0.000091
Raw AFQMC/pt2CCSD energy (covariance): -474.949319 ± 0.000355
Raw AFQMC/pt2CCSD energy (dir sample): -474.949319 ± 0.000290

Remove Outliers
removing energies outside zeta > 30
Outlier energy bound [-475.177986, -474.718285]
Removed 0 outliers with energies []
Clean AFQMC/pt2CCSD overlap ratio:        1.007055 ± 0.000091
Clean AFQMC/pt2CCSD energy (covariance): -474.949319 ± 0.000355
Clean AFQMC/ptCCSD energy (dir sample):  -474.949319 ± 0.000290

Blocking Analysis
nsample = 1000, max_block_size = 25, min_nblocks = 40
   B    NB    NS  Observable     Error    dError
   1  1000  1000    1.007056  0.000035  0.000001
   2   500  1000    1.007055  0.000046  0.000001
   3   333   999    1.007054  0.000053  0.000002
   4   250  1000    1.007055  0.000059  0.000003
   5   200  1000    1.007055  0.000062  0.000003
   6   166   996    1.007052  0.000066  0.000004
   7   142   994    1.007050  0.000067  0.000004
   8   125  1000    1.007055  0.000070  0.000004
   9   111   999    1.007053  0.000073  0.000005
  10   100  1000    1.007055  0.000074  0.000005
  11    90   990    1.007052  0.000076  0.000006
  12    83   996    1.007052  0.000075  0.000006
  13    76   988    1.007054  0.000081  0.000007
  14    71   994    1.007050  0.000079  0.000007
  15    66   990    1.007052  0.000081  0.000007
  16    62   992    1.007050  0.000083  0.000008
  17    58   986    1.007057  0.000085  0.000008
  18    55   990    1.007052  0.000086  0.000008
  19    52   988    1.007054  0.000087  0.000009
  20    50  1000    1.007055  0.000084  0.000008
  21    47   987    1.007056  0.000091  0.000009
  22    45   990    1.007052  0.000089  0.000009
  23    43   989    1.007052  0.000081  0.000009
  24    41   984    1.007059  0.000088  0.000010
  25    40  1000    1.007055  0.000086  0.000010
Fit (variance): plateau_var = 7.584e-09 ± 6.281e-10
Fit (error):    plateau = 0.000087 ± 0.000004
     autocorrelation length ~ 7.5 blocks
     plateau reached at block size ~ 35
     !!!Failed to reach plateau in blocking
     Return max block error
nclean = 1000, max_block_size = 25, min_nblocks = 40
Blk_SZ   NBlk   NSmp      Energy     Error    dError
     1   1000   1000  -474.949091  0.000291  0.000006
     2    500   1000  -474.949146  0.000318  0.000010
     3    333    999  -474.949177  0.000329  0.000013
     4    250   1000  -474.949192  0.000337  0.000015
     5    200   1000  -474.949220  0.000358  0.000018
     6    166    996  -474.949214  0.000354  0.000020
     7    142    994  -474.949215  0.000381  0.000023
     8    125   1000  -474.949227  0.000377  0.000024
     9    111    999  -474.949233  0.000408  0.000027
    10    100   1000  -474.949250  0.000403  0.000029
    11     90    990  -474.949215  0.000417  0.000031
    12     83    996  -474.949245  0.000398  0.000031
    13     76    988  -474.949249  0.000403  0.000033
    14     71    994  -474.949251  0.000424  0.000036
    15     66    990  -474.949237  0.000469  0.000041
    16     62    992  -474.949265  0.000411  0.000037
    17     58    986  -474.949256  0.000446  0.000042
    18     55    990  -474.949230  0.000468  0.000045
    19     52    988  -474.949261  0.000430  0.000043
    20     50   1000  -474.949282  0.000422  0.000043
    21     47    987  -474.949252  0.000473  0.000049
    22     45    990  -474.949261  0.000416  0.000044
    23     43    989  -474.949271  0.000434  0.000047
    24     41    984  -474.949285  0.000427  0.000048
    25     40   1000  -474.949290  0.000407  0.000046
Fit (variance): plateau_var = 2.008924e-07 ± 2.169135e-08
Fit (error):    plateau = 0.000448 ± 0.000024
     autocorrelation length ~ 8.9 blocks
     plateau reached at block size ~ 37
     !!!Failed to reach plateau in blocking
     Return max block error
Final AFQMC/pt2CCSD overlap ratio: 1.007055 ± 0.000091
Final AFQMC/pt2CCSD energy: -474.949319 ± 0.000473
Total run time: 3018.79

AFQMC Sampling Finished

QMC script: /u/yzhang65/myprojects/software/afqmc/afqmc/scripts/run_afqmc_pt2ccsd.py
  => E_HF(c2f4)      = -473.6030169741 Eh
  => E_CCSD(c2f4)    = -474.9026639383 Eh
  => E_AFQMC(c2f4)   = -474.94932 +/- 0.00047 Eh

============================================================
Running: c2f6  charge=0  spin=0
============================================================
output file: ../../result/molout/closed_shell/tz/c2f6_vtzfp.out
Not a UHF solution. Convert to RHF

Preparing AFQMC calculation
Calculating Cholesky integrals
Finished calculating Cholesky integrals
Size of the correlation space:
Number of electrons:        [25, 25]
Number of basis functions:  232
Number of Cholesky vectors: 1467

    ________                     _____                    
    ___  __ \___  __________________(_)_____________ _    
    __  /_/ /  / / /_  __ \_  __ \_  /__  __ \_  __ `/    
    _  _, _// /_/ /_  / / /  / / /  / _  / / /  /_/ /     
    /_/ |_| \__,_/ /_/ /_//_/ /_//_/  /_/ /_/_\__, /      
                                             /____/       
    _____________________________  ___________            
    ___    |__  ____/_  __ \__   |/  /_  ____/            
    __  /| |_  /_   _  / / /_  /|_/ /_  /                 
    _  ___ |  __/   / /_/ /_  /  / / / /___               
    /_/  |_/_/      \___\_\/_/  /_/  \____/               

Hostname:     gpue02.delta.ncsa.illinois.edu
System:       Linux
Node:         gpue02.delta.ncsa.illinois.edu
Release:      5.14.0-427.91.1.el9_4.x86_64
Machine:      x86_64
Processor:    x86_64
JAX backend:  GPU
JAX devices:  [CudaDevice(id=0)]
Device kind:  NVIDIA H200
Platform:     gpu

Load system from Integral File
Maximum memory per walker:            83.33 MB
Maximum number of Cholesky per chunk: 101
Number of Cholesky chunks:            15
Number of Cholesky per chunk:         98
Number of padding Cholesky:           3

QMC System
Number of electrons: (25, 25)
Spin Multiplicity:   0
Number of orbitals:  232
Number of Chol:      1467

QMC Parameters
eql_time            :                   50
n_blocks            :                 1000
n_walkers           :                  300
max_error           :                  0.0
seed                :                   17
walker_type         :                  rhf
trial               :              pt2ccsd
mix_precision       :                 True
max_memory          :                25000
dt                  :                0.005
n_exp_terms         :                    6
n_prop_steps        :                   50
save_walkers        :                False
free_projection     :                False
n_batch             :                    1
nchol_chunk         :                   98

Initalize QMC walkers by stochastic CCSD

Equilibration
inv_T        weight  killW        energy   runTime
 0.00    300.000000      0   -674.442661     66.50
 5.00    298.313499      0   -674.467424     78.74
10.00    298.955023      0   -674.556515     85.93
15.00    298.657262      0   -674.479891     93.14
20.00    299.491520      0   -674.538167    100.34
25.00    297.722949      0   -674.411717    107.56
30.00    298.497984      0   -674.490367    114.76
35.00    300.001860      0   -674.596423    121.99
40.00    298.084271      0   -674.546533    129.20
45.00    298.739703      0   -674.473007    136.43
50.00    298.319596      0   -674.557157    143.66

Sampling
blocks        weight  killW       E_Guide     error       E_Trial     error     olp_T/G     error  Walltime
    20    298.419379      0   -674.509716  0.014216   -674.502075  0.002005    1.007634  0.000312  268.64
    40    298.389354      0   -674.517544  0.010529   -674.505120  0.001779    1.007822  0.000436  391.62
    60    298.110096      0   -674.514820  0.007593   -674.504341  0.001573    1.007474  0.000459  514.07
    80    298.070620      0   -674.513643  0.006202   -674.504118  0.001299    1.007388  0.000355  637.84
   100    298.104873      1   -674.518175  0.005763   -674.506976  0.002104    1.007228  0.000309  760.17
   120    298.019265      1   -674.518995  0.005236   -674.506998  0.001801    1.007251  0.000273  882.60
   140    297.941645      1   -674.518566  0.004530   -674.507516  0.001617    1.007338  0.000241 1005.13
   160    297.890082      2   -674.518029  0.004008   -674.507335  0.001442    1.007311  0.000219 1129.03
   180    297.855570      2   -674.516170  0.003798   -674.506798  0.001319    1.007360  0.000189 1253.79
   200    297.831904      2   -674.516479  0.003566   -674.506623  0.001223    1.007409  0.000177 1376.27
   220    297.799528      2   -674.517298  0.003409   -674.506801  0.001137    1.007370  0.000164 1498.77
   240    297.774924      2   -674.516208  0.003620   -674.506594  0.001059    1.007339  0.000161 1621.34
   260    297.755295      2   -674.515845  0.003432   -674.506643  0.000997    1.007356  0.000150 1743.79
   280    297.733529      2   -674.516316  0.003131   -674.506627  0.000934    1.007355  0.000144 1867.95
   300    297.720099      2   -674.517225  0.003263   -674.506801  0.000913    1.007349  0.000135 1990.31
   320    297.687081      2   -674.516609  0.003079   -674.506511  0.000866    1.007422  0.000133 2112.82
   340    297.646333      2   -674.516760  0.002977   -674.506804  0.000844    1.007490  0.000133 2235.34
   360    297.634179      2   -674.516853  0.002819   -674.506604  0.000832    1.007521  0.000131 2358.20
   380    297.619677      3   -674.516739  0.002813   -674.506587  0.000799    1.007500  0.000127 2485.42
   400    297.601769      3   -674.516979  0.002762   -674.506741  0.000770    1.007540  0.000125 2607.76
   420    297.619979      4   -674.519043  0.002929   -674.507236  0.000759    1.007529  0.000120 2730.32
   440    297.610285      4   -674.518989  0.002844   -674.507246  0.000739    1.007530  0.000115 2852.81
   460    297.605401      4   -674.519077  0.002736   -674.507281  0.000715    1.007525  0.000110 2975.29
   480    297.597030      4   -674.519507  0.002631   -674.507098  0.000693    1.007515  0.000107 3099.85
   500    297.590126      4   -674.520158  0.002564   -674.507072  0.000673    1.007553  0.000106 3222.18
   520    297.570630      4   -674.519773  0.002473   -674.506995  0.000654    1.007571  0.000105 3344.61
   540    297.569091      4   -674.520278  0.002406   -674.507121  0.000641    1.007557  0.000100 3467.14
   560    297.557756      4   -674.519619  0.002393   -674.507063  0.000625    1.007566  0.000103 3589.54
   580    297.552028      4   -674.519572  0.002345   -674.507107  0.000617    1.007554  0.000101 3716.62
   600    297.561351      4   -674.520597  0.002381   -674.507275  0.000612    1.007540  0.000103 3839.07
   620    297.556485      5   -674.520939  0.002331   -674.507352  0.000598    1.007493  0.000106 3961.50
   640    297.545114      5   -674.520635  0.002311   -674.507302  0.000585    1.007525  0.000104 4084.04
   660    297.535892      5   -674.520729  0.002255   -674.507315  0.000576    1.007582  0.000114 4206.52
   680    297.543238      5   -674.520729  0.002219   -674.507563  0.000594    1.007578  0.000111 4330.03
   700    297.536896      5   -674.520424  0.002182   -674.507482  0.000579    1.007563  0.000109 4452.38
   720    297.535288      5   -674.520410  0.002144   -674.507412  0.000567    1.007562  0.000105 4574.83
   740    297.524872      5   -674.519987  0.002099   -674.507365  0.000555    1.007569  0.000103 4697.36
   760    297.517038      5   -674.519393  0.002156   -674.507414  0.000543    1.007558  0.000101 4819.81
   780    297.514933      5   -674.519398  0.002104   -674.507383  0.000531    1.007552  0.000099 4943.91
   800    297.507126      5   -674.519259  0.002054   -674.507316  0.000521    1.007562  0.000099 5068.77
   820    297.501701      5   -674.518950  0.002039   -674.507304  0.000511    1.007564  0.000097 5191.30
   840    297.499688      5   -674.518546  0.002061   -674.507297  0.000502    1.007578  0.000097 5313.77
   860    297.514254      5   -674.519225  0.002108   -674.507420  0.000508    1.007608  0.000097 5436.27
   880    297.508636      5   -674.519301  0.002123   -674.507437  0.000503    1.007611  0.000099 5558.82
   900    297.490780      6   -674.519030  0.002072   -674.507329  0.000496    1.007633  0.000099 5681.98
   920    297.488790      6   -674.518583  0.002130   -674.507282  0.000487    1.007637  0.000099 5804.46
   940    297.490820      6   -674.518399  0.002130   -674.507250  0.000479    1.007678  0.000101 5926.98
   960    297.491692      6   -674.518551  0.002080   -674.507214  0.000473    1.007657  0.000109 6049.44
   980    297.486582      6   -674.518381  0.002030   -674.507268  0.000467    1.007667  0.000109 6172.07
  1000    297.487148      6   -674.518696  0.002036   -674.507320  0.000459    1.007686  0.000107 6297.83

Post Propagation Process
Total number of samples 1000
Raw AFQMC/HF (Guide) energy:           -674.518696 ± 0.002036
Raw Trial/Guide overlap ratio:          1.007686 ± 0.000107
Raw AFQMC/pt2CCSD energy (covariance): -674.507320 ± 0.000459
Raw AFQMC/pt2CCSD energy (dir sample): -674.507320 ± 0.000400

Remove Outliers
removing energies outside zeta > 30
Outlier energy bound [-674.792133, -674.218889]
Removed 0 outliers with energies []
Clean AFQMC/pt2CCSD overlap ratio:        1.007686 ± 0.000107
Clean AFQMC/pt2CCSD energy (covariance): -674.507320 ± 0.000459
Clean AFQMC/ptCCSD energy (dir sample):  -674.507320 ± 0.000400

Blocking Analysis
nsample = 1000, max_block_size = 25, min_nblocks = 40
   B    NB    NS  Observable     Error    dError
   1  1000  1000    1.007687  0.000039  0.000001
   2   500  1000    1.007687  0.000050  0.000002
   3   333   999    1.007685  0.000059  0.000002
   4   250  1000    1.007687  0.000066  0.000003
   5   200  1000    1.007687  0.000069  0.000003
   6   166   996    1.007683  0.000073  0.000004
   7   142   994    1.007678  0.000077  0.000005
   8   125  1000    1.007686  0.000080  0.000005
   9   111   999    1.007685  0.000084  0.000006
  10   100  1000    1.007686  0.000085  0.000006
  11    90   990    1.007673  0.000088  0.000007
  12    83   996    1.007683  0.000089  0.000007
  13    76   988    1.007672  0.000089  0.000007
  14    71   994    1.007678  0.000095  0.000008
  15    66   990    1.007673  0.000089  0.000008
  16    62   992    1.007674  0.000089  0.000008
  17    58   986    1.007672  0.000089  0.000008
  18    55   990    1.007673  0.000097  0.000009
  19    52   988    1.007671  0.000087  0.000009
  20    50  1000    1.007686  0.000099  0.000010
  21    47   987    1.007672  0.000093  0.000010
  22    45   990    1.007673  0.000096  0.000010
  23    43   989    1.007672  0.000096  0.000011
  24    41   984    1.007671  0.000107  0.000012
  25    40  1000    1.007686  0.000098  0.000011
Fit (variance): plateau_var = 9.525e-09 ± 7.558e-10
Fit (error):    plateau = 0.000098 ± 0.000004
     autocorrelation length ~ 7.3 blocks
     plateau reached at block size ~ 34
     !!!Failed to reach plateau in blocking
     Return max block error
nclean = 1000, max_block_size = 25, min_nblocks = 40
Blk_SZ   NBlk   NSmp      Energy     Error    dError
     1   1000   1000  -674.506957  0.000400  0.000009
     2    500   1000  -674.507075  0.000450  0.000014
     3    333    999  -674.507120  0.000476  0.000018
     4    250   1000  -674.507152  0.000490  0.000022
     5    200   1000  -674.507182  0.000485  0.000024
     6    166    996  -674.507218  0.000473  0.000026
     7    142    994  -674.507182  0.000521  0.000031
     8    125   1000  -674.507234  0.000511  0.000032
     9    111    999  -674.507240  0.000533  0.000036
    10    100   1000  -674.507242  0.000561  0.000040
    11     90    990  -674.507259  0.000537  0.000040
    12     83    996  -674.507264  0.000527  0.000041
    13     76    988  -674.507237  0.000548  0.000045
    14     71    994  -674.507248  0.000569  0.000048
    15     66    990  -674.507264  0.000547  0.000048
    16     62    992  -674.507263  0.000549  0.000050
    17     58    986  -674.507228  0.000571  0.000053
    18     55    990  -674.507272  0.000522  0.000050
    19     52    988  -674.507247  0.000554  0.000055
    20     50   1000  -674.507282  0.000509  0.000051
    21     47    987  -674.507239  0.000549  0.000057
    22     45    990  -674.507290  0.000533  0.000057
    23     43    989  -674.507269  0.000585  0.000064
    24     41    984  -674.507232  0.000501  0.000056
    25     40   1000  -674.507284  0.000521  0.000059
Fit (variance): plateau_var = 2.902822e-07 ± 1.502188e-08
Fit (error):    plateau = 0.000539 ± 0.000014
     autocorrelation length ~ 3.5 blocks
     plateau reached at block size ~ 15
Final AFQMC/pt2CCSD overlap ratio: 1.007686 ± 0.000107
Final AFQMC/pt2CCSD energy: -674.507320 ± 0.000539
Total run time: 6350.61

AFQMC Sampling Finished

QMC script: /u/yzhang65/myprojects/software/afqmc/afqmc/scripts/run_afqmc_pt2ccsd.py
  => E_HF(c2f6)      = -672.6445831543 Eh
  => E_CCSD(c2f6)    = -674.4464476023 Eh
  => E_AFQMC(c2f6)   = -674.50732 +/- 0.00054 Eh

============================================================
Running: c2h2  charge=0  spin=0
============================================================
output file: ../../result/molout/closed_shell/tz/c2h2_vtzfp.out
Not a UHF solution. Convert to RHF

Preparing AFQMC calculation
Calculating Cholesky integrals
Finished calculating Cholesky integrals
Size of the correlation space:
Number of electrons:        [5, 5]
Number of basis functions:  76
Number of Cholesky vectors: 450

    ________                     _____                    
    ___  __ \___  __________________(_)_____________ _    
    __  /_/ /  / / /_  __ \_  __ \_  /__  __ \_  __ `/    
    _  _, _// /_/ /_  / / /  / / /  / _  / / /  /_/ /     
    /_/ |_| \__,_/ /_/ /_//_/ /_//_/  /_/ /_/_\__, /      
                                             /____/       
    _____________________________  ___________            
    ___    |__  ____/_  __ \__   |/  /_  ____/            
    __  /| |_  /_   _  / / /_  /|_/ /_  /                 
    _  ___ |  __/   / /_/ /_  /  / / / /___               
    /_/  |_/_/      \___\_\/_/  /_/  \____/               

Hostname:     gpue02.delta.ncsa.illinois.edu
System:       Linux
Node:         gpue02.delta.ncsa.illinois.edu
Release:      5.14.0-427.91.1.el9_4.x86_64
Machine:      x86_64
Processor:    x86_64
JAX backend:  GPU
JAX devices:  [CudaDevice(id=0)]
Device kind:  NVIDIA H200
Platform:     gpu

Load system from Integral File
Maximum memory per walker:            83.33 MB
Maximum number of Cholesky per chunk: 945
Number of Cholesky chunks:            1
Number of Cholesky per chunk:         450
Number of padding Cholesky:           0

QMC System
Number of electrons: (5, 5)
Spin Multiplicity:   0
Number of orbitals:  76
Number of Chol:      450

QMC Parameters
eql_time            :                   50
n_blocks            :                 1000
n_walkers           :                  300
max_error           :                  0.0
seed                :                   17
walker_type         :                  rhf
trial               :              pt2ccsd
mix_precision       :                 True
max_memory          :                25000
dt                  :                0.005
n_exp_terms         :                    6
n_prop_steps        :                   50
save_walkers        :                False
free_projection     :                False
n_batch             :                    1
nchol_chunk         :                  450

Initalize QMC walkers by stochastic CCSD

Equilibration
inv_T        weight  killW        energy   runTime
 0.00    300.000000      0    -77.167854     59.80
 5.00    298.974144      0    -77.154844     65.46
10.00    299.924048      0    -77.192066     66.17
15.00    299.510628      0    -77.208148     66.88
20.00    298.934134      0    -77.180593     67.59
25.00    298.966192      0    -77.174478     68.30
30.00    299.069015      0    -77.181638     69.01
35.00    299.509581      0    -77.217085     69.72
40.00    298.944594      0    -77.183178     70.43
45.00    299.482845      0    -77.179001     71.14
50.00    299.354455      0    -77.176497     71.86

Sampling
blocks        weight  killW       E_Guide     error       E_Trial     error     olp_T/G     error  Walltime
    20    299.208439      0    -77.179508  0.005213    -77.184696  0.000938    1.002310  0.000173   86.60
    40    299.160070      0    -77.175262  0.004778    -77.184445  0.000672    1.002548  0.000188   98.79
    60    299.271469      0    -77.185905  0.010189    -77.187711  0.002161    1.002284  0.000222  111.12
    80    299.260869      0    -77.186258  0.007470    -77.187187  0.001646    1.002205  0.000192  123.44
   100    299.235046      0    -77.185133  0.005943    -77.186649  0.001330    1.002133  0.000154  135.77
   120    299.227196      0    -77.185833  0.005058    -77.187229  0.001215    1.002163  0.000133  148.10
   140    299.259725      0    -77.187817  0.004971    -77.187899  0.001313    1.002051  0.000136  160.42
   160    299.233201      0    -77.187214  0.004352    -77.187238  0.001161    1.002087  0.000125  172.75
   180    299.245557      1    -77.188280  0.004049    -77.186946  0.001037    1.002093  0.000109  185.07
   200    299.217410      1    -77.187974  0.003725    -77.186655  0.000939    1.002118  0.000101  197.41
   220    299.195294      2    -77.187164  0.003441    -77.186370  0.000859    1.002107  0.000093  209.73
   240    299.182527      2    -77.186757  0.003165    -77.186258  0.000793    1.002105  0.000085  222.06
   260    299.172115      2    -77.186627  0.002925    -77.186204  0.000739    1.002107  0.000079  234.37
   280    299.173378      2    -77.187544  0.002798    -77.185978  0.000692    1.002071  0.000078  246.70
   300    299.179146      2    -77.188307  0.002662    -77.186030  0.000656    1.002056  0.000074  259.02
   320    299.160522      2    -77.187578  0.002563    -77.185860  0.000621    1.002028  0.000073  271.35
   340    299.159052      2    -77.187766  0.002422    -77.185798  0.000588    1.002022  0.000070  283.68
   360    299.152274      2    -77.188125  0.002301    -77.185753  0.000559    1.002025  0.000067  296.00
   380    299.141912      2    -77.187998  0.002186    -77.185740  0.000536    1.002031  0.000064  308.33
   400    299.130224      2    -77.187244  0.002142    -77.185632  0.000511    1.002047  0.000062  320.65
   420    299.117029      2    -77.186717  0.002100    -77.185490  0.000490    1.002051  0.000060  332.97
   440    299.119786      2    -77.186766  0.002004    -77.185510  0.000472    1.002084  0.000062  345.31
   460    299.102039      2    -77.186203  0.001960    -77.185403  0.000454    1.002090  0.000059  357.63
   480    299.099640      2    -77.186268  0.001881    -77.185414  0.000437    1.002100  0.000058  369.95
   500    299.091036      2    -77.185872  0.001827    -77.185337  0.000422    1.002098  0.000057  382.28
   520    299.088265      2    -77.185858  0.001986    -77.185278  0.000407    1.002081  0.000056  394.60
   540    299.089626      2    -77.186153  0.001937    -77.185138  0.000402    1.002075  0.000055  406.93
   560    299.091419      2    -77.186648  0.001942    -77.185169  0.000391    1.002081  0.000055  419.25
   580    299.088187      2    -77.186206  0.001902    -77.185133  0.000379    1.002078  0.000053  431.59
   600    299.084180      3    -77.186096  0.001841    -77.185102  0.000368    1.002065  0.000053  445.84
   620    299.079400      3    -77.185838  0.001830    -77.185146  0.000359    1.002061  0.000051  458.24
   640    299.078793      3    -77.185876  0.001756    -77.185115  0.000348    1.002064  0.000050  470.49
   660    299.083354      3    -77.186242  0.001722    -77.185206  0.000346    1.002057  0.000049  482.81
   680    299.082198      3    -77.186358  0.001684    -77.185170  0.000337    1.002060  0.000052  495.13
   700    299.083891      3    -77.186562  0.001663    -77.185142  0.000329    1.002071  0.000052  507.46
   720    299.083299      3    -77.186518  0.001605    -77.185102  0.000320    1.002068  0.000051  519.79
   740    299.079398      3    -77.186462  0.001576    -77.185097  0.000314    1.002073  0.000050  532.11
   760    299.077166      3    -77.186572  0.001566    -77.185126  0.000308    1.002075  0.000049  544.44
   780    299.075223      3    -77.186506  0.001528    -77.185142  0.000304    1.002079  0.000048  556.77
   800    299.073035      3    -77.186413  0.001496    -77.185119  0.000297    1.002074  0.000046  569.09
   820    299.069517      3    -77.186224  0.001466    -77.185096  0.000291    1.002080  0.000046  581.43
   840    299.069634      3    -77.186354  0.001436    -77.185103  0.000287    1.002084  0.000045  593.74
   860    299.067566      3    -77.186225  0.001403    -77.185089  0.000281    1.002081  0.000044  606.06
   880    299.065476      3    -77.186143  0.001379    -77.185103  0.000277    1.002089  0.000044  618.39
   900    299.061756      3    -77.185811  0.001385    -77.185055  0.000271    1.002094  0.000043  630.71
   920    299.060438      3    -77.185757  0.001361    -77.185049  0.000267    1.002093  0.000042  643.04
   940    299.063415      3    -77.185949  0.001334    -77.185109  0.000264    1.002079  0.000043  655.36
   960    299.060691      3    -77.185871  0.001312    -77.185114  0.000260    1.002075  0.000042  667.69
   980    299.064820      3    -77.186104  0.001288    -77.185119  0.000259    1.002075  0.000041  680.02
  1000    299.059664      3    -77.185910  0.001273    -77.185088  0.000255    1.002070  0.000041  692.34

Post Propagation Process
Total number of samples 1000
Raw AFQMC/HF (Guide) energy:           -77.185910 ± 0.001273
Raw Trial/Guide overlap ratio:          1.002070 ± 0.000041
Raw AFQMC/pt2CCSD energy (covariance): -77.185088 ± 0.000255
Raw AFQMC/pt2CCSD energy (dir sample): -77.185088 ± 0.000212

Remove Outliers
removing energies outside zeta > 30
Outlier energy bound [-77.281341, -77.086528]
Removed 1 outliers with energies [-77.29427677]
Clean AFQMC/pt2CCSD overlap ratio:        1.002071 ± 0.000042
Clean AFQMC/pt2CCSD energy (covariance): -77.184973 ± 0.000226
Clean AFQMC/ptCCSD energy (dir sample):  -77.184973 ± 0.000182

Blocking Analysis
nsample = 999, max_block_size = 24, min_nblocks = 40
   B    NB    NS  Observable     Error    dError
   1   999   999    1.002072  0.000018  0.000000
   2   499   998    1.002072  0.000023  0.000001
   3   333   999    1.002072  0.000027  0.000001
   4   249   996    1.002075  0.000029  0.000001
   5   199   995    1.002076  0.000031  0.000002
   6   166   996    1.002075  0.000032  0.000002
   7   142   994    1.002076  0.000033  0.000002
   8   124   992    1.002077  0.000034  0.000002
   9   111   999    1.002071  0.000034  0.000002
  10    99   990    1.002077  0.000036  0.000003
  11    90   990    1.002077  0.000035  0.000003
  12    83   996    1.002075  0.000036  0.000003
  13    76   988    1.002077  0.000036  0.000003
  14    71   994    1.002076  0.000038  0.000003
  15    66   990    1.002077  0.000036  0.000003
  16    62   992    1.002077  0.000037  0.000003
  17    58   986    1.002077  0.000040  0.000004
  18    55   990    1.002077  0.000040  0.000004
  19    52   988    1.002077  0.000040  0.000004
  20    49   980    1.002076  0.000042  0.000004
  21    47   987    1.002077  0.000038  0.000004
  22    45   990    1.002077  0.000039  0.000004
  23    43   989    1.002077  0.000042  0.000005
  24    41   984    1.002076  0.000038  0.000004
Fit (variance): plateau_var = 1.496e-09 ± 9.698e-11
Fit (error):    plateau = 0.000039 ± 0.000001
     autocorrelation length ~ 5.2 blocks
     plateau reached at block size ~ 24
nclean = 999, max_block_size = 24, min_nblocks = 40
Blk_SZ   NBlk   NSmp      Energy     Error    dError
     1    999    999  -77.184790  0.000182  0.000004
     2    499    998  -77.184842  0.000187  0.000006
     3    333    999  -77.184852  0.000206  0.000008
     4    249    996  -77.184880  0.000207  0.000009
     5    199    995  -77.184884  0.000213  0.000011
     6    166    996  -77.184893  0.000229  0.000013
     7    142    994  -77.184900  0.000236  0.000014
     8    124    992  -77.184900  0.000226  0.000014
     9    111    999  -77.184902  0.000241  0.000016
    10     99    990  -77.184923  0.000241  0.000017
    11     90    990  -77.184936  0.000235  0.000018
    12     83    996  -77.184928  0.000242  0.000019
    13     76    988  -77.184926  0.000250  0.000020
    14     71    994  -77.184928  0.000276  0.000023
    15     66    990  -77.184949  0.000252  0.000022
    16     62    992  -77.184939  0.000286  0.000026
    17     58    986  -77.184935  0.000251  0.000023
    18     55    990  -77.184948  0.000289  0.000028
    19     52    988  -77.184942  0.000276  0.000027
    20     49    980  -77.184967  0.000260  0.000027
    21     47    987  -77.184944  0.000284  0.000030
    22     45    990  -77.184956  0.000274  0.000029
    23     43    989  -77.184951  0.000278  0.000030
    24     41    984  -77.184958  0.000239  0.000027
Fit (variance): plateau_var = 7.927740e-08 ± 1.220888e-08
Fit (error):    plateau = 0.000282 ± 0.000022
     autocorrelation length ~ 11.2 blocks
     plateau reached at block size ~ 47
     !!!Failed to reach plateau in blocking
     Return max block error
Final AFQMC/pt2CCSD overlap ratio: 1.002071 ± 0.000039
Final AFQMC/pt2CCSD energy: -77.184973 ± 0.000289
Total run time: 715.94

AFQMC Sampling Finished

QMC script: /u/yzhang65/myprojects/software/afqmc/afqmc/scripts/run_afqmc_pt2ccsd.py
  => E_HF(c2h2)      = -76.8486753456 Eh
  => E_CCSD(c2h2)    = -77.1687011389 Eh
  => E_AFQMC(c2h2)   = -77.18497 +/- 0.00029 Eh

============================================================
Running: c2h3f  charge=0  spin=0
============================================================
output file: ../../result/molout/closed_shell/tz/c2h3f_vtzfp.out

Preparing AFQMC calculation
Calculating Cholesky integrals
Alpha Cholesky shape: (692, 117, 117) 
 Beta Cholesky shape: (692, 117, 117) 
Finished calculating Cholesky integrals
Size of the correlation space:
Number of electrons:        [9 9]
Number of basis functions:  114
Number of Cholesky vectors: 692

    ________                     _____                    
    ___  __ \___  __________________(_)_____________ _    
    __  /_/ /  / / /_  __ \_  __ \_  /__  __ \_  __ `/    
    _  _, _// /_/ /_  / / /  / / /  / _  / / /  /_/ /     
    /_/ |_| \__,_/ /_/ /_//_/ /_//_/  /_/ /_/_\__, /      
                                             /____/       
    _____________________________  ___________            
    ___    |__  ____/_  __ \__   |/  /_  ____/            
    __  /| |_  /_   _  / / /_  /|_/ /_  /                 
    _  ___ |  __/   / /_/ /_  /  / / / /___               
    /_/  |_/_/      \___\_\/_/  /_/  \____/               

Hostname:     gpue02.delta.ncsa.illinois.edu
System:       Linux
Node:         gpue02.delta.ncsa.illinois.edu
Release:      5.14.0-427.91.1.el9_4.x86_64
Machine:      x86_64
Processor:    x86_64
JAX backend:  GPU
JAX devices:  [CudaDevice(id=0)]
Device kind:  NVIDIA H200
Platform:     gpu

Load system from Integral File
Maximum memory per walker:            83.33 MB
Maximum number of Cholesky per chunk: 210
Number of Cholesky chunks:            4
Number of Cholesky per chunk:         173
Number of padding Cholesky:           0

QMC System
Number of electrons: (9, 9)
Spin Multiplicity:   0
Number of orbitals:  114
Number of Chol:      692

QMC Parameters
eql_time            :                   50
n_blocks            :                 1000
n_walkers           :                  300
max_error           :                  0.0
seed                :                   17
walker_type         :                  uhf
trial               :             upt2ccsd
mix_precision       :                 True
max_memory          :                25000
dt                  :                0.005
n_exp_terms         :                    6
n_prop_steps        :                   50
save_walkers        :                False
free_projection     :                False
n_batch             :                    1
nchol_chunk         :                  173

Initalize QMC walkers by stochastic CCSD

Equilibration
inv_T        weight  killW        energy   runTime
 0.00    300.000000      0   -177.542195     29.62
 5.00    298.321632      0   -177.551089     38.35
10.00    298.368144      0   -177.537514     40.97
15.00    298.964701      0   -177.570261     43.58
20.00    298.907957      0   -177.562461     46.20
25.00    298.600894      0   -177.534651     48.82
30.00    299.629184      0   -177.589875     51.43
35.00    299.814901      0   -177.568881     54.05
40.00    300.054371      0   -177.630818     56.66
45.00    299.741934      0   -177.550603     59.28
50.00    298.406929      0   -177.576579     61.89

Sampling
blocks        weight  killW       E_Guide     error       E_Trial     error     olp_T/G     error  Walltime
    20    298.998108      0   -177.572720  0.007648   -177.566721  0.000927    1.003475  0.000356   83.39
    40    299.037791      0   -177.574335  0.006171   -177.567034  0.000793    1.003067  0.000307   99.09
    60    299.015625      0   -177.576870  0.005194   -177.567855  0.000748    1.003124  0.000219  114.82
    80    299.001577      0   -177.576596  0.004357   -177.568032  0.000610    1.003171  0.000162  130.52
   100    298.976734      0   -177.574810  0.003751   -177.567792  0.000554    1.003056  0.000145  146.21
   120    298.963520      0   -177.574955  0.002997   -177.567479  0.000490    1.003061  0.000116  161.90
   140    298.934986      0   -177.573649  0.002736   -177.567699  0.000456    1.003216  0.000150  177.61
   160    298.946078      0   -177.573920  0.002454   -177.567698  0.000425    1.003299  0.000146  193.30
   180    298.925533      0   -177.573670  0.002184   -177.567594  0.000388    1.003273  0.000133  209.00
   200    298.889208      0   -177.571770  0.002402   -177.567401  0.000356    1.003281  0.000121  224.70
   220    298.859426      0   -177.571572  0.002229   -177.567284  0.000337    1.003301  0.000111  240.41
   240    298.845374      0   -177.570965  0.002051   -177.567144  0.000316    1.003364  0.000112  256.10
   260    298.825821      0   -177.570391  0.001946   -177.567106  0.000300    1.003358  0.000105  271.96
   280    298.800305      0   -177.570932  0.001811   -177.567264  0.000297    1.003308  0.000104  287.76
   300    298.786328      0   -177.570592  0.001753   -177.567254  0.000286    1.003332  0.000098  303.50
   320    298.781507      0   -177.570410  0.001674   -177.567316  0.000283    1.003323  0.000093  322.05
   340    298.782388      0   -177.570420  0.001650   -177.567326  0.000276    1.003300  0.000089  341.88
   360    298.756605      0   -177.569861  0.001583   -177.567203  0.000276    1.003320  0.000084  361.54
   380    298.746847      0   -177.569583  0.001591   -177.567370  0.000340    1.003309  0.000082  377.31
   400    298.739604      0   -177.569656  0.001540   -177.567333  0.000328    1.003315  0.000078  393.00
   420    298.742159      0   -177.570381  0.001564   -177.567431  0.000324    1.003299  0.000078  408.85
   440    298.738446      0   -177.570505  0.001622   -177.567514  0.000318    1.003277  0.000080  424.56
   460    298.739965      0   -177.570745  0.001595   -177.567454  0.000307    1.003331  0.000084  440.28
   480    298.734438      0   -177.570253  0.001554   -177.567361  0.000297    1.003379  0.000092  455.98
   500    298.716616      1   -177.570007  0.001520   -177.567328  0.000289    1.003365  0.000089  471.69
   520    298.711769      1   -177.570166  0.001469   -177.567295  0.000280    1.003382  0.000092  487.39
   540    298.708257      1   -177.569849  0.001428   -177.567282  0.000273    1.003394  0.000090  503.09
   560    298.700600      1   -177.569602  0.001493   -177.567264  0.000267    1.003390  0.000086  518.81
   580    298.700151      1   -177.569990  0.001491   -177.567295  0.000263    1.003379  0.000085  534.52
   600    298.706390      1   -177.570338  0.001489   -177.567312  0.000257    1.003377  0.000084  550.23
   620    298.705279      1   -177.570483  0.001428   -177.567303  0.000251    1.003374  0.000082  565.93
   640    298.707137      1   -177.570841  0.001446   -177.567438  0.000253    1.003383  0.000081  581.64
   660    298.704901      1   -177.571012  0.001400   -177.567494  0.000251    1.003369  0.000079  598.46
   680    298.701706      1   -177.571096  0.001413   -177.567473  0.000248    1.003373  0.000082  614.21
   700    298.701866      1   -177.571706  0.001436   -177.567491  0.000242    1.003363  0.000081  629.92
   720    298.699713      1   -177.571858  0.001409   -177.567539  0.000240    1.003364  0.000079  645.65
   740    298.702222      1   -177.572356  0.001440   -177.567698  0.000245    1.003336  0.000083  661.38
   760    298.699767      1   -177.572477  0.001413   -177.567674  0.000241    1.003340  0.000081  677.09
   780    298.693707      1   -177.572273  0.001388   -177.567672  0.000238    1.003360  0.000080  692.79
   800    298.694013      1   -177.572274  0.001360   -177.567645  0.000234    1.003371  0.000079  708.48
   820    298.697005      1   -177.572155  0.001335   -177.567620  0.000229    1.003374  0.000078  724.17
   840    298.694672      1   -177.572085  0.001309   -177.567620  0.000227    1.003375  0.000077  739.85
   860    298.692340      1   -177.571957  0.001298   -177.567591  0.000223    1.003365  0.000077  755.55
   880    298.691094      1   -177.572078  0.001275   -177.567626  0.000221    1.003354  0.000076  771.26
   900    298.685610      1   -177.571871  0.001250   -177.567601  0.000217    1.003343  0.000075  786.96
   920    298.680493      1   -177.571729  0.001237   -177.567583  0.000213    1.003339  0.000075  802.66
   940    298.680096      1   -177.571819  0.001237   -177.567586  0.000211    1.003332  0.000074  818.37
   960    298.678150      1   -177.571805  0.001222   -177.567523  0.000209    1.003348  0.000072  834.07
   980    298.677119      1   -177.571670  0.001195   -177.567486  0.000206    1.003349  0.000074  849.79
  1000    298.674352      1   -177.571695  0.001196   -177.567486  0.000204    1.003348  0.000072  865.49

Post Propagation Process
Total number of samples 1000
Raw AFQMC/HF (Guide) energy:           -177.571695 ± 0.001196
Raw Trial/Guide overlap ratio:          1.003348 ± 0.000072
Raw AFQMC/pt2CCSD energy (covariance): -177.567486 ± 0.000204
Raw AFQMC/pt2CCSD energy (dir sample): -177.567486 ± 0.000166

Remove Outliers
removing energies outside zeta > 30
Outlier energy bound [-177.679764, -177.453231]
Removed 0 outliers with energies []
Clean AFQMC/pt2CCSD overlap ratio:        1.003348 ± 0.000072
Clean AFQMC/pt2CCSD energy (covariance): -177.567486 ± 0.000204
Clean AFQMC/ptCCSD energy (dir sample):  -177.567486 ± 0.000166

Blocking Analysis
nsample = 1000, max_block_size = 25, min_nblocks = 40
   B    NB    NS  Observable     Error    dError
   1  1000  1000    1.003349  0.000025  0.000001
   2   500  1000    1.003349  0.000033  0.000001
   3   333   999    1.003349  0.000039  0.000002
   4   250  1000    1.003349  0.000043  0.000002
   5   200  1000    1.003348  0.000047  0.000002
   6   166   996    1.003350  0.000049  0.000003
   7   142   994    1.003350  0.000052  0.000003
   8   125  1000    1.003348  0.000054  0.000003
   9   111   999    1.003348  0.000055  0.000004
  10   100  1000    1.003348  0.000057  0.000004
  11    90   990    1.003350  0.000059  0.000004
  12    83   996    1.003350  0.000059  0.000005
  13    76   988    1.003349  0.000061  0.000005
  14    71   994    1.003349  0.000058  0.000005
  15    66   990    1.003350  0.000063  0.000005
  16    62   992    1.003350  0.000064  0.000006
  17    58   986    1.003349  0.000069  0.000006
  18    55   990    1.003350  0.000065  0.000006
  19    52   988    1.003349  0.000065  0.000006
  20    50  1000    1.003348  0.000067  0.000007
  21    47   987    1.003349  0.000071  0.000007
  22    45   990    1.003350  0.000071  0.000008
  23    43   989    1.003349  0.000072  0.000008
  24    41   984    1.003349  0.000067  0.000007
  25    40  1000    1.003348  0.000065  0.000007
Fit (variance): plateau_var = 4.907e-09 ± 4.786e-10
Fit (error):    plateau = 0.000070 ± 0.000003
     autocorrelation length ~ 9.1 blocks
     plateau reached at block size ~ 42
     !!!Failed to reach plateau in blocking
     Return max block error
nclean = 1000, max_block_size = 25, min_nblocks = 40
Blk_SZ   NBlk   NSmp      Energy     Error    dError
     1   1000   1000  -177.567358  0.000166  0.000004
     2    500   1000  -177.567387  0.000183  0.000006
     3    333    999  -177.567400  0.000196  0.000008
     4    250   1000  -177.567409  0.000198  0.000009
     5    200   1000  -177.567422  0.000212  0.000011
     6    166    996  -177.567400  0.000215  0.000012
     7    142    994  -177.567409  0.000224  0.000013
     8    125   1000  -177.567434  0.000211  0.000013
     9    111    999  -177.567441  0.000209  0.000014
    10    100   1000  -177.567446  0.000226  0.000016
    11     90    990  -177.567415  0.000235  0.000018
    12     83    996  -177.567423  0.000229  0.000018
    13     76    988  -177.567431  0.000248  0.000020
    14     71    994  -177.567426  0.000231  0.000020
    15     66    990  -177.567430  0.000223  0.000020
    16     62    992  -177.567427  0.000236  0.000021
    17     58    986  -177.567435  0.000230  0.000022
    18     55    990  -177.567428  0.000233  0.000022
    19     52    988  -177.567439  0.000267  0.000026
    20     50   1000  -177.567463  0.000234  0.000024
    21     47    987  -177.567441  0.000244  0.000025
    22     45    990  -177.567433  0.000241  0.000026
    23     43    989  -177.567438  0.000258  0.000028
    24     41    984  -177.567453  0.000279  0.000031
    25     40   1000  -177.567469  0.000243  0.000027
Fit (variance): plateau_var = 5.864573e-08 ± 4.485350e-09
Fit (error):    plateau = 0.000242 ± 0.000009
     autocorrelation length ~ 6.0 blocks
     plateau reached at block size ~ 25
Final AFQMC/pt2CCSD overlap ratio: 1.003348 ± 0.000072
Final AFQMC/pt2CCSD energy: -177.567486 ± 0.000242
Total run time: 896.77

AFQMC Sampling Finished

QMC script: /u/yzhang65/myprojects/software/afqmc/afqmc/scripts/run_afqmc_pt2ccsd.py
  => E_HF(c2h3f)      = -176.9531417354 Eh
  => E_CCSD(c2h3f)    = -177.5440132680 Eh
  => E_AFQMC(c2h3f)   = -177.56749 +/- 0.00024 Eh

============================================================
Running: c2h4  charge=0  spin=0
============================================================
output file: ../../result/molout/closed_shell/tz/c2h4_vtzfp.out
Not a UHF solution. Convert to RHF

Preparing AFQMC calculation
Calculating Cholesky integrals
Finished calculating Cholesky integrals
Size of the correlation space:
Number of electrons:        [6, 6]
Number of basis functions:  94
Number of Cholesky vectors: 548

    ________                     _____                    
    ___  __ \___  __________________(_)_____________ _    
    __  /_/ /  / / /_  __ \_  __ \_  /__  __ \_  __ `/    
    _  _, _// /_/ /_  / / /  / / /  / _  / / /  /_/ /     
    /_/ |_| \__,_/ /_/ /_//_/ /_//_/  /_/ /_/_\__, /      
                                             /____/       
    _____________________________  ___________            
    ___    |__  ____/_  __ \__   |/  /_  ____/            
    __  /| |_  /_   _  / / /_  /|_/ /_  /                 
    _  ___ |  __/   / /_/ /_  /  / / / /___               
    /_/  |_/_/      \___\_\/_/  /_/  \____/               

Hostname:     gpue02.delta.ncsa.illinois.edu
System:       Linux
Node:         gpue02.delta.ncsa.illinois.edu
Release:      5.14.0-427.91.1.el9_4.x86_64
Machine:      x86_64
Processor:    x86_64
JAX backend:  GPU
JAX devices:  [CudaDevice(id=0)]
Device kind:  NVIDIA H200
Platform:     gpu

Load system from Integral File
Maximum memory per walker:            83.33 MB
Maximum number of Cholesky per chunk: 618
Number of Cholesky chunks:            1
Number of Cholesky per chunk:         548
Number of padding Cholesky:           0

QMC System
Number of electrons: (6, 6)
Spin Multiplicity:   0
Number of orbitals:  94
Number of Chol:      548

QMC Parameters
eql_time            :                   50
n_blocks            :                 1000
n_walkers           :                  300
max_error           :                  0.0
seed                :                   17
walker_type         :                  rhf
trial               :              pt2ccsd
mix_precision       :                 True
max_memory          :                25000
dt                  :                0.005
n_exp_terms         :                    6
n_prop_steps        :                   50
save_walkers        :                False
free_projection     :                False
n_batch             :                    1
nchol_chunk         :                  548

Initalize QMC walkers by stochastic CCSD

Equilibration
inv_T        weight  killW        energy   runTime
 0.00    300.000000      0    -78.416459     48.94
 5.00    299.401452      0    -78.444745     54.40
10.00    299.307195      0    -78.458836     55.30
15.00    299.778115      0    -78.423436     56.21
20.00    299.493587      0    -78.424936     57.11
25.00    299.635061      0    -78.423528     58.00
30.00    299.651226      0    -78.452054     58.91
35.00    299.366745      0    -78.443088     59.81
40.00    299.148071      0    -78.422392     60.70
45.00    299.256881      0    -78.441223     61.62
50.00    299.167192      0    -78.437346     62.52

Sampling
blocks        weight  killW       E_Guide     error       E_Trial     error     olp_T/G     error  Walltime
    20    299.162037      0    -78.425833  0.002517    -78.433181  0.000554    1.001776  0.000107   92.32
    40    299.160702      0    -78.433083  0.004609    -78.433465  0.000432    1.001768  0.000133  119.51
    60    299.145294      0    -78.431573  0.003609    -78.433319  0.000337    1.001667  0.000099  146.96
    80    299.156792      0    -78.434171  0.002937    -78.434077  0.000404    1.001572  0.000106  174.33
   100    299.122652      0    -78.436195  0.002841    -78.434249  0.000373    1.001569  0.000077  201.69
   120    299.109522      0    -78.435998  0.002407    -78.433916  0.000339    1.001586  0.000071  229.07
   140    299.109906      0    -78.436476  0.002334    -78.433860  0.000344    1.001560  0.000065  256.45
   160    299.095403      0    -78.436600  0.002035    -78.433790  0.000312    1.001547  0.000059  283.84
   180    299.089245      0    -78.436487  0.001956    -78.433964  0.000322    1.001577  0.000073  311.78
   200    299.073652      0    -78.436410  0.001807    -78.433879  0.000299    1.001609  0.000070  339.16
   220    299.054208      0    -78.435645  0.001736    -78.433828  0.000276    1.001623  0.000066  366.54
   240    299.030129      0    -78.435482  0.001643    -78.433802  0.000259    1.001635  0.000061  393.91
   260    299.008160      0    -78.434905  0.001570    -78.433730  0.000246    1.001645  0.000058  421.27
   280    299.002611      0    -78.435567  0.001634    -78.434015  0.000303    1.001644  0.000054  448.68
   300    298.991684      1    -78.435151  0.001570    -78.433979  0.000286    1.001644  0.000051  476.03
   320    298.991943      1    -78.434679  0.001515    -78.433885  0.000271    1.001633  0.000051  503.42
   340    298.981120      1    -78.434399  0.001453    -78.433828  0.000259    1.001670  0.000053  530.81
   360    298.979507      1    -78.434258  0.001414    -78.433898  0.000248    1.001660  0.000052  558.22
   380    298.968089      1    -78.434508  0.001370    -78.433890  0.000240    1.001637  0.000053  585.62
   400    298.965927      1    -78.434244  0.001331    -78.433868  0.000230    1.001646  0.000052  613.58
   420    298.962320      1    -78.434170  0.001276    -78.433831  0.000224    1.001671  0.000052  640.79
   440    298.959734      1    -78.434351  0.001227    -78.433742  0.000216    1.001679  0.000051  668.18
   460    298.952870      1    -78.434294  0.001192    -78.433772  0.000210    1.001680  0.000048  696.29
   480    298.954985      1    -78.434424  0.001141    -78.433780  0.000203    1.001679  0.000048  727.12
   500    298.952564      1    -78.434588  0.001116    -78.433802  0.000197    1.001672  0.000046  755.32
   520    298.940462      1    -78.434227  0.001116    -78.433813  0.000193    1.001682  0.000047  782.70
   540    298.941949      1    -78.434441  0.001098    -78.433825  0.000198    1.001684  0.000046  810.10
   560    298.933713      2    -78.434152  0.001084    -78.433828  0.000193    1.001699  0.000047  837.49
   580    298.937413      2    -78.434509  0.001087    -78.433863  0.000193    1.001691  0.000047  864.87
   600    298.937222      2    -78.434850  0.001113    -78.433927  0.000200    1.001684  0.000046  892.26
   620    298.934443      2    -78.434816  0.001090    -78.433926  0.000195    1.001686  0.000044  919.66
   640    298.932649      2    -78.434841  0.001055    -78.433902  0.000190    1.001686  0.000043  947.06
   660    298.926589      2    -78.434601  0.001049    -78.433852  0.000186    1.001684  0.000042  974.45
   680    298.925675      2    -78.434827  0.001019    -78.433936  0.000192    1.001676  0.000044 1001.82
   700    298.918001      2    -78.434551  0.001002    -78.433878  0.000187    1.001676  0.000043 1029.18
   720    298.919627      2    -78.434466  0.000979    -78.433868  0.000183    1.001671  0.000042 1056.58
   740    298.920188      2    -78.434508  0.000962    -78.433883  0.000180    1.001676  0.000042 1083.95
   760    298.922364      2    -78.434604  0.000938    -78.433895  0.000177    1.001675  0.000041 1111.35
   780    298.919410      2    -78.434429  0.000926    -78.433880  0.000173    1.001686  0.000040 1138.73
   800    298.916974      2    -78.434293  0.000947    -78.433873  0.000170    1.001683  0.000040 1166.11
   820    298.915775      2    -78.434441  0.000935    -78.433899  0.000167    1.001685  0.000039 1193.46
   840    298.916224      2    -78.434304  0.000923    -78.433873  0.000163    1.001688  0.000039 1220.92
   860    298.915520      2    -78.434546  0.000933    -78.434015  0.000220    1.001685  0.000039 1248.27
   880    298.916236      2    -78.434596  0.000913    -78.434012  0.000216    1.001681  0.000039 1275.65
   900    298.917694      2    -78.434802  0.000924    -78.434090  0.000218    1.001680  0.000038 1303.11
   920    298.915991      2    -78.434781  0.000913    -78.434101  0.000214    1.001673  0.000037 1330.49
   940    298.916778      2    -78.434726  0.000908    -78.434087  0.000210    1.001673  0.000037 1359.11
   960    298.915509      2    -78.434647  0.000891    -78.434072  0.000206    1.001678  0.000036 1386.09
   980    298.915269      2    -78.434674  0.000878    -78.434065  0.000202    1.001679  0.000036 1413.50
  1000    298.916750      2    -78.434653  0.000868    -78.434054  0.000198    1.001689  0.000037 1440.85

Post Propagation Process
Total number of samples 1000
Raw AFQMC/HF (Guide) energy:           -78.434653 ± 0.000868
Raw Trial/Guide overlap ratio:          1.001689 ± 0.000037
Raw AFQMC/pt2CCSD energy (covariance): -78.434054 ± 0.000198
Raw AFQMC/pt2CCSD energy (dir sample): -78.434054 ± 0.000145

Remove Outliers
removing energies outside zeta > 30
Outlier energy bound [-78.507348, -78.358955]
Removed 1 outliers with energies [-78.52033037]
Clean AFQMC/pt2CCSD overlap ratio:        1.001691 ± 0.000035
Clean AFQMC/pt2CCSD energy (covariance): -78.433944 ± 0.000151
Clean AFQMC/ptCCSD energy (dir sample):  -78.433944 ± 0.000117

Blocking Analysis
nsample = 999, max_block_size = 24, min_nblocks = 40
   B    NB    NS  Observable     Error    dError
   1   999   999    1.001691  0.000015  0.000000
   2   499   998    1.001691  0.000019  0.000001
   3   333   999    1.001691  0.000022  0.000001
   4   249   996    1.001691  0.000024  0.000001
   5   199   995    1.001691  0.000026  0.000001
   6   166   996    1.001691  0.000027  0.000001
   7   142   994    1.001690  0.000028  0.000002
   8   124   992    1.001689  0.000029  0.000002
   9   111   999    1.001691  0.000030  0.000002
  10    99   990    1.001687  0.000030  0.000002
  11    90   990    1.001687  0.000030  0.000002
  12    83   996    1.001691  0.000030  0.000002
  13    76   988    1.001687  0.000032  0.000003
  14    71   994    1.001690  0.000032  0.000003
  15    66   990    1.001687  0.000031  0.000003
  16    62   992    1.001689  0.000033  0.000003
  17    58   986    1.001686  0.000034  0.000003
  18    55   990    1.001687  0.000033  0.000003
  19    52   988    1.001687  0.000034  0.000003
  20    49   980    1.001682  0.000031  0.000003
  21    47   987    1.001686  0.000035  0.000004
  22    45   990    1.001687  0.000033  0.000004
  23    43   989    1.001687  0.000033  0.000004
  24    41   984    1.001684  0.000033  0.000004
Fit (variance): plateau_var = 1.097e-09 ± 7.505e-11
Fit (error):    plateau = 0.000033 ± 0.000001
     autocorrelation length ~ 5.7 blocks
     plateau reached at block size ~ 26
     !!!Failed to reach plateau in blocking
     Return max block error
nclean = 999, max_block_size = 24, min_nblocks = 40
Blk_SZ   NBlk   NSmp      Energy     Error    dError
     1    999    999  -78.433851  0.000117  0.000003
     2    499    998  -78.433868  0.000135  0.000004
     3    333    999  -78.433880  0.000135  0.000005
     4    249    996  -78.433877  0.000155  0.000007
     5    199    995  -78.433887  0.000161  0.000008
     6    166    996  -78.433891  0.000145  0.000008
     7    142    994  -78.433897  0.000156  0.000009
     8    124    992  -78.433901  0.000174  0.000011
     9    111    999  -78.433908  0.000162  0.000011
    10     99    990  -78.433902  0.000170  0.000012
    11     90    990  -78.433904  0.000172  0.000013
    12     83    996  -78.433907  0.000173  0.000013
    13     76    988  -78.433914  0.000171  0.000014
    14     71    994  -78.433914  0.000180  0.000015
    15     66    990  -78.433914  0.000172  0.000015
    16     62    992  -78.433920  0.000175  0.000016
    17     58    986  -78.433921  0.000174  0.000016
    18     55    990  -78.433920  0.000153  0.000015
    19     52    988  -78.433924  0.000168  0.000017
    20     49    980  -78.433933  0.000180  0.000018
    21     47    987  -78.433926  0.000170  0.000018
    22     45    990  -78.433922  0.000181  0.000019
    23     43    989  -78.433924  0.000156  0.000017
    24     41    984  -78.433931  0.000173  0.000019
Fit (variance): plateau_var = 2.918424e-08 ± 1.635820e-09
Fit (error):    plateau = 0.000171 ± 0.000005
     autocorrelation length ~ 4.0 blocks
     plateau reached at block size ~ 17
Final AFQMC/pt2CCSD overlap ratio: 1.001691 ± 0.000035
Final AFQMC/pt2CCSD energy: -78.433944 ± 0.000171
Total run time: 1480.71

AFQMC Sampling Finished

QMC script: /u/yzhang65/myprojects/software/afqmc/afqmc/scripts/run_afqmc_pt2ccsd.py
  => E_HF(c2h4)      = -78.0632711930 Eh
  => E_CCSD(c2h4)    = -78.4183638526 Eh
  => E_AFQMC(c2h4)   = -78.43394 +/- 0.00017 Eh

============================================================
Running: c2h5f  charge=0  spin=0
============================================================
output file: ../../result/molout/closed_shell/tz/c2h5f_vtzfp.out
Not a UHF solution. Convert to RHF

Preparing AFQMC calculation
Calculating Cholesky integrals
Finished calculating Cholesky integrals
Size of the correlation space:
Number of electrons:        [10, 10]
Number of basis functions:  132
Number of Cholesky vectors: 781

    ________                     _____                    
    ___  __ \___  __________________(_)_____________ _    
    __  /_/ /  / / /_  __ \_  __ \_  /__  __ \_  __ `/    
    _  _, _// /_/ /_  / / /  / / /  / _  / / /  /_/ /     
    /_/ |_| \__,_/ /_/ /_//_/ /_//_/  /_/ /_/_\__, /      
                                             /____/       
    _____________________________  ___________            
    ___    |__  ____/_  __ \__   |/  /_  ____/            
    __  /| |_  /_   _  / / /_  /|_/ /_  /                 
    _  ___ |  __/   / /_/ /_  /  / / / /___               
    /_/  |_/_/      \___\_\/_/  /_/  \____/               

Hostname:     gpue02.delta.ncsa.illinois.edu
System:       Linux
Node:         gpue02.delta.ncsa.illinois.edu
Release:      5.14.0-427.91.1.el9_4.x86_64
Machine:      x86_64
Processor:    x86_64
JAX backend:  GPU
JAX devices:  [CudaDevice(id=0)]
Device kind:  NVIDIA H200
Platform:     gpu

Load system from Integral File
Maximum memory per walker:            83.33 MB
Maximum number of Cholesky per chunk: 313
Number of Cholesky chunks:            3
Number of Cholesky per chunk:         261
Number of padding Cholesky:           2

QMC System
Number of electrons: (10, 10)
Spin Multiplicity:   0
Number of orbitals:  132
Number of Chol:      781

QMC Parameters
eql_time            :                   50
n_blocks            :                 1000
n_walkers           :                  300
max_error           :                  0.0
seed                :                   17
walker_type         :                  rhf
trial               :              pt2ccsd
mix_precision       :                 True
max_memory          :                25000
dt                  :                0.005
n_exp_terms         :                    6
n_prop_steps        :                   50
save_walkers        :                False
free_projection     :                False
n_batch             :                    1
nchol_chunk         :                  261

Initalize QMC walkers by stochastic CCSD

Equilibration
inv_T        weight  killW        energy   runTime
 0.00    300.000000      0   -178.773739     38.59
 5.00    298.367566      0   -178.772078     45.60
10.00    298.392361      0   -178.804176     47.23
15.00    299.041436      0   -178.800065     48.86
20.00    299.165322      0   -178.792213     50.50
25.00    298.701596      0   -178.783207     52.13
30.00    300.152359      0   -178.844135     53.77
35.00    299.643824      0   -178.827982     55.40
40.00    298.857826      0   -178.784741     57.04
45.00    299.698062      0   -178.833858     58.68
50.00    299.668569      0   -178.800773     60.31

Sampling
blocks        weight  killW       E_Guide     error       E_Trial     error     olp_T/G     error  Walltime
    20    298.860911      0   -178.809889  0.006598   -178.798748  0.001036    1.001796  0.000118   96.40
    40    298.854925      0   -178.801663  0.007819   -178.797590  0.000707    1.001787  0.000092  129.57
    60    298.811315      0   -178.800539  0.004850   -178.797349  0.000553    1.001724  0.000105  162.82
    80    298.766779      0   -178.798667  0.003827   -178.797061  0.000490    1.001945  0.000168  196.11
   100    298.736626      0   -178.799042  0.003105   -178.796963  0.000447    1.002035  0.000145  229.38
   120    298.707913      0   -178.797805  0.002651   -178.796833  0.000396    1.002118  0.000134  262.64
   140    298.707218      0   -178.798553  0.002527   -178.796823  0.000362    1.002157  0.000117  295.90
   160    298.695015      0   -178.798850  0.002518   -178.796784  0.000335    1.002163  0.000103  329.18
   180    298.679293      0   -178.799107  0.002277   -178.796888  0.000318    1.002197  0.000095  362.47
   200    298.674713      0   -178.799933  0.002224   -178.796897  0.000303    1.002209  0.000086  395.76
   220    298.670045      0   -178.799488  0.002124   -178.796996  0.000297    1.002236  0.000084  429.10
   240    298.658190      0   -178.800054  0.001984   -178.797178  0.000305    1.002180  0.000086  466.10
   260    298.646483      0   -178.799432  0.001896   -178.797106  0.000288    1.002187  0.000080  503.64
   280    298.642357      0   -178.799576  0.001823   -178.797103  0.000274    1.002181  0.000074  536.86
   300    298.635250      0   -178.800089  0.001846   -178.797299  0.000274    1.002163  0.000070  570.12
   320    298.623245      0   -178.799947  0.001816   -178.797353  0.000264    1.002142  0.000068  604.18
   340    298.610346      0   -178.799314  0.001771   -178.797256  0.000254    1.002134  0.000064  637.41
   360    298.594507      0   -178.798865  0.001700   -178.797257  0.000244    1.002150  0.000061  671.33
   380    298.580092      0   -178.798333  0.001670   -178.797206  0.000236    1.002177  0.000061  704.58
   400    298.577406      0   -178.798493  0.001590   -178.797201  0.000230    1.002173  0.000059  737.85
   420    298.578015      1   -178.798106  0.001539   -178.797139  0.000224    1.002178  0.000056  771.12
   440    298.574722      1   -178.798163  0.001469   -178.797091  0.000218    1.002188  0.000056  804.37
   460    298.562865      1   -178.797923  0.001419   -178.797049  0.000211    1.002183  0.000056  837.62
   480    298.560133      1   -178.797764  0.001438   -178.797078  0.000208    1.002162  0.000060  870.90
   500    298.564169      1   -178.798194  0.001445   -178.797165  0.000203    1.002157  0.000058  904.17
   520    298.572504      1   -178.798440  0.001386   -178.797210  0.000200    1.002162  0.000056  937.43
   540    298.571166      2   -178.798569  0.001351   -178.797257  0.000198    1.002161  0.000054  970.70
   560    298.565808      2   -178.798477  0.001323   -178.797308  0.000194    1.002169  0.000054 1003.94
   580    298.563215      2   -178.798503  0.001294   -178.797324  0.000189    1.002141  0.000056 1037.23
   600    298.557124      2   -178.798367  0.001254   -178.797289  0.000185    1.002135  0.000057 1070.53
   620    298.561394      2   -178.798602  0.001251   -178.797276  0.000180    1.002128  0.000054 1103.70
   640    298.561265      2   -178.798728  0.001226   -178.797267  0.000177    1.002115  0.000055 1136.94
   660    298.567423      2   -178.798980  0.001200   -178.797314  0.000179    1.002115  0.000053 1170.20
   680    298.565806      2   -178.798817  0.001182   -178.797305  0.000176    1.002114  0.000055 1203.57
   700    298.567915      2   -178.798909  0.001143   -178.797361  0.000175    1.002100  0.000055 1236.81
   720    298.567047      2   -178.798862  0.001105   -178.797323  0.000172    1.002104  0.000054 1271.08
   740    298.570124      2   -178.798935  0.001099   -178.797340  0.000171    1.002100  0.000053 1304.02
   760    298.568558      2   -178.799040  0.001069   -178.797383  0.000169    1.002089  0.000053 1337.30
   780    298.573589      2   -178.799000  0.001036   -178.797365  0.000166    1.002089  0.000052 1370.55
   800    298.575230      2   -178.799169  0.001029   -178.797369  0.000164    1.002092  0.000050 1403.78
   820    298.580208      2   -178.799270  0.001005   -178.797400  0.000161    1.002096  0.000049 1437.05
   840    298.578634      2   -178.799317  0.001028   -178.797420  0.000158    1.002107  0.000049 1470.32
   860    298.574428      2   -178.799336  0.001013   -178.797420  0.000156    1.002112  0.000049 1503.58
   880    298.568322      2   -178.799373  0.000991   -178.797448  0.000155    1.002113  0.000049 1536.82
   900    298.574806      2   -178.799631  0.000985   -178.797470  0.000154    1.002112  0.000048 1570.08
   920    298.573331      2   -178.799440  0.000985   -178.797434  0.000152    1.002112  0.000046 1603.32
   940    298.570500      2   -178.799348  0.000963   -178.797408  0.000150    1.002109  0.000046 1636.57
   960    298.573042      2   -178.799595  0.000960   -178.797434  0.000148    1.002109  0.000046 1669.93
   980    298.572733      2   -178.799519  0.000966   -178.797415  0.000146    1.002098  0.000046 1703.11
  1000    298.575340      2   -178.799648  0.000964   -178.797425  0.000145    1.002092  0.000046 1736.33

Post Propagation Process
Total number of samples 1000
Raw AFQMC/HF (Guide) energy:           -178.799648 ± 0.000964
Raw Trial/Guide overlap ratio:          1.002092 ± 0.000046
Raw AFQMC/pt2CCSD energy (covariance): -178.797425 ± 0.000145
Raw AFQMC/pt2CCSD energy (dir sample): -178.797425 ± 0.000120

Remove Outliers
removing energies outside zeta > 30
Outlier energy bound [-178.898699, -178.695020]
Removed 0 outliers with energies []
Clean AFQMC/pt2CCSD overlap ratio:        1.002092 ± 0.000046
Clean AFQMC/pt2CCSD energy (covariance): -178.797425 ± 0.000145
Clean AFQMC/ptCCSD energy (dir sample):  -178.797425 ± 0.000120

Blocking Analysis
nsample = 1000, max_block_size = 25, min_nblocks = 40
   B    NB    NS  Observable     Error    dError
   1  1000  1000    1.002092  0.000018  0.000000
   2   500  1000    1.002092  0.000023  0.000001
   3   333   999    1.002092  0.000026  0.000001
   4   250  1000    1.002092  0.000029  0.000001
   5   200  1000    1.002092  0.000030  0.000002
   6   166   996    1.002092  0.000033  0.000002
   7   142   994    1.002093  0.000034  0.000002
   8   125  1000    1.002092  0.000036  0.000002
   9   111   999    1.002092  0.000037  0.000003
  10   100  1000    1.002092  0.000037  0.000003
  11    90   990    1.002095  0.000039  0.000003
  12    83   996    1.002092  0.000039  0.000003
  13    76   988    1.002096  0.000039  0.000003
  14    71   994    1.002093  0.000041  0.000003
  15    66   990    1.002095  0.000040  0.000004
  16    62   992    1.002094  0.000042  0.000004
  17    58   986    1.002096  0.000044  0.000004
  18    55   990    1.002095  0.000043  0.000004
  19    52   988    1.002096  0.000042  0.000004
  20    50  1000    1.002092  0.000043  0.000004
  21    47   987    1.002096  0.000043  0.000004
  22    45   990    1.002095  0.000042  0.000004
  23    43   989    1.002095  0.000044  0.000005
  24    41   984    1.002097  0.000046  0.000005
  25    40  1000    1.002092  0.000045  0.000005
Fit (variance): plateau_var = 2.005e-09 ± 1.801e-10
Fit (error):    plateau = 0.000045 ± 0.000002
     autocorrelation length ~ 8.3 blocks
     plateau reached at block size ~ 38
     !!!Failed to reach plateau in blocking
     Return max block error
nclean = 1000, max_block_size = 25, min_nblocks = 40
Blk_SZ   NBlk   NSmp      Energy     Error    dError
     1   1000   1000  -178.797332  0.000120  0.000003
     2    500   1000  -178.797360  0.000134  0.000004
     3    333    999  -178.797372  0.000135  0.000005
     4    250   1000  -178.797381  0.000141  0.000006
     5    200   1000  -178.797393  0.000132  0.000007
     6    166    996  -178.797393  0.000137  0.000008
     7    142    994  -178.797384  0.000145  0.000009
     8    125   1000  -178.797403  0.000144  0.000009
     9    111    999  -178.797402  0.000147  0.000010
    10    100   1000  -178.797404  0.000143  0.000010
    11     90    990  -178.797394  0.000151  0.000011
    12     83    996  -178.797402  0.000150  0.000012
    13     76    988  -178.797391  0.000151  0.000012
    14     71    994  -178.797399  0.000154  0.000013
    15     66    990  -178.797396  0.000145  0.000013
    16     62    992  -178.797405  0.000149  0.000013
    17     58    986  -178.797396  0.000152  0.000014
    18     55    990  -178.797400  0.000160  0.000015
    19     52    988  -178.797396  0.000151  0.000015
    20     50   1000  -178.797416  0.000159  0.000016
    21     47    987  -178.797395  0.000168  0.000018
    22     45    990  -178.797401  0.000142  0.000015
    23     43    989  -178.797396  0.000167  0.000018
    24     41    984  -178.797400  0.000161  0.000018
    25     40   1000  -178.797419  0.000162  0.000018
Fit (variance): plateau_var = 2.363911e-08 ± 1.682018e-09
Fit (error):    plateau = 0.000154 ± 0.000005
     autocorrelation length ~ 5.4 blocks
     plateau reached at block size ~ 21
Final AFQMC/pt2CCSD overlap ratio: 1.002092 ± 0.000046
Final AFQMC/pt2CCSD energy: -178.797425 ± 0.000154
Total run time: 1773.65

AFQMC Sampling Finished

QMC script: /u/yzhang65/myprojects/software/afqmc/afqmc/scripts/run_afqmc_pt2ccsd.py
  => E_HF(c2h5f)      = -178.1489894707 Eh
  => E_CCSD(c2h5f)    = -178.7762219854 Eh
  => E_AFQMC(c2h5f)   = -178.79743 +/- 0.00015 Eh

============================================================
Running: c2h6  charge=0  spin=0
============================================================
output file: ../../result/molout/closed_shell/tz/c2h6_vtzfp.out
Not a UHF solution. Convert to RHF

Preparing AFQMC calculation
Calculating Cholesky integrals
Finished calculating Cholesky integrals
Size of the correlation space:
Number of electrons:        [7, 7]
Number of basis functions:  112
Number of Cholesky vectors: 643

    ________                     _____                    
    ___  __ \___  __________________(_)_____________ _    
    __  /_/ /  / / /_  __ \_  __ \_  /__  __ \_  __ `/    
    _  _, _// /_/ /_  / / /  / / /  / _  / / /  /_/ /     
    /_/ |_| \__,_/ /_/ /_//_/ /_//_/  /_/ /_/_\__, /      
                                             /____/       
    _____________________________  ___________            
    ___    |__  ____/_  __ \__   |/  /_  ____/            
    __  /| |_  /_   _  / / /_  /|_/ /_  /                 
    _  ___ |  __/   / /_/ /_  /  / / / /___               
    /_/  |_/_/      \___\_\/_/  /_/  \____/               

Hostname:     gpue02.delta.ncsa.illinois.edu
System:       Linux
Node:         gpue02.delta.ncsa.illinois.edu
Release:      5.14.0-427.91.1.el9_4.x86_64
Machine:      x86_64
Processor:    x86_64
JAX backend:  GPU
JAX devices:  [CudaDevice(id=0)]
Device kind:  NVIDIA H200
Platform:     gpu

Load system from Integral File
Maximum memory per walker:            83.33 MB
Maximum number of Cholesky per chunk: 435
Number of Cholesky chunks:            2
Number of Cholesky per chunk:         322
Number of padding Cholesky:           1

QMC System
Number of electrons: (7, 7)
Spin Multiplicity:   0
Number of orbitals:  112
Number of Chol:      643

QMC Parameters
eql_time            :                   50
n_blocks            :                 1000
n_walkers           :                  300
max_error           :                  0.0
seed                :                   17
walker_type         :                  rhf
trial               :              pt2ccsd
mix_precision       :                 True
max_memory          :                25000
dt                  :                0.005
n_exp_terms         :                    6
n_prop_steps        :                   50
save_walkers        :                False
free_projection     :                False
n_batch             :                    1
nchol_chunk         :                  322

Initalize QMC walkers by stochastic CCSD

Equilibration
inv_T        weight  killW        energy   runTime
 0.00    300.000000      0    -79.652143     36.13
 5.00    298.746227      0    -79.661218     42.13
10.00    298.694789      0    -79.668473     43.28
15.00    298.403857      0    -79.644461     44.43
20.00    299.377250      0    -79.668137     45.62
25.00    299.324682      0    -79.672611     46.77
30.00    299.443066      0    -79.699771     47.92
35.00    298.751126      0    -79.658442     49.07
40.00    298.787420      0    -79.692315     50.23
45.00    298.888318      0    -79.647972     51.38
50.00    298.937062      0    -79.668078     52.53

Sampling
blocks        weight  killW       E_Guide     error       E_Trial     error     olp_T/G     error  Walltime
    20    299.011310      0    -79.669477  0.005050    -79.666316  0.000496    1.001185  0.000256  138.94
    40    298.999902      0    -79.669199  0.002978    -79.666631  0.000377    1.001197  0.000138  163.92
    60    298.988823      0    -79.670173  0.002260    -79.666893  0.000301    1.001168  0.000097  189.88
    80    298.980995      0    -79.669393  0.001804    -79.666770  0.000266    1.001100  0.000085  215.78
   100    298.956458      0    -79.668536  0.001559    -79.667209  0.000367    1.001006  0.000094  241.73
   120    298.957192      0    -79.668358  0.001462    -79.667175  0.000318    1.000956  0.000085  267.66
   140    298.954225      0    -79.669212  0.001407    -79.667217  0.000291    1.000942  0.000074  293.62
   160    298.941634      0    -79.668980  0.001293    -79.667181  0.000268    1.000926  0.000068  319.53
   180    298.950271      0    -79.669065  0.001183    -79.667118  0.000246    1.000913  0.000063  345.44
   200    298.937443      0    -79.668532  0.001152    -79.667036  0.000229    1.000922  0.000057  371.37
   220    298.922690      0    -79.668323  0.001053    -79.666936  0.000213    1.000899  0.000055  397.30
   240    298.909683      0    -79.668480  0.001035    -79.666987  0.000205    1.000890  0.000050  423.23
   260    298.892169      0    -79.668076  0.000977    -79.666915  0.000194    1.000876  0.000047  449.21
   280    298.881510      0    -79.667738  0.000922    -79.666812  0.000184    1.000877  0.000044  475.13
   300    298.873698      0    -79.668047  0.000903    -79.666891  0.000176    1.000886  0.000042  501.07
   320    298.865390      0    -79.667881  0.000880    -79.666899  0.000169    1.000886  0.000040  526.99
   340    298.860892      0    -79.668088  0.000907    -79.666892  0.000163    1.000898  0.000039  552.95
   360    298.856416      0    -79.668345  0.000919    -79.666976  0.000160    1.000886  0.000038  578.88
   380    298.856195      0    -79.668256  0.000891    -79.666952  0.000155    1.000894  0.000036  605.74
   400    298.853553      0    -79.668219  0.000856    -79.666905  0.000150    1.000893  0.000035  631.47
   420    298.853838      0    -79.668435  0.000857    -79.666903  0.000145    1.000902  0.000034  657.43
   440    298.855491      0    -79.668326  0.000836    -79.666913  0.000141    1.000893  0.000034  683.36
   460    298.842049      0    -79.668040  0.000930    -79.666873  0.000137    1.000889  0.000035  709.31
   480    298.838447      0    -79.667840  0.000902    -79.666849  0.000132    1.000875  0.000034  735.25
   500    298.843250      0    -79.668117  0.000888    -79.666904  0.000131    1.000872  0.000033  761.16
   520    298.844706      0    -79.668188  0.000862    -79.666924  0.000128    1.000872  0.000032  787.12
   540    298.838076      0    -79.668152  0.000836    -79.666903  0.000125    1.000858  0.000033  813.03
   560    298.835429      0    -79.668102  0.000813    -79.666890  0.000122    1.000855  0.000034  838.98
   580    298.834318      0    -79.668032  0.000790    -79.666871  0.000119    1.000856  0.000033  864.92
   600    298.833347      0    -79.667831  0.000792    -79.666840  0.000117    1.000858  0.000034  890.86
   620    298.832990      0    -79.667753  0.000772    -79.666813  0.000114    1.000864  0.000032  916.80
   640    298.836609      0    -79.668215  0.000803    -79.666843  0.000114    1.000860  0.000032  942.71
   660    298.835833      0    -79.668270  0.000791    -79.666820  0.000111    1.000860  0.000030  968.65
   680    298.833891      0    -79.668494  0.000793    -79.666884  0.000118    1.000866  0.000030  994.57
   700    298.833839      0    -79.668614  0.000798    -79.666861  0.000115    1.000864  0.000029 1020.51
   720    298.831885      0    -79.668634  0.000765    -79.666858  0.000112    1.000866  0.000029 1046.44
   740    298.830971      0    -79.668670  0.000760    -79.666859  0.000110    1.000868  0.000028 1072.42
   760    298.834440      0    -79.668803  0.000768    -79.666875  0.000108    1.000868  0.000028 1098.33
   780    298.833647      0    -79.668781  0.000759    -79.666867  0.000106    1.000881  0.000030 1124.25
   800    298.834211      0    -79.668628  0.000748    -79.666865  0.000105    1.000887  0.000030 1150.18
   820    298.834843      0    -79.668864  0.000753    -79.666889  0.000104    1.000883  0.000030 1176.10
   840    298.830932      0    -79.668656  0.000749    -79.666866  0.000102    1.000890  0.000030 1202.29
   860    298.831037      0    -79.668616  0.000751    -79.666872  0.000101    1.000897  0.000030 1228.92
   880    298.829174      0    -79.668553  0.000729    -79.666857  0.000099    1.000895  0.000029 1254.73
   900    298.829465      0    -79.668709  0.000723    -79.666841  0.000097    1.000894  0.000029 1280.64
   920    298.828679      0    -79.668710  0.000718    -79.666846  0.000096    1.000891  0.000028 1306.59
   940    298.827645      0    -79.668720  0.000707    -79.666862  0.000095    1.000892  0.000028 1332.55
   960    298.827691      0    -79.668737  0.000727    -79.666869  0.000093    1.000893  0.000028 1361.21
   980    298.827849      0    -79.668727  0.000727    -79.666860  0.000092    1.000891  0.000028 1391.31
  1000    298.827268      0    -79.668607  0.000717    -79.666848  0.000091    1.000886  0.000027 1417.20

Post Propagation Process
Total number of samples 1000
Raw AFQMC/HF (Guide) energy:           -79.668607 ± 0.000717
Raw Trial/Guide overlap ratio:          1.000886 ± 0.000027
Raw AFQMC/pt2CCSD energy (covariance): -79.666848 ± 0.000091
Raw AFQMC/pt2CCSD energy (dir sample): -79.666848 ± 0.000076

Remove Outliers
removing energies outside zeta > 30
Outlier energy bound [-79.723590, -79.609399]
Removed 0 outliers with energies []
Clean AFQMC/pt2CCSD overlap ratio:        1.000886 ± 0.000027
Clean AFQMC/pt2CCSD energy (covariance): -79.666848 ± 0.000091
Clean AFQMC/ptCCSD energy (dir sample):  -79.666848 ± 0.000076

Blocking Analysis
nsample = 1000, max_block_size = 25, min_nblocks = 40
   B    NB    NS  Observable     Error    dError
   1  1000  1000    1.000886  0.000011  0.000000
   2   500  1000    1.000886  0.000014  0.000000
   3   333   999    1.000886  0.000016  0.000001
   4   250  1000    1.000886  0.000017  0.000001
   5   200  1000    1.000886  0.000019  0.000001
   6   166   996    1.000887  0.000020  0.000001
   7   142   994    1.000887  0.000021  0.000001
   8   125  1000    1.000886  0.000022  0.000001
   9   111   999    1.000886  0.000023  0.000002
  10   100  1000    1.000886  0.000024  0.000002
  11    90   990    1.000887  0.000024  0.000002
  12    83   996    1.000887  0.000023  0.000002
  13    76   988    1.000888  0.000025  0.000002
  14    71   994    1.000887  0.000025  0.000002
  15    66   990    1.000887  0.000025  0.000002
  16    62   992    1.000887  0.000026  0.000002
  17    58   986    1.000889  0.000027  0.000002
  18    55   990    1.000887  0.000026  0.000002
  19    52   988    1.000888  0.000027  0.000003
  20    50  1000    1.000886  0.000026  0.000003
  21    47   987    1.000888  0.000027  0.000003
  22    45   990    1.000887  0.000027  0.000003
  23    43   989    1.000887  0.000027  0.000003
  24    41   984    1.000890  0.000027  0.000003
  25    40  1000    1.000886  0.000027  0.000003
Fit (variance): plateau_var = 7.607e-10 ± 6.751e-11
Fit (error):    plateau = 0.000028 ± 0.000001
     autocorrelation length ~ 8.3 blocks
     plateau reached at block size ~ 38
     !!!Failed to reach plateau in blocking
     Return max block error
nclean = 1000, max_block_size = 25, min_nblocks = 40
Blk_SZ   NBlk   NSmp      Energy     Error    dError
     1   1000   1000  -79.666802  0.000076  0.000002
     2    500   1000  -79.666813  0.000087  0.000003
     3    333    999  -79.666819  0.000095  0.000004
     4    250   1000  -79.666824  0.000095  0.000004
     5    200   1000  -79.666826  0.000098  0.000005
     6    166    996  -79.666832  0.000102  0.000006
     7    142    994  -79.666830  0.000098  0.000006
     8    125   1000  -79.666834  0.000105  0.000007
     9    111    999  -79.666835  0.000105  0.000007
    10    100   1000  -79.666833  0.000110  0.000008
    11     90    990  -79.666841  0.000103  0.000008
    12     83    996  -79.666842  0.000104  0.000008
    13     76    988  -79.666844  0.000107  0.000009
    14     71    994  -79.666838  0.000109  0.000009
    15     66    990  -79.666844  0.000104  0.000009
    16     62    992  -79.666843  0.000117  0.000011
    17     58    986  -79.666849  0.000106  0.000010
    18     55    990  -79.666847  0.000102  0.000010
    19     52    988  -79.666849  0.000109  0.000011
    20     50   1000  -79.666842  0.000113  0.000011
    21     47    987  -79.666848  0.000102  0.000011
    22     45    990  -79.666849  0.000109  0.000012
    23     43    989  -79.666851  0.000103  0.000011
    24     41    984  -79.666852  0.000108  0.000012
    25     40   1000  -79.666841  0.000110  0.000012
Fit (variance): plateau_var = 1.125820e-08 ± 5.121141e-10
Fit (error):    plateau = 0.000106 ± 0.000002
     autocorrelation length ~ 2.7 blocks
     plateau reached at block size ~ 12
Final AFQMC/pt2CCSD overlap ratio: 1.000886 ± 0.000027
Final AFQMC/pt2CCSD energy: -79.666848 ± 0.000106
Total run time: 1450.18

AFQMC Sampling Finished

QMC script: /u/yzhang65/myprojects/software/afqmc/afqmc/scripts/run_afqmc_pt2ccsd.py
  => E_HF(c2h6)      = -79.2592626710 Eh
  => E_CCSD(c2h6)    = -79.6529299517 Eh
  => E_AFQMC(c2h6)   = -79.66685 +/- 0.00011 Eh

============================================================
Running: ccl2  charge=0  spin=0
============================================================
output file: ../../result/molout/closed_shell/tz/ccl2_vtzfp.out

Preparing AFQMC calculation
Calculating Cholesky integrals
Alpha Cholesky shape: (563, 98, 98) 
 Beta Cholesky shape: (563, 98, 98) 
Finished calculating Cholesky integrals
Size of the correlation space:
Number of electrons:        [9 9]
Number of basis functions:  87
Number of Cholesky vectors: 563

    ________                     _____                    
    ___  __ \___  __________________(_)_____________ _    
    __  /_/ /  / / /_  __ \_  __ \_  /__  __ \_  __ `/    
    _  _, _// /_/ /_  / / /  / / /  / _  / / /  /_/ /     
    /_/ |_| \__,_/ /_/ /_//_/ /_//_/  /_/ /_/_\__, /      
                                             /____/       
    _____________________________  ___________            
    ___    |__  ____/_  __ \__   |/  /_  ____/            
    __  /| |_  /_   _  / / /_  /|_/ /_  /                 
    _  ___ |  __/   / /_/ /_  /  / / / /___               
    /_/  |_/_/      \___\_\/_/  /_/  \____/               

Hostname:     gpue02.delta.ncsa.illinois.edu
System:       Linux
Node:         gpue02.delta.ncsa.illinois.edu
Release:      5.14.0-427.91.1.el9_4.x86_64
Machine:      x86_64
Processor:    x86_64
JAX backend:  GPU
JAX devices:  [CudaDevice(id=0)]
Device kind:  NVIDIA H200
Platform:     gpu

Load system from Integral File
Maximum memory per walker:            83.33 MB
Maximum number of Cholesky per chunk: 360
Number of Cholesky chunks:            2
Number of Cholesky per chunk:         282
Number of padding Cholesky:           1

QMC System
Number of electrons: (9, 9)
Spin Multiplicity:   0
Number of orbitals:  87
Number of Chol:      563

QMC Parameters
eql_time            :                   50
n_blocks            :                 1000
n_walkers           :                  300
max_error           :                  0.0
seed                :                   17
walker_type         :                  uhf
trial               :             upt2ccsd
mix_precision       :                 True
max_memory          :                25000
dt                  :                0.005
n_exp_terms         :                    6
n_prop_steps        :                   50
save_walkers        :                False
free_projection     :                False
n_batch             :                    1
nchol_chunk         :                  282

Initalize QMC walkers by stochastic CCSD

Equilibration
inv_T        weight  killW        energy   runTime
 0.00    300.000000      0   -957.357058     34.18
 5.00    298.782196      0   -957.362935     41.92
10.00    299.106497      0   -957.396343     43.75
15.00    299.465023      0   -957.429985     45.59
20.00    299.349972      0   -957.366978     47.43
25.00    298.219130      0   -957.363429     49.27
30.00    299.907062      1   -957.430825     51.10
35.00    299.003468      0   -957.403066     52.94
40.00    298.843279      0   -957.395095     54.78
45.00    298.919644      0   -957.391089     56.61
50.00    298.508856      0   -957.390248     58.45

Sampling
blocks        weight  killW       E_Guide     error       E_Trial     error     olp_T/G     error  Walltime
    20    299.094436      3   -957.405648  0.006649   -957.391600  0.001560    1.141755  0.003353   74.99
    40    298.961026      5   -957.401235  0.004207   -957.391517  0.001070    1.140526  0.001866   86.19
    60    298.870827      5   -957.397117  0.004248   -957.390328  0.000804    1.141575  0.002302   97.50
    80    298.813632      5   -957.395369  0.003296   -957.389675  0.000673    1.139268  0.002330  108.81
   100    298.776541      5   -957.394877  0.003005   -957.389582  0.000607    1.136947  0.002368  120.12
   120    298.759519      8   -957.395405  0.002491   -957.389389  0.000554    1.136683  0.001980  131.43
   140    298.710157     10   -957.394329  0.002299   -957.389243  0.000501    1.137377  0.001779  142.73
   160    298.688392     11   -957.395104  0.002145   -957.389310  0.000463    1.137623  0.001587  154.04
   180    298.647856     12   -957.394667  0.001995   -957.389132  0.000433    1.138337  0.001457  165.37
   200    298.606834     14   -957.394494  0.001860   -957.389129  0.000410    1.138563  0.001358  176.66
   220    298.566363     14   -957.393425  0.001886   -957.388873  0.000392    1.137997  0.001332  187.97
   240    298.533996     18   -957.393773  0.001753   -957.388760  0.000394    1.139193  0.001459  199.27
   260    298.518223     19   -957.394119  0.001632   -957.388816  0.000378    1.139753  0.001400  210.58
   280    298.506435     19   -957.394046  0.001568   -957.388755  0.000362    1.139588  0.001304  221.89
   300    298.511100     19   -957.394566  0.001542   -957.388724  0.000349    1.139410  0.001226  233.20
   320    298.494639     20   -957.394356  0.001450   -957.388739  0.000339    1.139281  0.001154  244.50
   340    298.469280     21   -957.394420  0.001399   -957.388719  0.000328    1.139269  0.001086  255.81
   360    298.470097     21   -957.394199  0.001385   -957.388543  0.000316    1.139060  0.001037  267.12
   380    298.457965     24   -957.393764  0.001414   -957.388477  0.000307    1.139051  0.000983  278.43
   400    298.451079     25   -957.393262  0.001388   -957.388424  0.000296    1.139342  0.000965  289.74
   420    298.456345     26   -957.394339  0.001526   -957.388614  0.000291    1.139315  0.000921  301.05
   440    298.454384     28   -957.394090  0.001552   -957.388575  0.000285    1.140270  0.001188  312.35
   460    298.452479     29   -957.394474  0.001519   -957.388617  0.000277    1.140275  0.001166  323.66
   480    298.448004     30   -957.394357  0.001485   -957.388589  0.000267    1.140412  0.001138  334.97
   500    298.442434     33   -957.394256  0.001422   -957.388597  0.000262    1.140774  0.001114  346.28
   520    298.430850     33   -957.393660  0.001429   -957.388508  0.000256    1.141015  0.001118  357.59
   540    298.420150     36   -957.393229  0.001436   -957.388469  0.000252    1.141180  0.001095  368.89
   560    298.418756     39   -957.393192  0.001408   -957.388429  0.000246    1.141216  0.001093  380.20
   580    298.416397     41   -957.393075  0.001358   -957.388407  0.000240    1.141388  0.001068  391.51
   600    298.417242     45   -957.393369  0.001318   -957.388397  0.000235    1.141378  0.001049  402.81
   620    298.411587     47   -957.393221  0.001290   -957.388353  0.000232    1.141665  0.001015  414.12
   640    298.412556     49   -957.392901  0.001364   -957.388277  0.000228    1.141846  0.001005  425.43
   660    298.405479     49   -957.392624  0.001346   -957.388321  0.000229    1.141767  0.000978  436.74
   680    298.404219     54   -957.392274  0.001328   -957.388319  0.000225    1.141919  0.001053  448.05
   700    298.410299     55   -957.392546  0.001323   -957.388338  0.000221    1.142170  0.001053  459.38
   720    298.411529     55   -957.392804  0.001351   -957.388404  0.000219    1.142124  0.001027  470.67
   740    298.407451     57   -957.392602  0.001331   -957.388426  0.000216    1.142182  0.001005  481.97
   760    298.401814     60   -957.392600  0.001302   -957.388549  0.000214    1.142107  0.000986  493.28
   780    298.394945     61   -957.392700  0.001276   -957.388536  0.000213    1.142089  0.000967  505.28
   800    298.393269     62   -957.392630  0.001229   -957.388578  0.000211    1.142006  0.000953  516.55
   820    298.386941     64   -957.392472  0.001210   -957.388590  0.000214    1.141662  0.000992  527.87
   840    298.387037     65   -957.392478  0.001247   -957.388566  0.000210    1.141633  0.000968  539.18
   860    298.383669     66   -957.392424  0.001247   -957.388567  0.000207    1.141619  0.000964  550.48
   880    298.376769     71   -957.392182  0.001218   -957.388523  0.000205    1.141670  0.000954  561.79
   900    298.373918     75   -957.392302  0.001209   -957.388536  0.000202    1.141618  0.000954  573.11
   920    298.375106     75   -957.392283  0.001188   -957.388520  0.000200    1.141753  0.000932  584.41
   940    298.376875     76   -957.392375  0.001160   -957.388594  0.000199    1.141942  0.000926  595.72
   960    298.380332     78   -957.392419  0.001134   -957.388591  0.000196    1.142175  0.000939  607.07
   980    298.379354     79   -957.392344  0.001114   -957.388643  0.000195    1.142163  0.000936  618.34
  1000    298.381943     79   -957.392311  0.001090   -957.388655  0.000195    1.142290  0.000944  629.65

Post Propagation Process
Total number of samples 1000
Raw AFQMC/HF (Guide) energy:           -957.392311 ± 0.001090
Raw Trial/Guide overlap ratio:          1.142290 ± 0.000944
Raw AFQMC/pt2CCSD energy (covariance): -957.388655 ± 0.000195
Raw AFQMC/pt2CCSD energy (dir sample): -957.388655 ± 0.000153

Remove Outliers
removing energies outside zeta > 30
Outlier energy bound [-957.524369, -957.252019]
Removed 0 outliers with energies []
Clean AFQMC/pt2CCSD overlap ratio:        1.142290 ± 0.000944
Clean AFQMC/pt2CCSD energy (covariance): -957.388655 ± 0.000195
Clean AFQMC/ptCCSD energy (dir sample):  -957.388655 ± 0.000153

Blocking Analysis
nsample = 1000, max_block_size = 25, min_nblocks = 40
   B    NB    NS  Observable     Error    dError
   1  1000  1000    1.142291  0.000276  0.000006
   2   500  1000    1.142291  0.000373  0.000012
   3   333   999    1.142294  0.000444  0.000017
   4   250  1000    1.142291  0.000500  0.000022
   5   200  1000    1.142291  0.000545  0.000027
   6   166   996    1.142289  0.000594  0.000033
   7   142   994    1.142287  0.000625  0.000037
   8   125  1000    1.142291  0.000663  0.000042
   9   111   999    1.142294  0.000687  0.000046
  10   100  1000    1.142291  0.000709  0.000050
  11    90   990    1.142262  0.000752  0.000056
  12    83   996    1.142289  0.000754  0.000059
  13    76   988    1.142244  0.000805  0.000066
  14    71   994    1.142286  0.000801  0.000068
  15    66   990    1.142262  0.000806  0.000071
  16    62   992    1.142273  0.000817  0.000074
  17    58   986    1.142237  0.000870  0.000081
  18    55   990    1.142261  0.000879  0.000085
  19    52   988    1.142244  0.000859  0.000085
  20    50  1000    1.142291  0.000881  0.000089
  21    47   987    1.142242  0.000882  0.000092
  22    45   990    1.142261  0.000910  0.000097
  23    43   989    1.142251  0.000898  0.000098
  24    41   984    1.142222  0.000914  0.000102
  25    40  1000    1.142291  0.000944  0.000107
Fit (variance): plateau_var = 1.076e-06 ± 1.701e-07
Fit (error):    plateau = 0.001037 ± 0.000082
     autocorrelation length ~ 15.7 blocks
     plateau reached at block size ~ 72
     !!!Failed to reach plateau in blocking
     Return max block error
nclean = 1000, max_block_size = 25, min_nblocks = 40
Blk_SZ   NBlk   NSmp      Energy     Error    dError
     1   1000   1000  -957.388547  0.000153  0.000003
     2    500   1000  -957.388567  0.000172  0.000005
     3    333    999  -957.388576  0.000189  0.000007
     4    250   1000  -957.388591  0.000190  0.000009
     5    200   1000  -957.388598  0.000207  0.000010
     6    166    996  -957.388594  0.000202  0.000011
     7    142    994  -957.388604  0.000216  0.000013
     8    125   1000  -957.388609  0.000214  0.000014
     9    111    999  -957.388611  0.000215  0.000014
    10    100   1000  -957.388615  0.000226  0.000016
    11     90    990  -957.388625  0.000215  0.000016
    12     83    996  -957.388617  0.000212  0.000017
    13     76    988  -957.388635  0.000222  0.000018
    14     71    994  -957.388628  0.000228  0.000019
    15     66    990  -957.388638  0.000221  0.000019
    16     62    992  -957.388638  0.000218  0.000020
    17     58    986  -957.388656  0.000238  0.000022
    18     55    990  -957.388642  0.000246  0.000024
    19     52    988  -957.388642  0.000241  0.000024
    20     50   1000  -957.388629  0.000229  0.000023
    21     47    987  -957.388643  0.000243  0.000025
    22     45    990  -957.388640  0.000220  0.000023
    23     43    989  -957.388651  0.000242  0.000026
    24     41    984  -957.388655  0.000231  0.000026
    25     40   1000  -957.388632  0.000246  0.000028
Fit (variance): plateau_var = 5.307864e-08 ± 3.222847e-09
Fit (error):    plateau = 0.000230 ± 0.000007
     autocorrelation length ~ 4.6 blocks
     plateau reached at block size ~ 20
Final AFQMC/pt2CCSD overlap ratio: 1.142290 ± 0.000944
Final AFQMC/pt2CCSD energy: -957.388655 ± 0.000230
Total run time: 653.17

AFQMC Sampling Finished

QMC script: /u/yzhang65/myprojects/software/afqmc/afqmc/scripts/run_afqmc_pt2ccsd.py
  => E_HF(ccl2)      = -956.8135461150 Eh
  => E_CCSD(ccl2)    = -957.3570350155 Eh
  => E_AFQMC(ccl2)   = -957.38865 +/- 0.00023 Eh

============================================================
Running: ccl2h2  charge=0  spin=0
============================================================
output file: ../../result/molout/closed_shell/tz/ccl2h2_vtzfp.out
Not a UHF solution. Convert to RHF

Preparing AFQMC calculation
Calculating Cholesky integrals
Finished calculating Cholesky integrals
Size of the correlation space:
Number of electrons:        [10, 10]
Number of basis functions:  105
Number of Cholesky vectors: 655

    ________                     _____                    
    ___  __ \___  __________________(_)_____________ _    
    __  /_/ /  / / /_  __ \_  __ \_  /__  __ \_  __ `/    
    _  _, _// /_/ /_  / / /  / / /  / _  / / /  /_/ /     
    /_/ |_| \__,_/ /_/ /_//_/ /_//_/  /_/ /_/_\__, /      
                                             /____/       
    _____________________________  ___________            
    ___    |__  ____/_  __ \__   |/  /_  ____/            
    __  /| |_  /_   _  / / /_  /|_/ /_  /                 
    _  ___ |  __/   / /_/ /_  /  / / / /___               
    /_/  |_/_/      \___\_\/_/  /_/  \____/               

Hostname:     gpue02.delta.ncsa.illinois.edu
System:       Linux
Node:         gpue02.delta.ncsa.illinois.edu
Release:      5.14.0-427.91.1.el9_4.x86_64
Machine:      x86_64
Processor:    x86_64
JAX backend:  GPU
JAX devices:  [CudaDevice(id=0)]
Device kind:  NVIDIA H200
Platform:     gpu

Load system from Integral File
Maximum memory per walker:            83.33 MB
Maximum number of Cholesky per chunk: 495
Number of Cholesky chunks:            2
Number of Cholesky per chunk:         328
Number of padding Cholesky:           1

QMC System
Number of electrons: (10, 10)
Spin Multiplicity:   0
Number of orbitals:  105
Number of Chol:      655

QMC Parameters
eql_time            :                   50
n_blocks            :                 1000
n_walkers           :                  300
max_error           :                  0.0
seed                :                   17
walker_type         :                  rhf
trial               :              pt2ccsd
mix_precision       :                 True
max_memory          :                25000
dt                  :                0.005
n_exp_terms         :                    6
n_prop_steps        :                   50
save_walkers        :                False
free_projection     :                False
n_batch             :                    1
nchol_chunk         :                  328

Initalize QMC walkers by stochastic CCSD

Equilibration
inv_T        weight  killW        energy   runTime
 0.00    300.000000      0   -958.664318     26.08
 5.00    299.134571      0   -958.702882     32.53
10.00    299.455672      0   -958.704247     33.72
15.00    298.557993      0   -958.704835     34.91
20.00    299.283154      0   -958.688514     36.10
25.00    299.799642      0   -958.708895     37.29
30.00    299.307069      0   -958.717730     38.49
35.00    299.852011      0   -958.720285     39.68
40.00    299.231860      0   -958.732464     40.87
45.00    299.441008      0   -958.663948     42.06
50.00    299.028502      0   -958.698745     43.25

Sampling
blocks        weight  killW       E_Guide     error       E_Trial     error     olp_T/G     error  Walltime
    20    298.871262      0   -958.688269  0.006295   -958.691334  0.000729    1.001625  0.000176   70.28
    40    298.911564      0   -958.691274  0.004164   -958.692679  0.000755    1.001517  0.000168   94.10
    60    298.999595      0   -958.694183  0.004129   -958.692430  0.000554    1.001658  0.000143  117.99
    80    298.900702      0   -958.692968  0.003125   -958.692598  0.000473    1.001721  0.000121  141.87
   100    298.874496      0   -958.692178  0.002656   -958.692324  0.000421    1.001650  0.000101  165.77
   120    298.858874      0   -958.692733  0.002347   -958.692279  0.000374    1.001670  0.000096  189.67
   140    298.850093      0   -958.692637  0.002031   -958.692011  0.000337    1.001728  0.000097  213.58
   160    298.810995      0   -958.692352  0.001782   -958.692124  0.000319    1.001748  0.000087  237.50
   180    298.794413      0   -958.692190  0.001654   -958.692127  0.000296    1.001768  0.000077  261.40
   200    298.790806      0   -958.692665  0.001584   -958.692222  0.000278    1.001791  0.000073  285.29
   220    298.780549      0   -958.693164  0.001527   -958.692264  0.000268    1.001830  0.000075  309.20
   240    298.767173      0   -958.693715  0.001453   -958.692436  0.000275    1.001813  0.000069  333.11
   260    298.756845      0   -958.693513  0.001527   -958.692316  0.000262    1.001807  0.000066  357.02
   280    298.749177      0   -958.693065  0.001597   -958.692255  0.000247    1.001829  0.000062  380.90
   300    298.729514      0   -958.692850  0.001564   -958.692185  0.000239    1.001867  0.000065  404.80
   320    298.715614      0   -958.692462  0.001492   -958.692201  0.000231    1.001870  0.000064  428.69
   340    298.707308      0   -958.692241  0.001443   -958.692213  0.000221    1.001861  0.000061  452.76
   360    298.700943      0   -958.692478  0.001382   -958.692346  0.000249    1.001863  0.000056  485.22
   380    298.708426      0   -958.693275  0.001414   -958.692430  0.000241    1.001874  0.000054  512.69
   400    298.701515      1   -958.693566  0.001369   -958.692577  0.000245    1.001855  0.000052  536.63
   420    298.705106      1   -958.694026  0.001381   -958.692614  0.000241    1.001865  0.000050  560.48
   440    298.702591      1   -958.694537  0.001365   -958.692604  0.000232    1.001865  0.000052  584.39
   460    298.695012      1   -958.694617  0.001324   -958.692606  0.000228    1.001887  0.000051  609.13
   480    298.688448      1   -958.694516  0.001268   -958.692606  0.000221    1.001904  0.000054  633.04
   500    298.684638      1   -958.694604  0.001227   -958.692670  0.000220    1.001916  0.000052  656.94
   520    298.677873      1   -958.694564  0.001221   -958.692603  0.000214    1.001897  0.000052  680.83
   540    298.675325      1   -958.694536  0.001200   -958.692570  0.000208    1.001885  0.000052  704.71
   560    298.669735      2   -958.694635  0.001189   -958.692575  0.000204    1.001890  0.000050  728.61
   580    298.662707      2   -958.694466  0.001164   -958.692526  0.000199    1.001902  0.000049  752.54
   600    298.661554      2   -958.694566  0.001124   -958.692550  0.000194    1.001902  0.000050  776.44
   620    298.658809      2   -958.694404  0.001111   -958.692483  0.000190    1.001892  0.000050  800.34
   640    298.661526      2   -958.694398  0.001069   -958.692491  0.000186    1.001895  0.000050  824.24
   660    298.660566      2   -958.694505  0.001056   -958.692484  0.000182    1.001886  0.000049  848.14
   680    298.655752      2   -958.694477  0.001109   -958.692505  0.000183    1.001886  0.000049  872.04
   700    298.662543      3   -958.695213  0.001339   -958.692887  0.000472    1.001875  0.000049  895.93
   720    298.661789      3   -958.694805  0.001358   -958.692835  0.000460    1.001867  0.000051  919.80
   740    298.663867      3   -958.694978  0.001332   -958.692850  0.000448    1.001850  0.000052  943.69
   760    298.662408      3   -958.694759  0.001320   -958.692833  0.000437    1.001842  0.000052  967.58
   780    298.661037      3   -958.694584  0.001294   -958.692830  0.000426    1.001846  0.000050  991.70
   800    298.657421      3   -958.694554  0.001278   -958.692851  0.000417    1.001832  0.000051 1015.61
   820    298.655965      3   -958.694479  0.001251   -958.692832  0.000407    1.001837  0.000050 1039.48
   840    298.653372      3   -958.694383  0.001226   -958.692791  0.000398    1.001838  0.000049 1063.42
   860    298.648627      3   -958.694184  0.001237   -958.692757  0.000389    1.001836  0.000048 1087.25
   880    298.648195      3   -958.694070  0.001215   -958.692744  0.000381    1.001838  0.000047 1111.21
   900    298.647151      3   -958.694065  0.001196   -958.692743  0.000373    1.001842  0.000046 1135.08
   920    298.644571      3   -958.694064  0.001156   -958.692748  0.000365    1.001848  0.000046 1158.98
   940    298.643384      3   -958.693979  0.001136   -958.692710  0.000358    1.001850  0.000045 1182.81
   960    298.644866      3   -958.694276  0.001134   -958.692719  0.000350    1.001851  0.000044 1206.85
   980    298.646476      3   -958.694239  0.001121   -958.692711  0.000344    1.001856  0.000043 1231.33
  1000    298.643317      3   -958.694308  0.001103   -958.692704  0.000337    1.001858  0.000042 1255.18

Post Propagation Process
Total number of samples 1000
Raw AFQMC/HF (Guide) energy:           -958.694308 ± 0.001103
Raw Trial/Guide overlap ratio:          1.001858 ± 0.000042
Raw AFQMC/pt2CCSD energy (covariance): -958.692704 ± 0.000337
Raw AFQMC/pt2CCSD energy (dir sample): -958.692704 ± 0.000191

Remove Outliers
removing energies outside zeta > 30
Outlier energy bound [-958.781605, -958.601991]
Removed 1 outliers with energies [-958.80947344]
Clean AFQMC/pt2CCSD overlap ratio:        1.001862 ± 0.000042
Clean AFQMC/pt2CCSD energy (covariance): -958.692553 ± 0.000283
Clean AFQMC/ptCCSD energy (dir sample):  -958.692553 ± 0.000151

Blocking Analysis
nsample = 999, max_block_size = 24, min_nblocks = 40
   B    NB    NS  Observable     Error    dError
   1   999   999    1.001862  0.000016  0.000000
   2   499   998    1.001862  0.000021  0.000001
   3   333   999    1.001862  0.000024  0.000001
   4   249   996    1.001863  0.000027  0.000001
   5   199   995    1.001863  0.000029  0.000001
   6   166   996    1.001863  0.000031  0.000002
   7   142   994    1.001863  0.000033  0.000002
   8   124   992    1.001863  0.000034  0.000002
   9   111   999    1.001862  0.000034  0.000002
  10    99   990    1.001862  0.000035  0.000002
  11    90   990    1.001862  0.000037  0.000003
  12    83   996    1.001863  0.000035  0.000003
  13    76   988    1.001861  0.000037  0.000003
  14    71   994    1.001863  0.000036  0.000003
  15    66   990    1.001862  0.000038  0.000003
  16    62   992    1.001863  0.000040  0.000004
  17    58   986    1.001860  0.000040  0.000004
  18    55   990    1.001862  0.000040  0.000004
  19    52   988    1.001861  0.000042  0.000004
  20    49   980    1.001860  0.000039  0.000004
  21    47   987    1.001860  0.000041  0.000004
  22    45   990    1.001862  0.000039  0.000004
  23    43   989    1.001862  0.000040  0.000004
  24    41   984    1.001860  0.000039  0.000004
Fit (variance): plateau_var = 1.660e-09 ± 1.359e-10
Fit (error):    plateau = 0.000041 ± 0.000002
     autocorrelation length ~ 7.2 blocks
     plateau reached at block size ~ 34
     !!!Failed to reach plateau in blocking
     Return max block error
nclean = 999, max_block_size = 24, min_nblocks = 40
Blk_SZ   NBlk   NSmp      Energy     Error    dError
     1    999    999  -958.692410  0.000151  0.000003
     2    499    998  -958.692441  0.000158  0.000005
     3    333    999  -958.692472  0.000174  0.000007
     4    249    996  -958.692470  0.000180  0.000008
     5    199    995  -958.692492  0.000188  0.000009
     6    166    996  -958.692499  0.000188  0.000010
     7    142    994  -958.692498  0.000195  0.000012
     8    124    992  -958.692517  0.000195  0.000012
     9    111    999  -958.692519  0.000201  0.000014
    10     99    990  -958.692538  0.000198  0.000014
    11     90    990  -958.692533  0.000205  0.000015
    12     83    996  -958.692516  0.000201  0.000016
    13     76    988  -958.692539  0.000219  0.000018
    14     71    994  -958.692525  0.000201  0.000017
    15     66    990  -958.692546  0.000193  0.000017
    16     62    992  -958.692536  0.000199  0.000018
    17     58    986  -958.692539  0.000205  0.000019
    18     55    990  -958.692548  0.000194  0.000019
    19     52    988  -958.692548  0.000183  0.000018
    20     49    980  -958.692550  0.000196  0.000020
    21     47    987  -958.692543  0.000188  0.000020
    22     45    990  -958.692552  0.000196  0.000021
    23     43    989  -958.692549  0.000187  0.000020
    24     41    984  -958.692553  0.000200  0.000022
Fit (variance): plateau_var = 3.979138e-08 ± 2.069872e-09
Fit (error):    plateau = 0.000199 ± 0.000005
     autocorrelation length ~ 3.6 blocks
     plateau reached at block size ~ 15
Final AFQMC/pt2CCSD overlap ratio: 1.001862 ± 0.000042
Final AFQMC/pt2CCSD energy: -958.692553 ± 0.000199
Total run time: 1292.03

AFQMC Sampling Finished

QMC script: /u/yzhang65/myprojects/software/afqmc/afqmc/scripts/run_afqmc_pt2ccsd.py
  => E_HF(ccl2h2)      = -958.0773399287 Eh
  => E_CCSD(ccl2h2)    = -958.6659848128 Eh
  => E_AFQMC(ccl2h2)   = -958.69255 +/- 0.00020 Eh

============================================================
Running: ccl2o  charge=0  spin=0
============================================================
output file: ../../result/molout/closed_shell/tz/ccl2o_vtzfp.out
Not a UHF solution. Convert to RHF

Preparing AFQMC calculation
Calculating Cholesky integrals
Finished calculating Cholesky integrals
Size of the correlation space:
Number of electrons:        [12, 12]
Number of basis functions:  116
Number of Cholesky vectors: 741

    ________                     _____                    
    ___  __ \___  __________________(_)_____________ _    
    __  /_/ /  / / /_  __ \_  __ \_  /__  __ \_  __ `/    
    _  _, _// /_/ /_  / / /  / / /  / _  / / /  /_/ /     
    /_/ |_| \__,_/ /_/ /_//_/ /_//_/  /_/ /_/_\__, /      
                                             /____/       
    _____________________________  ___________            
    ___    |__  ____/_  __ \__   |/  /_  ____/            
    __  /| |_  /_   _  / / /_  /|_/ /_  /                 
    _  ___ |  __/   / /_/ /_  /  / / / /___               
    /_/  |_/_/      \___\_\/_/  /_/  \____/               

Hostname:     gpue02.delta.ncsa.illinois.edu
System:       Linux
Node:         gpue02.delta.ncsa.illinois.edu
Release:      5.14.0-427.91.1.el9_4.x86_64
Machine:      x86_64
Processor:    x86_64
JAX backend:  GPU
JAX devices:  [CudaDevice(id=0)]
Device kind:  NVIDIA H200
Platform:     gpu

Load system from Integral File
Maximum memory per walker:            83.33 MB
Maximum number of Cholesky per chunk: 405
Number of Cholesky chunks:            2
Number of Cholesky per chunk:         371
Number of padding Cholesky:           1

QMC System
Number of electrons: (12, 12)
Spin Multiplicity:   0
Number of orbitals:  116
Number of Chol:      741

QMC Parameters
eql_time            :                   50
n_blocks            :                 1000
n_walkers           :                  300
max_error           :                  0.0
seed                :                   17
walker_type         :                  rhf
trial               :              pt2ccsd
mix_precision       :                 True
max_memory          :                25000
dt                  :                0.005
n_exp_terms         :                    6
n_prop_steps        :                   50
save_walkers        :                False
free_projection     :                False
n_batch             :                    1
nchol_chunk         :                  371

Initalize QMC walkers by stochastic CCSD

Equilibration
inv_T        weight  killW        energy   runTime
 0.00    300.000000      0  -1032.586736     58.31
 5.00    298.404073      0  -1032.615362     65.27
10.00    298.507517      0  -1032.618748     66.68
15.00    298.966683      0  -1032.613541     68.09
20.00    300.020948      0  -1032.650245     69.49
25.00    298.510149      0  -1032.612615     70.90
30.00    299.138513      0  -1032.641055     72.30
35.00    299.299521      0  -1032.657683     73.71
40.00    298.125062      0  -1032.600035     75.12
45.00    298.597072      0  -1032.620817     76.52
50.00    299.309026      0  -1032.606437     77.93

Sampling
blocks        weight  killW       E_Guide     error       E_Trial     error     olp_T/G     error  Walltime
    20    298.668345      1  -1032.620136  0.011075  -1032.623388  0.001162    1.006984  0.000660  113.35
    40    298.668765      1  -1032.619998  0.006779  -1032.625762  0.001145    1.006791  0.000397  145.86
    60    298.654152      1  -1032.622798  0.004259  -1032.626083  0.000999    1.007077  0.000303  178.43
    80    298.702229      1  -1032.625448  0.003642  -1032.626178  0.001014    1.007269  0.000267  211.06
   100    298.690991      1  -1032.625973  0.003068  -1032.625500  0.000921    1.007562  0.000289  243.70
   120    298.667279      1  -1032.625481  0.002672  -1032.625795  0.000836    1.007739  0.000275  276.26
   140    298.638723      1  -1032.625299  0.002460  -1032.625629  0.000760    1.007692  0.000262  308.86
   160    298.601883      1  -1032.625117  0.002274  -1032.625783  0.000732    1.007729  0.000224  341.47
   180    298.625200      1  -1032.627266  0.002560  -1032.625921  0.000679    1.007624  0.000214  374.01
   200    298.593911      1  -1032.627453  0.002519  -1032.625600  0.000638    1.007643  0.000200  406.64
   220    298.616178      1  -1032.629415  0.002770  -1032.625675  0.000603    1.007612  0.000192  443.63
   240    298.598345      1  -1032.629694  0.002568  -1032.625492  0.000562    1.007591  0.000177  477.67
   260    298.588344      1  -1032.630945  0.002615  -1032.625740  0.000563    1.007501  0.000173  510.24
   280    298.564627      1  -1032.630396  0.002413  -1032.625442  0.000555    1.007491  0.000161  542.82
   300    298.564813      1  -1032.630862  0.002346  -1032.625334  0.000529    1.007291  0.000206  576.01
   320    298.556875      1  -1032.631636  0.002230  -1032.625605  0.000523    1.007333  0.000199  609.45
   340    298.540508      1  -1032.631819  0.002230  -1032.625385  0.000509    1.007410  0.000198  641.93
   360    298.506417      2  -1032.630755  0.002212  -1032.625141  0.000488    1.007390  0.000186  674.58
   380    298.507039      2  -1032.630995  0.002112  -1032.625083  0.000469    1.007369  0.000178  707.27
   400    298.491058      2  -1032.630455  0.002047  -1032.625046  0.000451    1.007388  0.000170  739.90
   420    298.480234      2  -1032.630231  0.001966  -1032.625134  0.000434    1.007325  0.000168  772.51
   440    298.470907      2  -1032.630274  0.001903  -1032.625045  0.000419    1.007383  0.000172  805.12
   460    298.468783      2  -1032.630737  0.001829  -1032.625131  0.000405    1.007335  0.000168  837.70
   480    298.463255      2  -1032.631050  0.001947  -1032.625117  0.000394    1.007349  0.000165  870.28
   500    298.457060      2  -1032.631208  0.001905  -1032.625140  0.000383    1.007325  0.000164  902.89
   520    298.441289      2  -1032.631234  0.001828  -1032.625089  0.000377    1.007306  0.000164  935.49
   540    298.425171      2  -1032.631011  0.001816  -1032.625063  0.000370    1.007295  0.000162  968.34
   560    298.417937      3  -1032.631328  0.001754  -1032.625104  0.000362    1.007274  0.000165 1000.66
   580    298.408921      3  -1032.631221  0.001724  -1032.625107  0.000356    1.007302  0.000166 1033.28
   600    298.411461      3  -1032.631298  0.001650  -1032.625147  0.000352    1.007295  0.000165 1065.85
   620    298.402866      3  -1032.631129  0.001626  -1032.625132  0.000345    1.007261  0.000159 1098.45
   640    298.412368      3  -1032.631682  0.001625  -1032.625215  0.000340    1.007246  0.000158 1131.04
   660    298.400526      3  -1032.631447  0.001609  -1032.625216  0.000333    1.007233  0.000152 1163.64
   680    298.394183      4  -1032.631199  0.001558  -1032.625102  0.000327    1.007202  0.000149 1196.44
   700    298.383142      4  -1032.630859  0.001535  -1032.625056  0.000320    1.007165  0.000151 1229.80
   720    298.385417      4  -1032.630915  0.001503  -1032.625077  0.000314    1.007192  0.000150 1262.27
   740    298.387781      4  -1032.630928  0.001476  -1032.625076  0.000308    1.007205  0.000147 1294.87
   760    298.389196      4  -1032.631205  0.001428  -1032.625161  0.000306    1.007213  0.000144 1327.42
   780    298.382796      4  -1032.631155  0.001399  -1032.625105  0.000300    1.007198  0.000141 1360.02
   800    298.378121      5  -1032.630844  0.001405  -1032.625077  0.000297    1.007166  0.000141 1392.65
   820    298.377317      5  -1032.630761  0.001373  -1032.625038  0.000295    1.007144  0.000141 1425.23
   840    298.376220      5  -1032.630766  0.001340  -1032.625021  0.000289    1.007145  0.000138 1457.80
   860    298.375448      5  -1032.630870  0.001312  -1032.625093  0.000288    1.007176  0.000138 1490.38
   880    298.372487      5  -1032.630726  0.001290  -1032.625073  0.000282    1.007215  0.000142 1522.98
   900    298.370845      5  -1032.630568  0.001275  -1032.625050  0.000277    1.007226  0.000142 1555.67
   920    298.368752      5  -1032.630544  0.001258  -1032.625031  0.000273    1.007225  0.000140 1588.18
   940    298.365315      5  -1032.630359  0.001242  -1032.624979  0.000269    1.007214  0.000140 1620.77
   960    298.362395      5  -1032.630119  0.001228  -1032.624914  0.000266    1.007204  0.000137 1653.43
   980    298.361328      5  -1032.630097  0.001242  -1032.624980  0.000267    1.007239  0.000133 1685.98
  1000    298.365654      5  -1032.630256  0.001225  -1032.625024  0.000263    1.007239  0.000138 1720.68

Post Propagation Process
Total number of samples 1000
Raw AFQMC/HF (Guide) energy:           -1032.630256 ± 0.001225
Raw Trial/Guide overlap ratio:          1.007239 ± 0.000138
Raw AFQMC/pt2CCSD energy (covariance): -1032.625024 ± 0.000263
Raw AFQMC/pt2CCSD energy (dir sample): -1032.625024 ± 0.000218

Remove Outliers
removing energies outside zeta > 30
Outlier energy bound [-1032.790585, -1032.457419]
Removed 0 outliers with energies []
Clean AFQMC/pt2CCSD overlap ratio:        1.007239 ± 0.000138
Clean AFQMC/pt2CCSD energy (covariance): -1032.625024 ± 0.000263
Clean AFQMC/ptCCSD energy (dir sample):  -1032.625024 ± 0.000218

Blocking Analysis
nsample = 1000, max_block_size = 25, min_nblocks = 40
   B    NB    NS  Observable     Error    dError
   1  1000  1000    1.007239  0.000046  0.000001
   2   500  1000    1.007239  0.000062  0.000002
   3   333   999    1.007240  0.000072  0.000003
   4   250  1000    1.007239  0.000081  0.000004
   5   200  1000    1.007239  0.000089  0.000004
   6   166   996    1.007247  0.000093  0.000005
   7   142   994    1.007248  0.000099  0.000006
   8   125  1000    1.007239  0.000104  0.000007
   9   111   999    1.007240  0.000105  0.000007
  10   100  1000    1.007239  0.000112  0.000008
  11    90   990    1.007254  0.000112  0.000008
  12    83   996    1.007247  0.000116  0.000009
  13    76   988    1.007253  0.000117  0.000010
  14    71   994    1.007248  0.000125  0.000011
  15    66   990    1.007254  0.000126  0.000011
  16    62   992    1.007251  0.000119  0.000011
  17    58   986    1.007252  0.000125  0.000012
  18    55   990    1.007254  0.000120  0.000012
  19    52   988    1.007253  0.000133  0.000013
  20    50  1000    1.007239  0.000127  0.000013
  21    47   987    1.007253  0.000134  0.000014
  22    45   990    1.007254  0.000134  0.000014
  23    43   989    1.007254  0.000138  0.000015
  24    41   984    1.007249  0.000138  0.000015
  25    40  1000    1.007239  0.000125  0.000014
Fit (variance): plateau_var = 1.906e-08 ± 1.951e-09
Fit (error):    plateau = 0.000138 ± 0.000007
     autocorrelation length ~ 9.9 blocks
     plateau reached at block size ~ 46
     !!!Failed to reach plateau in blocking
     Return max block error
nclean = 1000, max_block_size = 25, min_nblocks = 40
Blk_SZ   NBlk   NSmp      Energy     Error    dError
     1   1000   1000  -1032.624851  0.000218  0.000005
     2    500   1000  -1032.624889  0.000245  0.000008
     3    333    999  -1032.624922  0.000261  0.000010
     4    250   1000  -1032.624925  0.000274  0.000012
     5    200   1000  -1032.624941  0.000270  0.000014
     6    166    996  -1032.624953  0.000258  0.000014
     7    142    994  -1032.624934  0.000281  0.000017
     8    125   1000  -1032.624964  0.000283  0.000018
     9    111    999  -1032.624975  0.000286  0.000019
    10    100   1000  -1032.624978  0.000294  0.000021
    11     90    990  -1032.624936  0.000290  0.000022
    12     83    996  -1032.624977  0.000293  0.000023
    13     76    988  -1032.624945  0.000303  0.000025
    14     71    994  -1032.624965  0.000263  0.000022
    15     66    990  -1032.624947  0.000292  0.000026
    16     62    992  -1032.624949  0.000280  0.000025
    17     58    986  -1032.624962  0.000265  0.000025
    18     55    990  -1032.624952  0.000270  0.000026
    19     52    988  -1032.624962  0.000258  0.000026
    20     50   1000  -1032.624996  0.000301  0.000030
    21     47    987  -1032.624968  0.000265  0.000028
    22     45    990  -1032.624954  0.000292  0.000031
    23     43    989  -1032.624954  0.000278  0.000030
    24     41    984  -1032.624965  0.000293  0.000033
    25     40   1000  -1032.625010  0.000258  0.000029
Fit (variance): plateau_var = 7.787034e-08 ± 3.091791e-09
Fit (error):    plateau = 0.000279 ± 0.000006
     autocorrelation length ~ 1.9 blocks
     plateau reached at block size ~ 8
Final AFQMC/pt2CCSD overlap ratio: 1.007239 ± 0.000138
Final AFQMC/pt2CCSD energy: -1032.625024 ± 0.000279
Total run time: 1751.76

AFQMC Sampling Finished

QMC script: /u/yzhang65/myprojects/software/afqmc/afqmc/scripts/run_afqmc_pt2ccsd.py
  => E_HF(ccl2o)      = -1031.8001871076 Eh
  => E_CCSD(ccl2o)    = -1032.5854840887 Eh
  => E_AFQMC(ccl2o)   = -1032.62502 +/- 0.00028 Eh

============================================================
Running: ccl3h  charge=0  spin=0
============================================================
output file: ../../result/molout/closed_shell/tz/ccl3h_vtzfp.out
Not a UHF solution. Convert to RHF

Preparing AFQMC calculation
Calculating Cholesky integrals
Finished calculating Cholesky integrals
Size of the correlation space:
Number of electrons:        [13, 13]
Number of basis functions:  125
Number of Cholesky vectors: 797

    ________                     _____                    
    ___  __ \___  __________________(_)_____________ _    
    __  /_/ /  / / /_  __ \_  __ \_  /__  __ \_  __ `/    
    _  _, _// /_/ /_  / / /  / / /  / _  / / /  /_/ /     
    /_/ |_| \__,_/ /_/ /_//_/ /_//_/  /_/ /_/_\__, /      
                                             /____/       
    _____________________________  ___________            
    ___    |__  ____/_  __ \__   |/  /_  ____/            
    __  /| |_  /_   _  / / /_  /|_/ /_  /                 
    _  ___ |  __/   / /_/ /_  /  / / / /___               
    /_/  |_/_/      \___\_\/_/  /_/  \____/               

Hostname:     gpue02.delta.ncsa.illinois.edu
System:       Linux
Node:         gpue02.delta.ncsa.illinois.edu
Release:      5.14.0-427.91.1.el9_4.x86_64
Machine:      x86_64
Processor:    x86_64
JAX backend:  GPU
JAX devices:  [CudaDevice(id=0)]
Device kind:  NVIDIA H200
Platform:     gpu

Load system from Integral File
Maximum memory per walker:            83.33 MB
Maximum number of Cholesky per chunk: 349
Number of Cholesky chunks:            3
Number of Cholesky per chunk:         266
Number of padding Cholesky:           1

QMC System
Number of electrons: (13, 13)
Spin Multiplicity:   0
Number of orbitals:  125
Number of Chol:      797

QMC Parameters
eql_time            :                   50
n_blocks            :                 1000
n_walkers           :                  300
max_error           :                  0.0
seed                :                   17
walker_type         :                  rhf
trial               :              pt2ccsd
mix_precision       :                 True
max_memory          :                25000
dt                  :                0.005
n_exp_terms         :                    6
n_prop_steps        :                   50
save_walkers        :                False
free_projection     :                False
n_batch             :                    1
nchol_chunk         :                  266

Initalize QMC walkers by stochastic CCSD

Equilibration
inv_T        weight  killW        energy   runTime
 0.00    300.000000      0  -1417.780442     56.68
 5.00    299.169767      0  -1417.830430     63.44
10.00    298.577489      1  -1417.834309     65.12
15.00    299.545412      0  -1417.811290     66.80
20.00    299.031027      0  -1417.819287     68.49
25.00    299.300174      0  -1417.832330     70.17
30.00    299.030610      0  -1417.785496     71.85
35.00    299.853304      0  -1417.853666     73.53
40.00    298.824967      0  -1417.826522     75.21
45.00    299.082357      0  -1417.836795     76.89
50.00    299.120065      0  -1417.831802     78.57

Sampling
blocks        weight  killW       E_Guide     error       E_Trial     error     olp_T/G     error  Walltime
    20    298.897045      0  -1417.828760  0.003923  -1417.819728  0.001429    1.003442  0.000126  112.20
    40    298.855321      0  -1417.829569  0.003970  -1417.820487  0.001009    1.003286  0.000144  143.44
    60    298.761651      0  -1417.827791  0.003308  -1417.820330  0.001031    1.003237  0.000101  174.81
    80    298.709421      0  -1417.825389  0.002927  -1417.819750  0.000838    1.003169  0.000083  206.19
   100    298.646743      0  -1417.824918  0.002357  -1417.819511  0.000703    1.003146  0.000094  237.58
   120    298.636815      0  -1417.824303  0.002748  -1417.819238  0.000640    1.003160  0.000085  268.96
   140    298.591419      1  -1417.823718  0.002451  -1417.819313  0.000583    1.003079  0.000112  300.36
   160    298.545003      1  -1417.823594  0.002209  -1417.819198  0.000525    1.003027  0.000104  331.72
   180    298.531461      1  -1417.824628  0.002108  -1417.819242  0.000489    1.003000  0.000094  363.08
   200    298.524475      1  -1417.823893  0.002000  -1417.819200  0.000457    1.002992  0.000085  394.44
   220    298.509680      1  -1417.823066  0.001870  -1417.819185  0.000427    1.002911  0.000096  425.82
   240    298.498740      1  -1417.823663  0.001760  -1417.819270  0.000405    1.002822  0.000109  457.24
   260    298.486110      1  -1417.823103  0.001657  -1417.819325  0.000386    1.002786  0.000104  488.69
   280    298.456753      1  -1417.822446  0.001636  -1417.819088  0.000368    1.002790  0.000099  519.99
   300    298.419165      1  -1417.821068  0.001789  -1417.819055  0.000351    1.002782  0.000093  552.61
   320    298.413456      1  -1417.821252  0.001681  -1417.819112  0.000336    1.002733  0.000094  583.96
   340    298.421199      1  -1417.821784  0.001688  -1417.819012  0.000324    1.002722  0.000090  615.48
   360    298.408634      1  -1417.821817  0.001605  -1417.818964  0.000311    1.002722  0.000085  646.86
   380    298.400165      1  -1417.821602  0.001532  -1417.818916  0.000302    1.002740  0.000081  678.24
   400    298.388205      1  -1417.821176  0.001522  -1417.818803  0.000290    1.002743  0.000077  709.64
   420    298.373308      1  -1417.820912  0.001589  -1417.818860  0.000287    1.002743  0.000074  741.00
   440    298.363714      1  -1417.821132  0.001629  -1417.818893  0.000281    1.002718  0.000079  772.38
   460    298.351494      1  -1417.820882  0.001556  -1417.818856  0.000273    1.002699  0.000078  803.76
   480    298.353660      1  -1417.821515  0.001556  -1417.818947  0.000269    1.002696  0.000075  835.12
   500    298.350137      1  -1417.821514  0.001504  -1417.818886  0.000262    1.002702  0.000072  866.47
   520    298.350607      1  -1417.821823  0.001466  -1417.818849  0.000255    1.002718  0.000076  897.87
   540    298.346238      1  -1417.821521  0.001408  -1417.818813  0.000249    1.002723  0.000075  929.25
   560    298.348190      1  -1417.821686  0.001372  -1417.818817  0.000245    1.002714  0.000072  960.60
   580    298.354368      1  -1417.822386  0.001412  -1417.818912  0.000240    1.002737  0.000071  991.98
   600    298.347330      1  -1417.822449  0.001396  -1417.818936  0.000235    1.002766  0.000074 1023.37
   620    298.348418      1  -1417.822796  0.001375  -1417.818947  0.000230    1.002759  0.000072 1054.75
   640    298.338614      2  -1417.822669  0.001419  -1417.818958  0.000226    1.002761  0.000070 1086.14
   660    298.341777      2  -1417.822756  0.001384  -1417.818939  0.000221    1.002756  0.000068 1117.65
   680    298.346225      2  -1417.822810  0.001352  -1417.818959  0.000220    1.002741  0.000068 1149.72
   700    298.336507      2  -1417.822278  0.001357  -1417.818924  0.000216    1.002738  0.000066 1182.61
   720    298.337785      2  -1417.822522  0.001419  -1417.818883  0.000211    1.002743  0.000068 1214.01
   740    298.336279      2  -1417.822512  0.001385  -1417.818824  0.000208    1.002769  0.000071 1245.45
   760    298.329969      2  -1417.822432  0.001371  -1417.818890  0.000209    1.002787  0.000072 1276.78
   780    298.329213      2  -1417.822668  0.001352  -1417.818929  0.000206    1.002783  0.000070 1308.15
   800    298.328020      2  -1417.822847  0.001349  -1417.818960  0.000203    1.002768  0.000069 1339.53
   820    298.324166      2  -1417.822661  0.001318  -1417.818970  0.000200    1.002771  0.000068 1370.90
   840    298.322260      2  -1417.822561  0.001295  -1417.818943  0.000198    1.002789  0.000070 1402.26
   860    298.320338      3  -1417.822197  0.001284  -1417.818897  0.000195    1.002803  0.000070 1433.62
   880    298.317358      3  -1417.822249  0.001273  -1417.818899  0.000192    1.002815  0.000069 1464.98
   900    298.317458      3  -1417.822153  0.001236  -1417.818921  0.000190    1.002830  0.000069 1496.36
   920    298.317445      3  -1417.822134  0.001247  -1417.818926  0.000188    1.002839  0.000073 1527.72
   940    298.319342      3  -1417.822172  0.001247  -1417.818915  0.000186    1.002848  0.000073 1559.07
   960    298.318111      3  -1417.822277  0.001223  -1417.818982  0.000185    1.002870  0.000072 1590.47
   980    298.317407      3  -1417.822433  0.001200  -1417.819051  0.000194    1.002873  0.000074 1621.84
  1000    298.314739      3  -1417.822455  0.001177  -1417.819041  0.000192    1.002891  0.000076 1653.22

Post Propagation Process
Total number of samples 1000
Raw AFQMC/HF (Guide) energy:           -1417.822455 ± 0.001177
Raw Trial/Guide overlap ratio:          1.002891 ± 0.000076
Raw AFQMC/pt2CCSD energy (covariance): -1417.819041 ± 0.000192
Raw AFQMC/pt2CCSD energy (dir sample): -1417.819041 ± 0.000160

Remove Outliers
removing energies outside zeta > 30
Outlier energy bound [-1417.945723, -1417.691172]
Removed 0 outliers with energies []
Clean AFQMC/pt2CCSD overlap ratio:        1.002891 ± 0.000076
Clean AFQMC/pt2CCSD energy (covariance): -1417.819041 ± 0.000192
Clean AFQMC/ptCCSD energy (dir sample):  -1417.819041 ± 0.000160

Blocking Analysis
nsample = 1000, max_block_size = 25, min_nblocks = 40
   B    NB    NS  Observable     Error    dError
   1  1000  1000    1.002891  0.000022  0.000000
   2   500  1000    1.002891  0.000029  0.000001
   3   333   999    1.002890  0.000034  0.000001
   4   250  1000    1.002891  0.000039  0.000002
   5   200  1000    1.002891  0.000042  0.000002
   6   166   996    1.002887  0.000045  0.000002
   7   142   994    1.002885  0.000048  0.000003
   8   125  1000    1.002891  0.000051  0.000003
   9   111   999    1.002890  0.000051  0.000003
  10   100  1000    1.002891  0.000054  0.000004
  11    90   990    1.002883  0.000057  0.000004
  12    83   996    1.002887  0.000057  0.000004
  13    76   988    1.002880  0.000060  0.000005
  14    71   994    1.002885  0.000060  0.000005
  15    66   990    1.002883  0.000062  0.000005
  16    62   992    1.002884  0.000063  0.000006
  17    58   986    1.002880  0.000065  0.000006
  18    55   990    1.002882  0.000067  0.000006
  19    52   988    1.002880  0.000065  0.000006
  20    50  1000    1.002891  0.000068  0.000007
  21    47   987    1.002880  0.000068  0.000007
  22    45   990    1.002882  0.000068  0.000007
  23    43   989    1.002881  0.000073  0.000008
  24    41   984    1.002877  0.000070  0.000008
  25    40  1000    1.002891  0.000076  0.000009
Fit (variance): plateau_var = 6.246e-09 ± 1.012e-09
Fit (error):    plateau = 0.000079 ± 0.000006
     autocorrelation length ~ 15.6 blocks
     plateau reached at block size ~ 72
     !!!Failed to reach plateau in blocking
     Return max block error
nclean = 1000, max_block_size = 25, min_nblocks = 40
Blk_SZ   NBlk   NSmp      Energy     Error    dError
     1   1000   1000  -1417.818909  0.000160  0.000004
     2    500   1000  -1417.818936  0.000179  0.000006
     3    333    999  -1417.818955  0.000189  0.000007
     4    250   1000  -1417.818967  0.000200  0.000009
     5    200   1000  -1417.818972  0.000200  0.000010
     6    166    996  -1417.818998  0.000194  0.000011
     7    142    994  -1417.819004  0.000203  0.000012
     8    125   1000  -1417.818997  0.000215  0.000014
     9    111    999  -1417.818999  0.000207  0.000014
    10    100   1000  -1417.818999  0.000211  0.000015
    11     90    990  -1417.819031  0.000226  0.000017
    12     83    996  -1417.819016  0.000209  0.000016
    13     76    988  -1417.819051  0.000219  0.000018
    14     71    994  -1417.819027  0.000217  0.000018
    15     66    990  -1417.819040  0.000214  0.000019
    16     62    992  -1417.819026  0.000218  0.000020
    17     58    986  -1417.819053  0.000233  0.000022
    18     55    990  -1417.819040  0.000212  0.000020
    19     52    988  -1417.819057  0.000240  0.000024
    20     50   1000  -1417.819017  0.000200  0.000020
    21     47    987  -1417.819059  0.000233  0.000024
    22     45    990  -1417.819048  0.000246  0.000026
    23     43    989  -1417.819049  0.000239  0.000026
    24     41    984  -1417.819045  0.000222  0.000025
    25     40   1000  -1417.819021  0.000244  0.000028
Fit (variance): plateau_var = 4.850546e-08 ± 2.700219e-09
Fit (error):    plateau = 0.000220 ± 0.000006
     autocorrelation length ~ 3.9 blocks
     plateau reached at block size ~ 17
Final AFQMC/pt2CCSD overlap ratio: 1.002891 ± 0.000076
Final AFQMC/pt2CCSD energy: -1417.819041 ± 0.000220
Total run time: 1685.01

AFQMC Sampling Finished

QMC script: /u/yzhang65/myprojects/software/afqmc/afqmc/scripts/run_afqmc_pt2ccsd.py
  => E_HF(ccl3h)      = -1417.0002630813 Eh
  => E_CCSD(ccl3h)    = -1417.7813964905 Eh
  => E_AFQMC(ccl3h)   = -1417.81904 +/- 0.00022 Eh

============================================================
Running: clf5  charge=0  spin=0
============================================================
overwrite output file: ../../result/molout/closed_shell/tz/clf5_vtzfp.out
Not a UHF solution. Convert to RHF

Preparing AFQMC calculation
Calculating Cholesky integrals
Finished calculating Cholesky integrals
Size of the correlation space:
Number of electrons:        [21, 21]
Number of basis functions:  174
Number of Cholesky vectors: 1156

    ________                     _____                    
    ___  __ \___  __________________(_)_____________ _    
    __  /_/ /  / / /_  __ \_  __ \_  /__  __ \_  __ `/    
    _  _, _// /_/ /_  / / /  / / /  / _  / / /  /_/ /     
    /_/ |_| \__,_/ /_/ /_//_/ /_//_/  /_/ /_/_\__, /      
                                             /____/       
    _____________________________  ___________            
    ___    |__  ____/_  __ \__   |/  /_  ____/            
    __  /| |_  /_   _  / / /_  /|_/ /_  /                 
    _  ___ |  __/   / /_/ /_  /  / / / /___               
    /_/  |_/_/      \___\_\/_/  /_/  \____/               

Hostname:     gpue02.delta.ncsa.illinois.edu
System:       Linux
Node:         gpue02.delta.ncsa.illinois.edu
Release:      5.14.0-427.91.1.el9_4.x86_64
Machine:      x86_64
Processor:    x86_64
JAX backend:  GPU
JAX devices:  [CudaDevice(id=0)]
Device kind:  NVIDIA H200
Platform:     gpu

Load system from Integral File
Maximum memory per walker:            83.33 MB
Maximum number of Cholesky per chunk: 180
Number of Cholesky chunks:            7
Number of Cholesky per chunk:         166
Number of padding Cholesky:           6

QMC System
Number of electrons: (21, 21)
Spin Multiplicity:   0
Number of orbitals:  174
Number of Chol:      1156

QMC Parameters
eql_time            :                   50
n_blocks            :                 1000
n_walkers           :                  300
max_error           :                  0.0
seed                :                   17
walker_type         :                  rhf
trial               :              pt2ccsd
mix_precision       :                 True
max_memory          :                25000
dt                  :                0.005
n_exp_terms         :                    6
n_prop_steps        :                   50
save_walkers        :                False
free_projection     :                False
n_batch             :                    1
nchol_chunk         :                  166

Initalize QMC walkers by stochastic CCSD

Equilibration
inv_T        weight  killW        energy   runTime
 0.00    300.000000      0   -957.948295     59.62
 5.00    299.649202      0   -958.092708     68.49
10.00    298.988772      0   -958.053213     72.24
15.00    298.158735      0   -958.087197     76.00
20.00    299.343541      0   -958.072624     79.75
25.00    299.368094      0   -958.042080     83.50
30.00    296.904235      0   -958.049654     87.25
35.00    298.846917      0   -958.000626     91.00
40.00    297.205673      0   -957.961541     94.75
45.00    298.546548      0   -958.103088     98.50
50.00    299.137741      0   -958.058042    102.25

Sampling
blocks        weight  killW       E_Guide     error       E_Trial     error     olp_T/G     error  Walltime
    20    298.471720      0   -958.027043  0.016987   -958.011936  0.003380    1.012883  0.000591  166.70
    40    298.188720      2   -958.026939  0.009754   -958.007891  0.002734    1.013843  0.000701  228.60
    60    298.104332      2   -958.020495  0.008435   -958.008105  0.002108    1.014223  0.000495  290.65
    80    297.981668      2   -958.019737  0.006815   -958.007751  0.001787    1.013845  0.000524  352.73
   100    298.029598      4   -958.024186  0.006374   -958.008165  0.001564    1.013908  0.000465  414.83
   120    297.987455      4   -958.026458  0.005907   -958.008039  0.001551    1.014225  0.000463  476.94
   140    297.879791      4   -958.026239  0.005235   -958.008866  0.001439    1.014004  0.000485  539.00
   160    297.824876      6   -958.026195  0.005155   -958.008864  0.001454    1.013988  0.000431  601.56
   180    297.746581      7   -958.025138  0.004886   -958.008868  0.001337    1.014050  0.000411  665.74
   200    297.692294      7   -958.023617  0.004702   -958.009128  0.001297    1.014219  0.000387  727.79
   220    297.592867      7   -958.020978  0.004833   -958.008627  0.001228    1.014253  0.000356  789.88
   240    297.535081      8   -958.020427  0.004419   -958.008562  0.001196    1.014119  0.000338  851.98
   260    297.498412      8   -958.018987  0.004176   -958.008129  0.001135    1.013985  0.000339  914.08
   280    297.507676      8   -958.019627  0.003929   -958.008150  0.001084    1.013986  0.000321  976.17
   300    297.488116      8   -958.019861  0.003767   -958.008168  0.001029    1.013978  0.000313 1038.31
   320    297.454390      8   -958.020740  0.003571   -958.008356  0.001014    1.014012  0.000295 1100.41
   340    297.443956      8   -958.020782  0.003359   -958.008428  0.000979    1.013978  0.000282 1162.44
   360    297.423344      8   -958.020945  0.003214   -958.008377  0.000933    1.014113  0.000283 1226.09
   380    297.437116      9   -958.020759  0.003082   -958.008478  0.000904    1.014361  0.000325 1289.01
   400    297.454376     14   -958.022613  0.003334   -958.008620  0.000889    1.014263  0.000324 1351.08
   420    297.428724     14   -958.021085  0.003311   -958.008355  0.000855    1.014238  0.000310 1413.16
   440    297.402464     14   -958.020114  0.003329   -958.008297  0.000829    1.014240  0.000305 1475.22
   460    297.393500     15   -958.019900  0.003300   -958.008393  0.000806    1.014196  0.000298 1537.32
   480    297.389222     17   -958.019988  0.003280   -958.008389  0.000783    1.014117  0.000299 1599.42
   500    297.375790     17   -958.020845  0.003252   -958.008825  0.000858    1.014126  0.000295 1661.50
   520    297.369288     18   -958.020657  0.003259   -958.008744  0.000834    1.014310  0.000324 1723.61
   540    297.367328     18   -958.021230  0.003239   -958.008639  0.000808    1.014456  0.000335 1785.72
   560    297.383571     18   -958.021650  0.003109   -958.008564  0.000785    1.014427  0.000321 1847.89
   580    297.379995     18   -958.021762  0.003040   -958.008538  0.000771    1.014312  0.000320 1910.40
   600    297.373902     18   -958.021249  0.003056   -958.008412  0.000757    1.014292  0.000325 1972.38
   620    297.376621     18   -958.021412  0.002980   -958.008351  0.000742    1.014268  0.000320 2035.37
   640    297.369476     18   -958.021790  0.002942   -958.008587  0.000727    1.014267  0.000317 2098.72
   660    297.373201     19   -958.021565  0.002809   -958.008638  0.000716    1.014239  0.000305 2160.81
   680    297.361842     20   -958.021687  0.002750   -958.008728  0.000706    1.014200  0.000314 2222.89
   700    297.357494     20   -958.021572  0.002708   -958.008665  0.000696    1.014204  0.000307 2284.98
   720    297.359312     20   -958.021601  0.002758   -958.008579  0.000684    1.014192  0.000301 2347.11
   740    297.355182     20   -958.021065  0.002757   -958.008537  0.000674    1.014232  0.000295 2409.20
   760    297.342224     20   -958.020900  0.002709   -958.008497  0.000668    1.014215  0.000289 2471.32
   780    297.341814     20   -958.021421  0.002677   -958.008654  0.000658    1.014139  0.000283 2533.43
   800    297.334084     22   -958.021466  0.002678   -958.008718  0.000652    1.014038  0.000299 2595.51
   820    297.340541     22   -958.021493  0.002657   -958.008811  0.000644    1.013981  0.000298 2657.66
   840    297.339144     23   -958.021490  0.002632   -958.008792  0.000635    1.014014  0.000309 2721.99
   860    297.336629     23   -958.021037  0.002627   -958.008698  0.000625    1.013981  0.000309 2784.03
   880    297.336613     23   -958.021237  0.002610   -958.008765  0.000616    1.013939  0.000304 2846.11
   900    297.334630     23   -958.021390  0.002610   -958.008879  0.000610    1.013922  0.000299 2908.45
   920    297.331009     24   -958.021559  0.002553   -958.008874  0.000600    1.013923  0.000293 2970.53
   940    297.331502     24   -958.021912  0.002518   -958.008985  0.000596    1.013964  0.000286 3032.61
   960    297.338229     25   -958.022508  0.002461   -958.008975  0.000594    1.013982  0.000292 3094.67
   980    297.335425     26   -958.022047  0.002448   -958.008846  0.000586    1.014017  0.000286 3156.76
  1000    297.319944     28   -958.021443  0.002477   -958.008751  0.000579    1.014094  0.000289 3218.81

Post Propagation Process
Total number of samples 1000
Raw AFQMC/HF (Guide) energy:           -958.021443 ± 0.002477
Raw Trial/Guide overlap ratio:          1.014094 ± 0.000289
Raw AFQMC/pt2CCSD energy (covariance): -958.008751 ± 0.000579
Raw AFQMC/pt2CCSD energy (dir sample): -958.008751 ± 0.000473

Remove Outliers
removing energies outside zeta > 30
Outlier energy bound [-958.359247, -957.652946]
Removed 0 outliers with energies []
Clean AFQMC/pt2CCSD overlap ratio:        1.014094 ± 0.000289
Clean AFQMC/pt2CCSD energy (covariance): -958.008751 ± 0.000579
Clean AFQMC/ptCCSD energy (dir sample):  -958.008751 ± 0.000473

Blocking Analysis
nsample = 1000, max_block_size = 25, min_nblocks = 40
   B    NB    NS  Observable     Error    dError
   1  1000  1000    1.014095  0.000090  0.000002
   2   500  1000    1.014094  0.000122  0.000004
   3   333   999    1.014086  0.000143  0.000006
   4   250  1000    1.014094  0.000162  0.000007
   5   200  1000    1.014094  0.000178  0.000009
   6   166   996    1.014068  0.000188  0.000010
   7   142   994    1.014066  0.000198  0.000012
   8   125  1000    1.014094  0.000209  0.000013
   9   111   999    1.014086  0.000217  0.000015
  10   100  1000    1.014094  0.000226  0.000016
  11    90   990    1.014052  0.000231  0.000017
  12    83   996    1.014068  0.000240  0.000019
  13    76   988    1.014045  0.000247  0.000020
  14    71   994    1.014065  0.000243  0.000021
  15    66   990    1.014052  0.000260  0.000023
  16    62   992    1.014060  0.000257  0.000023
  17    58   986    1.014040  0.000267  0.000025
  18    55   990    1.014052  0.000261  0.000025
  19    52   988    1.014044  0.000272  0.000027
  20    50  1000    1.014094  0.000261  0.000026
  21    47   987    1.014043  0.000286  0.000030
  22    45   990    1.014052  0.000276  0.000029
  23    43   989    1.014047  0.000261  0.000029
  24    41   984    1.014031  0.000277  0.000031
  25    40  1000    1.014094  0.000289  0.000033
Fit (variance): plateau_var = 8.849e-08 ± 1.058e-08
Fit (error):    plateau = 0.000297 ± 0.000018
     autocorrelation length ~ 11.8 blocks
     plateau reached at block size ~ 55
     !!!Failed to reach plateau in blocking
     Return max block error
nclean = 1000, max_block_size = 25, min_nblocks = 40
Blk_SZ   NBlk   NSmp      Energy     Error    dError
     1   1000   1000  -958.008309  0.000473  0.000011
     2    500   1000  -958.008426  0.000509  0.000016
     3    333    999  -958.008470  0.000519  0.000020
     4    250   1000  -958.008512  0.000522  0.000023
     5    200   1000  -958.008522  0.000524  0.000026
     6    166    996  -958.008566  0.000521  0.000029
     7    142    994  -958.008587  0.000526  0.000031
     8    125   1000  -958.008586  0.000540  0.000034
     9    111    999  -958.008607  0.000506  0.000034
    10    100   1000  -958.008628  0.000492  0.000035
    11     90    990  -958.008660  0.000545  0.000041
    12     83    996  -958.008636  0.000558  0.000044
    13     76    988  -958.008669  0.000564  0.000046
    14     71    994  -958.008662  0.000501  0.000042
    15     66    990  -958.008664  0.000581  0.000051
    16     62    992  -958.008697  0.000547  0.000050
    17     58    986  -958.008743  0.000532  0.000050
    18     55    990  -958.008685  0.000544  0.000052
    19     52    988  -958.008725  0.000544  0.000054
    20     50   1000  -958.008679  0.000507  0.000051
    21     47    987  -958.008731  0.000488  0.000051
    22     45    990  -958.008698  0.000581  0.000062
    23     43    989  -958.008730  0.000577  0.000063
    24     41    984  -958.008789  0.000547  0.000061
    25     40   1000  -958.008674  0.000518  0.000059
Fit (variance): plateau_var = 2.786366e-07 ± 9.656028e-09
Fit (error):    plateau = 0.000528 ± 0.000009
     autocorrelation length ~ 1.1 blocks
     plateau reached at block size ~ 5
Final AFQMC/pt2CCSD overlap ratio: 1.014094 ± 0.000289
Final AFQMC/pt2CCSD energy: -958.008751 ± 0.000528
Total run time: 3275.71

AFQMC Sampling Finished

QMC script: /u/yzhang65/myprojects/software/afqmc/afqmc/scripts/run_afqmc_pt2ccsd.py
  => E_HF(clf5)      = -956.3983423478 Eh
  => E_CCSD(clf5)    = -957.9445931577 Eh
  => E_AFQMC(clf5)   = -958.00875 +/- 0.00053 Eh

============================================================
Running: clno  charge=0  spin=0
============================================================
output file: ../../result/molout/closed_shell/tz/clno_vtzfp.out

Preparing AFQMC calculation
Calculating Cholesky integrals
Alpha Cholesky shape: (560, 94, 94) 
 Beta Cholesky shape: (560, 94, 94) 
Finished calculating Cholesky integrals
Size of the correlation space:
Number of electrons:        [9 9]
Number of basis functions:  87
Number of Cholesky vectors: 560

    ________                     _____                    
    ___  __ \___  __________________(_)_____________ _    
    __  /_/ /  / / /_  __ \_  __ \_  /__  __ \_  __ `/    
    _  _, _// /_/ /_  / / /  / / /  / _  / / /  /_/ /     
    /_/ |_| \__,_/ /_/ /_//_/ /_//_/  /_/ /_/_\__, /      
                                             /____/       
    _____________________________  ___________            
    ___    |__  ____/_  __ \__   |/  /_  ____/            
    __  /| |_  /_   _  / / /_  /|_/ /_  /                 
    _  ___ |  __/   / /_/ /_  /  / / / /___               
    /_/  |_/_/      \___\_\/_/  /_/  \____/               

Hostname:     gpue02.delta.ncsa.illinois.edu
System:       Linux
Node:         gpue02.delta.ncsa.illinois.edu
Release:      5.14.0-427.91.1.el9_4.x86_64
Machine:      x86_64
Processor:    x86_64
JAX backend:  GPU
JAX devices:  [CudaDevice(id=0)]
Device kind:  NVIDIA H200
Platform:     gpu

Load system from Integral File
Maximum memory per walker:            83.33 MB
Maximum number of Cholesky per chunk: 360
Number of Cholesky chunks:            2
Number of Cholesky per chunk:         280
Number of padding Cholesky:           0

QMC System
Number of electrons: (9, 9)
Spin Multiplicity:   0
Number of orbitals:  87
Number of Chol:      560

QMC Parameters
eql_time            :                   50
n_blocks            :                 1000
n_walkers           :                  300
max_error           :                  0.0
seed                :                   17
walker_type         :                  uhf
trial               :             upt2ccsd
mix_precision       :                 True
max_memory          :                25000
dt                  :                0.005
n_exp_terms         :                    6
n_prop_steps        :                   50
save_walkers        :                False
free_projection     :                False
n_batch             :                    1
nchol_chunk         :                  280

Initalize QMC walkers by stochastic CCSD

Equilibration
inv_T        weight  killW        energy   runTime
 0.00    300.000000      0   -589.401909     89.87
 5.00    298.395308      0   -589.450249     99.07
10.00    299.186590      0   -589.438795    100.89
15.00    299.877538      0   -589.507934    102.72
20.00    298.101034      0   -589.415818    104.55
25.00    299.753068      0   -589.517327    106.38
30.00    299.189319      0   -589.424155    108.21
35.00    298.273913      0   -589.430266    110.04
40.00    299.949888      0   -589.479042    111.86
45.00    299.278305      0   -589.442539    113.69
50.00    299.582553      0   -589.486550    115.52

Sampling
blocks        weight  killW       E_Guide     error       E_Trial     error     olp_T/G     error  Walltime
    20    298.737479      0   -589.444194  0.009363   -589.441890  0.002112    1.100675  0.002034  130.89
    40    298.710923      1   -589.445911  0.005182   -589.441757  0.001802    1.098744  0.002373  139.90
    60    298.728711      5   -589.447531  0.003628   -589.443163  0.001474    1.097882  0.001848  149.03
    80    298.799953      6   -589.452143  0.004755   -589.444413  0.001949    1.100871  0.002725  158.16
   100    298.747987      6   -589.454438  0.004418   -589.445305  0.001822    1.099693  0.002400  167.28
   120    298.639031      7   -589.450788  0.004615   -589.444240  0.001695    1.100608  0.002092  176.40
   140    298.604214     10   -589.450688  0.003997   -589.444449  0.001505    1.099858  0.001853  185.53
   160    298.592981     10   -589.450005  0.003658   -589.444760  0.001355    1.098605  0.001829  194.65
   180    298.552071     10   -589.450275  0.003332   -589.444711  0.001234    1.099227  0.001685  203.78
   200    298.524183     12   -589.450777  0.003050   -589.444502  0.001127    1.099413  0.001522  212.90
   220    298.532224     12   -589.451850  0.002798   -589.444824  0.001061    1.099189  0.001398  222.03
   240    298.516245     12   -589.452234  0.002652   -589.444560  0.001007    1.098813  0.001310  231.15
   260    298.487418     12   -589.451050  0.002619   -589.444423  0.000944    1.098659  0.001219  240.27
   280    298.459074     13   -589.450292  0.002488   -589.444290  0.000890    1.098144  0.001186  249.39
   300    298.431676     13   -589.449729  0.002452   -589.444106  0.000842    1.097807  0.001148  258.52
   320    298.418611     15   -589.448909  0.002387   -589.444220  0.000807    1.097462  0.001103  267.65
   340    298.416341     17   -589.449468  0.002269   -589.444238  0.000785    1.097348  0.001046  276.77
   360    298.406191     18   -589.449373  0.002141   -589.444171  0.000750    1.097177  0.000997  285.89
   380    298.390407     21   -589.449268  0.002153   -589.444066  0.000718    1.097207  0.000954  295.02
   400    298.398242     22   -589.449801  0.002098   -589.444336  0.000697    1.097317  0.000910  304.14
   420    298.397716     22   -589.449965  0.002048   -589.444290  0.000676    1.097315  0.000866  313.27
   440    298.399710     22   -589.450116  0.001966   -589.444224  0.000651    1.097635  0.000864  322.39
   460    298.393425     22   -589.449714  0.001932   -589.444282  0.000631    1.097798  0.000871  331.52
   480    298.392528     23   -589.449581  0.001871   -589.444223  0.000608    1.097744  0.000836  340.64
   500    298.380084     25   -589.448951  0.001851   -589.444074  0.000590    1.098045  0.000850  349.76
   520    298.373575     26   -589.449017  0.001793   -589.444155  0.000581    1.098179  0.000827  358.89
   540    298.367312     27   -589.448592  0.001752   -589.444097  0.000565    1.098242  0.000798  368.02
   560    298.367729     29   -589.448757  0.001727   -589.444096  0.000555    1.098256  0.000807  377.14
   580    298.358985     30   -589.448920  0.001700   -589.444119  0.000544    1.098318  0.000788  386.27
   600    298.350267     30   -589.448969  0.001654   -589.444088  0.000534    1.098143  0.000794  395.39
   620    298.346074     33   -589.449007  0.001649   -589.444251  0.000539    1.098036  0.000774  404.51
   640    298.343456     38   -589.448939  0.001602   -589.444292  0.000529    1.098024  0.000783  413.64
   660    298.343699     40   -589.449379  0.001611   -589.444640  0.000555    1.097893  0.000769  422.77
   680    298.344440     41   -589.449304  0.001589   -589.445272  0.000765    1.097758  0.000790  431.90
   700    298.341792     43   -589.449515  0.001551   -589.445316  0.000748    1.097607  0.000779  441.02
   720    298.336825     44   -589.449667  0.001516   -589.445261  0.000730    1.097469  0.000789  450.15
   740    298.334974     44   -589.449309  0.001529   -589.445134  0.000713    1.097554  0.000777  459.27
   760    298.325639     45   -589.448999  0.001499   -589.444991  0.000698    1.097599  0.000764  468.39
   780    298.326999     46   -589.449375  0.001468   -589.445104  0.000684    1.097497  0.000750  477.62
   800    298.324734     47   -589.449358  0.001440   -589.445085  0.000670    1.097435  0.000722  486.64
   820    298.323143     52   -589.449597  0.001493   -589.445240  0.000662    1.097537  0.000707  495.77
   840    298.320190     53   -589.449295  0.001495   -589.445224  0.000648    1.097641  0.000742  504.89
   860    298.312584     54   -589.448767  0.001496   -589.445178  0.000635    1.097610  0.000726  514.02
   880    298.309516     58   -589.448553  0.001561   -589.444983  0.000631    1.097626  0.000712  525.41
   900    298.301710     59   -589.448350  0.001547   -589.444994  0.000619    1.097464  0.000701  534.53
   920    298.302415     60   -589.448408  0.001516   -589.445002  0.000607    1.097295  0.000705  543.66
   940    298.301959     60   -589.448336  0.001486   -589.444997  0.000596    1.097323  0.000694  552.78
   960    298.296676     60   -589.448143  0.001473   -589.445015  0.000585    1.097393  0.000683  562.44
   980    298.295472     60   -589.447979  0.001462   -589.445053  0.000574    1.097531  0.000677  571.45
  1000    298.296028     61   -589.447921  0.001432   -589.445059  0.000565    1.097536  0.000675  580.58

Post Propagation Process
Total number of samples 1000
Raw AFQMC/HF (Guide) energy:           -589.447921 ± 0.001432
Raw Trial/Guide overlap ratio:          1.097536 ± 0.000675
Raw AFQMC/pt2CCSD energy (covariance): -589.445059 ± 0.000565
Raw AFQMC/pt2CCSD energy (dir sample): -589.445059 ± 0.000495

Remove Outliers
removing energies outside zeta > 30
Outlier energy bound [-589.677957, -589.208413]
Removed 1 outliers with energies [-589.80366429]
Clean AFQMC/pt2CCSD overlap ratio:        1.097537 ± 0.000667
Clean AFQMC/pt2CCSD energy (covariance): -589.444700 ± 0.000430
Clean AFQMC/ptCCSD energy (dir sample):  -589.444700 ± 0.000341

Blocking Analysis
nsample = 999, max_block_size = 24, min_nblocks = 40
   B    NB    NS  Observable     Error    dError
   1   999   999    1.097538  0.000216  0.000005
   2   499   998    1.097533  0.000293  0.000009
   3   333   999    1.097538  0.000348  0.000014
   4   249   996    1.097531  0.000392  0.000018
   5   199   995    1.097529  0.000429  0.000022
   6   166   996    1.097531  0.000457  0.000025
   7   142   994    1.097523  0.000483  0.000029
   8   124   992    1.097522  0.000516  0.000033
   9   111   999    1.097537  0.000529  0.000036
  10    99   990    1.097523  0.000564  0.000040
  11    90   990    1.097523  0.000552  0.000041
  12    83   996    1.097530  0.000579  0.000045
  13    76   988    1.097516  0.000592  0.000048
  14    71   994    1.097523  0.000616  0.000052
  15    66   990    1.097523  0.000642  0.000056
  16    62   992    1.097522  0.000589  0.000053
  17    58   986    1.097516  0.000651  0.000061
  18    55   990    1.097523  0.000661  0.000064
  19    52   988    1.097515  0.000631  0.000062
  20    49   980    1.097534  0.000637  0.000065
  21    47   987    1.097514  0.000637  0.000066
  22    45   990    1.097523  0.000610  0.000065
  23    43   989    1.097518  0.000667  0.000073
  24    41   984    1.097527  0.000642  0.000072
Fit (variance): plateau_var = 4.875e-07 ± 5.467e-08
Fit (error):    plateau = 0.000698 ± 0.000039
     autocorrelation length ~ 10.7 blocks
     plateau reached at block size ~ 50
     !!!Failed to reach plateau in blocking
     Return max block error
nclean = 999, max_block_size = 24, min_nblocks = 40
Blk_SZ   NBlk   NSmp      Energy     Error    dError
     1    999    999  -589.444421  0.000341  0.000008
     2    499    998  -589.444491  0.000377  0.000012
     3    333    999  -589.444527  0.000405  0.000016
     4    249    996  -589.444550  0.000411  0.000018
     5    199    995  -589.444573  0.000437  0.000022
     6    166    996  -589.444596  0.000419  0.000023
     7    142    994  -589.444599  0.000445  0.000027
     8    124    992  -589.444625  0.000399  0.000025
     9    111    999  -589.444622  0.000442  0.000030
    10     99    990  -589.444629  0.000474  0.000034
    11     90    990  -589.444646  0.000431  0.000032
    12     83    996  -589.444636  0.000411  0.000032
    13     76    988  -589.444677  0.000445  0.000036
    14     71    994  -589.444648  0.000467  0.000039
    15     66    990  -589.444650  0.000478  0.000042
    16     62    992  -589.444676  0.000407  0.000037
    17     58    986  -589.444693  0.000451  0.000042
    18     55    990  -589.444670  0.000421  0.000041
    19     52    988  -589.444691  0.000489  0.000048
    20     49    980  -589.444645  0.000496  0.000051
    21     47    987  -589.444704  0.000468  0.000049
    22     45    990  -589.444682  0.000453  0.000048
    23     43    989  -589.444696  0.000461  0.000050
    24     41    984  -589.444661  0.000421  0.000047
Fit (variance): plateau_var = 1.947056e-07 ± 8.726862e-09
Fit (error):    plateau = 0.000441 ± 0.000010
     autocorrelation length ~ 2.5 blocks
     plateau reached at block size ~ 11
Final AFQMC/pt2CCSD overlap ratio: 1.097537 ± 0.000667
Final AFQMC/pt2CCSD energy: -589.444700 ± 0.000441
Total run time: 596.50

AFQMC Sampling Finished

QMC script: /u/yzhang65/myprojects/software/afqmc/afqmc/scripts/run_afqmc_pt2ccsd.py
  => E_HF(clno)      = -588.7712339887 Eh
  => E_CCSD(clno)    = -589.4062281947 Eh
  => E_AFQMC(clno)   = -589.44470 +/- 0.00044 Eh

============================================================
Running: cloocl  charge=0  spin=0
============================================================
output file: ../../result/molout/closed_shell/tz/cloocl_vtzfp.out
Not a UHF solution. Convert to RHF

Preparing AFQMC calculation
Calculating Cholesky integrals
Finished calculating Cholesky integrals
Size of the correlation space:
Number of electrons:        [13, 13]
Number of basis functions:  116
Number of Cholesky vectors: 765

    ________                     _____                    
    ___  __ \___  __________________(_)_____________ _    
    __  /_/ /  / / /_  __ \_  __ \_  /__  __ \_  __ `/    
    _  _, _// /_/ /_  / / /  / / /  / _  / / /  /_/ /     
    /_/ |_| \__,_/ /_/ /_//_/ /_//_/  /_/ /_/_\__, /      
                                             /____/       
    _____________________________  ___________            
    ___    |__  ____/_  __ \__   |/  /_  ____/            
    __  /| |_  /_   _  / / /_  /|_/ /_  /                 
    _  ___ |  __/   / /_/ /_  /  / / / /___               
    /_/  |_/_/      \___\_\/_/  /_/  \____/               

Hostname:     gpue02.delta.ncsa.illinois.edu
System:       Linux
Node:         gpue02.delta.ncsa.illinois.edu
Release:      5.14.0-427.91.1.el9_4.x86_64
Machine:      x86_64
Processor:    x86_64
JAX backend:  GPU
JAX devices:  [CudaDevice(id=0)]
Device kind:  NVIDIA H200
Platform:     gpu

Load system from Integral File
Maximum memory per walker:            83.33 MB
Maximum number of Cholesky per chunk: 405
Number of Cholesky chunks:            2
Number of Cholesky per chunk:         383
Number of padding Cholesky:           1

QMC System
Number of electrons: (13, 13)
Spin Multiplicity:   0
Number of orbitals:  116
Number of Chol:      765

QMC Parameters
eql_time            :                   50
n_blocks            :                 1000
n_walkers           :                  300
max_error           :                  0.0
seed                :                   17
walker_type         :                  rhf
trial               :              pt2ccsd
mix_precision       :                 True
max_memory          :                25000
dt                  :                0.005
n_exp_terms         :                    6
n_prop_steps        :                   50
save_walkers        :                False
free_projection     :                False
n_batch             :                    1
nchol_chunk         :                  383

Initalize QMC walkers by stochastic CCSD

Equilibration
inv_T        weight  killW        energy   runTime
 0.00    300.000000      0  -1069.455720     26.73
 5.00    298.664137      0  -1069.471529     33.08
10.00    297.568433      0  -1069.498018     34.55
15.00    298.523239      0  -1069.510533     36.03
20.00    298.843207      0  -1069.530469     37.50
25.00    298.325429      0  -1069.517632     38.98
30.00    299.170972      0  -1069.552684     40.45
35.00    298.616901      0  -1069.516367     41.92
40.00    296.842656      0  -1069.483518     43.44
45.00    300.023646      0  -1069.552045     44.92
50.00    299.974842      0  -1069.519204     46.39

Sampling
blocks        weight  killW       E_Guide     error       E_Trial     error     olp_T/G     error  Walltime
    20    298.645458      0  -1069.529628  0.014535  -1069.506791  0.002660    1.023307  0.000955   82.47
    40    298.441851      1  -1069.512372  0.014120  -1069.503557  0.001687    1.021207  0.001397  116.09
    60    298.354647      2  -1069.511238  0.010512  -1069.504978  0.002232    1.019412  0.001478  149.93
    80    298.416247      2  -1069.514063  0.007726  -1069.505398  0.001754    1.018437  0.001236  183.78
   100    298.335168      2  -1069.510505  0.006281  -1069.504570  0.001462    1.017925  0.001027  217.64
   120    298.233626      2  -1069.508242  0.005353  -1069.504907  0.001402    1.017410  0.000922  251.53
   140    298.186882      3  -1069.508543  0.004670  -1069.504974  0.001258    1.016980  0.000848  285.38
   160    298.155224      3  -1069.508160  0.004113  -1069.504452  0.001135    1.016404  0.000837  319.22
   180    298.134975      5  -1069.508259  0.003722  -1069.505193  0.001132    1.016471  0.000749  353.06
   200    298.120525      5  -1069.509277  0.003436  -1069.505435  0.001047    1.016653  0.000687  386.91
   220    298.106895      5  -1069.509899  0.003371  -1069.505481  0.000974    1.016623  0.000624  420.78
   240    298.095106      5  -1069.510753  0.003231  -1069.505598  0.000956    1.016486  0.000581  454.66
   260    298.073510      9  -1069.512011  0.003170  -1069.505913  0.000909    1.016172  0.000581  488.48
   280    298.057527     10  -1069.512250  0.002937  -1069.505753  0.000872    1.016103  0.000541  522.52
   300    298.032557     10  -1069.512215  0.002759  -1069.505155  0.000849    1.016117  0.000505  556.51
   320    298.013566     11  -1069.512615  0.002601  -1069.505343  0.000822    1.016155  0.000473  590.35
   340    298.006509     12  -1069.513271  0.002517  -1069.505551  0.000790    1.016109  0.000452  624.64
   360    297.989267     12  -1069.512507  0.002364  -1069.505462  0.000757    1.016201  0.000433  659.78
   380    297.965265     13  -1069.512270  0.002260  -1069.505474  0.000727    1.016423  0.000439  695.19
   400    297.966222     14  -1069.512192  0.002253  -1069.506116  0.001260    1.016359  0.000420  728.63
   420    297.949073     14  -1069.511552  0.002241  -1069.506039  0.001204    1.016473  0.000409  762.51
   440    297.934118     15  -1069.511052  0.002162  -1069.505848  0.001152    1.016697  0.000454  796.35
   460    297.926980     16  -1069.510790  0.002118  -1069.505734  0.001106    1.016890  0.000464  830.19
   480    297.919262     16  -1069.510514  0.002068  -1069.505737  0.001065    1.016966  0.000454  864.03
   500    297.908188     16  -1069.510542  0.002038  -1069.505584  0.001025    1.017056  0.000450  897.89
   520    297.915162     16  -1069.511738  0.002080  -1069.505846  0.000999    1.017098  0.000430  931.73
   540    297.913286     17  -1069.511733  0.002034  -1069.505694  0.000966    1.017095  0.000422  965.58
   560    297.886618     18  -1069.510594  0.002144  -1069.505493  0.000935    1.016975  0.000442  999.45
   580    297.882122     18  -1069.510759  0.002092  -1069.505489  0.000907    1.016863  0.000441 1033.30
   600    297.873135     19  -1069.510276  0.002042  -1069.505346  0.000879    1.016812  0.000433 1067.20
   620    297.857889     20  -1069.509895  0.001974  -1069.505319  0.000855    1.016792  0.000420 1101.03
   640    297.853140     20  -1069.509891  0.002105  -1069.505422  0.000866    1.016873  0.000418 1134.88
   660    297.841314     20  -1069.509546  0.002089  -1069.505352  0.000845    1.016880  0.000408 1168.82
   680    297.832171     20  -1069.509368  0.002068  -1069.505187  0.000823    1.016967  0.000410 1202.67
   700    297.834189     21  -1069.509921  0.002047  -1069.505344  0.000804    1.016925  0.000401 1236.67
   720    297.834426     21  -1069.509916  0.002054  -1069.505283  0.000784    1.016786  0.000414 1270.35
   740    297.838875     21  -1069.510135  0.002011  -1069.505255  0.000764    1.016702  0.000411 1304.56
   760    297.837107     21  -1069.510198  0.001964  -1069.505185  0.000745    1.016710  0.000424 1338.39
   780    297.834999     22  -1069.509908  0.001963  -1069.505138  0.000729    1.016728  0.000413 1372.23
   800    297.840687     22  -1069.510165  0.001924  -1069.505106  0.000713    1.016787  0.000409 1406.08
   820    297.837861     22  -1069.510047  0.001883  -1069.505014  0.000696    1.016818  0.000400 1439.95
   840    297.836998     22  -1069.509694  0.001864  -1069.504983  0.000681    1.016881  0.000406 1473.76
   860    297.828055     22  -1069.509331  0.001864  -1069.504973  0.000667    1.016797  0.000406 1507.62
   880    297.819116     23  -1069.509129  0.001857  -1069.504910  0.000654    1.016763  0.000409 1541.50
   900    297.823638     23  -1069.509515  0.001828  -1069.504966  0.000642    1.016758  0.000409 1575.42
   920    297.819243     23  -1069.509714  0.001878  -1069.504952  0.000631    1.016762  0.000399 1609.33
   940    297.822770     23  -1069.509926  0.001835  -1069.505002  0.000620    1.016763  0.000389 1643.17
   960    297.820844     25  -1069.509991  0.001820  -1069.504929  0.000609    1.016706  0.000388 1677.53
   980    297.819553     26  -1069.509874  0.001782  -1069.504836  0.000598    1.016615  0.000388 1711.38
  1000    297.823841     26  -1069.509763  0.001745  -1069.504764  0.000588    1.016537  0.000394 1745.25

Post Propagation Process
Total number of samples 1000
Raw AFQMC/HF (Guide) energy:           -1069.509763 ± 0.001745
Raw Trial/Guide overlap ratio:          1.016537 ± 0.000394
Raw AFQMC/pt2CCSD energy (covariance): -1069.504764 ± 0.000588
Raw AFQMC/pt2CCSD energy (dir sample): -1069.504764 ± 0.000448

Remove Outliers
removing energies outside zeta > 30
Outlier energy bound [-1069.730366, -1069.274583]
Removed 1 outliers with energies [-1069.79429925]
Clean AFQMC/pt2CCSD overlap ratio:        1.016540 ± 0.000395
Clean AFQMC/pt2CCSD energy (covariance): -1069.504473 ± 0.000413
Clean AFQMC/ptCCSD energy (dir sample):  -1069.504473 ± 0.000342

Blocking Analysis
nsample = 999, max_block_size = 24, min_nblocks = 40
   B    NB    NS  Observable     Error    dError
   1   999   999    1.016540  0.000105  0.000002
   2   499   998    1.016536  0.000144  0.000005
   3   333   999    1.016540  0.000172  0.000007
   4   249   996    1.016532  0.000195  0.000009
   5   199   995    1.016532  0.000215  0.000011
   6   166   996    1.016532  0.000231  0.000013
   7   142   994    1.016534  0.000249  0.000015
   8   124   992    1.016536  0.000261  0.000017
   9   111   999    1.016540  0.000269  0.000018
  10    99   990    1.016544  0.000285  0.000020
  11    90   990    1.016544  0.000302  0.000023
  12    83   996    1.016532  0.000307  0.000024
  13    76   988    1.016556  0.000318  0.000026
  14    71   994    1.016534  0.000329  0.000028
  15    66   990    1.016544  0.000332  0.000029
  16    62   992    1.016536  0.000342  0.000031
  17    58   986    1.016571  0.000351  0.000033
  18    55   990    1.016544  0.000355  0.000034
  19    52   988    1.016556  0.000372  0.000037
  20    49   980    1.016613  0.000363  0.000037
  21    47   987    1.016563  0.000380  0.000040
  22    45   990    1.016544  0.000395  0.000042
  23    43   989    1.016549  0.000389  0.000042
  24    41   984    1.016589  0.000395  0.000044
Fit (variance): plateau_var = 2.481e-07 ± 6.705e-08
Fit (error):    plateau = 0.000498 ± 0.000067
     autocorrelation length ~ 25.0 blocks
     plateau reached at block size ~ 115
     !!!Failed to reach plateau in blocking
     Return max block error
nclean = 999, max_block_size = 24, min_nblocks = 40
Blk_SZ   NBlk   NSmp      Energy     Error    dError
     1    999    999  -1069.504154  0.000343  0.000008
     2    499    998  -1069.504245  0.000387  0.000012
     3    333    999  -1069.504275  0.000411  0.000016
     4    249    996  -1069.504340  0.000425  0.000019
     5    199    995  -1069.504353  0.000431  0.000022
     6    166    996  -1069.504381  0.000436  0.000024
     7    142    994  -1069.504394  0.000408  0.000024
     8    124    992  -1069.504399  0.000432  0.000028
     9    111    999  -1069.504377  0.000450  0.000030
    10     99    990  -1069.504400  0.000439  0.000031
    11     90    990  -1069.504410  0.000430  0.000032
    12     83    996  -1069.504426  0.000442  0.000034
    13     76    988  -1069.504437  0.000431  0.000035
    14     71    994  -1069.504429  0.000420  0.000036
    15     66    990  -1069.504423  0.000453  0.000040
    16     62    992  -1069.504427  0.000471  0.000043
    17     58    986  -1069.504457  0.000437  0.000041
    18     55    990  -1069.504422  0.000468  0.000045
    19     52    988  -1069.504463  0.000419  0.000041
    20     49    980  -1069.504479  0.000472  0.000048
    21     47    987  -1069.504463  0.000439  0.000046
    22     45    990  -1069.504443  0.000428  0.000046
    23     43    989  -1069.504454  0.000487  0.000053
    24     41    984  -1069.504497  0.000414  0.000046
Fit (variance): plateau_var = 1.911977e-07 ± 7.500226e-09
Fit (error):    plateau = 0.000437 ± 0.000009
     autocorrelation length ~ 1.7 blocks
     plateau reached at block size ~ 8
Final AFQMC/pt2CCSD overlap ratio: 1.016540 ± 0.000395
Final AFQMC/pt2CCSD energy: -1069.504473 ± 0.000437
Total run time: 1794.54

AFQMC Sampling Finished

QMC script: /u/yzhang65/myprojects/software/afqmc/afqmc/scripts/run_afqmc_pt2ccsd.py
  => E_HF(cloocl)      = -1068.5654294488 Eh
  => E_CCSD(cloocl)    = -1069.4595927063 Eh
  => E_AFQMC(cloocl)   = -1069.50447 +/- 0.00044 Eh

============================================================
Running: co  charge=0  spin=0
============================================================
output file: ../../result/molout/closed_shell/tz/co_vtzfp.out
Not a UHF solution. Convert to RHF

Preparing AFQMC calculation
Calculating Cholesky integrals
Finished calculating Cholesky integrals
Size of the correlation space:
Number of electrons:        [5, 5]
Number of basis functions:  58
Number of Cholesky vectors: 364

    ________                     _____                    
    ___  __ \___  __________________(_)_____________ _    
    __  /_/ /  / / /_  __ \_  __ \_  /__  __ \_  __ `/    
    _  _, _// /_/ /_  / / /  / / /  / _  / / /  /_/ /     
    /_/ |_| \__,_/ /_/ /_//_/ /_//_/  /_/ /_/_\__, /      
                                             /____/       
    _____________________________  ___________            
    ___    |__  ____/_  __ \__   |/  /_  ____/            
    __  /| |_  /_   _  / / /_  /|_/ /_  /                 
    _  ___ |  __/   / /_/ /_  /  / / / /___               
    /_/  |_/_/      \___\_\/_/  /_/  \____/               

Hostname:     gpue02.delta.ncsa.illinois.edu
System:       Linux
Node:         gpue02.delta.ncsa.illinois.edu
Release:      5.14.0-427.91.1.el9_4.x86_64
Machine:      x86_64
Processor:    x86_64
JAX backend:  GPU
JAX devices:  [CudaDevice(id=0)]
Device kind:  NVIDIA H200
Platform:     gpu

Load system from Integral File
Maximum memory per walker:            83.33 MB
Maximum number of Cholesky per chunk: 1623
Number of Cholesky chunks:            1
Number of Cholesky per chunk:         364
Number of padding Cholesky:           0

QMC System
Number of electrons: (5, 5)
Spin Multiplicity:   0
Number of orbitals:  58
Number of Chol:      364

QMC Parameters
eql_time            :                   50
n_blocks            :                 1000
n_walkers           :                  300
max_error           :                  0.0
seed                :                   17
walker_type         :                  rhf
trial               :              pt2ccsd
mix_precision       :                 True
max_memory          :                25000
dt                  :                0.005
n_exp_terms         :                    6
n_prop_steps        :                   50
save_walkers        :                False
free_projection     :                False
n_batch             :                    1
nchol_chunk         :                  364

Initalize QMC walkers by stochastic CCSD

Equilibration
inv_T        weight  killW        energy   runTime
 0.00    300.000000      0   -113.137062     81.40
 5.00    299.450110      0   -113.156267     88.94
10.00    299.508514      0   -113.158155     89.51
15.00    299.350914      0   -113.144917     90.07
20.00    300.427854      0   -113.174419     90.63
25.00    299.748982      0   -113.145734     91.20
30.00    299.272961      0   -113.158237     91.76
35.00    299.326209      0   -113.175414     92.32
40.00    299.632846      0   -113.149668     92.89
45.00    299.069535      0   -113.166586     93.45
50.00    299.481124      0   -113.151349     94.44

Sampling
blocks        weight  killW       E_Guide     error       E_Trial     error     olp_T/G     error  Walltime
    20    299.539821      0   -113.156439  0.009434   -113.156316  0.001910    1.005730  0.000229  105.43
    40    299.528305      0   -113.158937  0.006657   -113.155168  0.001169    1.005004  0.000619  110.23
    60    299.456214      0   -113.159115  0.004250   -113.155527  0.001340    1.004558  0.000474  116.04
    80    299.420977      0   -113.160023  0.003346   -113.156121  0.001234    1.004648  0.000373  121.84
   100    299.319808      1   -113.157925  0.003267   -113.155530  0.001009    1.004720  0.000303  127.65
   120    299.293091      1   -113.157837  0.002703   -113.155446  0.000967    1.004755  0.000273  133.45
   140    299.248693      1   -113.156721  0.002659   -113.155103  0.000865    1.004832  0.000241  139.26
   160    299.272600      1   -113.158346  0.002683   -113.155257  0.000822    1.004784  0.000213  145.07
   180    299.250763      1   -113.158233  0.002429   -113.155157  0.000739    1.004846  0.000200  150.87
   200    299.252331      1   -113.158962  0.002240   -113.154995  0.000674    1.004829  0.000181  156.69
   220    299.254044      2   -113.160399  0.002267   -113.155095  0.000626    1.004822  0.000165  162.49
   240    299.244103      2   -113.160639  0.002096   -113.155298  0.000595    1.004710  0.000172  168.30
   260    299.232962      3   -113.160460  0.001988   -113.155488  0.000573    1.004727  0.000164  174.10
   280    299.221864      3   -113.160029  0.001870   -113.155386  0.000546    1.004761  0.000155  179.91
   300    299.218274      3   -113.159715  0.001758   -113.155242  0.000518    1.004784  0.000146  185.72
   320    299.204355      3   -113.159326  0.001689   -113.155243  0.000491    1.004763  0.000137  191.53
   340    299.212644      3   -113.159980  0.001710   -113.155613  0.000516    1.004718  0.000133  197.34
   360    299.205312      3   -113.160320  0.001633   -113.155563  0.000493    1.004722  0.000126  203.14
   380    299.197629      3   -113.159989  0.001564   -113.155490  0.000470    1.004729  0.000119  208.95
   400    299.185235      3   -113.159507  0.001550   -113.155392  0.000450    1.004733  0.000114  214.76
   420    299.181228      3   -113.159648  0.001507   -113.155272  0.000432    1.004768  0.000113  220.56
   440    299.183721      3   -113.160406  0.001560   -113.155487  0.000441    1.004764  0.000108  226.37
   460    299.189766      4   -113.160891  0.001559   -113.155538  0.000430    1.004787  0.000106  232.17
   480    299.178847      4   -113.160655  0.001491   -113.155465  0.000415    1.004786  0.000103  237.98
   500    299.177236      4   -113.160571  0.001467   -113.155476  0.000401    1.004761  0.000101  243.79
   520    299.172715      4   -113.160487  0.001429   -113.155473  0.000388    1.004771  0.000098  249.60
   540    299.167587      5   -113.160561  0.001392   -113.155500  0.000386    1.004746  0.000095  255.40
   560    299.163493      5   -113.160585  0.001406   -113.155569  0.000381    1.004725  0.000096  261.21
   580    299.153262      5   -113.160107  0.001403   -113.155494  0.000369    1.004745  0.000094  267.01
   600    299.151830      5   -113.160587  0.001384   -113.155653  0.000382    1.004739  0.000094  272.82
   620    299.154808      5   -113.160991  0.001383   -113.155679  0.000375    1.004765  0.000092  278.63
   640    299.152241      5   -113.161047  0.001350   -113.155666  0.000365    1.004776  0.000091  284.43
   660    299.152466      6   -113.161447  0.001339   -113.155685  0.000357    1.004785  0.000089  290.24
   680    299.151909      7   -113.161669  0.001354   -113.155738  0.000353    1.004758  0.000089  296.04
   700    299.146247      8   -113.161530  0.001394   -113.155727  0.000345    1.004785  0.000091  301.85
   720    299.146503      8   -113.161556  0.001348   -113.155717  0.000340    1.004806  0.000091  307.66
   740    299.146587      8   -113.161424  0.001333   -113.155753  0.000343    1.004799  0.000089  313.47
   760    299.142686      8   -113.161324  0.001292   -113.155754  0.000338    1.004787  0.000087  319.27
   780    299.145244      8   -113.161524  0.001261   -113.155746  0.000331    1.004783  0.000089  325.08
   800    299.144803      8   -113.161450  0.001242   -113.155840  0.000332    1.004775  0.000087  330.89
   820    299.141701      8   -113.161207  0.001222   -113.155776  0.000325    1.004777  0.000085  336.69
   840    299.140627      8   -113.161199  0.001222   -113.155783  0.000319    1.004781  0.000083  342.50
   860    299.144735      9   -113.161443  0.001205   -113.155836  0.000315    1.004764  0.000083  348.31
   880    299.144958     10   -113.161633  0.001222   -113.155873  0.000310    1.004757  0.000082  354.11
   900    299.138957     10   -113.161375  0.001199   -113.155839  0.000304    1.004768  0.000082  359.92
   920    299.136732     10   -113.161436  0.001192   -113.155837  0.000301    1.004772  0.000081  365.72
   940    299.134178     10   -113.161402  0.001186   -113.155865  0.000298    1.004763  0.000079  371.53
   960    299.129298     10   -113.161227  0.001158   -113.155827  0.000293    1.004750  0.000079  377.33
   980    299.127427     10   -113.161200  0.001178   -113.155831  0.000290    1.004747  0.000079  383.14
  1000    299.125316     10   -113.161070  0.001164   -113.155844  0.000286    1.004764  0.000077  388.95

Post Propagation Process
Total number of samples 1000
Raw AFQMC/HF (Guide) energy:           -113.161070 ± 0.001164
Raw Trial/Guide overlap ratio:          1.004764 ± 0.000077
Raw AFQMC/pt2CCSD energy (covariance): -113.155844 ± 0.000286
Raw AFQMC/pt2CCSD energy (dir sample): -113.155844 ± 0.000229

Remove Outliers
removing energies outside zeta > 30
Outlier energy bound [-113.292523, -113.015792]
Removed 0 outliers with energies []
Clean AFQMC/pt2CCSD overlap ratio:        1.004764 ± 0.000077
Clean AFQMC/pt2CCSD energy (covariance): -113.155844 ± 0.000286
Clean AFQMC/ptCCSD energy (dir sample):  -113.155844 ± 0.000229

Blocking Analysis
nsample = 1000, max_block_size = 25, min_nblocks = 40
   B    NB    NS  Observable     Error    dError
   1  1000  1000    1.004764  0.000035  0.000001
   2   500  1000    1.004764  0.000045  0.000001
   3   333   999    1.004763  0.000052  0.000002
   4   250  1000    1.004764  0.000056  0.000003
   5   200  1000    1.004764  0.000061  0.000003
   6   166   996    1.004759  0.000064  0.000004
   7   142   994    1.004760  0.000068  0.000004
   8   125  1000    1.004764  0.000066  0.000004
   9   111   999    1.004763  0.000067  0.000005
  10   100  1000    1.004764  0.000072  0.000005
  11    90   990    1.004760  0.000070  0.000005
  12    83   996    1.004759  0.000073  0.000006
  13    76   988    1.004758  0.000074  0.000006
  14    71   994    1.004760  0.000074  0.000006
  15    66   990    1.004760  0.000070  0.000006
  16    62   992    1.004761  0.000075  0.000007
  17    58   986    1.004756  0.000073  0.000007
  18    55   990    1.004760  0.000071  0.000007
  19    52   988    1.004758  0.000071  0.000007
  20    50  1000    1.004764  0.000075  0.000008
  21    47   987    1.004756  0.000073  0.000008
  22    45   990    1.004760  0.000075  0.000008
  23    43   989    1.004758  0.000068  0.000007
  24    41   984    1.004752  0.000077  0.000009
  25    40  1000    1.004764  0.000071  0.000008
Fit (variance): plateau_var = 5.440e-09 ± 3.084e-10
Fit (error):    plateau = 0.000074 ± 0.000002
     autocorrelation length ~ 4.6 blocks
     plateau reached at block size ~ 22
nclean = 1000, max_block_size = 25, min_nblocks = 40
Blk_SZ   NBlk   NSmp      Energy     Error    dError
     1   1000   1000  -113.155704  0.000229  0.000005
     2    500   1000  -113.155735  0.000246  0.000008
     3    333    999  -113.155762  0.000250  0.000010
     4    250   1000  -113.155763  0.000251  0.000011
     5    200   1000  -113.155773  0.000248  0.000012
     6    166    996  -113.155798  0.000260  0.000014
     7    142    994  -113.155799  0.000279  0.000017
     8    125   1000  -113.155792  0.000272  0.000017
     9    111    999  -113.155801  0.000267  0.000018
    10    100   1000  -113.155795  0.000267  0.000019
    11     90    990  -113.155811  0.000280  0.000021
    12     83    996  -113.155818  0.000295  0.000023
    13     76    988  -113.155817  0.000280  0.000023
    14     71    994  -113.155820  0.000297  0.000025
    15     66    990  -113.155826  0.000271  0.000024
    16     62    992  -113.155836  0.000292  0.000026
    17     58    986  -113.155814  0.000307  0.000029
    18     55    990  -113.155825  0.000277  0.000027
    19     52    988  -113.155827  0.000302  0.000030
    20     50   1000  -113.155820  0.000278  0.000028
    21     47    987  -113.155835  0.000306  0.000032
    22     45    990  -113.155830  0.000282  0.000030
    23     43    989  -113.155832  0.000285  0.000031
    24     41    984  -113.155824  0.000283  0.000032
    25     40   1000  -113.155827  0.000296  0.000034
Fit (variance): plateau_var = 8.604872e-08 ± 8.309352e-09
Fit (error):    plateau = 0.000293 ± 0.000014
     autocorrelation length ~ 7.5 blocks
     plateau reached at block size ~ 29
     !!!Failed to reach plateau in blocking
     Return max block error
Final AFQMC/pt2CCSD overlap ratio: 1.004764 ± 0.000074
Final AFQMC/pt2CCSD energy: -113.155844 ± 0.000307
Total run time: 399.16

AFQMC Sampling Finished

QMC script: /u/yzhang65/myprojects/software/afqmc/afqmc/scripts/run_afqmc_pt2ccsd.py
  => E_HF(co)      = -112.7799500288 Eh
  => E_CCSD(co)    = -113.1385326760 Eh
  => E_AFQMC(co)   = -113.15584 +/- 0.00031 Eh

============================================================
Running: co2  charge=0  spin=0
============================================================
output file: ../../result/molout/closed_shell/tz/co2_vtzfp.out
Not a UHF solution. Convert to RHF

Preparing AFQMC calculation
Calculating Cholesky integrals
Finished calculating Cholesky integrals
Size of the correlation space:
Number of electrons:        [8, 8]
Number of basis functions:  87
Number of Cholesky vectors: 545

    ________                     _____                    
    ___  __ \___  __________________(_)_____________ _    
    __  /_/ /  / / /_  __ \_  __ \_  /__  __ \_  __ `/    
    _  _, _// /_/ /_  / / /  / / /  / _  / / /  /_/ /     
    /_/ |_| \__,_/ /_/ /_//_/ /_//_/  /_/ /_/_\__, /      
                                             /____/       
    _____________________________  ___________            
    ___    |__  ____/_  __ \__   |/  /_  ____/            
    __  /| |_  /_   _  / / /_  /|_/ /_  /                 
    _  ___ |  __/   / /_/ /_  /  / / / /___               
    /_/  |_/_/      \___\_\/_/  /_/  \____/               

Hostname:     gpue02.delta.ncsa.illinois.edu
System:       Linux
Node:         gpue02.delta.ncsa.illinois.edu
Release:      5.14.0-427.91.1.el9_4.x86_64
Machine:      x86_64
Processor:    x86_64
JAX backend:  GPU
JAX devices:  [CudaDevice(id=0)]
Device kind:  NVIDIA H200
Platform:     gpu

Load system from Integral File
Maximum memory per walker:            83.33 MB
Maximum number of Cholesky per chunk: 721
Number of Cholesky chunks:            1
Number of Cholesky per chunk:         545
Number of padding Cholesky:           0

QMC System
Number of electrons: (8, 8)
Spin Multiplicity:   0
Number of orbitals:  87
Number of Chol:      545

QMC Parameters
eql_time            :                   50
n_blocks            :                 1000
n_walkers           :                  300
max_error           :                  0.0
seed                :                   17
walker_type         :                  rhf
trial               :              pt2ccsd
mix_precision       :                 True
max_memory          :                25000
dt                  :                0.005
n_exp_terms         :                    6
n_prop_steps        :                   50
save_walkers        :                False
free_projection     :                False
n_batch             :                    1
nchol_chunk         :                  545

Initalize QMC walkers by stochastic CCSD

Equilibration
inv_T        weight  killW        energy   runTime
 0.00    300.000000      0   -188.296678     19.25
 5.00    298.693568      0   -188.346268     25.03
10.00    299.293456      0   -188.325381     25.93
15.00    299.257578      0   -188.321135     26.83
20.00    299.393934      0   -188.289822     27.72
25.00    299.154762      0   -188.298450     28.62
30.00    298.599911      0   -188.311886     29.51
35.00    298.869595      0   -188.340551     30.41
40.00    299.725615      0   -188.305392     31.30
45.00    299.984888      0   -188.317320     32.20
50.00    300.496598      0   -188.375849     33.10

Sampling
blocks        weight  killW       E_Guide     error       E_Trial     error     olp_T/G     error  Walltime
    20    299.614832      0   -188.344328  0.007347   -188.332876  0.004698    1.007210  0.000429   60.46
    40    299.505271      0   -188.342484  0.005672   -188.331559  0.002944    1.007623  0.000401   83.98
    60    299.323214      0   -188.336676  0.005913   -188.328492  0.002334    1.007538  0.000288  107.76
    80    299.215610      0   -188.333817  0.004636   -188.327823  0.001788    1.007380  0.000355  131.53
   100    299.197188      0   -188.335675  0.004265   -188.327989  0.001499    1.007504  0.000292  155.34
   120    299.125285      1   -188.334549  0.003561   -188.328234  0.001370    1.007601  0.000250  179.13
   140    299.126384      1   -188.333160  0.003399   -188.328153  0.001223    1.007703  0.000240  202.96
   160    299.104913      1   -188.333433  0.003129   -188.328119  0.001100    1.007650  0.000219  226.76
   180    299.096245      1   -188.333975  0.002837   -188.327815  0.001003    1.007668  0.000196  250.53
   200    299.070671      1   -188.334464  0.002753   -188.327642  0.000922    1.007564  0.000191  274.38
   220    299.039473      1   -188.332274  0.002782   -188.327209  0.000860    1.007676  0.000193  298.58
   240    299.005293      1   -188.331985  0.002654   -188.327176  0.000806    1.007661  0.000179  322.33
   260    298.992760      1   -188.332645  0.002507   -188.327105  0.000751    1.007631  0.000168  346.11
   280    298.975671      1   -188.332790  0.002324   -188.327097  0.000706    1.007689  0.000162  369.90
   300    298.947983      1   -188.332221  0.002370   -188.326997  0.000695    1.007718  0.000157  393.68
   320    298.961041      1   -188.333372  0.002524   -188.327334  0.000682    1.007698  0.000148  417.47
   340    298.941102      1   -188.333734  0.002369   -188.327408  0.000660    1.007638  0.000146  441.29
   360    298.941054      1   -188.334316  0.002308   -188.327291  0.000630    1.007649  0.000138  465.06
   380    298.922447      1   -188.333542  0.002285   -188.327311  0.000603    1.007665  0.000133  488.83
   400    298.932521      1   -188.334937  0.002709   -188.327628  0.000599    1.007637  0.000132  512.63
   420    298.947041      2   -188.335755  0.002642   -188.327754  0.000578    1.007646  0.000126  536.43
   440    298.943417      2   -188.336002  0.002619   -188.327987  0.000585    1.007660  0.000123  560.23
   460    298.935173      3   -188.336727  0.002591   -188.327980  0.000570    1.007718  0.000141  584.03
   480    298.930078      3   -188.336589  0.002498   -188.327901  0.000557    1.007706  0.000137  608.64
   500    298.918960      3   -188.336435  0.002403   -188.327827  0.000539    1.007676  0.000135  632.05
   520    298.909585      3   -188.336262  0.002415   -188.327650  0.000531    1.007697  0.000131  655.83
   540    299.001985     17   -188.332509  0.004670   -188.327433  0.014427    1.008076  0.000413  679.62
   560    299.003916     17   -188.333049  0.004936   -188.327428  0.013916    1.008112  0.000418  703.40
   580    298.992598     17   -188.332994  0.004816   -188.327467  0.013437    1.008068  0.000409  727.17
   600    298.982107     17   -188.332651  0.004700   -188.327426  0.012987    1.008045  0.000400  750.96
   620    298.967498     18   -188.332422  0.004495   -188.327558  0.012568    1.008032  0.000382  774.77
   640    298.960149     18   -188.332202  0.004400   -188.327621  0.012174    1.008025  0.000374  798.56
   660    298.951282     18   -188.332107  0.004212   -188.327527  0.011804    1.008020  0.000361  822.35
   680    298.945723     18   -188.332109  0.004126   -188.327493  0.011457    1.008047  0.000352  846.12
   700    298.941233     18   -188.331793  0.003971   -188.327438  0.011128    1.008057  0.000344  870.24
   720    298.937775     18   -188.331643  0.003895   -188.327421  0.010818    1.008052  0.000332  896.07
   740    298.932071     18   -188.331911  0.003819   -188.327556  0.010528    1.008009  0.000325  920.03
   760    298.921516     18   -188.331685  0.003695   -188.327543  0.010251    1.007984  0.000320  943.72
   780    298.909520     19   -188.331382  0.003629   -188.327502  0.009986    1.007968  0.000313  967.75
   800    298.907678     19   -188.331568  0.003507   -188.327486  0.009737    1.007963  0.000301  993.21
   820    298.907641     19   -188.331832  0.003451   -188.327498  0.009501    1.007950  0.000295 1018.58
   840    298.904974     19   -188.331737  0.003337   -188.327440  0.009274    1.007984  0.000289 1041.83
   860    298.904868     19   -188.331931  0.003283   -188.327592  0.009061    1.007981  0.000286 1065.64
   880    298.896633     19   -188.331799  0.003230   -188.327587  0.008854    1.007985  0.000281 1089.47
   900    298.899506     19   -188.332215  0.003144   -188.327774  0.008660    1.007962  0.000281 1113.22
   920    298.899976     19   -188.332408  0.003102   -188.327803  0.008473    1.007985  0.000274 1137.02
   940    298.898329     19   -188.332281  0.003014   -188.327760  0.008292    1.007959  0.000268 1160.81
   960    298.902000     19   -188.332746  0.002970   -188.327895  0.008123    1.007926  0.000262 1184.60
   980    298.899658     19   -188.333017  0.002949   -188.327969  0.007959    1.007909  0.000258 1208.35
  1000    298.901602     19   -188.333043  0.002906   -188.327951  0.007800    1.007902  0.000254 1232.32

Post Propagation Process
Total number of samples 1000
Raw AFQMC/HF (Guide) energy:           -188.333043 ± 0.002906
Raw Trial/Guide overlap ratio:          1.007902 ± 0.000254
Raw AFQMC/pt2CCSD energy (covariance): -188.327951 ± 0.007800
Raw AFQMC/pt2CCSD energy (dir sample): -188.327951 ± 0.006198

Remove Outliers
removing energies outside zeta > 30
Outlier energy bound [-188.528233, -188.124554]
Removed 1 outliers with energies [-194.52051095]
Clean AFQMC/pt2CCSD overlap ratio:        1.007718 ± 0.000112
Clean AFQMC/pt2CCSD energy (covariance): -188.328157 ± 0.000417
Clean AFQMC/ptCCSD energy (dir sample):  -188.328157 ± 0.000331

Blocking Analysis
nsample = 999, max_block_size = 24, min_nblocks = 40
   B    NB    NS  Observable     Error    dError
   1   999   999    1.007718  0.000048  0.000001
   2   499   998    1.007718  0.000063  0.000002
   3   333   999    1.007718  0.000073  0.000003
   4   249   996    1.007717  0.000081  0.000004
   5   199   995    1.007716  0.000087  0.000004
   6   166   996    1.007717  0.000090  0.000005
   7   142   994    1.007716  0.000095  0.000006
   8   124   992    1.007714  0.000097  0.000006
   9   111   999    1.007718  0.000094  0.000006
  10    99   990    1.007711  0.000104  0.000007
  11    90   990    1.007711  0.000100  0.000008
  12    83   996    1.007716  0.000100  0.000008
  13    76   988    1.007711  0.000103  0.000008
  14    71   994    1.007716  0.000109  0.000009
  15    66   990    1.007711  0.000103  0.000009
  16    62   992    1.007714  0.000112  0.000010
  17    58   986    1.007709  0.000111  0.000010
  18    55   990    1.007711  0.000104  0.000010
  19    52   988    1.007711  0.000103  0.000010
  20    49   980    1.007720  0.000104  0.000011
  21    47   987    1.007710  0.000103  0.000011
  22    45   990    1.007711  0.000108  0.000012
  23    43   989    1.007711  0.000100  0.000011
  24    41   984    1.007709  0.000104  0.000012
Fit (variance): plateau_var = 1.136e-08 ± 6.819e-10
Fit (error):    plateau = 0.000107 ± 0.000003
     autocorrelation length ~ 4.9 blocks
     plateau reached at block size ~ 23
nclean = 999, max_block_size = 24, min_nblocks = 40
Blk_SZ   NBlk   NSmp      Energy     Error    dError
     1    999    999  -188.327929  0.000331  0.000007
     2    499    998  -188.327978  0.000354  0.000011
     3    333    999  -188.327989  0.000390  0.000015
     4    249    996  -188.328018  0.000404  0.000018
     5    199    995  -188.328047  0.000401  0.000020
     6    166    996  -188.328049  0.000404  0.000022
     7    142    994  -188.328067  0.000432  0.000026
     8    124    992  -188.328070  0.000438  0.000028
     9    111    999  -188.328071  0.000442  0.000030
    10     99    990  -188.328088  0.000437  0.000031
    11     90    990  -188.328099  0.000425  0.000032
    12     83    996  -188.328095  0.000460  0.000036
    13     76    988  -188.328116  0.000459  0.000037
    14     71    994  -188.328102  0.000478  0.000040
    15     66    990  -188.328102  0.000454  0.000040
    16     62    992  -188.328106  0.000457  0.000041
    17     58    986  -188.328133  0.000469  0.000044
    18     55    990  -188.328124  0.000472  0.000045
    19     52    988  -188.328140  0.000475  0.000047
    20     49    980  -188.328127  0.000447  0.000046
    21     47    987  -188.328128  0.000496  0.000052
    22     45    990  -188.328127  0.000466  0.000050
    23     43    989  -188.328135  0.000452  0.000049
    24     41    984  -188.328165  0.000492  0.000055
Fit (variance): plateau_var = 2.202974e-07 ± 1.614731e-08
Fit (error):    plateau = 0.000469 ± 0.000017
     autocorrelation length ~ 5.6 blocks
     plateau reached at block size ~ 23
Final AFQMC/pt2CCSD overlap ratio: 1.007718 ± 0.000107
Final AFQMC/pt2CCSD energy: -188.328157 ± 0.000469
Total run time: 1285.14

AFQMC Sampling Finished

QMC script: /u/yzhang65/myprojects/software/afqmc/afqmc/scripts/run_afqmc_pt2ccsd.py
  => E_HF(co2)      = -187.7066645983 Eh
  => E_CCSD(co2)    = -188.2986241926 Eh
  => E_AFQMC(co2)   = -188.32816 +/- 0.00047 Eh

============================================================
Running: cs  charge=0  spin=0
============================================================
output file: ../../result/molout/closed_shell/tz/cs_vtzfp.out
Not a UHF solution. Convert to RHF

Preparing AFQMC calculation
Calculating Cholesky integrals
Finished calculating Cholesky integrals
Size of the correlation space:
Number of electrons:        [5, 5]
Number of basis functions:  58
Number of Cholesky vectors: 371

    ________                     _____                    
    ___  __ \___  __________________(_)_____________ _    
    __  /_/ /  / / /_  __ \_  __ \_  /__  __ \_  __ `/    
    _  _, _// /_/ /_  / / /  / / /  / _  / / /  /_/ /     
    /_/ |_| \__,_/ /_/ /_//_/ /_//_/  /_/ /_/_\__, /      
                                             /____/       
    _____________________________  ___________            
    ___    |__  ____/_  __ \__   |/  /_  ____/            
    __  /| |_  /_   _  / / /_  /|_/ /_  /                 
    _  ___ |  __/   / /_/ /_  /  / / / /___               
    /_/  |_/_/      \___\_\/_/  /_/  \____/               

Hostname:     gpue02.delta.ncsa.illinois.edu
System:       Linux
Node:         gpue02.delta.ncsa.illinois.edu
Release:      5.14.0-427.91.1.el9_4.x86_64
Machine:      x86_64
Processor:    x86_64
JAX backend:  GPU
JAX devices:  [CudaDevice(id=0)]
Device kind:  NVIDIA H200
Platform:     gpu

Load system from Integral File
Maximum memory per walker:            83.33 MB
Maximum number of Cholesky per chunk: 1623
Number of Cholesky chunks:            1
Number of Cholesky per chunk:         371
Number of padding Cholesky:           0

QMC System
Number of electrons: (5, 5)
Spin Multiplicity:   0
Number of orbitals:  58
Number of Chol:      371

QMC Parameters
eql_time            :                   50
n_blocks            :                 1000
n_walkers           :                  300
max_error           :                  0.0
seed                :                   17
walker_type         :                  rhf
trial               :              pt2ccsd
mix_precision       :                 True
max_memory          :                25000
dt                  :                0.005
n_exp_terms         :                    6
n_prop_steps        :                   50
save_walkers        :                False
free_projection     :                False
n_batch             :                    1
nchol_chunk         :                  371

Initalize QMC walkers by stochastic CCSD

Equilibration
inv_T        weight  killW        energy   runTime
 0.00    300.000000      0   -435.670438     66.87
 5.00    299.279199      0   -435.704035     72.51
10.00    299.255235      0   -435.693121     73.08
15.00    299.372856      0   -435.713518     73.64
20.00    299.073580      0   -435.687111     74.20
25.00    299.586534      0   -435.702484     74.76
30.00    298.455997      0   -435.685712     75.32
35.00    299.305047      0   -435.708575     75.88
40.00    299.539462      0   -435.710898     76.44
45.00    299.239729      0   -435.685711     77.00
50.00    299.029273      0   -435.721707     77.56

Sampling
blocks        weight  killW       E_Guide     error       E_Trial     error     olp_T/G     error  Walltime
    20    299.196474      0   -435.696142  0.004384   -435.691368  0.002121    1.010470  0.000505   85.75
    40    299.229429      1   -435.701891  0.004970   -435.691717  0.001200    1.010012  0.000437   91.53
    60    299.105688      2   -435.695158  0.005194   -435.691327  0.000880    1.009712  0.000417   97.45
    80    299.043939      2   -435.695070  0.003920   -435.690586  0.000887    1.009570  0.000347  103.36
   100    299.033691      5   -435.696280  0.003261   -435.691854  0.001017    1.009250  0.000363  109.28
   120    299.045160      5   -435.697889  0.003136   -435.691434  0.001075    1.009157  0.000382  115.20
   140    299.028790      8   -435.699326  0.003343   -435.692397  0.001584    1.009158  0.000339  121.12
   160    299.000392      8   -435.699069  0.003003   -435.692360  0.001395    1.009127  0.000302  127.04
   180    298.989518      8   -435.699741  0.002622   -435.692456  0.001262    1.009062  0.000277  132.96
   200    298.967176     10   -435.698823  0.002509   -435.692490  0.001159    1.009032  0.000245  138.93
   220    298.958545     10   -435.699780  0.002336   -435.692257  0.001099    1.008872  0.000246  144.92
   240    298.940051     10   -435.698962  0.002168   -435.692438  0.001018    1.008829  0.000237  150.71
   260    298.933934     10   -435.698343  0.002110   -435.692279  0.000942    1.008873  0.000224  156.63
   280    298.924209     10   -435.697733  0.002002   -435.692198  0.000880    1.008949  0.000209  165.25
   300    298.915269     10   -435.697395  0.001922   -435.692122  0.000825    1.009157  0.000251  171.16
   320    298.910794     10   -435.697345  0.001820   -435.692006  0.000783    1.009184  0.000236  177.08
   340    298.916507     10   -435.698018  0.001775   -435.692333  0.000768    1.009177  0.000223  183.00
   360    298.901366     10   -435.697734  0.001702   -435.692266  0.000730    1.009202  0.000215  188.92
   380    298.893657     10   -435.697972  0.001640   -435.692074  0.000790    1.009152  0.000211  194.85
   400    298.890156     10   -435.697886  0.001602   -435.692027  0.000762    1.009273  0.000217  200.77
   420    298.884587     11   -435.698041  0.001528   -435.692209  0.000753    1.009231  0.000209  206.68
   440    298.873515     12   -435.697456  0.001516   -435.692167  0.000723    1.009194  0.000202  212.60
   460    298.874122     12   -435.697628  0.001457   -435.692191  0.000695    1.009168  0.000199  218.52
   480    298.865542     12   -435.697230  0.001495   -435.692056  0.000667    1.009198  0.000201  224.44
   500    298.864543     12   -435.696881  0.001460   -435.692006  0.000642    1.009141  0.000197  230.36
   520    298.859439     12   -435.696386  0.001479   -435.691948  0.000619    1.009078  0.000200  236.28
   540    298.873017     12   -435.697479  0.001849   -435.691477  0.000739    1.009106  0.000203  242.19
   560    298.863870     12   -435.696992  0.001821   -435.691452  0.000715    1.009114  0.000203  248.11
   580    298.857344     12   -435.696337  0.001817   -435.691361  0.000691    1.009072  0.000200  254.04
   600    298.855805     13   -435.696527  0.001775   -435.691328  0.000671    1.009051  0.000199  260.66
   620    298.851703     13   -435.696317  0.001751   -435.691257  0.000650    1.009026  0.000190  266.73
   640    298.848455     13   -435.696412  0.001712   -435.691227  0.000631    1.008989  0.000205  272.48
   660    298.843227     13   -435.696200  0.001644   -435.691256  0.000613    1.009031  0.000203  278.39
   680    298.841869     13   -435.696146  0.001648   -435.691266  0.000597    1.008990  0.000198  284.31
   700    298.838356     13   -435.695851  0.001616   -435.691257  0.000582    1.008928  0.000204  290.23
   720    298.837038     13   -435.695723  0.001606   -435.691274  0.000569    1.008976  0.000202  296.15
   740    298.837382     13   -435.695744  0.001566   -435.691330  0.000556    1.008977  0.000198  302.06
   760    298.835891     14   -435.695694  0.001529   -435.691357  0.000543    1.008983  0.000196  307.98
   780    298.831756     15   -435.695836  0.001497   -435.691616  0.000551    1.008940  0.000196  313.90
   800    298.834636     15   -435.696320  0.001536   -435.691641  0.000542    1.008898  0.000195  319.82
   820    298.834060     16   -435.696465  0.001505   -435.691651  0.000530    1.008875  0.000192  325.73
   840    298.830861     17   -435.696273  0.001481   -435.691548  0.000528    1.008850  0.000190  331.65
   860    298.831176     17   -435.696190  0.001449   -435.691547  0.000516    1.008838  0.000186  337.57
   880    298.831311     18   -435.696213  0.001416   -435.691563  0.000506    1.008826  0.000191  343.50
   900    298.833263     19   -435.696225  0.001384   -435.691617  0.000496    1.008823  0.000191  349.42
   920    298.834099     19   -435.696298  0.001355   -435.691600  0.000486    1.008806  0.000186  355.33
   940    298.831432     19   -435.696203  0.001330   -435.691608  0.000477    1.008785  0.000183  361.25
   960    298.827371     19   -435.696022  0.001314   -435.691610  0.000469    1.008800  0.000179  367.17
   980    298.829401     21   -435.696099  0.001289   -435.691599  0.000460    1.008759  0.000175  373.09
  1000    298.827526     21   -435.695937  0.001274   -435.691579  0.000452    1.008737  0.000175  379.01

Post Propagation Process
Total number of samples 1000
Raw AFQMC/HF (Guide) energy:           -435.695937 ± 0.001274
Raw Trial/Guide overlap ratio:          1.008737 ± 0.000175
Raw AFQMC/pt2CCSD energy (covariance): -435.691579 ± 0.000452
Raw AFQMC/pt2CCSD energy (dir sample): -435.691579 ± 0.000369

Remove Outliers
removing energies outside zeta > 30
Outlier energy bound [-435.830519, -435.551357]
Removed 2 outliers with energies [-435.84037223 -435.50041472]
Clean AFQMC/pt2CCSD overlap ratio:        1.008740 ± 0.000173
Clean AFQMC/pt2CCSD energy (covariance): -435.691563 ± 0.000382
Clean AFQMC/ptCCSD energy (dir sample):  -435.691563 ± 0.000278

Blocking Analysis
nsample = 998, max_block_size = 24, min_nblocks = 40
   B    NB    NS  Observable     Error    dError
   1   998   998    1.008740  0.000059  0.000001
   2   499   998    1.008740  0.000078  0.000002
   3   332   996    1.008741  0.000092  0.000004
   4   249   996    1.008741  0.000102  0.000005
   5   199   995    1.008744  0.000110  0.000006
   6   166   996    1.008741  0.000120  0.000007
   7   142   994    1.008746  0.000122  0.000007
   8   124   992    1.008752  0.000129  0.000008
   9   110   990    1.008754  0.000134  0.000009
  10    99   990    1.008754  0.000137  0.000010
  11    90   990    1.008754  0.000142  0.000011
  12    83   996    1.008741  0.000151  0.000012
  13    76   988    1.008758  0.000152  0.000012
  14    71   994    1.008746  0.000151  0.000013
  15    66   990    1.008754  0.000153  0.000013
  16    62   992    1.008752  0.000162  0.000015
  17    58   986    1.008759  0.000154  0.000014
  18    55   990    1.008754  0.000165  0.000016
  19    52   988    1.008758  0.000162  0.000016
  20    49   980    1.008763  0.000159  0.000016
  21    47   987    1.008758  0.000168  0.000018
  22    45   990    1.008754  0.000169  0.000018
  23    43   989    1.008756  0.000161  0.000018
  24    41   984    1.008760  0.000173  0.000019
Fit (variance): plateau_var = 3.128e-08 ± 3.608e-09
Fit (error):    plateau = 0.000177 ± 0.000010
     autocorrelation length ~ 10.6 blocks
     plateau reached at block size ~ 49
     !!!Failed to reach plateau in blocking
     Return max block error
nclean = 998, max_block_size = 24, min_nblocks = 40
Blk_SZ   NBlk   NSmp      Energy     Error    dError
     1    998    998  -435.691333  0.000279  0.000006
     2    499    998  -435.691373  0.000292  0.000009
     3    332    996  -435.691396  0.000305  0.000012
     4    249    996  -435.691422  0.000324  0.000015
     5    199    995  -435.691434  0.000335  0.000017
     6    166    996  -435.691463  0.000329  0.000018
     7    142    994  -435.691448  0.000321  0.000019
     8    124    992  -435.691469  0.000347  0.000022
     9    110    990  -435.691484  0.000350  0.000024
    10     99    990  -435.691481  0.000346  0.000025
    11     90    990  -435.691497  0.000341  0.000026
    12     83    996  -435.691493  0.000347  0.000027
    13     76    988  -435.691517  0.000362  0.000030
    14     71    994  -435.691503  0.000332  0.000028
    15     66    990  -435.691511  0.000360  0.000032
    16     62    992  -435.691513  0.000389  0.000035
    17     58    986  -435.691536  0.000368  0.000034
    18     55    990  -435.691525  0.000344  0.000033
    19     52    988  -435.691533  0.000346  0.000034
    20     49    980  -435.691545  0.000374  0.000038
    21     47    987  -435.691543  0.000357  0.000037
    22     45    990  -435.691537  0.000330  0.000035
    23     43    989  -435.691549  0.000361  0.000039
    24     41    984  -435.691555  0.000332  0.000037
Fit (variance): plateau_var = 1.250950e-07 ± 7.632659e-09
Fit (error):    plateau = 0.000354 ± 0.000011
     autocorrelation length ~ 4.4 blocks
     plateau reached at block size ~ 17
Final AFQMC/pt2CCSD overlap ratio: 1.008740 ± 0.000173
Final AFQMC/pt2CCSD energy: -435.691563 ± 0.000354
Total run time: 395.84

AFQMC Sampling Finished

QMC script: /u/yzhang65/myprojects/software/afqmc/afqmc/scripts/run_afqmc_pt2ccsd.py
  => E_HF(cs)      = -435.3523515072 Eh
  => E_CCSD(cs)    = -435.6713994949 Eh
  => E_AFQMC(cs)   = -435.69156 +/- 0.00035 Eh

============================================================
Running: cs2  charge=0  spin=0
============================================================
output file: ../../result/molout/closed_shell/tz/cs2_vtzfp.out
Not a UHF solution. Convert to RHF

Preparing AFQMC calculation
Calculating Cholesky integrals
Finished calculating Cholesky integrals
Size of the correlation space:
Number of electrons:        [8, 8]
Number of basis functions:  87
Number of Cholesky vectors: 554

    ________                     _____                    
    ___  __ \___  __________________(_)_____________ _    
    __  /_/ /  / / /_  __ \_  __ \_  /__  __ \_  __ `/    
    _  _, _// /_/ /_  / / /  / / /  / _  / / /  /_/ /     
    /_/ |_| \__,_/ /_/ /_//_/ /_//_/  /_/ /_/_\__, /      
                                             /____/       
    _____________________________  ___________            
    ___    |__  ____/_  __ \__   |/  /_  ____/            
    __  /| |_  /_   _  / / /_  /|_/ /_  /                 
    _  ___ |  __/   / /_/ /_  /  / / / /___               
    /_/  |_/_/      \___\_\/_/  /_/  \____/               

Hostname:     gpue02.delta.ncsa.illinois.edu
System:       Linux
Node:         gpue02.delta.ncsa.illinois.edu
Release:      5.14.0-427.91.1.el9_4.x86_64
Machine:      x86_64
Processor:    x86_64
JAX backend:  GPU
JAX devices:  [CudaDevice(id=0)]
Device kind:  NVIDIA H200
Platform:     gpu

Load system from Integral File
Maximum memory per walker:            83.33 MB
Maximum number of Cholesky per chunk: 721
Number of Cholesky chunks:            1
Number of Cholesky per chunk:         554
Number of padding Cholesky:           0

QMC System
Number of electrons: (8, 8)
Spin Multiplicity:   0
Number of orbitals:  87
Number of Chol:      554

QMC Parameters
eql_time            :                   50
n_blocks            :                 1000
n_walkers           :                  300
max_error           :                  0.0
seed                :                   17
walker_type         :                  rhf
trial               :              pt2ccsd
mix_precision       :                 True
max_memory          :                25000
dt                  :                0.005
n_exp_terms         :                    6
n_prop_steps        :                   50
save_walkers        :                False
free_projection     :                False
n_batch             :                    1
nchol_chunk         :                  554

Initalize QMC walkers by stochastic CCSD

Equilibration
inv_T        weight  killW        energy   runTime
 0.00    300.000000      0   -833.470845     22.80
 5.00    299.328464      0   -833.507307     28.51
10.00    299.047152      0   -833.516081     29.41
15.00    299.664018      0   -833.496170     30.30
20.00    299.952526      0   -833.571325     31.20
25.00    299.615621      0   -833.530726     32.09
30.00    300.171965      0   -833.540317     32.99
35.00    299.154090      0   -833.534091     33.88
40.00    299.464174      0   -833.502932     34.77
45.00    299.035257      0   -833.499324     35.66
50.00    298.616813      0   -833.481406     36.56

Sampling
blocks        weight  killW       E_Guide     error       E_Trial     error     olp_T/G     error  Walltime
    20    298.925168      0   -833.498859  0.005762   -833.505523  0.002225    1.012144  0.000530   63.36
    40    299.113163      0   -833.517960  0.011189   -833.509470  0.001805    1.010604  0.001136   87.30
    60    299.171928      0   -833.522091  0.009094   -833.510025  0.001583    1.010642  0.000811  111.47
    80    299.117093      0   -833.522387  0.007287   -833.509778  0.001406    1.010536  0.000628  135.62
   100    299.062135      1   -833.521022  0.006586   -833.509156  0.001175    1.011012  0.000571  159.82
   120    298.948809      1   -833.519344  0.005903   -833.509342  0.001026    1.010884  0.000503  183.94
   140    298.886343      1   -833.518793  0.005085   -833.509383  0.000920    1.011076  0.000462  208.11
   160    298.868134      1   -833.518808  0.004455   -833.509196  0.000890    1.011156  0.000410  232.30
   180    298.827887      1   -833.517842  0.004091   -833.508622  0.000827    1.010938  0.000387  256.44
   200    298.798059      1   -833.517536  0.003754   -833.508940  0.000802    1.010846  0.000357  280.62
   220    298.789255      1   -833.516970  0.003488   -833.508782  0.000744    1.010849  0.000328  304.77
   240    298.776633      1   -833.517419  0.003393   -833.508699  0.000696    1.010798  0.000302  329.06
   260    298.770938      2   -833.518421  0.003424   -833.509010  0.000702    1.010949  0.000300  353.14
   280    298.747302      3   -833.517865  0.003223   -833.508837  0.000658    1.010981  0.000296  377.39
   300    298.722818      3   -833.517486  0.003027   -833.508831  0.000717    1.010908  0.000281  401.55
   320    298.700823      3   -833.516854  0.002903   -833.508617  0.000683    1.010950  0.000265  425.71
   340    298.681506      3   -833.516288  0.002802   -833.508533  0.000651    1.010945  0.000249  449.87
   360    298.685085      3   -833.517444  0.002890   -833.508527  0.000763    1.010926  0.000236  474.08
   380    298.694684      4   -833.518849  0.002909   -833.509162  0.000867    1.010890  0.000224  498.27
   400    298.697026      6   -833.519891  0.002866   -833.509224  0.000832    1.010963  0.000220  523.85
   420    298.691380      6   -833.520210  0.002738   -833.509528  0.000826    1.010892  0.000216  549.26
   440    298.674950      6   -833.519678  0.002649   -833.509366  0.000793    1.010788  0.000227  573.96
   460    298.660391      7   -833.519437  0.002550   -833.509311  0.000761    1.010798  0.000222  598.29
   480    298.647210      8   -833.518787  0.002490   -833.509203  0.000734    1.010769  0.000216  622.55
   500    298.634619      8   -833.518491  0.002409   -833.509160  0.000709    1.010743  0.000212  646.61
   520    298.625916      8   -833.517974  0.002492   -833.509064  0.000685    1.010753  0.000205  670.83
   540    298.629803      8   -833.518567  0.002455   -833.509197  0.000664    1.010762  0.000202  695.03
   560    298.617111      8   -833.518313  0.002377   -833.509037  0.000643    1.010784  0.000200  719.24
   580    298.602134      8   -833.517932  0.002327   -833.508916  0.000626    1.010703  0.000207  743.33
   600    298.596143      8   -833.517991  0.002275   -833.508981  0.000612    1.010597  0.000229  767.48
   620    298.586556      8   -833.517587  0.002227   -833.508901  0.000594    1.010595  0.000224  791.66
   640    298.587721      8   -833.517891  0.002174   -833.509080  0.000589    1.010589  0.000223  815.84
   660    298.592892      8   -833.518614  0.002179   -833.509200  0.000577    1.010579  0.000218  840.02
   680    298.587975      9   -833.518923  0.002146   -833.509250  0.000564    1.010603  0.000212  864.16
   700    298.584673      9   -833.518799  0.002107   -833.509160  0.000551    1.010638  0.000209  888.33
   720    298.581039      9   -833.518776  0.002223   -833.509142  0.000537    1.010649  0.000201  912.48
   740    298.574834      9   -833.518487  0.002184   -833.509093  0.000525    1.010677  0.000199  936.84
   760    298.575958      9   -833.518991  0.002172   -833.509211  0.000523    1.010638  0.000198  960.89
   780    298.576776      9   -833.519296  0.002130   -833.509215  0.000514    1.010692  0.000200  985.03
   800    298.570915      9   -833.519138  0.002089   -833.509259  0.000503    1.010724  0.000198 1009.20
   820    298.561811      9   -833.518745  0.002085   -833.509223  0.000493    1.010723  0.000193 1033.37
   840    298.561182      9   -833.518930  0.002040   -833.509367  0.000501    1.010686  0.000193 1057.55
   860    298.554095      9   -833.518670  0.001998   -833.509293  0.000490    1.010690  0.000190 1085.48
   880    298.553646      9   -833.518703  0.001973   -833.509225  0.000481    1.010655  0.000186 1109.30
   900    298.549844      9   -833.518610  0.001947   -833.509168  0.000472    1.010636  0.000188 1133.48
   920    298.546433      9   -833.518802  0.001929   -833.509214  0.000468    1.010653  0.000186 1157.63
   940    298.544861      9   -833.518732  0.001929   -833.509113  0.000460    1.010685  0.000186 1181.95
   960    298.554951     10   -833.519530  0.001928   -833.509264  0.000482    1.010694  0.000188 1206.69
   980    298.553411     12   -833.519541  0.001955   -833.509363  0.000479    1.010692  0.000188 1230.69
  1000    298.551169     12   -833.519396  0.001910   -833.509310  0.000472    1.010696  0.000183 1254.70

Post Propagation Process
Total number of samples 1000
Raw AFQMC/HF (Guide) energy:           -833.519396 ± 0.001910
Raw Trial/Guide overlap ratio:          1.010696 ± 0.000183
Raw AFQMC/pt2CCSD energy (covariance): -833.509310 ± 0.000472
Raw AFQMC/pt2CCSD energy (dir sample): -833.509310 ± 0.000363

Remove Outliers
removing energies outside zeta > 30
Outlier energy bound [-833.695890, -833.318568]
Removed 0 outliers with energies []
Clean AFQMC/pt2CCSD overlap ratio:        1.010696 ± 0.000183
Clean AFQMC/pt2CCSD energy (covariance): -833.509310 ± 0.000472
Clean AFQMC/ptCCSD energy (dir sample):  -833.509310 ± 0.000363

Blocking Analysis
nsample = 1000, max_block_size = 25, min_nblocks = 40
   B    NB    NS  Observable     Error    dError
   1  1000  1000    1.010696  0.000060  0.000001
   2   500  1000    1.010696  0.000080  0.000003
   3   333   999    1.010698  0.000095  0.000004
   4   250  1000    1.010696  0.000105  0.000005
   5   200  1000    1.010696  0.000114  0.000006
   6   166   996    1.010698  0.000124  0.000007
   7   142   994    1.010698  0.000129  0.000008
   8   125  1000    1.010696  0.000132  0.000008
   9   111   999    1.010698  0.000140  0.000009
  10   100  1000    1.010696  0.000142  0.000010
  11    90   990    1.010696  0.000150  0.000011
  12    83   996    1.010698  0.000149  0.000012
  13    76   988    1.010695  0.000148  0.000012
  14    71   994    1.010698  0.000156  0.000013
  15    66   990    1.010696  0.000163  0.000014
  16    62   992    1.010698  0.000167  0.000015
  17    58   986    1.010695  0.000161  0.000015
  18    55   990    1.010696  0.000163  0.000016
  19    52   988    1.010695  0.000175  0.000017
  20    50  1000    1.010696  0.000167  0.000017
  21    47   987    1.010695  0.000172  0.000018
  22    45   990    1.010696  0.000166  0.000018
  23    43   989    1.010696  0.000178  0.000019
  24    41   984    1.010694  0.000183  0.000021
  25    40  1000    1.010696  0.000171  0.000019
Fit (variance): plateau_var = 3.269e-08 ± 3.432e-09
Fit (error):    plateau = 0.000181 ± 0.000009
     autocorrelation length ~ 10.1 blocks
     plateau reached at block size ~ 47
     !!!Failed to reach plateau in blocking
     Return max block error
nclean = 1000, max_block_size = 25, min_nblocks = 40
Blk_SZ   NBlk   NSmp      Energy     Error    dError
     1   1000   1000  -833.508969  0.000363  0.000008
     2    500   1000  -833.509007  0.000407  0.000013
     3    333    999  -833.509040  0.000412  0.000016
     4    250   1000  -833.509062  0.000470  0.000021
     5    200   1000  -833.509092  0.000463  0.000023
     6    166    996  -833.509093  0.000441  0.000024
     7    142    994  -833.509117  0.000464  0.000028
     8    125   1000  -833.509146  0.000498  0.000032
     9    111    999  -833.509136  0.000465  0.000031
    10    100   1000  -833.509146  0.000481  0.000034
    11     90    990  -833.509194  0.000481  0.000036
    12     83    996  -833.509167  0.000479  0.000037
    13     76    988  -833.509184  0.000505  0.000041
    14     71    994  -833.509180  0.000496  0.000042
    15     66    990  -833.509209  0.000455  0.000040
    16     62    992  -833.509213  0.000492  0.000045
    17     58    986  -833.509235  0.000467  0.000044
    18     55    990  -833.509203  0.000512  0.000049
    19     52    988  -833.509226  0.000505  0.000050
    20     50   1000  -833.509205  0.000495  0.000050
    21     47    987  -833.509234  0.000483  0.000050
    22     45    990  -833.509236  0.000488  0.000052
    23     43    989  -833.509222  0.000546  0.000060
    24     41    984  -833.509273  0.000495  0.000055
    25     40   1000  -833.509212  0.000461  0.000052
Fit (variance): plateau_var = 2.369328e-07 ± 1.144540e-08
Fit (error):    plateau = 0.000487 ± 0.000012
     autocorrelation length ~ 3.1 blocks
     plateau reached at block size ~ 13
Final AFQMC/pt2CCSD overlap ratio: 1.010696 ± 0.000183
Final AFQMC/pt2CCSD energy: -833.509310 ± 0.000487
Total run time: 1300.15

AFQMC Sampling Finished

QMC script: /u/yzhang65/myprojects/software/afqmc/afqmc/scripts/run_afqmc_pt2ccsd.py
  => E_HF(cs2)      = -832.9665677295 Eh
  => E_CCSD(cs2)    = -833.4727034577 Eh
  => E_AFQMC(cs2)   = -833.50931 +/- 0.00049 Eh

============================================================
Running: cyclobutadiene  charge=0  spin=0
============================================================
output file: ../../result/molout/closed_shell/tz/cyclobutadiene_vtzfp.out

Preparing AFQMC calculation
Calculating Cholesky integrals
Alpha Cholesky shape: (876, 156, 156) 
 Beta Cholesky shape: (876, 156, 156) 
Finished calculating Cholesky integrals
Size of the correlation space:
Number of electrons:        [10 10]
Number of basis functions:  152
Number of Cholesky vectors: 876

    ________                     _____                    
    ___  __ \___  __________________(_)_____________ _    
    __  /_/ /  / / /_  __ \_  __ \_  /__  __ \_  __ `/    
    _  _, _// /_/ /_  / / /  / / /  / _  / / /  /_/ /     
    /_/ |_| \__,_/ /_/ /_//_/ /_//_/  /_/ /_/_\__, /      
                                             /____/       
    _____________________________  ___________            
    ___    |__  ____/_  __ \__   |/  /_  ____/            
    __  /| |_  /_   _  / / /_  /|_/ /_  /                 
    _  ___ |  __/   / /_/ /_  /  / / / /___               
    /_/  |_/_/      \___\_\/_/  /_/  \____/               

Hostname:     gpue02.delta.ncsa.illinois.edu
System:       Linux
Node:         gpue02.delta.ncsa.illinois.edu
Release:      5.14.0-427.91.1.el9_4.x86_64
Machine:      x86_64
Processor:    x86_64
JAX backend:  GPU
JAX devices:  [CudaDevice(id=0)]
Device kind:  NVIDIA H200
Platform:     gpu

Load system from Integral File
Maximum memory per walker:            83.33 MB
Maximum number of Cholesky per chunk: 118
Number of Cholesky chunks:            8
Number of Cholesky per chunk:         110
Number of padding Cholesky:           4

QMC System
Number of electrons: (10, 10)
Spin Multiplicity:   0
Number of orbitals:  152
Number of Chol:      876

QMC Parameters
eql_time            :                   50
n_blocks            :                 1000
n_walkers           :                  300
max_error           :                  0.0
seed                :                   17
walker_type         :                  uhf
trial               :             upt2ccsd
mix_precision       :                 True
max_memory          :                25000
dt                  :                0.005
n_exp_terms         :                    6
n_prop_steps        :                   50
save_walkers        :                False
free_projection     :                False
n_batch             :                    1
nchol_chunk         :                  110

Initalize QMC walkers by stochastic CCSD

Equilibration
inv_T        weight  killW        energy   runTime
 0.00    300.000000      0   -154.344053     72.45
 5.00    299.086121      0   -154.377104     83.58
10.00    298.311085      0   -154.344648     87.89
15.00    299.109973      0   -154.413776     92.21
20.00    299.755189      0   -154.387925     96.53
25.00    299.756643      0   -154.369147    100.84
30.00    298.983300      0   -154.399883    105.18
35.00    299.264032      0   -154.391052    109.50
40.00    298.901668      0   -154.377386    113.81
45.00    299.295967      0   -154.385260    118.12
50.00    297.737222      0   -154.364091    122.44

Sampling
blocks        weight  killW       E_Guide     error       E_Trial     error     olp_T/G     error  Walltime
    20    298.861871      1   -154.396504  0.008797   -154.393472  0.002203    1.214639  0.005212  162.68
    40    298.745830      2   -154.391866  0.005479   -154.389299  0.001485    1.217313  0.004115  196.25
    60    298.737169      3   -154.391347  0.004109   -154.388407  0.001101    1.214874  0.002891  230.21
    80    298.667891      4   -154.388056  0.003490   -154.387781  0.000887    1.215465  0.002403  264.02
   100    298.623598      4   -154.389457  0.002843   -154.387012  0.000764    1.216562  0.002335  297.62
   120    298.624949      4   -154.390925  0.002688   -154.386759  0.000671    1.218324  0.002265  331.22
   140    298.573873      4   -154.389648  0.002721   -154.386311  0.000602    1.220745  0.002542  364.84
   160    298.520263      4   -154.389133  0.002335   -154.386424  0.000548    1.222728  0.002597  400.35
   180    298.497364      6   -154.389482  0.002128   -154.386359  0.000507    1.223278  0.002353  435.46
   200    298.482070      6   -154.389497  0.001932   -154.386363  0.000469    1.223617  0.002186  469.05
   220    298.458514      6   -154.389469  0.001809   -154.386271  0.000436    1.224556  0.002086  502.69
   240    298.445518      7   -154.389291  0.001679   -154.386171  0.000413    1.225565  0.002048  536.32
   260    298.423395      8   -154.389107  0.001617   -154.386131  0.000391    1.224908  0.001975  570.09
   280    298.404345     10   -154.389704  0.001553   -154.386318  0.000379    1.223278  0.002159  603.86
   300    298.393453     11   -154.389414  0.001499   -154.386333  0.000378    1.223497  0.002082  637.46
   320    298.396179     11   -154.389520  0.001437   -154.386302  0.000363    1.224404  0.002050  671.06
   340    298.390419     12   -154.389491  0.001371   -154.386240  0.000349    1.224265  0.001933  704.67
   360    298.390587     13   -154.390145  0.001373   -154.386268  0.000346    1.224790  0.001862  738.27
   380    298.385425     13   -154.390444  0.001316   -154.386228  0.000337    1.225425  0.001820  771.90
   400    298.388428     14   -154.391005  0.001330   -154.386335  0.000329    1.224998  0.001759  805.53
   420    298.388420     14   -154.391621  0.001349   -154.386409  0.000319    1.224795  0.001685  839.14
   440    298.376192     14   -154.391309  0.001394   -154.386353  0.000310    1.224312  0.001738  872.74
   460    298.372409     14   -154.391150  0.001363   -154.386346  0.000300    1.224842  0.001705  906.34
   480    298.358947     15   -154.391207  0.001300   -154.386285  0.000293    1.225365  0.001736  939.94
   500    298.354847     15   -154.391449  0.001250   -154.386271  0.000287    1.225709  0.001704  975.30
   520    298.355002     15   -154.391943  0.001248   -154.386332  0.000279    1.225636  0.001668 1009.59
   540    298.347436     15   -154.391652  0.001203   -154.386368  0.000272    1.226043  0.001647 1044.17
   560    298.339218     15   -154.391631  0.001181   -154.386343  0.000266    1.226552  0.001665 1077.80
   580    298.333316     15   -154.391820  0.001169   -154.386409  0.000268    1.226922  0.001642 1111.54
   600    298.326908     15   -154.391720  0.001139   -154.386337  0.000263    1.227183  0.001648 1145.19
   620    298.316951     17   -154.391632  0.001101   -154.386337  0.000258    1.227010  0.001617 1179.39
   640    298.308310     18   -154.391412  0.001081   -154.386368  0.000257    1.227302  0.001601 1213.41
   660    298.300680     18   -154.391154  0.001106   -154.386409  0.000258    1.227668  0.001597 1247.03
   680    298.298021     18   -154.390893  0.001120   -154.386375  0.000253    1.227897  0.001602 1280.71
   700    298.292457     19   -154.390823  0.001086   -154.386343  0.000252    1.227828  0.001563 1314.31
   720    298.287094     21   -154.390588  0.001094   -154.386294  0.000248    1.228089  0.001580 1347.90
   740    298.283368     21   -154.390357  0.001086   -154.386241  0.000243    1.228359  0.001570 1381.51
   760    298.272890     22   -154.390134  0.001095   -154.386282  0.000240    1.228251  0.001537 1415.11
   780    298.275384     22   -154.390172  0.001068   -154.386217  0.000236    1.228380  0.001503 1448.71
   800    298.272731     22   -154.390171  0.001044   -154.386297  0.000235    1.228616  0.001512 1483.49
   820    298.272639     22   -154.390114  0.001025   -154.386297  0.000233    1.228496  0.001479 1517.11
   840    298.274336     22   -154.390293  0.001032   -154.386301  0.000231    1.228341  0.001492 1550.77
   860    298.273717     22   -154.390264  0.001032   -154.386299  0.000228    1.227877  0.001492 1584.39
   880    298.267927     22   -154.390162  0.001007   -154.386355  0.000227    1.227889  0.001530 1618.00
   900    298.264461     22   -154.390226  0.000988   -154.386328  0.000224    1.228386  0.001509 1651.71
   920    298.258179     22   -154.390182  0.000982   -154.386319  0.000221    1.228569  0.001541 1685.32
   940    298.259597     22   -154.390411  0.000961   -154.386360  0.000219    1.228722  0.001514 1718.98
   960    298.260046     22   -154.390443  0.000953   -154.386339  0.000216    1.228932  0.001512 1752.59
   980    298.259680     23   -154.390373  0.000941   -154.386362  0.000215    1.228913  0.001512 1786.23
  1000    298.261530     25   -154.390397  0.000976   -154.386398  0.000213    1.228739  0.001476 1819.97

Post Propagation Process
Total number of samples 1000
Raw AFQMC/HF (Guide) energy:           -154.390397 ± 0.000976
Raw Trial/Guide overlap ratio:          1.228739 ± 0.001476
Raw AFQMC/pt2CCSD energy (covariance): -154.386398 ± 0.000213
Raw AFQMC/pt2CCSD energy (dir sample): -154.386398 ± 0.000176

Remove Outliers
removing energies outside zeta > 30
Outlier energy bound [-154.528351, -154.242918]
Removed 0 outliers with energies []
Clean AFQMC/pt2CCSD overlap ratio:        1.228739 ± 0.001476
Clean AFQMC/pt2CCSD energy (covariance): -154.386398 ± 0.000213
Clean AFQMC/ptCCSD energy (dir sample):  -154.386398 ± 0.000176

Blocking Analysis
nsample = 1000, max_block_size = 25, min_nblocks = 40
   B    NB    NS  Observable     Error    dError
   1  1000  1000    1.228743  0.000387  0.000009
   2   500  1000    1.228743  0.000530  0.000017
   3   333   999    1.228748  0.000639  0.000025
   4   250  1000    1.228743  0.000724  0.000032
   5   200  1000    1.228743  0.000793  0.000040
   6   166   996    1.228776  0.000861  0.000047
   7   142   994    1.228787  0.000924  0.000055
   8   125  1000    1.228742  0.000972  0.000062
   9   111   999    1.228748  0.001024  0.000069
  10   100  1000    1.228742  0.001060  0.000075
  11    90   990    1.228795  0.001127  0.000084
  12    83   996    1.228776  0.001134  0.000089
  13    76   988    1.228815  0.001181  0.000096
  14    71   994    1.228786  0.001201  0.000101
  15    66   990    1.228795  0.001247  0.000109
  16    62   992    1.228786  0.001273  0.000115
  17    58   986    1.228847  0.001294  0.000121
  18    55   990    1.228795  0.001368  0.000132
  19    52   988    1.228815  0.001344  0.000133
  20    50  1000    1.228742  0.001400  0.000141
  21    47   987    1.228836  0.001440  0.000150
  22    45   990    1.228795  0.001430  0.000152
  23    43   989    1.228797  0.001424  0.000155
  24    41   984    1.228879  0.001476  0.000165
  25    40  1000    1.228742  0.001446  0.000164
Fit (variance): plateau_var = 3.410e-06 ± 8.567e-07
Fit (error):    plateau = 0.001847 ± 0.000232
     autocorrelation length ~ 24.7 blocks
     plateau reached at block size ~ 114
     !!!Failed to reach plateau in blocking
     Return max block error
nclean = 1000, max_block_size = 25, min_nblocks = 40
Blk_SZ   NBlk   NSmp      Energy     Error    dError
     1   1000   1000  -154.386285  0.000176  0.000004
     2    500   1000  -154.386304  0.000200  0.000006
     3    333    999  -154.386325  0.000217  0.000008
     4    250   1000  -154.386331  0.000225  0.000010
     5    200   1000  -154.386336  0.000236  0.000012
     6    166    996  -154.386338  0.000243  0.000013
     7    142    994  -154.386336  0.000258  0.000015
     8    125   1000  -154.386355  0.000231  0.000015
     9    111    999  -154.386359  0.000248  0.000017
    10    100   1000  -154.386361  0.000236  0.000017
    11     90    990  -154.386344  0.000249  0.000019
    12     83    996  -154.386358  0.000245  0.000019
    13     76    988  -154.386354  0.000239  0.000020
    14     71    994  -154.386355  0.000242  0.000020
    15     66    990  -154.386355  0.000233  0.000020
    16     62    992  -154.386359  0.000238  0.000022
    17     58    986  -154.386368  0.000226  0.000021
    18     55    990  -154.386358  0.000246  0.000024
    19     52    988  -154.386359  0.000240  0.000024
    20     50   1000  -154.386374  0.000245  0.000025
    21     47    987  -154.386370  0.000266  0.000028
    22     45    990  -154.386361  0.000238  0.000025
    23     43    989  -154.386363  0.000246  0.000027
    24     41    984  -154.386349  0.000233  0.000026
    25     40   1000  -154.386375  0.000207  0.000023
Fit (variance): plateau_var = 5.792273e-08 ± 2.350677e-09
Fit (error):    plateau = 0.000241 ± 0.000005
     autocorrelation length ~ 2.1 blocks
     plateau reached at block size ~ 10
Final AFQMC/pt2CCSD overlap ratio: 1.228739 ± 0.001476
Final AFQMC/pt2CCSD energy: -154.386398 ± 0.000241
Total run time: 1922.08

AFQMC Sampling Finished

QMC script: /u/yzhang65/myprojects/software/afqmc/afqmc/scripts/run_afqmc_pt2ccsd.py
  => E_HF(cyclobutadiene)      = -153.7222349312 Eh
  => E_CCSD(cyclobutadiene)    = -154.3457883124 Eh
  => E_AFQMC(cyclobutadiene)   = -154.38640 +/- 0.00024 Eh

============================================================
Running: cyclobutane  charge=0  spin=0
============================================================
output file: ../../result/molout/closed_shell/tz/cyclobutane_vtzfp.out
Not a UHF solution. Convert to RHF

Preparing AFQMC calculation
Calculating Cholesky integrals
Finished calculating Cholesky integrals
Size of the correlation space:
Number of electrons:        [12, 12]
Number of basis functions:  188
Number of Cholesky vectors: 1068

    ________                     _____                    
    ___  __ \___  __________________(_)_____________ _    
    __  /_/ /  / / /_  __ \_  __ \_  /__  __ \_  __ `/    
    _  _, _// /_/ /_  / / /  / / /  / _  / / /  /_/ /     
    /_/ |_| \__,_/ /_/ /_//_/ /_//_/  /_/ /_/_\__, /      
                                             /____/       
    _____________________________  ___________            
    ___    |__  ____/_  __ \__   |/  /_  ____/            
    __  /| |_  /_   _  / / /_  /|_/ /_  /                 
    _  ___ |  __/   / /_/ /_  /  / / / /___               
    /_/  |_/_/      \___\_\/_/  /_/  \____/               

Hostname:     gpue02.delta.ncsa.illinois.edu
System:       Linux
Node:         gpue02.delta.ncsa.illinois.edu
Release:      5.14.0-427.91.1.el9_4.x86_64
Machine:      x86_64
Processor:    x86_64
JAX backend:  GPU
JAX devices:  [CudaDevice(id=0)]
Device kind:  NVIDIA H200
Platform:     gpu

Load system from Integral File
Maximum memory per walker:            83.33 MB
Maximum number of Cholesky per chunk: 154
Number of Cholesky chunks:            7
Number of Cholesky per chunk:         153
Number of padding Cholesky:           3

QMC System
Number of electrons: (12, 12)
Spin Multiplicity:   0
Number of orbitals:  188
Number of Chol:      1068

QMC Parameters
eql_time            :                   50
n_blocks            :                 1000
n_walkers           :                  300
max_error           :                  0.0
seed                :                   17
walker_type         :                  rhf
trial               :              pt2ccsd
mix_precision       :                 True
max_memory          :                25000
dt                  :                0.005
n_exp_terms         :                    6
n_prop_steps        :                   50
save_walkers        :                False
free_projection     :                False
n_batch             :                    1
nchol_chunk         :                  153

Initalize QMC walkers by stochastic CCSD

Equilibration
inv_T        weight  killW        energy   runTime
 0.00    300.000000      0   -156.872198     78.54
 5.00    298.911735      0   -156.958855     87.93
10.00    298.745842      0   -156.914643     91.20
15.00    298.407502      0   -156.888106     94.47
20.00    298.423275      0   -156.882763     97.74
25.00    299.778737      0   -156.885452    101.02
30.00    297.780559      0   -156.905735    104.29
35.00    297.976479      0   -156.908412    107.56
40.00    298.647774      0   -156.931738    110.84
45.00    298.883002      0   -156.879360    114.11
50.00    297.900324      0   -156.898011    117.39

Sampling
blocks        weight  killW       E_Guide     error       E_Trial     error     olp_T/G     error  Walltime
    20    298.356926      0   -156.896849  0.006692   -156.901753  0.000971    1.002043  0.000090  179.81
    40    298.350760      0   -156.898958  0.003703   -156.902259  0.000657    1.001758  0.000165  239.17
    60    298.358522      0   -156.902257  0.003431   -156.903023  0.000554    1.001739  0.000156  298.69
    80    298.357042      0   -156.904202  0.003117   -156.903272  0.000506    1.001809  0.000123  358.25
   100    298.308754      0   -156.903559  0.002545   -156.903082  0.000472    1.001702  0.000123  417.76
   120    298.264839      0   -156.904105  0.002143   -156.903057  0.000414    1.001693  0.000102  478.49
   140    298.250774      0   -156.904143  0.002415   -156.902947  0.000375    1.001744  0.000096  537.56
   160    298.224951      0   -156.904690  0.002169   -156.903090  0.000348    1.001817  0.000099  597.39
   180    298.215728      0   -156.905221  0.001987   -156.903066  0.000329    1.001804  0.000089  656.69
   200    298.214538      0   -156.905696  0.001859   -156.902996  0.000315    1.001799  0.000081  716.27
   220    298.219513      0   -156.906148  0.001877   -156.903101  0.000305    1.001803  0.000074  775.76
   240    298.205614      0   -156.905963  0.002048   -156.903001  0.000288    1.001797  0.000068  835.30
   260    298.187024      0   -156.906015  0.002058   -156.902974  0.000281    1.001800  0.000064  894.81
   280    298.167574      0   -156.905821  0.001894   -156.902921  0.000269    1.001811  0.000061  954.33
   300    298.153236      0   -156.905763  0.001793   -156.903049  0.000263    1.001829  0.000059 1013.90
   320    298.139820      0   -156.905677  0.001667   -156.903093  0.000265    1.001838  0.000055 1074.05
   340    298.125678      0   -156.905898  0.001606   -156.903000  0.000255    1.001815  0.000057 1133.72
   360    298.127973      0   -156.906406  0.001573   -156.903206  0.000255    1.001809  0.000058 1196.24
   380    298.119288      0   -156.906684  0.001524   -156.903192  0.000253    1.001800  0.000058 1255.71
   400    298.105497      0   -156.906347  0.001460   -156.903173  0.000247    1.001791  0.000055 1315.13
   420    298.093109      0   -156.906219  0.001411   -156.903144  0.000240    1.001792  0.000054 1374.63
   440    298.088487      0   -156.905837  0.001371   -156.903098  0.000233    1.001806  0.000054 1434.13
   460    298.081105      0   -156.905533  0.001339   -156.903055  0.000227    1.001818  0.000054 1493.67
   480    298.076082      0   -156.905249  0.001334   -156.903063  0.000224    1.001824  0.000052 1553.21
   500    298.075979      0   -156.905294  0.001301   -156.903018  0.000221    1.001819  0.000051 1612.72
   520    298.072358      0   -156.905656  0.001284   -156.903071  0.000218    1.001805  0.000052 1672.27
   540    298.061592      0   -156.905299  0.001262   -156.903010  0.000213    1.001815  0.000052 1731.80
   560    298.061015      0   -156.905352  0.001234   -156.903024  0.000209    1.001804  0.000051 1791.35
   580    298.048432      0   -156.905056  0.001217   -156.902972  0.000204    1.001810  0.000049 1851.32
   600    298.055121      0   -156.905389  0.001200   -156.903104  0.000203    1.001797  0.000049 1910.93
   620    298.056109      0   -156.905614  0.001177   -156.903128  0.000200    1.001800  0.000048 1970.37
   640    298.051114      0   -156.905810  0.001155   -156.903128  0.000197    1.001795  0.000049 2029.87
   660    298.042411      0   -156.905382  0.001159   -156.903037  0.000194    1.001791  0.000048 2089.39
   680    298.040426      0   -156.905563  0.001136   -156.903094  0.000191    1.001785  0.000047 2148.89
   700    298.044332      0   -156.905893  0.001128   -156.903091  0.000203    1.001778  0.000047 2208.41
   720    298.047653      0   -156.906461  0.001241   -156.903126  0.000204    1.001771  0.000045 2267.99
   740    298.043456      0   -156.906994  0.001284   -156.903233  0.000204    1.001772  0.000044 2327.52
   760    298.044621      0   -156.907118  0.001313   -156.903249  0.000205    1.001773  0.000043 2387.55
   780    298.042337      0   -156.907055  0.001292   -156.903249  0.000202    1.001768  0.000043 2447.61
   800    298.041953      1   -156.907043  0.001253   -156.903279  0.000201    1.001771  0.000041 2509.50
   820    298.043143      1   -156.907169  0.001226   -156.903293  0.000198    1.001770  0.000040 2569.02
   840    298.042264      1   -156.907291  0.001218   -156.903323  0.000196    1.001771  0.000039 2628.46
   860    298.042020      1   -156.907354  0.001203   -156.903302  0.000192    1.001771  0.000039 2687.97
   880    298.039836      1   -156.907533  0.001261   -156.903341  0.000191    1.001778  0.000038 2747.48
   900    298.038772      1   -156.907887  0.001261   -156.903447  0.000191    1.001780  0.000038 2806.97
   920    298.034992      1   -156.907601  0.001261   -156.903409  0.000188    1.001778  0.000037 2866.45
   940    298.034850      1   -156.907517  0.001237   -156.903412  0.000186    1.001771  0.000037 2925.94
   960    298.031524      1   -156.907465  0.001226   -156.903435  0.000183    1.001766  0.000036 2985.58
   980    298.029749      1   -156.907238  0.001199   -156.903376  0.000180    1.001768  0.000036 3045.22
  1000    298.023010      1   -156.907281  0.001257   -156.903369  0.000178    1.001768  0.000036 3105.91

Post Propagation Process
Total number of samples 1000
Raw AFQMC/HF (Guide) energy:           -156.907281 ± 0.001257
Raw Trial/Guide overlap ratio:          1.001768 ± 0.000036
Raw AFQMC/pt2CCSD energy (covariance): -156.903369 ± 0.000178
Raw AFQMC/pt2CCSD energy (dir sample): -156.903369 ± 0.000143

Remove Outliers
removing energies outside zeta > 30
Outlier energy bound [-157.024015, -156.781349]
Removed 0 outliers with energies []
Clean AFQMC/pt2CCSD overlap ratio:        1.001768 ± 0.000036
Clean AFQMC/pt2CCSD energy (covariance): -156.903369 ± 0.000178
Clean AFQMC/ptCCSD energy (dir sample):  -156.903369 ± 0.000143

Blocking Analysis
nsample = 1000, max_block_size = 25, min_nblocks = 40
   B    NB    NS  Observable     Error    dError
   1  1000  1000    1.001768  0.000014  0.000000
   2   500  1000    1.001768  0.000018  0.000001
   3   333   999    1.001768  0.000021  0.000001
   4   250  1000    1.001768  0.000023  0.000001
   5   200  1000    1.001768  0.000025  0.000001
   6   166   996    1.001768  0.000027  0.000001
   7   142   994    1.001767  0.000027  0.000002
   8   125  1000    1.001768  0.000029  0.000002
   9   111   999    1.001768  0.000030  0.000002
  10   100  1000    1.001768  0.000030  0.000002
  11    90   990    1.001768  0.000032  0.000002
  12    83   996    1.001768  0.000032  0.000002
  13    76   988    1.001769  0.000033  0.000003
  14    71   994    1.001767  0.000031  0.000003
  15    66   990    1.001768  0.000032  0.000003
  16    62   992    1.001768  0.000035  0.000003
  17    58   986    1.001769  0.000033  0.000003
  18    55   990    1.001768  0.000032  0.000003
  19    52   988    1.001769  0.000032  0.000003
  20    50  1000    1.001768  0.000032  0.000003
  21    47   987    1.001769  0.000032  0.000003
  22    45   990    1.001768  0.000035  0.000004
  23    43   989    1.001768  0.000035  0.000004
  24    41   984    1.001769  0.000033  0.000004
  25    40  1000    1.001768  0.000036  0.000004
Fit (variance): plateau_var = 1.160e-09 ± 8.514e-11
Fit (error):    plateau = 0.000034 ± 0.000001
     autocorrelation length ~ 6.7 blocks
     plateau reached at block size ~ 31
     !!!Failed to reach plateau in blocking
     Return max block error
nclean = 1000, max_block_size = 25, min_nblocks = 40
Blk_SZ   NBlk   NSmp      Energy     Error    dError
     1   1000   1000  -156.903241  0.000143  0.000003
     2    500   1000  -156.903271  0.000166  0.000005
     3    333    999  -156.903280  0.000183  0.000007
     4    250   1000  -156.903296  0.000189  0.000008
     5    200   1000  -156.903306  0.000199  0.000010
     6    166    996  -156.903316  0.000196  0.000011
     7    142    994  -156.903332  0.000204  0.000012
     8    125   1000  -156.903319  0.000207  0.000013
     9    111    999  -156.903323  0.000213  0.000014
    10    100   1000  -156.903332  0.000211  0.000015
    11     90    990  -156.903330  0.000224  0.000017
    12     83    996  -156.903345  0.000213  0.000017
    13     76    988  -156.903347  0.000224  0.000018
    14     71    994  -156.903353  0.000216  0.000018
    15     66    990  -156.903344  0.000232  0.000020
    16     62    992  -156.903353  0.000225  0.000020
    17     58    986  -156.903354  0.000209  0.000020
    18     55    990  -156.903350  0.000219  0.000021
    19     52    988  -156.903354  0.000236  0.000023
    20     50   1000  -156.903350  0.000226  0.000023
    21     47    987  -156.903363  0.000196  0.000020
    22     45    990  -156.903351  0.000225  0.000024
    23     43    989  -156.903356  0.000217  0.000024
    24     41    984  -156.903356  0.000226  0.000025
    25     40   1000  -156.903347  0.000205  0.000023
Fit (variance): plateau_var = 4.744408e-08 ± 2.370524e-09
Fit (error):    plateau = 0.000218 ± 0.000005
     autocorrelation length ~ 3.4 blocks
     plateau reached at block size ~ 15
Final AFQMC/pt2CCSD overlap ratio: 1.001768 ± 0.000036
Final AFQMC/pt2CCSD energy: -156.903369 ± 0.000218
Total run time: 3155.17

AFQMC Sampling Finished

QMC script: /u/yzhang65/myprojects/software/afqmc/afqmc/scripts/run_afqmc_pt2ccsd.py
  => E_HF(cyclobutane)      = -156.1491715790 Eh
  => E_CCSD(cyclobutane)    = -156.8724276390 Eh
  => E_AFQMC(cyclobutane)   = -156.90337 +/- 0.00022 Eh

============================================================
Running: cyclobutene  charge=0  spin=0
============================================================
output file: ../../result/molout/closed_shell/tz/cyclobutene_vtzfp.out
Not a UHF solution. Convert to RHF

Preparing AFQMC calculation
Calculating Cholesky integrals
Finished calculating Cholesky integrals
Size of the correlation space:
Number of electrons:        [11, 11]
Number of basis functions:  170
Number of Cholesky vectors: 965

    ________                     _____                    
    ___  __ \___  __________________(_)_____________ _    
    __  /_/ /  / / /_  __ \_  __ \_  /__  __ \_  __ `/    
    _  _, _// /_/ /_  / / /  / / /  / _  / / /  /_/ /     
    /_/ |_| \__,_/ /_/ /_//_/ /_//_/  /_/ /_/_\__, /      
                                             /____/       
    _____________________________  ___________            
    ___    |__  ____/_  __ \__   |/  /_  ____/            
    __  /| |_  /_   _  / / /_  /|_/ /_  /                 
    _  ___ |  __/   / /_/ /_  /  / / / /___               
    /_/  |_/_/      \___\_\/_/  /_/  \____/               

Hostname:     gpue02.delta.ncsa.illinois.edu
System:       Linux
Node:         gpue02.delta.ncsa.illinois.edu
Release:      5.14.0-427.91.1.el9_4.x86_64
Machine:      x86_64
Processor:    x86_64
JAX backend:  GPU
JAX devices:  [CudaDevice(id=0)]
Device kind:  NVIDIA H200
Platform:     gpu

Load system from Integral File
Maximum memory per walker:            83.33 MB
Maximum number of Cholesky per chunk: 188
Number of Cholesky chunks:            6
Number of Cholesky per chunk:         161
Number of padding Cholesky:           1

QMC System
Number of electrons: (11, 11)
Spin Multiplicity:   0
Number of orbitals:  170
Number of Chol:      965

QMC Parameters
eql_time            :                   50
n_blocks            :                 1000
n_walkers           :                  300
max_error           :                  0.0
seed                :                   17
walker_type         :                  rhf
trial               :              pt2ccsd
mix_precision       :                 True
max_memory          :                25000
dt                  :                0.005
n_exp_terms         :                    6
n_prop_steps        :                   50
save_walkers        :                False
free_projection     :                False
n_batch             :                    1
nchol_chunk         :                  161

Initalize QMC walkers by stochastic CCSD

Equilibration
inv_T        weight  killW        energy   runTime
 0.00    300.000000      0   -155.636404     74.94
 5.00    298.116199      0   -155.678605     83.28
10.00    298.377411      0   -155.670394     86.05
15.00    298.518073      0   -155.653812     88.82
20.00    298.410907      0   -155.673705     91.59
25.00    298.095533      0   -155.653768     94.37
30.00    298.591948      0   -155.646399     97.15
35.00    298.187307      0   -155.646799     99.92
40.00    298.974224      0   -155.700931    102.70
45.00    297.795405      0   -155.646188    105.48
50.00    298.797282      0   -155.643791    108.25

Sampling
blocks        weight  killW       E_Guide     error       E_Trial     error     olp_T/G     error  Walltime
    20    298.472218      0   -155.678346  0.007358   -155.670009  0.001153    1.002437  0.000172  158.91
    40    298.747173      0   -155.690130  0.009335   -155.671176  0.001272    1.002597  0.000268  206.30
    60    298.723354      0   -155.692318  0.007029   -155.672783  0.001168    1.002636  0.000201  253.84
    80    298.617211      0   -155.688057  0.005439   -155.672222  0.000939    1.002572  0.000175  301.34
   100    298.533147      0   -155.682944  0.005578   -155.671003  0.000814    1.002651  0.000138  349.33
   120    298.446166      0   -155.679913  0.005388   -155.670626  0.000731    1.002661  0.000127  396.47
   140    298.398205      0   -155.679676  0.004835   -155.670417  0.000650    1.002647  0.000116  444.03
   160    298.365668      0   -155.678838  0.004282   -155.671036  0.000644    1.002707  0.000113  492.09
   180    298.331994      0   -155.677162  0.003788   -155.671101  0.000618    1.002699  0.000102  541.95
   200    298.316187      0   -155.677493  0.003452   -155.670856  0.000569    1.002724  0.000094  590.50
   220    298.293088      0   -155.677096  0.003190   -155.670641  0.000529    1.002770  0.000094  638.06
   240    298.293528      0   -155.677313  0.002981   -155.670592  0.000496    1.002776  0.000087  685.55
   260    298.284954      0   -155.677673  0.002777   -155.670552  0.000470    1.002813  0.000084  733.08
   280    298.273042      0   -155.677625  0.002567   -155.670438  0.000440    1.002790  0.000078  780.66
   300    298.248498      0   -155.677725  0.002415   -155.670252  0.000418    1.002812  0.000075  828.17
   320    298.232219      0   -155.676985  0.002306   -155.670276  0.000406    1.002746  0.000084  875.73
   340    298.215680      0   -155.677277  0.002190   -155.670413  0.000399    1.002715  0.000082  923.25
   360    298.205525      0   -155.677279  0.002112   -155.670438  0.000386    1.002716  0.000077  970.79
   380    298.206596      0   -155.677626  0.002024   -155.670474  0.000371    1.002712  0.000073 1018.52
   400    298.204873      0   -155.677703  0.001940   -155.670369  0.000360    1.002719  0.000070 1066.01
   420    298.178102      0   -155.676628  0.001953   -155.670291  0.000347    1.002738  0.000068 1113.66
   440    298.174926      0   -155.676437  0.001925   -155.670287  0.000339    1.002752  0.000066 1161.13
   460    298.174059      0   -155.676215  0.001879   -155.670214  0.000327    1.002746  0.000064 1209.23
   480    298.160714      0   -155.676102  0.001821   -155.670254  0.000318    1.002728  0.000066 1256.81
   500    298.156045      0   -155.675937  0.001801   -155.670370  0.000327    1.002717  0.000065 1304.28
   520    298.152711      0   -155.675799  0.001816   -155.670349  0.000320    1.002725  0.000065 1351.80
   540    298.149992      0   -155.675803  0.001772   -155.670296  0.000311    1.002736  0.000064 1399.36
   560    298.146075      0   -155.675966  0.001736   -155.670364  0.000304    1.002738  0.000062 1446.92
   580    298.141148      0   -155.675865  0.001698   -155.670295  0.000295    1.002748  0.000060 1494.43
   600    298.131379      0   -155.675277  0.001714   -155.670219  0.000287    1.002763  0.000061 1541.99
   620    298.125133      0   -155.675080  0.001691   -155.670210  0.000279    1.002755  0.000060 1589.53
   640    298.122752      0   -155.675061  0.001692   -155.670177  0.000273    1.002743  0.000062 1637.17
   660    298.117652      0   -155.674798  0.001664   -155.670156  0.000270    1.002732  0.000060 1684.66
   680    298.113388      0   -155.674854  0.001624   -155.670312  0.000282    1.002733  0.000060 1732.18
   700    298.105589      0   -155.674629  0.001592   -155.670281  0.000275    1.002734  0.000058 1780.78
   720    298.104922      0   -155.674404  0.001537   -155.670228  0.000270    1.002764  0.000066 1829.77
   740    298.103359      1   -155.674449  0.001510   -155.670162  0.000265    1.002763  0.000064 1878.76
   760    298.100501      2   -155.674630  0.001477   -155.670156  0.000260    1.002749  0.000065 1925.98
   780    298.095341      2   -155.674579  0.001447   -155.670119  0.000255    1.002760  0.000064 1973.51
   800    298.094772      2   -155.674466  0.001394   -155.670161  0.000252    1.002769  0.000064 2021.05
   820    298.116203      2   -155.675219  0.001552   -155.670184  0.000251    1.002757  0.000063 2068.58
   840    298.112583      2   -155.675352  0.001725   -155.670151  0.000250    1.002730  0.000069 2116.13
   860    298.113695      2   -155.675186  0.001690   -155.670116  0.000245    1.002734  0.000068 2163.66
   880    298.107660      3   -155.675103  0.001680   -155.670153  0.000249    1.002737  0.000067 2211.23
   900    298.106786      3   -155.675109  0.001613   -155.670169  0.000246    1.002749  0.000066 2258.70
   920    298.103546      4   -155.674951  0.001585   -155.670150  0.000242    1.002760  0.000065 2306.48
   940    298.102324      5   -155.674939  0.001556   -155.670175  0.000239    1.002755  0.000064 2353.78
   960    298.105984      5   -155.674947  0.001526   -155.670153  0.000236    1.002751  0.000066 2401.77
   980    298.105063      5   -155.674871  0.001499   -155.670104  0.000233    1.002752  0.000066 2449.36
  1000    298.102056      5   -155.674708  0.001478   -155.670079  0.000229    1.002749  0.000064 2498.76

Post Propagation Process
Total number of samples 1000
Raw AFQMC/HF (Guide) energy:           -155.674708 ± 0.001478
Raw Trial/Guide overlap ratio:          1.002749 ± 0.000064
Raw AFQMC/pt2CCSD energy (covariance): -155.670079 ± 0.000229
Raw AFQMC/pt2CCSD energy (dir sample): -155.670079 ± 0.000200

Remove Outliers
removing energies outside zeta > 30
Outlier energy bound [-155.800365, -155.537350]
Removed 0 outliers with energies []
Clean AFQMC/pt2CCSD overlap ratio:        1.002749 ± 0.000064
Clean AFQMC/pt2CCSD energy (covariance): -155.670079 ± 0.000229
Clean AFQMC/ptCCSD energy (dir sample):  -155.670079 ± 0.000200

Blocking Analysis
nsample = 1000, max_block_size = 25, min_nblocks = 40
   B    NB    NS  Observable     Error    dError
   1  1000  1000    1.002749  0.000021  0.000000
   2   500  1000    1.002749  0.000028  0.000001
   3   333   999    1.002749  0.000033  0.000001
   4   250  1000    1.002749  0.000037  0.000002
   5   200  1000    1.002749  0.000039  0.000002
   6   166   996    1.002749  0.000043  0.000002
   7   142   994    1.002748  0.000044  0.000003
   8   125  1000    1.002749  0.000046  0.000003
   9   111   999    1.002749  0.000046  0.000003
  10   100  1000    1.002749  0.000047  0.000003
  11    90   990    1.002748  0.000049  0.000004
  12    83   996    1.002749  0.000052  0.000004
  13    76   988    1.002749  0.000051  0.000004
  14    71   994    1.002748  0.000053  0.000005
  15    66   990    1.002748  0.000055  0.000005
  16    62   992    1.002748  0.000057  0.000005
  17    58   986    1.002750  0.000056  0.000005
  18    55   990    1.002748  0.000061  0.000006
  19    52   988    1.002749  0.000059  0.000006
  20    50  1000    1.002749  0.000056  0.000006
  21    47   987    1.002750  0.000055  0.000006
  22    45   990    1.002748  0.000056  0.000006
  23    43   989    1.002748  0.000057  0.000006
  24    41   984    1.002750  0.000064  0.000007
  25    40  1000    1.002749  0.000057  0.000006
Fit (variance): plateau_var = 3.687e-09 ± 3.766e-10
Fit (error):    plateau = 0.000061 ± 0.000003
     autocorrelation length ~ 9.7 blocks
     plateau reached at block size ~ 45
     !!!Failed to reach plateau in blocking
     Return max block error
nclean = 1000, max_block_size = 25, min_nblocks = 40
Blk_SZ   NBlk   NSmp      Energy     Error    dError
     1   1000   1000  -155.669811  0.000200  0.000004
     2    500   1000  -155.669875  0.000222  0.000007
     3    333    999  -155.669902  0.000244  0.000009
     4    250   1000  -155.669911  0.000254  0.000011
     5    200   1000  -155.669942  0.000255  0.000013
     6    166    996  -155.669940  0.000273  0.000015
     7    142    994  -155.669977  0.000274  0.000016
     8    125   1000  -155.669958  0.000269  0.000017
     9    111    999  -155.669990  0.000282  0.000019
    10    100   1000  -155.669992  0.000271  0.000019
    11     90    990  -155.670000  0.000278  0.000021
    12     83    996  -155.670003  0.000276  0.000022
    13     76    988  -155.670032  0.000283  0.000023
    14     71    994  -155.670001  0.000293  0.000025
    15     66    990  -155.670007  0.000267  0.000023
    16     62    992  -155.670026  0.000274  0.000025
    17     58    986  -155.670039  0.000277  0.000026
    18     55    990  -155.670023  0.000302  0.000029
    19     52    988  -155.670043  0.000296  0.000029
    20     50   1000  -155.670035  0.000288  0.000029
    21     47    987  -155.670061  0.000280  0.000029
    22     45    990  -155.670044  0.000312  0.000033
    23     43    989  -155.670048  0.000286  0.000031
    24     41    984  -155.670060  0.000269  0.000030
    25     40   1000  -155.670036  0.000283  0.000032
Fit (variance): plateau_var = 8.021110e-08 ± 3.994485e-09
Fit (error):    plateau = 0.000283 ± 0.000007
     autocorrelation length ~ 3.4 blocks
     plateau reached at block size ~ 15
Final AFQMC/pt2CCSD overlap ratio: 1.002749 ± 0.000064
Final AFQMC/pt2CCSD energy: -155.670079 ± 0.000283
Total run time: 2547.54

AFQMC Sampling Finished

QMC script: /u/yzhang65/myprojects/software/afqmc/afqmc/scripts/run_afqmc_pt2ccsd.py
  => E_HF(cyclobutene)      = -154.9522763119 Eh
  => E_CCSD(cyclobutene)    = -155.6373316081 Eh
  => E_AFQMC(cyclobutene)   = -155.67008 +/- 0.00028 Eh

============================================================
Running: cyclopentadiene  charge=0  spin=0
============================================================
output file: ../../result/molout/closed_shell/tz/cyclopentadiene_vtzfp.out

Preparing AFQMC calculation
Calculating Cholesky integrals
Alpha Cholesky shape: (1133, 204, 204) 
 Beta Cholesky shape: (1133, 204, 204) 
Finished calculating Cholesky integrals
Size of the correlation space:
Number of electrons:        [13 13]
Number of basis functions:  199
Number of Cholesky vectors: 1133

    ________                     _____                    
    ___  __ \___  __________________(_)_____________ _    
    __  /_/ /  / / /_  __ \_  __ \_  /__  __ \_  __ `/    
    _  _, _// /_/ /_  / / /  / / /  / _  / / /  /_/ /     
    /_/ |_| \__,_/ /_/ /_//_/ /_//_/  /_/ /_/_\__, /      
                                             /____/       
    _____________________________  ___________            
    ___    |__  ____/_  __ \__   |/  /_  ____/            
    __  /| |_  /_   _  / / /_  /|_/ /_  /                 
    _  ___ |  __/   / /_/ /_  /  / / / /___               
    /_/  |_/_/      \___\_\/_/  /_/  \____/               

Hostname:     gpue02.delta.ncsa.illinois.edu
System:       Linux
Node:         gpue02.delta.ncsa.illinois.edu
Release:      5.14.0-427.91.1.el9_4.x86_64
Machine:      x86_64
Processor:    x86_64
JAX backend:  GPU
JAX devices:  [CudaDevice(id=0)]
Device kind:  NVIDIA H200
Platform:     gpu

Load system from Integral File
Maximum memory per walker:            83.33 MB
Maximum number of Cholesky per chunk: 68
Number of Cholesky chunks:            17
Number of Cholesky per chunk:         67
Number of padding Cholesky:           6

QMC System
Number of electrons: (13, 13)
Spin Multiplicity:   0
Number of orbitals:  199
Number of Chol:      1133

QMC Parameters
eql_time            :                   50
n_blocks            :                 1000
n_walkers           :                  300
max_error           :                  0.0
seed                :                   17
walker_type         :                  uhf
trial               :             upt2ccsd
mix_precision       :                 True
max_memory          :                25000
dt                  :                0.005
n_exp_terms         :                    6
n_prop_steps        :                   50
save_walkers        :                False
free_projection     :                False
n_batch             :                    1
nchol_chunk         :                   67

Initalize QMC walkers by stochastic CCSD

Equilibration
inv_T        weight  killW        energy   runTime
 0.00    300.000000      0   -193.685812     77.98
 5.00    297.843562      0   -193.711693     92.07
10.00    296.119910      0   -193.698766    100.67
15.00    299.211996      0   -193.743408    109.29
20.00    297.952290      0   -193.716429    117.90
25.00    298.055819      0   -193.695573    126.50
30.00    298.501628      0   -193.756801    135.11
35.00    298.618117      0   -193.733422    143.72
40.00    298.362266      0   -193.711464    152.33
45.00    297.887777      1   -193.698919    160.95
50.00    297.687439      0   -193.697880    169.56

Sampling
blocks        weight  killW       E_Guide     error       E_Trial     error     olp_T/G     error  Walltime
    20    298.494623      0   -193.736901  0.010253   -193.727922  0.001224    1.086235  0.000697  286.92
    40    298.421009      0   -193.731524  0.010908   -193.729183  0.001228    1.085352  0.000983  395.81
    60    298.372148      0   -193.730216  0.007792   -193.728989  0.000953    1.085672  0.000885  497.38
    80    298.262191      0   -193.731093  0.005856   -193.729688  0.000858    1.085335  0.000773  599.72
   100    298.221960      0   -193.728905  0.004793   -193.729173  0.000758    1.085524  0.000609  701.29
   120    298.218994      0   -193.730401  0.004103   -193.729041  0.000658    1.085727  0.000546  802.93
   140    298.222385      0   -193.732664  0.003807   -193.729937  0.000922    1.085532  0.000503  904.59
   160    298.208211      0   -193.732273  0.003408   -193.729774  0.000832    1.085740  0.000467 1006.78
   180    298.189460      0   -193.732499  0.003022   -193.729520  0.000755    1.085656  0.000399 1108.41
   200    298.162628      1   -193.732846  0.002738   -193.729652  0.000725    1.085566  0.000367 1212.79
   220    298.119853      1   -193.732267  0.002523   -193.729518  0.000674    1.085535  0.000342 1314.49
   240    298.096778      1   -193.732106  0.002334   -193.729499  0.000631    1.085421  0.000315 1416.11
   260    298.075206      1   -193.732136  0.002149   -193.729404  0.000593    1.085366  0.000315 1517.77
   280    298.075678      1   -193.731847  0.002040   -193.729416  0.000560    1.085386  0.000286 1621.14
   300    298.064525      1   -193.732028  0.001964   -193.729299  0.000530    1.085608  0.000303 1728.17
   320    298.034491      1   -193.731916  0.001834   -193.729243  0.000509    1.085613  0.000290 1830.29
   340    298.027901      1   -193.731829  0.001732   -193.729087  0.000484    1.085626  0.000279 1931.91
   360    298.021237      1   -193.731808  0.001667   -193.729072  0.000465    1.085594  0.000269 2033.54
   380    298.012125      1   -193.731755  0.001636   -193.728973  0.000446    1.085573  0.000258 2135.17
   400    298.004874      1   -193.731679  0.001575   -193.728983  0.000432    1.085480  0.000292 2236.99
   420    297.987587      1   -193.730988  0.001588   -193.728854  0.000419    1.085492  0.000283 2342.18
   440    297.974359      2   -193.730917  0.001544   -193.728834  0.000405    1.085573  0.000277 2444.01
   460    297.962564      2   -193.731049  0.001507   -193.728793  0.000392    1.085605  0.000266 2545.71
   480    297.962647      3   -193.731634  0.001613   -193.728757  0.000380    1.085509  0.000280 2647.31
   500    297.957400      3   -193.731639  0.001585   -193.728742  0.000369    1.085506  0.000276 2748.90
   520    297.950884      4   -193.731882  0.001521   -193.728734  0.000358    1.085598  0.000307 2850.63
   540    297.945752      4   -193.731665  0.001484   -193.728611  0.000349    1.085670  0.000305 2952.96
   560    297.942188      4   -193.731732  0.001557   -193.728619  0.000341    1.085701  0.000293 3057.94
   580    297.939180      5   -193.731724  0.001525   -193.728647  0.000335    1.085729  0.000287 3159.53
   600    297.939356      6   -193.732036  0.001488   -193.728821  0.000338    1.085628  0.000303 3261.18
   620    297.941842      6   -193.732387  0.001489   -193.728910  0.000332    1.085581  0.000299 3364.18
   640    297.932605      6   -193.732463  0.001462   -193.728862  0.000330    1.085533  0.000291 3465.81
   660    297.935937      7   -193.732636  0.001426   -193.728933  0.000325    1.085477  0.000287 3567.49
   680    297.928346      8   -193.732625  0.001419   -193.729025  0.000320    1.085351  0.000302 3672.21
   700    297.917622      8   -193.732207  0.001429   -193.728986  0.000312    1.085329  0.000296 3773.79
   720    297.915760      8   -193.732435  0.001401   -193.729116  0.000311    1.085166  0.000314 3875.48
   740    297.910918      8   -193.732599  0.001478   -193.729173  0.000308    1.085032  0.000350 3978.57
   760    297.910731      8   -193.732437  0.001434   -193.729126  0.000303    1.085042  0.000342 4080.21
   780    297.908345      8   -193.732805  0.001422   -193.729147  0.000301    1.084993  0.000334 4181.86
   800    297.908352      9   -193.732723  0.001372   -193.729063  0.000296    1.084989  0.000325 4284.84
   820    297.908068      9   -193.732780  0.001350   -193.729120  0.000291    1.085050  0.000323 4386.50
   840    297.902321      9   -193.732895  0.001327   -193.729099  0.000286    1.085069  0.000317 4490.64
   860    297.902562      9   -193.732912  0.001331   -193.729036  0.000281    1.085108  0.000312 4593.16
   880    297.899903      9   -193.732758  0.001317   -193.728970  0.000276    1.085168  0.000307 4694.89
   900    297.899653      9   -193.732837  0.001291   -193.728930  0.000272    1.085182  0.000306 4796.57
   920    297.899195      9   -193.732763  0.001274   -193.728959  0.000270    1.085198  0.000295 4898.51
   940    297.897691     10   -193.732675  0.001247   -193.728963  0.000266    1.085223  0.000291 5000.14
   960    297.896070     10   -193.732572  0.001235   -193.728941  0.000262    1.085232  0.000286 5106.40
   980    297.899856     10   -193.732847  0.001252   -193.728904  0.000259    1.085159  0.000285 5208.39
  1000    297.897714     10   -193.732899  0.001236   -193.728875  0.000255    1.085205  0.000285 5310.02

Post Propagation Process
Total number of samples 1000
Raw AFQMC/HF (Guide) energy:           -193.732899 ± 0.001236
Raw Trial/Guide overlap ratio:          1.085205 ± 0.000285
Raw AFQMC/pt2CCSD energy (covariance): -193.728875 ± 0.000255
Raw AFQMC/pt2CCSD energy (dir sample): -193.728875 ± 0.000218

Remove Outliers
removing energies outside zeta > 30
Outlier energy bound [-193.896074, -193.559657]
Removed 0 outliers with energies []
Clean AFQMC/pt2CCSD overlap ratio:        1.085205 ± 0.000285
Clean AFQMC/pt2CCSD energy (covariance): -193.728875 ± 0.000255
Clean AFQMC/ptCCSD energy (dir sample):  -193.728875 ± 0.000218

Blocking Analysis
nsample = 1000, max_block_size = 25, min_nblocks = 40
   B    NB    NS  Observable     Error    dError
   1  1000  1000    1.085205  0.000100  0.000002
   2   500  1000    1.085205  0.000132  0.000004
   3   333   999    1.085204  0.000157  0.000006
   4   250  1000    1.085205  0.000174  0.000008
   5   200  1000    1.085205  0.000193  0.000010
   6   166   996    1.085201  0.000203  0.000011
   7   142   994    1.085196  0.000215  0.000013
   8   125  1000    1.085205  0.000223  0.000014
   9   111   999    1.085204  0.000234  0.000016
  10   100  1000    1.085205  0.000236  0.000017
  11    90   990    1.085182  0.000246  0.000018
  12    83   996    1.085201  0.000245  0.000019
  13    76   988    1.085181  0.000271  0.000022
  14    71   994    1.085196  0.000262  0.000022
  15    66   990    1.085182  0.000277  0.000024
  16    62   992    1.085190  0.000258  0.000023
  17    58   986    1.085174  0.000280  0.000026
  18    55   990    1.085182  0.000265  0.000026
  19    52   988    1.085181  0.000264  0.000026
  20    50  1000    1.085205  0.000270  0.000027
  21    47   987    1.085178  0.000272  0.000028
  22    45   990    1.085182  0.000263  0.000028
  23    43   989    1.085180  0.000275  0.000030
  24    41   984    1.085168  0.000285  0.000032
  25    40  1000    1.085205  0.000284  0.000032
Fit (variance): plateau_var = 8.391e-08 ± 7.732e-09
Fit (error):    plateau = 0.000290 ± 0.000013
     autocorrelation length ~ 9.0 blocks
     plateau reached at block size ~ 42
     !!!Failed to reach plateau in blocking
     Return max block error
nclean = 1000, max_block_size = 25, min_nblocks = 40
Blk_SZ   NBlk   NSmp      Energy     Error    dError
     1   1000   1000  -193.728698  0.000218  0.000005
     2    500   1000  -193.728732  0.000241  0.000008
     3    333    999  -193.728754  0.000261  0.000010
     4    250   1000  -193.728773  0.000269  0.000012
     5    200   1000  -193.728774  0.000291  0.000015
     6    166    996  -193.728805  0.000291  0.000016
     7    142    994  -193.728813  0.000291  0.000017
     8    125   1000  -193.728812  0.000306  0.000019
     9    111    999  -193.728814  0.000299  0.000020
    10    100   1000  -193.728817  0.000303  0.000022
    11     90    990  -193.728828  0.000343  0.000026
    12     83    996  -193.728838  0.000323  0.000025
    13     76    988  -193.728813  0.000327  0.000027
    14     71    994  -193.728841  0.000310  0.000026
    15     66    990  -193.728842  0.000326  0.000029
    16     62    992  -193.728845  0.000350  0.000032
    17     58    986  -193.728837  0.000358  0.000034
    18     55    990  -193.728857  0.000330  0.000032
    19     52    988  -193.728847  0.000328  0.000032
    20     50   1000  -193.728852  0.000299  0.000030
    21     47    987  -193.728851  0.000328  0.000034
    22     45    990  -193.728866  0.000331  0.000035
    23     43    989  -193.728865  0.000341  0.000037
    24     41    984  -193.728858  0.000340  0.000038
    25     40   1000  -193.728850  0.000369  0.000042
Fit (variance): plateau_var = 1.120903e-07 ± 7.992693e-09
Fit (error):    plateau = 0.000335 ± 0.000012
     autocorrelation length ~ 5.8 blocks
     plateau reached at block size ~ 25
Final AFQMC/pt2CCSD overlap ratio: 1.085205 ± 0.000285
Final AFQMC/pt2CCSD energy: -193.728875 ± 0.000335
Total run time: 5390.59

AFQMC Sampling Finished

QMC script: /u/yzhang65/myprojects/software/afqmc/afqmc/scripts/run_afqmc_pt2ccsd.py
  => E_HF(cyclopentadiene)      = -192.8599051228 Eh
  => E_CCSD(cyclopentadiene)    = -193.6840957703 Eh
  => E_AFQMC(cyclopentadiene)   = -193.72887 +/- 0.00034 Eh

============================================================
Running: cyclopropane  charge=0  spin=0
============================================================
output file: ../../result/molout/closed_shell/tz/cyclopropane_vtzfp.out
Not a UHF solution. Convert to RHF

Preparing AFQMC calculation
Calculating Cholesky integrals
Finished calculating Cholesky integrals
Size of the correlation space:
Number of electrons:        [9, 9]
Number of basis functions:  141
Number of Cholesky vectors: 803

    ________                     _____                    
    ___  __ \___  __________________(_)_____________ _    
    __  /_/ /  / / /_  __ \_  __ \_  /__  __ \_  __ `/    
    _  _, _// /_/ /_  / / /  / / /  / _  / / /  /_/ /     
    /_/ |_| \__,_/ /_/ /_//_/ /_//_/  /_/ /_/_\__, /      
                                             /____/       
    _____________________________  ___________            
    ___    |__  ____/_  __ \__   |/  /_  ____/            
    __  /| |_  /_   _  / / /_  /|_/ /_  /                 
    _  ___ |  __/   / /_/ /_  /  / / / /___               
    /_/  |_/_/      \___\_\/_/  /_/  \____/               

Hostname:     gpue02.delta.ncsa.illinois.edu
System:       Linux
Node:         gpue02.delta.ncsa.illinois.edu
Release:      5.14.0-427.91.1.el9_4.x86_64
Machine:      x86_64
Processor:    x86_64
JAX backend:  GPU
JAX devices:  [CudaDevice(id=0)]
Device kind:  NVIDIA H200
Platform:     gpu

Load system from Integral File
Maximum memory per walker:            83.33 MB
Maximum number of Cholesky per chunk: 274
Number of Cholesky chunks:            3
Number of Cholesky per chunk:         268
Number of padding Cholesky:           1

QMC System
Number of electrons: (9, 9)
Spin Multiplicity:   0
Number of orbitals:  141
Number of Chol:      803

QMC Parameters
eql_time            :                   50
n_blocks            :                 1000
n_walkers           :                  300
max_error           :                  0.0
seed                :                   17
walker_type         :                  rhf
trial               :              pt2ccsd
mix_precision       :                 True
max_memory          :                25000
dt                  :                0.005
n_exp_terms         :                    6
n_prop_steps        :                   50
save_walkers        :                False
free_projection     :                False
n_batch             :                    1
nchol_chunk         :                  268

Initalize QMC walkers by stochastic CCSD

Equilibration
inv_T        weight  killW        energy   runTime
 0.00    300.000000      0   -117.639742    111.94
 5.00    299.090589      0   -117.662231    122.84
10.00    298.782446      0   -117.705120    124.66
15.00    298.453499      0   -117.677821    126.48
20.00    298.454376      0   -117.664577    128.30
25.00    298.809397      0   -117.673771    130.12
30.00    299.306507      0   -117.677369    131.94
35.00    299.830089      0   -117.668362    133.76
40.00    298.913748      0   -117.665675    135.58
45.00    299.727277      0   -117.662967    137.40
50.00    298.460942      0   -117.677211    139.22

Sampling
blocks        weight  killW       E_Guide     error       E_Trial     error     olp_T/G     error  Walltime
    20    298.797096      0   -117.660988  0.004885   -117.661658  0.000696    1.001195  0.000074  185.25
    40    298.804723      0   -117.666063  0.003256   -117.662266  0.000624    1.001142  0.000099  223.83
    60    298.771906      0   -117.662909  0.003566   -117.662489  0.000492    1.001166  0.000073  263.73
    80    298.740910      0   -117.662950  0.003336   -117.662486  0.000431    1.001147  0.000058  303.61
   100    298.707009      0   -117.663552  0.002666   -117.662697  0.000436    1.001102  0.000060  346.18
   120    298.726675      0   -117.664575  0.002480   -117.662647  0.000380    1.001113  0.000052  386.83
   140    298.699695      0   -117.666000  0.002336   -117.662502  0.000344    1.001113  0.000050  426.52
   160    298.680403      0   -117.666310  0.002069   -117.662447  0.000313    1.001111  0.000045  466.34
   180    298.685450      0   -117.665955  0.001914   -117.662447  0.000299    1.001100  0.000043  507.14
   200    298.677869      0   -117.666204  0.001874   -117.662536  0.000284    1.001068  0.000046  547.26
   220    298.666329      1   -117.666486  0.001735   -117.662597  0.000267    1.001051  0.000044  587.33
   240    298.639433      1   -117.665126  0.001763   -117.662360  0.000256    1.001075  0.000044  626.91
   260    298.636558      1   -117.665698  0.001699   -117.662603  0.000266    1.001081  0.000042  666.69
   280    298.639378      1   -117.666134  0.001620   -117.662621  0.000255    1.001079  0.000041  706.50
   300    298.619752      1   -117.666274  0.001539   -117.662604  0.000245    1.001079  0.000038  746.34
   320    298.612962      1   -117.666628  0.001458   -117.662771  0.000247    1.001059  0.000039  786.13
   340    298.612438      1   -117.666895  0.001430   -117.662745  0.000239    1.001058  0.000037  825.98
   360    298.598136      1   -117.666696  0.001368   -117.662787  0.000234    1.001067  0.000035  865.86
   380    298.579371      1   -117.666213  0.001342   -117.662727  0.000226    1.001063  0.000033  905.69
   400    298.567953      1   -117.666226  0.001320   -117.662711  0.000219    1.001062  0.000032  945.61
   420    298.560956      1   -117.666018  0.001285   -117.662707  0.000212    1.001071  0.000032  985.97
   440    298.553017      1   -117.666323  0.001279   -117.662747  0.000227    1.001057  0.000033 1025.56
   460    298.541965      1   -117.666028  0.001256   -117.662660  0.000220    1.001050  0.000032 1065.41
   480    298.536026      1   -117.665496  0.001249   -117.662595  0.000213    1.001043  0.000031 1105.26
   500    298.530551      1   -117.665087  0.001275   -117.662553  0.000207    1.001046  0.000030 1147.63
   520    298.523543      1   -117.664883  0.001259   -117.662517  0.000201    1.001040  0.000029 1187.45
   540    298.523912      1   -117.664743  0.001242   -117.662490  0.000195    1.001039  0.000029 1227.66
   560    298.524302      1   -117.665108  0.001217   -117.662562  0.000205    1.001037  0.000027 1267.13
   580    298.522016      1   -117.665175  0.001190   -117.662541  0.000200    1.001040  0.000027 1306.96
   600    298.529107      1   -117.665669  0.001272   -117.662579  0.000195    1.001036  0.000026 1348.09
   620    298.518818      1   -117.665294  0.001259   -117.662524  0.000191    1.001040  0.000025 1387.87
   640    298.513593      1   -117.665148  0.001245   -117.662508  0.000186    1.001049  0.000028 1427.71
   660    298.507902      1   -117.665083  0.001206   -117.662498  0.000182    1.001049  0.000027 1467.59
   680    298.503199      1   -117.665035  0.001182   -117.662480  0.000178    1.001061  0.000027 1507.43
   700    298.499209      1   -117.664968  0.001188   -117.662488  0.000176    1.001073  0.000029 1547.31
   720    298.501064      1   -117.665117  0.001151   -117.662519  0.000174    1.001077  0.000029 1587.33
   740    298.498301      1   -117.664823  0.001161   -117.662487  0.000170    1.001083  0.000029 1628.87
   760    298.498296      1   -117.665079  0.001142   -117.662471  0.000168    1.001083  0.000029 1668.64
   780    298.497161      1   -117.664959  0.001108   -117.662408  0.000165    1.001086  0.000029 1708.45
   800    298.498937      1   -117.664819  0.001106   -117.662400  0.000162    1.001097  0.000030 1753.89
   820    298.493167      1   -117.664766  0.001082   -117.662370  0.000159    1.001103  0.000030 1794.83
   840    298.493828      1   -117.664687  0.001057   -117.662377  0.000156    1.001091  0.000031 1836.30
   860    298.490753      1   -117.664499  0.001049   -117.662374  0.000156    1.001087  0.000031 1875.38
   880    298.491744      1   -117.664549  0.001031   -117.662400  0.000154    1.001085  0.000031 1915.28
   900    298.490778      1   -117.664519  0.001004   -117.662405  0.000152    1.001081  0.000030 1955.07
   920    298.488676      1   -117.664614  0.001000   -117.662406  0.000149    1.001083  0.000030 1994.85
   940    298.490301      1   -117.664747  0.001005   -117.662387  0.000147    1.001085  0.000029 2034.65
   960    298.491496      1   -117.664810  0.001051   -117.662399  0.000145    1.001087  0.000029 2074.47
   980    298.486521      1   -117.664617  0.001051   -117.662392  0.000143    1.001097  0.000029 2114.28
  1000    298.486635      1   -117.664530  0.001032   -117.662393  0.000141    1.001099  0.000029 2154.14

Post Propagation Process
Total number of samples 1000
Raw AFQMC/HF (Guide) energy:           -117.664530 ± 0.001032
Raw Trial/Guide overlap ratio:          1.001099 ± 0.000029
Raw AFQMC/pt2CCSD energy (covariance): -117.662393 ± 0.000141
Raw AFQMC/pt2CCSD energy (dir sample): -117.662393 ± 0.000116

Remove Outliers
removing energies outside zeta > 30
Outlier energy bound [-117.754674, -117.568772]
Removed 0 outliers with energies []
Clean AFQMC/pt2CCSD overlap ratio:        1.001099 ± 0.000029
Clean AFQMC/pt2CCSD energy (covariance): -117.662393 ± 0.000141
Clean AFQMC/ptCCSD energy (dir sample):  -117.662393 ± 0.000116

Blocking Analysis
nsample = 1000, max_block_size = 25, min_nblocks = 40
   B    NB    NS  Observable     Error    dError
   1  1000  1000    1.001099  0.000011  0.000000
   2   500  1000    1.001099  0.000014  0.000000
   3   333   999    1.001099  0.000016  0.000001
   4   250  1000    1.001099  0.000018  0.000001
   5   200  1000    1.001099  0.000019  0.000001
   6   166   996    1.001098  0.000020  0.000001
   7   142   994    1.001098  0.000021  0.000001
   8   125  1000    1.001099  0.000022  0.000001
   9   111   999    1.001099  0.000022  0.000002
  10   100  1000    1.001099  0.000024  0.000002
  11    90   990    1.001099  0.000024  0.000002
  12    83   996    1.001098  0.000024  0.000002
  13    76   988    1.001098  0.000025  0.000002
  14    71   994    1.001098  0.000025  0.000002
  15    66   990    1.001099  0.000027  0.000002
  16    62   992    1.001098  0.000028  0.000003
  17    58   986    1.001097  0.000027  0.000003
  18    55   990    1.001099  0.000027  0.000003
  19    52   988    1.001098  0.000029  0.000003
  20    50  1000    1.001099  0.000028  0.000003
  21    47   987    1.001098  0.000029  0.000003
  22    45   990    1.001099  0.000029  0.000003
  23    43   989    1.001099  0.000028  0.000003
  24    41   984    1.001096  0.000029  0.000003
  25    40  1000    1.001099  0.000029  0.000003
Fit (variance): plateau_var = 8.949e-10 ± 1.024e-10
Fit (error):    plateau = 0.000030 ± 0.000002
     autocorrelation length ~ 10.5 blocks
     plateau reached at block size ~ 48
     !!!Failed to reach plateau in blocking
     Return max block error
nclean = 1000, max_block_size = 25, min_nblocks = 40
Blk_SZ   NBlk   NSmp      Energy     Error    dError
     1   1000   1000  -117.662303  0.000116  0.000003
     2    500   1000  -117.662322  0.000133  0.000004
     3    333    999  -117.662330  0.000138  0.000005
     4    250   1000  -117.662341  0.000143  0.000006
     5    200   1000  -117.662349  0.000143  0.000007
     6    166    996  -117.662368  0.000146  0.000008
     7    142    994  -117.662374  0.000150  0.000009
     8    125   1000  -117.662360  0.000148  0.000009
     9    111    999  -117.662365  0.000143  0.000010
    10    100   1000  -117.662371  0.000149  0.000011
    11     90    990  -117.662384  0.000157  0.000012
    12     83    996  -117.662382  0.000152  0.000012
    13     76    988  -117.662390  0.000163  0.000013
    14     71    994  -117.662390  0.000150  0.000013
    15     66    990  -117.662383  0.000154  0.000013
    16     62    992  -117.662391  0.000153  0.000014
    17     58    986  -117.662401  0.000151  0.000014
    18     55    990  -117.662388  0.000162  0.000016
    19     52    988  -117.662397  0.000152  0.000015
    20     50   1000  -117.662379  0.000159  0.000016
    21     47    987  -117.662402  0.000149  0.000015
    22     45    990  -117.662393  0.000155  0.000017
    23     43    989  -117.662394  0.000173  0.000019
    24     41    984  -117.662398  0.000168  0.000019
    25     40   1000  -117.662384  0.000140  0.000016
Fit (variance): plateau_var = 2.309910e-08 ± 9.848567e-10
Fit (error):    plateau = 0.000152 ± 0.000003
     autocorrelation length ~ 2.3 blocks
     plateau reached at block size ~ 10
Final AFQMC/pt2CCSD overlap ratio: 1.001099 ± 0.000029
Final AFQMC/pt2CCSD energy: -117.662393 ± 0.000152
Total run time: 2197.54

AFQMC Sampling Finished

QMC script: /u/yzhang65/myprojects/software/afqmc/afqmc/scripts/run_afqmc_pt2ccsd.py
  => E_HF(cyclopropane)      = -117.1003800170 Eh
  => E_CCSD(cyclopropane)    = -117.6397787365 Eh
  => E_AFQMC(cyclopropane)   = -117.66239 +/- 0.00015 Eh

============================================================
Running: cyclopropene  charge=0  spin=0
============================================================
output file: ../../result/molout/closed_shell/tz/cyclopropene_vtzfp.out
Not a UHF solution. Convert to RHF

Preparing AFQMC calculation
Calculating Cholesky integrals
Finished calculating Cholesky integrals
Size of the correlation space:
Number of electrons:        [8, 8]
Number of basis functions:  123
Number of Cholesky vectors: 703

    ________                     _____                    
    ___  __ \___  __________________(_)_____________ _    
    __  /_/ /  / / /_  __ \_  __ \_  /__  __ \_  __ `/    
    _  _, _// /_/ /_  / / /  / / /  / _  / / /  /_/ /     
    /_/ |_| \__,_/ /_/ /_//_/ /_//_/  /_/ /_/_\__, /      
                                             /____/       
    _____________________________  ___________            
    ___    |__  ____/_  __ \__   |/  /_  ____/            
    __  /| |_  /_   _  / / /_  /|_/ /_  /                 
    _  ___ |  __/   / /_/ /_  /  / / / /___               
    /_/  |_/_/      \___\_\/_/  /_/  \____/               

Hostname:     gpue02.delta.ncsa.illinois.edu
System:       Linux
Node:         gpue02.delta.ncsa.illinois.edu
Release:      5.14.0-427.91.1.el9_4.x86_64
Machine:      x86_64
Processor:    x86_64
JAX backend:  GPU
JAX devices:  [CudaDevice(id=0)]
Device kind:  NVIDIA H200
Platform:     gpu

Load system from Integral File
Maximum memory per walker:            83.33 MB
Maximum number of Cholesky per chunk: 360
Number of Cholesky chunks:            2
Number of Cholesky per chunk:         352
Number of padding Cholesky:           1

QMC System
Number of electrons: (8, 8)
Spin Multiplicity:   0
Number of orbitals:  123
Number of Chol:      703

QMC Parameters
eql_time            :                   50
n_blocks            :                 1000
n_walkers           :                  300
max_error           :                  0.0
seed                :                   17
walker_type         :                  rhf
trial               :              pt2ccsd
mix_precision       :                 True
max_memory          :                25000
dt                  :                0.005
n_exp_terms         :                    6
n_prop_steps        :                   50
save_walkers        :                False
free_projection     :                False
n_batch             :                    1
nchol_chunk         :                  352

Initalize QMC walkers by stochastic CCSD

Equilibration
inv_T        weight  killW        energy   runTime
 0.00    300.000000      0   -116.367694     71.94
 5.00    298.632006      0   -116.387037     78.99
10.00    298.192953      0   -116.384306     80.35
15.00    297.735288      0   -116.375371     81.70
20.00    299.185019      0   -116.387839     83.06
25.00    298.701699      0   -116.381237     84.63
30.00    298.772092      0   -116.373879     85.99
35.00    299.489964      0   -116.403174     87.37
40.00    299.401644      0   -116.447656     88.73
45.00    298.457664      0   -116.375214     90.08
50.00    298.898130      0   -116.379913     91.44

Sampling
blocks        weight  killW       E_Guide     error       E_Trial     error     olp_T/G     error  Walltime
    20    298.923654      0   -116.393679  0.006199   -116.393067  0.001279    1.001849  0.000178  129.63
    40    298.899149      2   -116.393414  0.003142   -116.393428  0.001115    1.001612  0.000168  163.97
    60    298.866654      2   -116.390979  0.002793   -116.393186  0.000858    1.001677  0.000117  198.81
    80    298.891608      2   -116.394409  0.003487   -116.393829  0.000739    1.001685  0.000109  233.64
   100    298.892111      2   -116.395438  0.002717   -116.393453  0.000618    1.001674  0.000101  268.46
   120    298.835187      2   -116.393704  0.002460   -116.393172  0.000543    1.001725  0.000089  303.29
   140    298.803185      2   -116.393037  0.002232   -116.392946  0.000481    1.001739  0.000080  338.13
   160    298.795333      2   -116.393289  0.001978   -116.392876  0.000435    1.001752  0.000073  372.91
   180    298.771381      2   -116.392961  0.001793   -116.392853  0.000399    1.001744  0.000068  407.77
   200    298.760207      2   -116.393318  0.001712   -116.393093  0.000480    1.001770  0.000066  442.61
   220    298.761422      2   -116.394116  0.001623   -116.393296  0.000459    1.001750  0.000062  477.44
   240    298.736667      3   -116.394537  0.001697   -116.393320  0.000444    1.001757  0.000058  512.25
   260    298.737686      3   -116.395305  0.001652   -116.393421  0.000421    1.001747  0.000055  547.08
   280    298.727023      3   -116.395499  0.001542   -116.393265  0.000398    1.001762  0.000052  583.61
   300    298.726005      4   -116.395880  0.001485   -116.393422  0.000385    1.001750  0.000050  618.23
   320    298.724094      4   -116.396773  0.001557   -116.393513  0.000385    1.001762  0.000048  652.92
   340    298.710093      4   -116.397446  0.001538   -116.393488  0.000386    1.001784  0.000049  688.68
   360    298.703095      4   -116.398043  0.001515   -116.393480  0.000372    1.001780  0.000047  723.64
   380    298.696660      4   -116.397862  0.001461   -116.393372  0.000356    1.001786  0.000045  758.44
   400    298.683993      4   -116.397461  0.001417   -116.393379  0.000342    1.001805  0.000045  793.23
   420    298.681605      4   -116.397595  0.001374   -116.393567  0.000348    1.001821  0.000046  829.40
   440    298.677108      4   -116.397524  0.001383   -116.393523  0.000336    1.001849  0.000051  866.95
   460    298.670502      4   -116.397126  0.001358   -116.393485  0.000326    1.001848  0.000049  902.61
   480    298.669500      4   -116.397154  0.001316   -116.393451  0.000316    1.001849  0.000047  937.17
   500    298.674269      4   -116.397439  0.001295   -116.393453  0.000305    1.001852  0.000045  971.98
   520    298.673653      4   -116.397639  0.001265   -116.393465  0.000296    1.001850  0.000045 1006.83
   540    298.683064      4   -116.398188  0.001297   -116.393557  0.000291    1.001840  0.000045 1041.66
   560    298.681267      4   -116.398300  0.001283   -116.393479  0.000290    1.001841  0.000043 1076.51
   580    298.680938      4   -116.397935  0.001279   -116.393396  0.000282    1.001847  0.000042 1111.36
   600    298.676685      4   -116.397698  0.001400   -116.393330  0.000275    1.001850  0.000042 1146.18
   620    298.665180      4   -116.397403  0.001377   -116.393301  0.000268    1.001845  0.000042 1181.01
   640    298.656851      4   -116.397081  0.001351   -116.393244  0.000261    1.001856  0.000041 1216.06
   660    298.656164      4   -116.396751  0.001368   -116.393189  0.000254    1.001846  0.000041 1250.86
   680    298.651144      4   -116.396498  0.001348   -116.393239  0.000254    1.001840  0.000042 1285.60
   700    298.650229      4   -116.396562  0.001319   -116.393236  0.000249    1.001844  0.000041 1320.82
   720    298.649612      4   -116.396636  0.001273   -116.393317  0.000249    1.001854  0.000041 1355.32
   740    298.640252      4   -116.396356  0.001255   -116.393304  0.000244    1.001868  0.000041 1391.48
   760    298.635485      4   -116.396264  0.001260   -116.393249  0.000239    1.001865  0.000041 1428.03
   780    298.630326      4   -116.396008  0.001251   -116.393186  0.000234    1.001861  0.000040 1463.40
   800    298.632851      4   -116.396213  0.001235   -116.393215  0.000230    1.001861  0.000039 1500.20
   820    298.637260      4   -116.396652  0.001254   -116.393126  0.000242    1.001862  0.000038 1535.25
   840    298.634696      4   -116.396503  0.001275   -116.393089  0.000239    1.001871  0.000038 1569.55
   860    298.635707      5   -116.396597  0.001275   -116.393067  0.000234    1.001872  0.000037 1604.37
   880    298.632209      5   -116.396585  0.001247   -116.393037  0.000230    1.001859  0.000042 1639.23
   900    298.624614      5   -116.396335  0.001221   -116.392996  0.000226    1.001857  0.000042 1674.06
   920    298.622519      5   -116.396537  0.001199   -116.393048  0.000223    1.001859  0.000041 1708.87
   940    298.619953      5   -116.396603  0.001186   -116.393062  0.000220    1.001864  0.000040 1743.71
   960    298.616436      5   -116.396545  0.001160   -116.393042  0.000216    1.001860  0.000039 1778.55
   980    298.614325      5   -116.396599  0.001135   -116.393049  0.000213    1.001859  0.000038 1813.50
  1000    298.610203      5   -116.396512  0.001111   -116.393040  0.000210    1.001857  0.000038 1848.29

Post Propagation Process
Total number of samples 1000
Raw AFQMC/HF (Guide) energy:           -116.396512 ± 0.001111
Raw Trial/Guide overlap ratio:          1.001857 ± 0.000038
Raw AFQMC/pt2CCSD energy (covariance): -116.393040 ± 0.000210
Raw AFQMC/pt2CCSD energy (dir sample): -116.393040 ± 0.000189

Remove Outliers
removing energies outside zeta > 30
Outlier energy bound [-116.506581, -116.277763]
Removed 0 outliers with energies []
Clean AFQMC/pt2CCSD overlap ratio:        1.001857 ± 0.000038
Clean AFQMC/pt2CCSD energy (covariance): -116.393040 ± 0.000210
Clean AFQMC/ptCCSD energy (dir sample):  -116.393040 ± 0.000189

Blocking Analysis
nsample = 1000, max_block_size = 25, min_nblocks = 40
   B    NB    NS  Observable     Error    dError
   1  1000  1000    1.001857  0.000015  0.000000
   2   500  1000    1.001857  0.000019  0.000001
   3   333   999    1.001858  0.000022  0.000001
   4   250  1000    1.001857  0.000025  0.000001
   5   200  1000    1.001857  0.000026  0.000001
   6   166   996    1.001859  0.000027  0.000002
   7   142   994    1.001858  0.000029  0.000002
   8   125  1000    1.001857  0.000030  0.000002
   9   111   999    1.001858  0.000031  0.000002
  10   100  1000    1.001857  0.000031  0.000002
  11    90   990    1.001857  0.000034  0.000003
  12    83   996    1.001859  0.000031  0.000002
  13    76   988    1.001858  0.000034  0.000003
  14    71   994    1.001858  0.000033  0.000003
  15    66   990    1.001857  0.000034  0.000003
  16    62   992    1.001858  0.000033  0.000003
  17    58   986    1.001860  0.000034  0.000003
  18    55   990    1.001857  0.000033  0.000003
  19    52   988    1.001858  0.000037  0.000004
  20    50  1000    1.001857  0.000033  0.000003
  21    47   987    1.001859  0.000034  0.000004
  22    45   990    1.001857  0.000038  0.000004
  23    43   989    1.001858  0.000035  0.000004
  24    41   984    1.001860  0.000035  0.000004
  25    40  1000    1.001857  0.000032  0.000004
Fit (variance): plateau_var = 1.227e-09 ± 8.725e-11
Fit (error):    plateau = 0.000035 ± 0.000001
     autocorrelation length ~ 6.3 blocks
     plateau reached at block size ~ 29
     !!!Failed to reach plateau in blocking
     Return max block error
nclean = 1000, max_block_size = 25, min_nblocks = 40
Blk_SZ   NBlk   NSmp      Energy     Error    dError
     1   1000   1000  -116.392881  0.000189  0.000004
     2    500   1000  -116.392915  0.000200  0.000006
     3    333    999  -116.392937  0.000194  0.000008
     4    250   1000  -116.392953  0.000213  0.000010
     5    200   1000  -116.392956  0.000207  0.000010
     6    166    996  -116.392973  0.000204  0.000011
     7    142    994  -116.392984  0.000227  0.000013
     8    125   1000  -116.392986  0.000208  0.000013
     9    111    999  -116.392982  0.000219  0.000015
    10    100   1000  -116.392988  0.000214  0.000015
    11     90    990  -116.393017  0.000232  0.000017
    12     83    996  -116.393004  0.000203  0.000016
    13     76    988  -116.393025  0.000230  0.000019
    14     71    994  -116.393016  0.000236  0.000020
    15     66    990  -116.393022  0.000236  0.000021
    16     62    992  -116.393021  0.000237  0.000021
    17     58    986  -116.393017  0.000231  0.000022
    18     55    990  -116.393035  0.000238  0.000023
    19     52    988  -116.393030  0.000243  0.000024
    20     50   1000  -116.393010  0.000235  0.000024
    21     47    987  -116.393019  0.000222  0.000023
    22     45    990  -116.393038  0.000240  0.000026
    23     43    989  -116.393034  0.000228  0.000025
    24     41    984  -116.393022  0.000218  0.000024
    25     40   1000  -116.393017  0.000244  0.000028
Fit (variance): plateau_var = 5.660955e-08 ± 7.700698e-09
Fit (error):    plateau = 0.000238 ± 0.000016
     autocorrelation length ~ 9.8 blocks
     plateau reached at block size ~ 37
     !!!Failed to reach plateau in blocking
     Return max block error
Final AFQMC/pt2CCSD overlap ratio: 1.001857 ± 0.000038
Final AFQMC/pt2CCSD energy: -116.393040 ± 0.000244
Total run time: 1910.14

AFQMC Sampling Finished

QMC script: /u/yzhang65/myprojects/software/afqmc/afqmc/scripts/run_afqmc_pt2ccsd.py
  => E_HF(cyclopropene)      = -115.8644324513 Eh
  => E_CCSD(cyclopropene)    = -116.3683301571 Eh
  => E_AFQMC(cyclopropene)   = -116.39304 +/- 0.00024 Eh

============================================================
Running: dioxetan2one  charge=0  spin=0
============================================================
output file: ../../result/molout/closed_shell/tz/dioxetan2one_vtzfp.out
Not a UHF solution. Convert to RHF

Preparing AFQMC calculation
Calculating Cholesky integrals
Finished calculating Cholesky integrals
Size of the correlation space:
Number of electrons:        [14, 14]
Number of basis functions:  163
Number of Cholesky vectors: 1000

    ________                     _____                    
    ___  __ \___  __________________(_)_____________ _    
    __  /_/ /  / / /_  __ \_  __ \_  /__  __ \_  __ `/    
    _  _, _// /_/ /_  / / /  / / /  / _  / / /  /_/ /     
    /_/ |_| \__,_/ /_/ /_//_/ /_//_/  /_/ /_/_\__, /      
                                             /____/       
    _____________________________  ___________            
    ___    |__  ____/_  __ \__   |/  /_  ____/            
    __  /| |_  /_   _  / / /_  /|_/ /_  /                 
    _  ___ |  __/   / /_/ /_  /  / / / /___               
    /_/  |_/_/      \___\_\/_/  /_/  \____/               

Hostname:     gpue02.delta.ncsa.illinois.edu
System:       Linux
Node:         gpue02.delta.ncsa.illinois.edu
Release:      5.14.0-427.91.1.el9_4.x86_64
Machine:      x86_64
Processor:    x86_64
JAX backend:  GPU
JAX devices:  [CudaDevice(id=0)]
Device kind:  NVIDIA H200
Platform:     gpu

Load system from Integral File
Maximum memory per walker:            83.33 MB
Maximum number of Cholesky per chunk: 205
Number of Cholesky chunks:            5
Number of Cholesky per chunk:         200
Number of padding Cholesky:           0

QMC System
Number of electrons: (14, 14)
Spin Multiplicity:   0
Number of orbitals:  163
Number of Chol:      1000

QMC Parameters
eql_time            :                   50
n_blocks            :                 1000
n_walkers           :                  300
max_error           :                  0.0
seed                :                   17
walker_type         :                  rhf
trial               :              pt2ccsd
mix_precision       :                 True
max_memory          :                25000
dt                  :                0.005
n_exp_terms         :                    6
n_prop_steps        :                   50
save_walkers        :                False
free_projection     :                False
n_batch             :                    1
nchol_chunk         :                  200

Initalize QMC walkers by stochastic CCSD

Equilibration
inv_T        weight  killW        energy   runTime
 0.00    300.000000      0   -302.590396     98.23
 5.00    299.946609      0   -302.711014    107.25
10.00    298.933403      0   -302.647432    110.05
15.00    299.923772      0   -302.668976    112.85
20.00    298.685703      0   -302.622448    115.65
25.00    300.762182      0   -302.686485    118.48
30.00    298.742493      0   -302.640311    121.28
35.00    298.534138      0   -302.608413    124.08
40.00    299.202150      0   -302.649184    126.89
45.00    298.839065      0   -302.626679    129.69
50.00    299.502049      0   -302.679363    132.49

Sampling
blocks        weight  killW       E_Guide     error       E_Trial     error     olp_T/G     error  Walltime
    20    298.619360      0   -302.644650  0.013630   -302.637491  0.002712    1.009546  0.000848  198.66
    40    298.470921      0   -302.641325  0.008235   -302.638271  0.001746    1.009264  0.000457  249.79
    60    298.459835      0   -302.644858  0.007281   -302.639479  0.001439    1.009296  0.000405  301.75
    80    298.447757      0   -302.647405  0.005984   -302.640089  0.001266    1.009350  0.000319  353.79
   100    298.414561      0   -302.641952  0.005642   -302.640150  0.001096    1.009618  0.000334  405.77
   120    298.445510      0   -302.645639  0.005352   -302.640909  0.001019    1.009538  0.000282  457.88
   140    298.430778      0   -302.647099  0.004810   -302.641150  0.000914    1.009655  0.000253  509.77
   160    298.444489      1   -302.650280  0.005026   -302.642932  0.001826    1.009703  0.000223  563.32
   180    298.433476      1   -302.651290  0.004374   -302.642905  0.001640    1.009433  0.000291  614.55
   200    298.416462      1   -302.651664  0.003985   -302.642556  0.001493    1.009407  0.000266  666.38
   220    298.380401      2   -302.650388  0.003772   -302.642421  0.001365    1.009426  0.000242  719.66
   240    298.347900      2   -302.648538  0.003715   -302.641897  0.001265    1.009456  0.000226  771.67
   260    298.307294      2   -302.648092  0.003474   -302.641715  0.001175    1.009507  0.000215  823.77
   280    298.268540      2   -302.647337  0.003268   -302.641490  0.001103    1.009547  0.000199  875.76
   300    298.249461      2   -302.648167  0.003112   -302.641653  0.001039    1.009416  0.000207  927.76
   320    298.248358      2   -302.649242  0.003080   -302.641445  0.000985    1.009421  0.000205  979.78
   340    298.244659      2   -302.650019  0.002952   -302.641526  0.000936    1.009382  0.000197 1031.80
   360    298.220866      3   -302.649398  0.002820   -302.641388  0.000890    1.009414  0.000185 1083.95
   380    298.208608      3   -302.648562  0.002734   -302.641202  0.000854    1.009387  0.000177 1135.95
   400    298.185705      4   -302.648392  0.002606   -302.641462  0.000856    1.009417  0.000169 1188.28
   420    298.182394      4   -302.647996  0.002554   -302.641383  0.000821    1.009411  0.000162 1240.90
   440    298.182566      4   -302.648478  0.002514   -302.641518  0.000818    1.009391  0.000158 1292.48
   460    298.186639      4   -302.649467  0.002590   -302.641892  0.000803    1.009332  0.000160 1344.64
   480    298.184076      4   -302.650010  0.002535   -302.642096  0.000778    1.009242  0.000170 1396.70
   500    298.182763      4   -302.650604  0.002445   -302.642123  0.000759    1.009225  0.000166 1448.81
   520    298.176448      4   -302.650522  0.002417   -302.642102  0.000737    1.009281  0.000163 1500.85
   540    298.182029      5   -302.650505  0.002357   -302.642002  0.000713    1.009291  0.000161 1554.69
   560    298.173736      5   -302.650505  0.002290   -302.642050  0.000694    1.009253  0.000168 1606.70
   580    298.159597      5   -302.649816  0.002239   -302.641948  0.000673    1.009338  0.000174 1658.70
   600    298.150832      5   -302.649594  0.002207   -302.641968  0.000656    1.009306  0.000175 1710.73
   620    298.138199      5   -302.648913  0.002223   -302.641919  0.000640    1.009294  0.000173 1762.91
   640    298.137095      5   -302.649345  0.002155   -302.641938  0.000622    1.009297  0.000170 1815.00
   660    298.129852      5   -302.649310  0.002092   -302.641884  0.000608    1.009294  0.000162 1867.01
   680    298.125042      5   -302.649428  0.002233   -302.641871  0.000605    1.009293  0.000159 1919.01
   700    298.114526      6   -302.649256  0.002191   -302.641827  0.000592    1.009294  0.000156 1971.06
   720    298.113297      6   -302.649236  0.002140   -302.641767  0.000578    1.009295  0.000156 2023.09
   740    298.102834      6   -302.649052  0.002093   -302.641686  0.000568    1.009324  0.000155 2075.15
   760    298.103365      6   -302.649023  0.002075   -302.641692  0.000556    1.009322  0.000151 2127.24
   780    298.102999      6   -302.649480  0.002048   -302.641791  0.000545    1.009331  0.000148 2179.60
   800    298.101140      6   -302.649684  0.002002   -302.641688  0.000534    1.009383  0.000151 2231.56
   820    298.095746      6   -302.649616  0.001960   -302.641710  0.000532    1.009393  0.000148 2283.62
   840    298.096944      7   -302.649619  0.001919   -302.641766  0.000524    1.009388  0.000145 2335.64
   860    298.102287      7   -302.649868  0.001881   -302.641756  0.000515    1.009371  0.000143 2387.85
   880    298.097850      7   -302.650101  0.001885   -302.641799  0.000505    1.009375  0.000139 2439.79
   900    298.098000      7   -302.650255  0.001866   -302.641838  0.000497    1.009354  0.000137 2492.09
   920    298.102043      7   -302.650521  0.001829   -302.642000  0.000506    1.009347  0.000143 2543.88
   940    298.099275      7   -302.650390  0.001829   -302.641922  0.000498    1.009335  0.000143 2595.88
   960    298.103252      7   -302.650977  0.001816   -302.641968  0.000490    1.009326  0.000140 2647.89
   980    298.102230      7   -302.650937  0.001844   -302.641887  0.000481    1.009330  0.000137 2699.89
  1000    298.101838      7   -302.650683  0.001832   -302.641842  0.000473    1.009359  0.000135 2751.94

Post Propagation Process
Total number of samples 1000
Raw AFQMC/HF (Guide) energy:           -302.650683 ± 0.001832
Raw Trial/Guide overlap ratio:          1.009359 ± 0.000135
Raw AFQMC/pt2CCSD energy (covariance): -302.641842 ± 0.000473
Raw AFQMC/pt2CCSD energy (dir sample): -302.641842 ± 0.000409

Remove Outliers
removing energies outside zeta > 30
Outlier energy bound [-302.884944, -302.394649]
Removed 0 outliers with energies []
Clean AFQMC/pt2CCSD overlap ratio:        1.009359 ± 0.000135
Clean AFQMC/pt2CCSD energy (covariance): -302.641842 ± 0.000473
Clean AFQMC/ptCCSD energy (dir sample):  -302.641842 ± 0.000409

Blocking Analysis
nsample = 1000, max_block_size = 25, min_nblocks = 40
   B    NB    NS  Observable     Error    dError
   1  1000  1000    1.009360  0.000048  0.000001
   2   500  1000    1.009360  0.000064  0.000002
   3   333   999    1.009358  0.000075  0.000003
   4   250  1000    1.009360  0.000083  0.000004
   5   200  1000    1.009359  0.000089  0.000004
   6   166   996    1.009359  0.000095  0.000005
   7   142   994    1.009355  0.000098  0.000006
   8   125  1000    1.009359  0.000102  0.000006
   9   111   999    1.009358  0.000108  0.000007
  10   100  1000    1.009359  0.000110  0.000008
  11    90   990    1.009349  0.000113  0.000008
  12    83   996    1.009359  0.000117  0.000009
  13    76   988    1.009345  0.000115  0.000009
  14    71   994    1.009355  0.000117  0.000010
  15    66   990    1.009349  0.000124  0.000011
  16    62   992    1.009351  0.000118  0.000011
  17    58   986    1.009340  0.000122  0.000011
  18    55   990    1.009349  0.000125  0.000012
  19    52   988    1.009345  0.000127  0.000013
  20    50  1000    1.009359  0.000128  0.000013
  21    47   987    1.009343  0.000116  0.000012
  22    45   990    1.009349  0.000118  0.000013
  23    43   989    1.009347  0.000135  0.000015
  24    41   984    1.009335  0.000132  0.000015
  25    40  1000    1.009359  0.000127  0.000014
Fit (variance): plateau_var = 1.673e-08 ± 1.421e-09
Fit (error):    plateau = 0.000129 ± 0.000005
     autocorrelation length ~ 8.0 blocks
     plateau reached at block size ~ 37
     !!!Failed to reach plateau in blocking
     Return max block error
nclean = 1000, max_block_size = 25, min_nblocks = 40
Blk_SZ   NBlk   NSmp      Energy     Error    dError
     1   1000   1000  -302.641560  0.000409  0.000009
     2    500   1000  -302.641635  0.000438  0.000014
     3    333    999  -302.641666  0.000454  0.000018
     4    250   1000  -302.641692  0.000469  0.000021
     5    200   1000  -302.641716  0.000482  0.000024
     6    166    996  -302.641729  0.000505  0.000028
     7    142    994  -302.641767  0.000466  0.000028
     8    125   1000  -302.641759  0.000501  0.000032
     9    111    999  -302.641758  0.000505  0.000034
    10    100   1000  -302.641759  0.000507  0.000036
    11     90    990  -302.641784  0.000479  0.000036
    12     83    996  -302.641785  0.000498  0.000039
    13     76    988  -302.641806  0.000501  0.000041
    14     71    994  -302.641795  0.000473  0.000040
    15     66    990  -302.641813  0.000507  0.000045
    16     62    992  -302.641804  0.000483  0.000044
    17     58    986  -302.641804  0.000529  0.000050
    18     55    990  -302.641819  0.000498  0.000048
    19     52    988  -302.641820  0.000509  0.000050
    20     50   1000  -302.641793  0.000499  0.000050
    21     47    987  -302.641814  0.000517  0.000054
    22     45    990  -302.641820  0.000509  0.000054
    23     43    989  -302.641816  0.000532  0.000058
    24     41    984  -302.641831  0.000487  0.000054
    25     40   1000  -302.641800  0.000522  0.000059
Fit (variance): plateau_var = 2.514432e-07 ± 1.196829e-08
Fit (error):    plateau = 0.000501 ± 0.000012
     autocorrelation length ~ 3.0 blocks
     plateau reached at block size ~ 12
Final AFQMC/pt2CCSD overlap ratio: 1.009359 ± 0.000135
Final AFQMC/pt2CCSD energy: -302.641842 ± 0.000501
Total run time: 2805.75

AFQMC Sampling Finished

QMC script: /u/yzhang65/myprojects/software/afqmc/afqmc/scripts/run_afqmc_pt2ccsd.py
  => E_HF(dioxetan2one)      = -301.5887892393 Eh
  => E_CCSD(dioxetan2one)    = -302.5945201889 Eh
  => E_AFQMC(dioxetan2one)   = -302.64184 +/- 0.00050 Eh

============================================================
Running: dioxetane  charge=0  spin=0
============================================================
output file: ../../result/molout/closed_shell/tz/dioxetane_vtzfp.out
Not a UHF solution. Convert to RHF

Preparing AFQMC calculation
Calculating Cholesky integrals
Finished calculating Cholesky integrals
Size of the correlation space:
Number of electrons:        [12, 12]
Number of basis functions:  152
Number of Cholesky vectors: 923

    ________                     _____                    
    ___  __ \___  __________________(_)_____________ _    
    __  /_/ /  / / /_  __ \_  __ \_  /__  __ \_  __ `/    
    _  _, _// /_/ /_  / / /  / / /  / _  / / /  /_/ /     
    /_/ |_| \__,_/ /_/ /_//_/ /_//_/  /_/ /_/_\__, /      
                                             /____/       
    _____________________________  ___________            
    ___    |__  ____/_  __ \__   |/  /_  ____/            
    __  /| |_  /_   _  / / /_  /|_/ /_  /                 
    _  ___ |  __/   / /_/ /_  /  / / / /___               
    /_/  |_/_/      \___\_\/_/  /_/  \____/               

Hostname:     gpue02.delta.ncsa.illinois.edu
System:       Linux
Node:         gpue02.delta.ncsa.illinois.edu
Release:      5.14.0-427.91.1.el9_4.x86_64
Machine:      x86_64
Processor:    x86_64
JAX backend:  GPU
JAX devices:  [CudaDevice(id=0)]
Device kind:  NVIDIA H200
Platform:     gpu

Load system from Integral File
Maximum memory per walker:            83.33 MB
Maximum number of Cholesky per chunk: 236
Number of Cholesky chunks:            4
Number of Cholesky per chunk:         231
Number of padding Cholesky:           1

QMC System
Number of electrons: (12, 12)
Spin Multiplicity:   0
Number of orbitals:  152
Number of Chol:      923

QMC Parameters
eql_time            :                   50
n_blocks            :                 1000
n_walkers           :                  300
max_error           :                  0.0
seed                :                   17
walker_type         :                  rhf
trial               :              pt2ccsd
mix_precision       :                 True
max_memory          :                25000
dt                  :                0.005
n_exp_terms         :                    6
n_prop_steps        :                   50
save_walkers        :                False
free_projection     :                False
n_batch             :                    1
nchol_chunk         :                  231

Initalize QMC walkers by stochastic CCSD

Equilibration
inv_T        weight  killW        energy   runTime
 0.00    300.000000      0   -228.625577     69.92
 5.00    298.450637      0   -228.674557     77.76
10.00    298.314367      0   -228.671999     79.97
15.00    299.372624      0   -228.685209     82.18
20.00    298.762799      0   -228.694739     84.39
25.00    299.054776      0   -228.614504     86.61
30.00    298.449765      0   -228.678711     88.82
35.00    298.688506      0   -228.645876     91.04
40.00    298.452758      0   -228.644788     93.25
45.00    298.221078      0   -228.678268     95.46
50.00    298.456058      0   -228.678629     97.68

Sampling
blocks        weight  killW       E_Guide     error       E_Trial     error     olp_T/G     error  Walltime
    20    298.563764      1   -228.661171  0.008024   -228.663108  0.001328    1.003107  0.000156  144.45
    40    298.711672      1   -228.668250  0.006134   -228.662079  0.000945    1.003441  0.000247  187.20
    60    298.696395      1   -228.671996  0.005158   -228.662918  0.000772    1.003353  0.000173  230.53
    80    298.649859      2   -228.670229  0.004314   -228.662729  0.000673    1.003473  0.000155  273.81
   100    298.615014      3   -228.672952  0.003911   -228.663174  0.000648    1.003431  0.000130  317.15
   120    298.546955      3   -228.671111  0.003629   -228.662949  0.000570    1.003344  0.000127  360.48
   140    298.516502      3   -228.670742  0.003109   -228.662781  0.000529    1.003275  0.000121  403.82
   160    298.449352      3   -228.669295  0.003069   -228.662938  0.000512    1.003246  0.000112  447.14
   180    298.433787      3   -228.669556  0.002731   -228.663179  0.000513    1.003179  0.000112  490.48
   200    298.427168      3   -228.670119  0.002520   -228.663417  0.000510    1.003183  0.000127  533.84
   220    298.412993      4   -228.670358  0.002319   -228.663535  0.000477    1.003250  0.000124  577.88
   240    298.417002      4   -228.670791  0.002195   -228.663561  0.000455    1.003314  0.000125  621.02
   260    298.387431      4   -228.670152  0.002171   -228.663430  0.000431    1.003285  0.000117  664.69
   280    298.379978      4   -228.670737  0.002046   -228.663360  0.000417    1.003265  0.000113  707.65
   300    298.374398      4   -228.670834  0.001982   -228.663235  0.000395    1.003239  0.000108  751.50
   320    298.351026      4   -228.670848  0.001910   -228.663222  0.000385    1.003253  0.000103  794.62
   340    298.357056      4   -228.671250  0.001816   -228.663344  0.000371    1.003289  0.000100  837.95
   360    298.358338      4   -228.671043  0.001749   -228.663261  0.000356    1.003305  0.000096  881.26
   380    298.358400      4   -228.671264  0.001765   -228.663436  0.000357    1.003284  0.000092  924.65
   400    298.335878      4   -228.670741  0.001748   -228.663424  0.000345    1.003264  0.000089  967.90
   420    298.327614      4   -228.670371  0.001719   -228.663422  0.000341    1.003249  0.000085 1011.18
   440    298.314269      4   -228.669250  0.001930   -228.663291  0.000330    1.003253  0.000083 1054.50
   460    298.310752      4   -228.669298  0.001897   -228.663281  0.000322    1.003248  0.000081 1097.82
   480    298.298612      4   -228.668638  0.001885   -228.663271  0.000315    1.003260  0.000084 1141.13
   500    298.299809      4   -228.668567  0.001876   -228.663364  0.000312    1.003261  0.000082 1184.50
   520    298.296676      4   -228.668954  0.001994   -228.663378  0.000303    1.003268  0.000081 1227.82
   540    298.295355      4   -228.669371  0.002025   -228.663598  0.000344    1.003290  0.000080 1271.11
   560    298.293155      4   -228.669137  0.001974   -228.663607  0.000335    1.003286  0.000079 1315.87
   580    298.284830      4   -228.669350  0.001974   -228.663632  0.000327    1.003273  0.000078 1360.94
   600    298.286162      4   -228.669071  0.001910   -228.663534  0.000319    1.003287  0.000076 1406.74
   620    298.274134      4   -228.668802  0.001887   -228.663482  0.000312    1.003300  0.000075 1451.37
   640    298.261679      4   -228.668205  0.001894   -228.663398  0.000306    1.003314  0.000078 1494.56
   660    298.256825      4   -228.667867  0.001894   -228.663303  0.000299    1.003314  0.000076 1537.85
   680    298.244674      4   -228.667302  0.001916   -228.663237  0.000293    1.003319  0.000074 1581.15
   700    298.244499      4   -228.667029  0.001878   -228.663137  0.000288    1.003322  0.000073 1624.46
   720    298.239369      4   -228.666502  0.001933   -228.663080  0.000282    1.003338  0.000071 1667.77
   740    298.242257      5   -228.666606  0.001890   -228.663073  0.000277    1.003352  0.000071 1711.09
   760    298.238654      5   -228.666453  0.001847   -228.663040  0.000273    1.003341  0.000073 1754.40
   780    298.235242      5   -228.666450  0.001822   -228.663077  0.000271    1.003332  0.000072 1797.71
   800    298.234760      5   -228.666463  0.001745   -228.663026  0.000267    1.003328  0.000070 1841.04
   820    298.236636      5   -228.666569  0.001712   -228.663055  0.000266    1.003318  0.000070 1884.38
   840    298.232846      5   -228.666495  0.001677   -228.663030  0.000262    1.003320  0.000069 1927.68
   860    298.235105      5   -228.666542  0.001651   -228.662983  0.000259    1.003320  0.000069 1971.27
   880    298.238362      5   -228.666935  0.001714   -228.663001  0.000257    1.003319  0.000068 2014.45
   900    298.235196      5   -228.666760  0.001714   -228.663035  0.000255    1.003323  0.000066 2059.98
   920    298.237195      5   -228.666942  0.001684   -228.663046  0.000251    1.003317  0.000064 2103.27
   940    298.235500      5   -228.666901  0.001684   -228.663026  0.000247    1.003315  0.000063 2146.56
   960    298.239834      5   -228.666945  0.001644   -228.663021  0.000244    1.003303  0.000065 2189.90
   980    298.237790      5   -228.666866  0.001605   -228.662994  0.000242    1.003306  0.000065 2233.22
  1000    298.232953      5   -228.666728  0.001568   -228.662956  0.000239    1.003302  0.000063 2276.56

Post Propagation Process
Total number of samples 1000
Raw AFQMC/HF (Guide) energy:           -228.666728 ± 0.001568
Raw Trial/Guide overlap ratio:          1.003302 ± 0.000063
Raw AFQMC/pt2CCSD energy (covariance): -228.662956 ± 0.000239
Raw AFQMC/pt2CCSD energy (dir sample): -228.662956 ± 0.000209

Remove Outliers
removing energies outside zeta > 30
Outlier energy bound [-228.822783, -228.500376]
Removed 0 outliers with energies []
Clean AFQMC/pt2CCSD overlap ratio:        1.003302 ± 0.000063
Clean AFQMC/pt2CCSD energy (covariance): -228.662956 ± 0.000239
Clean AFQMC/ptCCSD energy (dir sample):  -228.662956 ± 0.000209

Blocking Analysis
nsample = 1000, max_block_size = 25, min_nblocks = 40
   B    NB    NS  Observable     Error    dError
   1  1000  1000    1.003302  0.000022  0.000000
   2   500  1000    1.003302  0.000028  0.000001
   3   333   999    1.003302  0.000033  0.000001
   4   250  1000    1.003302  0.000036  0.000002
   5   200  1000    1.003302  0.000039  0.000002
   6   166   996    1.003302  0.000041  0.000002
   7   142   994    1.003303  0.000043  0.000003
   8   125  1000    1.003302  0.000044  0.000003
   9   111   999    1.003302  0.000045  0.000003
  10   100  1000    1.003302  0.000046  0.000003
  11    90   990    1.003305  0.000047  0.000004
  12    83   996    1.003302  0.000051  0.000004
  13    76   988    1.003305  0.000052  0.000004
  14    71   994    1.003303  0.000051  0.000004
  15    66   990    1.003305  0.000054  0.000005
  16    62   992    1.003304  0.000055  0.000005
  17    58   986    1.003306  0.000053  0.000005
  18    55   990    1.003305  0.000054  0.000005
  19    52   988    1.003305  0.000058  0.000006
  20    50  1000    1.003302  0.000051  0.000005
  21    47   987    1.003306  0.000060  0.000006
  22    45   990    1.003305  0.000058  0.000006
  23    43   989    1.003305  0.000057  0.000006
  24    41   984    1.003306  0.000063  0.000007
  25    40  1000    1.003302  0.000057  0.000006
Fit (variance): plateau_var = 3.428e-09 ± 3.463e-10
Fit (error):    plateau = 0.000059 ± 0.000003
     autocorrelation length ~ 9.3 blocks
     plateau reached at block size ~ 43
     !!!Failed to reach plateau in blocking
     Return max block error
nclean = 1000, max_block_size = 25, min_nblocks = 40
Blk_SZ   NBlk   NSmp      Energy     Error    dError
     1   1000   1000  -228.662781  0.000209  0.000005
     2    500   1000  -228.662820  0.000227  0.000007
     3    333    999  -228.662843  0.000249  0.000010
     4    250   1000  -228.662864  0.000259  0.000012
     5    200   1000  -228.662872  0.000257  0.000013
     6    166    996  -228.662900  0.000264  0.000015
     7    142    994  -228.662903  0.000269  0.000016
     8    125   1000  -228.662892  0.000275  0.000017
     9    111    999  -228.662894  0.000258  0.000017
    10    100   1000  -228.662905  0.000269  0.000019
    11     90    990  -228.662936  0.000288  0.000022
    12     83    996  -228.662932  0.000278  0.000022
    13     76    988  -228.662954  0.000289  0.000024
    14     71    994  -228.662931  0.000277  0.000023
    15     66    990  -228.662944  0.000281  0.000025
    16     62    992  -228.662940  0.000274  0.000025
    17     58    986  -228.662958  0.000269  0.000025
    18     55    990  -228.662955  0.000289  0.000028
    19     52    988  -228.662967  0.000307  0.000030
    20     50   1000  -228.662931  0.000264  0.000027
    21     47    987  -228.662968  0.000299  0.000031
    22     45    990  -228.662958  0.000318  0.000034
    23     43    989  -228.662966  0.000300  0.000033
    24     41    984  -228.662975  0.000305  0.000034
    25     40   1000  -228.662931  0.000301  0.000034
Fit (variance): plateau_var = 8.076669e-08 ± 4.407380e-09
Fit (error):    plateau = 0.000284 ± 0.000008
     autocorrelation length ~ 3.8 blocks
     plateau reached at block size ~ 16
Final AFQMC/pt2CCSD overlap ratio: 1.003302 ± 0.000063
Final AFQMC/pt2CCSD energy: -228.662956 ± 0.000284
Total run time: 2319.91

AFQMC Sampling Finished

QMC script: /u/yzhang65/myprojects/software/afqmc/afqmc/scripts/run_afqmc_pt2ccsd.py
  => E_HF(dioxetane)      = -227.8173238056 Eh
  => E_CCSD(dioxetane)    = -228.6295418991 Eh
  => E_AFQMC(dioxetane)   = -228.66296 +/- 0.00028 Eh

============================================================
Running: dioxirane  charge=0  spin=0
============================================================
output file: ../../result/molout/closed_shell/tz/dioxirane_vtzfp.out

Preparing AFQMC calculation
Calculating Cholesky integrals
Alpha Cholesky shape: (647, 108, 108) 
 Beta Cholesky shape: (647, 108, 108) 
Finished calculating Cholesky integrals
Size of the correlation space:
Number of electrons:        [9 9]
Number of basis functions:  105
Number of Cholesky vectors: 647

    ________                     _____                    
    ___  __ \___  __________________(_)_____________ _    
    __  /_/ /  / / /_  __ \_  __ \_  /__  __ \_  __ `/    
    _  _, _// /_/ /_  / / /  / / /  / _  / / /  /_/ /     
    /_/ |_| \__,_/ /_/ /_//_/ /_//_/  /_/ /_/_\__, /      
                                             /____/       
    _____________________________  ___________            
    ___    |__  ____/_  __ \__   |/  /_  ____/            
    __  /| |_  /_   _  / / /_  /|_/ /_  /                 
    _  ___ |  __/   / /_/ /_  /  / / / /___               
    /_/  |_/_/      \___\_\/_/  /_/  \____/               

Hostname:     gpue02.delta.ncsa.illinois.edu
System:       Linux
Node:         gpue02.delta.ncsa.illinois.edu
Release:      5.14.0-427.91.1.el9_4.x86_64
Machine:      x86_64
Processor:    x86_64
JAX backend:  GPU
JAX devices:  [CudaDevice(id=0)]
Device kind:  NVIDIA H200
Platform:     gpu

Load system from Integral File
Maximum memory per walker:            83.33 MB
Maximum number of Cholesky per chunk: 247
Number of Cholesky chunks:            3
Number of Cholesky per chunk:         216
Number of padding Cholesky:           1

QMC System
Number of electrons: (9, 9)
Spin Multiplicity:   0
Number of orbitals:  105
Number of Chol:      647

QMC Parameters
eql_time            :                   50
n_blocks            :                 1000
n_walkers           :                  300
max_error           :                  0.0
seed                :                   17
walker_type         :                  uhf
trial               :             upt2ccsd
mix_precision       :                 True
max_memory          :                25000
dt                  :                0.005
n_exp_terms         :                    6
n_prop_steps        :                   50
save_walkers        :                False
free_projection     :                False
n_batch             :                    1
nchol_chunk         :                  216

Initalize QMC walkers by stochastic CCSD

Equilibration
inv_T        weight  killW        energy   runTime
 0.00    300.000000      0   -189.322765     74.49
 5.00    298.713098      0   -189.325959     84.07
10.00    298.078463      0   -189.387803     86.43
15.00    297.665480      0   -189.313397     88.78
20.00    299.290585      0   -189.319926     91.14
25.00    299.029621      0   -189.351499     93.49
30.00    298.495606      0   -189.361312     95.84
35.00    299.917127      0   -189.369337     98.20
40.00    298.959915      0   -189.339611    100.55
45.00    299.662086      0   -189.350000    102.90
50.00    299.007461      0   -189.353795    105.25

Sampling
blocks        weight  killW       E_Guide     error       E_Trial     error     olp_T/G     error  Walltime
    20    298.725547      0   -189.370694  0.011280   -189.356091  0.002288    1.040837  0.000643  124.81
    40    298.807282      0   -189.365091  0.008548   -189.354972  0.001364    1.041202  0.000602  138.44
    60    298.814737      0   -189.365129  0.006067   -189.355927  0.001086    1.041059  0.000473  152.02
    80    298.785561      1   -189.362617  0.004699   -189.355378  0.000888    1.041100  0.000368  165.59
   100    298.787433      1   -189.361154  0.003943   -189.354577  0.000801    1.041123  0.000315  179.15
   120    298.753317      1   -189.360714  0.003545   -189.354810  0.000760    1.041184  0.000259  192.73
   140    298.710158      1   -189.360082  0.003869   -189.354368  0.000683    1.041414  0.000270  206.80
   160    298.657428      1   -189.357975  0.003671   -189.354504  0.000635    1.041577  0.000256  220.41
   180    298.624022      1   -189.357981  0.003368   -189.354257  0.000590    1.041503  0.000246  233.99
   200    298.596701      1   -189.357237  0.003082   -189.354154  0.000547    1.041596  0.000228  247.58
   220    298.577514      1   -189.356658  0.002947   -189.354148  0.000512    1.041670  0.000214  261.57
   240    298.566085      1   -189.357193  0.002727   -189.354573  0.000514    1.041718  0.000200  275.72
   260    298.569406      1   -189.358155  0.002756   -189.354993  0.000512    1.041695  0.000189  290.20
   280    298.563090      1   -189.358936  0.002650   -189.355158  0.000533    1.041648  0.000179  304.54
   300    298.539475      3   -189.358103  0.002621   -189.354982  0.000506    1.041634  0.000172  319.19
   320    298.534645      4   -189.357883  0.002464   -189.354798  0.000484    1.041653  0.000166  332.80
   340    298.519015      5   -189.357729  0.002330   -189.354827  0.000463    1.041733  0.000162  346.38
   360    298.509704      5   -189.356631  0.002356   -189.354750  0.000445    1.041791  0.000158  359.94
   380    298.515888      5   -189.356655  0.002230   -189.354744  0.000432    1.041773  0.000151  373.49
   400    298.503403      6   -189.356626  0.002132   -189.354704  0.000416    1.041688  0.000164  387.08
   420    298.497948      6   -189.356392  0.002038   -189.354647  0.000404    1.041638  0.000167  400.66
   440    298.487350      7   -189.355810  0.001987   -189.354612  0.000398    1.041689  0.000163  414.22
   460    298.488131      8   -189.355999  0.001941   -189.354647  0.000387    1.041637  0.000160  427.82
   480    298.485202      8   -189.356033  0.001944   -189.354714  0.000382    1.041595  0.000169  441.40
   500    298.482538      8   -189.355852  0.001888   -189.354774  0.000378    1.041647  0.000167  455.00
   520    298.466699      8   -189.355501  0.001932   -189.354722  0.000370    1.041613  0.000165  468.59
   540    298.460200      9   -189.355364  0.001886   -189.354765  0.000360    1.041629  0.000161  482.18
   560    298.465886      9   -189.355152  0.001820   -189.354724  0.000360    1.041665  0.000167  495.76
   580    298.465062      9   -189.355588  0.001792   -189.354734  0.000356    1.041585  0.000168  509.33
   600    298.475838      9   -189.356227  0.001800   -189.354770  0.000349    1.041533  0.000181  522.89
   620    298.473686     10   -189.355856  0.001767   -189.354721  0.000343    1.041574  0.000177  536.46
   640    298.482498     12   -189.356342  0.001772   -189.354678  0.000335    1.041550  0.000173  550.06
   660    298.487871     13   -189.356553  0.001746   -189.354837  0.000354    1.041566  0.000168  566.51
   680    298.484753     13   -189.356579  0.001697   -189.354823  0.000346    1.041606  0.000174  580.42
   700    298.486773     13   -189.356866  0.001679   -189.354921  0.000342    1.041553  0.000175  595.48
   720    298.487758     13   -189.356823  0.001621   -189.354965  0.000346    1.041515  0.000173  609.04
   740    298.486087     13   -189.356555  0.001617   -189.354976  0.000339    1.041544  0.000169  622.63
   760    298.482899     13   -189.356471  0.001573   -189.354966  0.000332    1.041554  0.000166  636.19
   780    298.481215     13   -189.356244  0.001555   -189.354965  0.000328    1.041559  0.000163  649.78
   800    298.478103     14   -189.356089  0.001544   -189.354992  0.000323    1.041588  0.000160  663.36
   820    298.482703     14   -189.356624  0.001570   -189.355023  0.000319    1.041588  0.000156  676.93
   840    298.482916     14   -189.356640  0.001534   -189.355103  0.000315    1.041603  0.000153  690.50
   860    298.498990     14   -189.357314  0.001646   -189.355270  0.000349    1.041578  0.000152  704.07
   880    298.496705     15   -189.357078  0.001680   -189.355191  0.000344    1.041579  0.000149  717.65
   900    298.490652     15   -189.356763  0.001669   -189.355116  0.000338    1.041606  0.000147  731.43
   920    298.485961     15   -189.356482  0.001659   -189.354998  0.000333    1.041634  0.000147  745.09
   940    298.487117     15   -189.356523  0.001636   -189.354948  0.000327    1.041615  0.000145  758.66
   960    298.495203     16   -189.356882  0.001679   -189.354951  0.000323    1.041598  0.000143  772.24
   980    298.496732     17   -189.357466  0.001692   -189.355075  0.000321    1.041581  0.000141  785.83
  1000    298.493732     17   -189.357311  0.001728   -189.355098  0.000318    1.041603  0.000142  799.40

Post Propagation Process
Total number of samples 1000
Raw AFQMC/HF (Guide) energy:           -189.357311 ± 0.001728
Raw Trial/Guide overlap ratio:          1.041603 ± 0.000142
Raw AFQMC/pt2CCSD energy (covariance): -189.355098 ± 0.000318
Raw AFQMC/pt2CCSD energy (dir sample): -189.355098 ± 0.000247

Remove Outliers
removing energies outside zeta > 30
Outlier energy bound [-189.534814, -189.172121]
Removed 0 outliers with energies []
Clean AFQMC/pt2CCSD overlap ratio:        1.041603 ± 0.000142
Clean AFQMC/pt2CCSD energy (covariance): -189.355098 ± 0.000318
Clean AFQMC/ptCCSD energy (dir sample):  -189.355098 ± 0.000247

Blocking Analysis
nsample = 1000, max_block_size = 25, min_nblocks = 40
   B    NB    NS  Observable     Error    dError
   1  1000  1000    1.041604  0.000061  0.000001
   2   500  1000    1.041604  0.000078  0.000002
   3   333   999    1.041606  0.000088  0.000003
   4   250  1000    1.041604  0.000095  0.000004
   5   200  1000    1.041604  0.000102  0.000005
   6   166   996    1.041603  0.000105  0.000006
   7   142   994    1.041600  0.000116  0.000007
   8   125  1000    1.041604  0.000118  0.000007
   9   111   999    1.041606  0.000115  0.000008
  10   100  1000    1.041604  0.000125  0.000009
  11    90   990    1.041596  0.000121  0.000009
  12    83   996    1.041602  0.000127  0.000010
  13    76   988    1.041595  0.000124  0.000010
  14    71   994    1.041600  0.000129  0.000011
  15    66   990    1.041595  0.000132  0.000012
  16    62   992    1.041597  0.000128  0.000012
  17    58   986    1.041592  0.000137  0.000013
  18    55   990    1.041595  0.000131  0.000013
  19    52   988    1.041595  0.000133  0.000013
  20    50  1000    1.041603  0.000140  0.000014
  21    47   987    1.041595  0.000138  0.000014
  22    45   990    1.041595  0.000137  0.000015
  23    43   989    1.041595  0.000133  0.000014
  24    41   984    1.041592  0.000138  0.000015
  25    40  1000    1.041603  0.000142  0.000016
Fit (variance): plateau_var = 1.905e-08 ± 1.478e-09
Fit (error):    plateau = 0.000138 ± 0.000005
     autocorrelation length ~ 6.9 blocks
     plateau reached at block size ~ 32
     !!!Failed to reach plateau in blocking
     Return max block error
nclean = 1000, max_block_size = 25, min_nblocks = 40
Blk_SZ   NBlk   NSmp      Energy     Error    dError
     1   1000   1000  -189.354762  0.000247  0.000006
     2    500   1000  -189.354841  0.000271  0.000009
     3    333    999  -189.354873  0.000287  0.000011
     4    250   1000  -189.354903  0.000290  0.000013
     5    200   1000  -189.354929  0.000312  0.000016
     6    166    996  -189.354941  0.000304  0.000017
     7    142    994  -189.354966  0.000320  0.000019
     8    125   1000  -189.354970  0.000325  0.000021
     9    111    999  -189.354987  0.000325  0.000022
    10    100   1000  -189.354984  0.000340  0.000024
    11     90    990  -189.355002  0.000345  0.000026
    12     83    996  -189.355000  0.000325  0.000025
    13     76    988  -189.355013  0.000323  0.000026
    14     71    994  -189.355015  0.000336  0.000028
    15     66    990  -189.355031  0.000333  0.000029
    16     62    992  -189.355023  0.000343  0.000031
    17     58    986  -189.355032  0.000388  0.000036
    18     55    990  -189.355032  0.000379  0.000036
    19     52    988  -189.355040  0.000368  0.000036
    20     50   1000  -189.355040  0.000362  0.000037
    21     47    987  -189.355039  0.000362  0.000038
    22     45    990  -189.355041  0.000377  0.000040
    23     43    989  -189.355051  0.000377  0.000041
    24     41    984  -189.355023  0.000374  0.000042
    25     40   1000  -189.355040  0.000373  0.000042
Fit (variance): plateau_var = 1.353908e-07 ± 1.339039e-08
Fit (error):    plateau = 0.000368 ± 0.000018
     autocorrelation length ~ 7.8 blocks
     plateau reached at block size ~ 33
     !!!Failed to reach plateau in blocking
     Return max block error
Final AFQMC/pt2CCSD overlap ratio: 1.041603 ± 0.000142
Final AFQMC/pt2CCSD energy: -189.355098 ± 0.000388
Total run time: 832.55

AFQMC Sampling Finished

QMC script: /u/yzhang65/myprojects/software/afqmc/afqmc/scripts/run_afqmc_pt2ccsd.py
  => E_HF(dioxirane)      = -188.6786912400 Eh
  => E_CCSD(dioxirane)    = -189.3246038074 Eh
  => E_AFQMC(dioxirane)   = -189.35510 +/- 0.00039 Eh

============================================================
Running: dithiotane  charge=0  spin=0
============================================================
output file: ../../result/molout/closed_shell/tz/dithiotane_vtzfp.out
Not a UHF solution. Convert to RHF

Preparing AFQMC calculation
Calculating Cholesky integrals
Finished calculating Cholesky integrals
Size of the correlation space:
Number of electrons:        [12, 12]
Number of basis functions:  152
Number of Cholesky vectors: 934

    ________                     _____                    
    ___  __ \___  __________________(_)_____________ _    
    __  /_/ /  / / /_  __ \_  __ \_  /__  __ \_  __ `/    
    _  _, _// /_/ /_  / / /  / / /  / _  / / /  /_/ /     
    /_/ |_| \__,_/ /_/ /_//_/ /_//_/  /_/ /_/_\__, /      
                                             /____/       
    _____________________________  ___________            
    ___    |__  ____/_  __ \__   |/  /_  ____/            
    __  /| |_  /_   _  / / /_  /|_/ /_  /                 
    _  ___ |  __/   / /_/ /_  /  / / / /___               
    /_/  |_/_/      \___\_\/_/  /_/  \____/               

Hostname:     gpue02.delta.ncsa.illinois.edu
System:       Linux
Node:         gpue02.delta.ncsa.illinois.edu
Release:      5.14.0-427.91.1.el9_4.x86_64
Machine:      x86_64
Processor:    x86_64
JAX backend:  GPU
JAX devices:  [CudaDevice(id=0)]
Device kind:  NVIDIA H200
Platform:     gpu

Load system from Integral File
Maximum memory per walker:            83.33 MB
Maximum number of Cholesky per chunk: 236
Number of Cholesky chunks:            4
Number of Cholesky per chunk:         234
Number of padding Cholesky:           2

QMC System
Number of electrons: (12, 12)
Spin Multiplicity:   0
Number of orbitals:  152
Number of Chol:      934

QMC Parameters
eql_time            :                   50
n_blocks            :                 1000
n_walkers           :                  300
max_error           :                  0.0
seed                :                   17
walker_type         :                  rhf
trial               :              pt2ccsd
mix_precision       :                 True
max_memory          :                25000
dt                  :                0.005
n_exp_terms         :                    6
n_prop_steps        :                   50
save_walkers        :                False
free_projection     :                False
n_batch             :                    1
nchol_chunk         :                  234

Initalize QMC walkers by stochastic CCSD

Equilibration
inv_T        weight  killW        energy   runTime
 0.00    300.000000      0   -873.875049     27.65
 5.00    299.369514      0   -873.932687     35.28
10.00    297.832456      0   -873.905352     37.48
15.00    298.435111      0   -873.906877     39.68
20.00    299.122559      0   -873.895748     41.88
25.00    298.127978      0   -873.883096     44.08
30.00    298.323183      0   -873.905347     46.28
35.00    297.966171      0   -873.910293     48.48
40.00    298.736433      0   -873.927076     50.69
45.00    299.285997      0   -873.935433     52.88
50.00    298.568986      0   -873.927150     55.08

Sampling
blocks        weight  killW       E_Guide     error       E_Trial     error     olp_T/G     error  Walltime
    20    298.623694      0   -873.927032  0.006117   -873.914189  0.001166    1.002436  0.000464  101.57
    40    298.519205      0   -873.919340  0.006696   -873.913365  0.000914    1.003326  0.000582  145.23
    60    298.440807      0   -873.918184  0.005438   -873.913148  0.000716    1.003688  0.000449  188.96
    80    298.339679      0   -873.915194  0.004263   -873.912607  0.000600    1.003808  0.000380  232.71
   100    298.379249      0   -873.919695  0.004611   -873.913611  0.000591    1.003682  0.000290  276.81
   120    298.329957      0   -873.919232  0.003857   -873.913918  0.000535    1.003622  0.000250  320.57
   140    298.298972      0   -873.919942  0.003357   -873.913354  0.000495    1.003619  0.000215  364.21
   160    298.282383      0   -873.920028  0.002964   -873.913286  0.000469    1.003599  0.000190  407.99
   180    298.235301      0   -873.919283  0.002716   -873.913035  0.000441    1.003544  0.000168  453.54
   200    298.203768      1   -873.918416  0.002512   -873.912804  0.000420    1.003491  0.000156  496.00
   220    298.202449      1   -873.919693  0.002575   -873.913090  0.000420    1.003507  0.000144  539.74
   240    298.193097      1   -873.920171  0.002607   -873.912979  0.000397    1.003475  0.000136  583.50
   260    298.159202      1   -873.920291  0.002442   -873.912861  0.000377    1.003445  0.000137  632.84
   280    298.160853      1   -873.921317  0.002365   -873.913019  0.000368    1.003494  0.000131  675.29
   300    298.132304      2   -873.919961  0.002429   -873.912863  0.000353    1.003518  0.000123  719.08
   320    298.131583      2   -873.920169  0.002289   -873.912916  0.000338    1.003505  0.000116  765.34
   340    298.114678      2   -873.919751  0.002182   -873.912896  0.000324    1.003500  0.000111  809.20
   360    298.115316      3   -873.920495  0.002114   -873.913204  0.000325    1.003512  0.000106  854.46
   380    298.112981      3   -873.921338  0.002096   -873.913368  0.000321    1.003467  0.000106  900.62
   400    298.104483      3   -873.921268  0.002014   -873.913340  0.000311    1.003514  0.000106  946.28
   420    298.101683      3   -873.921465  0.001955   -873.913086  0.000309    1.003550  0.000106  990.04
   440    298.093253      3   -873.921547  0.002036   -873.913174  0.000305    1.003547  0.000105 1034.20
   460    298.073525      3   -873.920765  0.002000   -873.913003  0.000300    1.003598  0.000106 1077.81
   480    298.053386      3   -873.920240  0.002150   -873.912888  0.000294    1.003603  0.000110 1120.82
   500    298.046957      3   -873.919368  0.002217   -873.912710  0.000288    1.003590  0.000107 1164.59
   520    298.045259      3   -873.919578  0.002119   -873.912773  0.000286    1.003568  0.000103 1209.09
   540    298.038861      3   -873.919515  0.002059   -873.912898  0.000291    1.003531  0.000103 1253.13
   560    298.032411      3   -873.919459  0.002015   -873.912912  0.000286    1.003534  0.000104 1296.62
   580    298.028609      3   -873.919070  0.001934   -873.912840  0.000280    1.003536  0.000101 1340.37
   600    298.028621      4   -873.919261  0.001890   -873.912872  0.000274    1.003540  0.000099 1384.11
   620    298.025957      4   -873.919432  0.001869   -873.912865  0.000268    1.003535  0.000095 1428.14
   640    298.023755      4   -873.919393  0.001821   -873.912926  0.000265    1.003519  0.000093 1471.62
   660    298.018269      4   -873.918974  0.001787   -873.912850  0.000260    1.003520  0.000089 1515.35
   680    298.009976      4   -873.918704  0.001787   -873.912872  0.000254    1.003522  0.000092 1560.41
   700    298.006030      4   -873.918396  0.001746   -873.912838  0.000250    1.003512  0.000091 1605.36
   720    298.002566      4   -873.918422  0.001704   -873.912857  0.000246    1.003501  0.000090 1651.47
   740    298.002006      4   -873.918373  0.001670   -873.912855  0.000244    1.003517  0.000089 1693.97
   760    297.997019      4   -873.918314  0.001658   -873.912812  0.000240    1.003532  0.000088 1737.72
   780    298.000318      4   -873.918370  0.001629   -873.912788  0.000236    1.003538  0.000087 1781.45
   800    297.996885      4   -873.918002  0.001599   -873.912742  0.000232    1.003528  0.000085 1825.71
   820    297.994192      4   -873.917866  0.001565   -873.912691  0.000228    1.003528  0.000084 1870.78
   840    297.994719      4   -873.917921  0.001529   -873.912707  0.000226    1.003538  0.000085 1913.24
   860    298.000616      4   -873.918180  0.001508   -873.912683  0.000222    1.003535  0.000085 1956.98
   880    298.001037      5   -873.918444  0.001523   -873.912719  0.000219    1.003525  0.000083 2000.75
   900    298.005483      5   -873.918742  0.001500   -873.912766  0.000216    1.003529  0.000082 2044.62
   920    298.003812      5   -873.918951  0.001511   -873.912831  0.000213    1.003520  0.000080 2088.24
   940    298.001500      5   -873.918884  0.001511   -873.912857  0.000210    1.003520  0.000080 2132.00
   960    297.995577      5   -873.918653  0.001474   -873.912889  0.000208    1.003518  0.000078 2182.57
   980    297.993869      5   -873.918238  0.001488   -873.912848  0.000205    1.003533  0.000076 2226.35
  1000    297.998597      5   -873.918293  0.001519   -873.912862  0.000203    1.003543  0.000076 2271.36

Post Propagation Process
Total number of samples 1000
Raw AFQMC/HF (Guide) energy:           -873.918293 ± 0.001519
Raw Trial/Guide overlap ratio:          1.003543 ± 0.000076
Raw AFQMC/pt2CCSD energy (covariance): -873.912862 ± 0.000203
Raw AFQMC/pt2CCSD energy (dir sample): -873.912862 ± 0.000175

Remove Outliers
removing energies outside zeta > 30
Outlier energy bound [-874.059527, -873.764702]
Removed 0 outliers with energies []
Clean AFQMC/pt2CCSD overlap ratio:        1.003543 ± 0.000076
Clean AFQMC/pt2CCSD energy (covariance): -873.912862 ± 0.000203
Clean AFQMC/ptCCSD energy (dir sample):  -873.912862 ± 0.000175

Blocking Analysis
nsample = 1000, max_block_size = 25, min_nblocks = 40
   B    NB    NS  Observable     Error    dError
   1  1000  1000    1.003544  0.000024  0.000001
   2   500  1000    1.003544  0.000032  0.000001
   3   333   999    1.003543  0.000038  0.000001
   4   250  1000    1.003544  0.000043  0.000002
   5   200  1000    1.003544  0.000047  0.000002
   6   166   996    1.003542  0.000050  0.000003
   7   142   994    1.003540  0.000053  0.000003
   8   125  1000    1.003544  0.000055  0.000004
   9   111   999    1.003543  0.000058  0.000004
  10   100  1000    1.003544  0.000059  0.000004
  11    90   990    1.003539  0.000062  0.000005
  12    83   996    1.003542  0.000065  0.000005
  13    76   988    1.003538  0.000065  0.000005
  14    71   994    1.003540  0.000068  0.000006
  15    66   990    1.003539  0.000067  0.000006
  16    62   992    1.003540  0.000066  0.000006
  17    58   986    1.003538  0.000071  0.000007
  18    55   990    1.003539  0.000072  0.000007
  19    52   988    1.003538  0.000072  0.000007
  20    50  1000    1.003543  0.000070  0.000007
  21    47   987    1.003537  0.000076  0.000008
  22    45   990    1.003539  0.000074  0.000008
  23    43   989    1.003539  0.000073  0.000008
  24    41   984    1.003536  0.000074  0.000008
  25    40  1000    1.003544  0.000076  0.000009
Fit (variance): plateau_var = 6.562e-09 ± 8.571e-10
Fit (error):    plateau = 0.000081 ± 0.000005
     autocorrelation length ~ 12.8 blocks
     plateau reached at block size ~ 59
     !!!Failed to reach plateau in blocking
     Return max block error
nclean = 1000, max_block_size = 25, min_nblocks = 40
Blk_SZ   NBlk   NSmp      Energy     Error    dError
     1   1000   1000  -873.912688  0.000175  0.000004
     2    500   1000  -873.912716  0.000207  0.000007
     3    333    999  -873.912737  0.000228  0.000009
     4    250   1000  -873.912746  0.000239  0.000011
     5    200   1000  -873.912751  0.000242  0.000012
     6    166    996  -873.912742  0.000254  0.000014
     7    142    994  -873.912749  0.000262  0.000016
     8    125   1000  -873.912772  0.000273  0.000017
     9    111    999  -873.912791  0.000287  0.000019
    10    100   1000  -873.912797  0.000268  0.000019
    11     90    990  -873.912756  0.000282  0.000021
    12     83    996  -873.912768  0.000283  0.000022
    13     76    988  -873.912766  0.000290  0.000024
    14     71    994  -873.912779  0.000271  0.000023
    15     66    990  -873.912771  0.000288  0.000025
    16     62    992  -873.912776  0.000300  0.000027
    17     58    986  -873.912774  0.000305  0.000029
    18     55    990  -873.912791  0.000283  0.000027
    19     52    988  -873.912782  0.000313  0.000031
    20     50   1000  -873.912817  0.000322  0.000032
    21     47    987  -873.912785  0.000281  0.000029
    22     45    990  -873.912791  0.000304  0.000032
    23     43    989  -873.912793  0.000312  0.000034
    24     41    984  -873.912797  0.000295  0.000033
    25     40   1000  -873.912818  0.000289  0.000033
Fit (variance): plateau_var = 8.706513e-08 ± 5.403677e-09
Fit (error):    plateau = 0.000295 ± 0.000009
     autocorrelation length ~ 4.9 blocks
     plateau reached at block size ~ 22
Final AFQMC/pt2CCSD overlap ratio: 1.003543 ± 0.000076
Final AFQMC/pt2CCSD energy: -873.912862 ± 0.000295
Total run time: 2391.38

AFQMC Sampling Finished

QMC script: /u/yzhang65/myprojects/software/afqmc/afqmc/scripts/run_afqmc_pt2ccsd.py
  => E_HF(dithiotane)      = -873.1546528748 Eh
  => E_CCSD(dithiotane)    = -873.8754095856 Eh
  => E_AFQMC(dithiotane)   = -873.91286 +/- 0.00030 Eh

============================================================
Running: ethanol  charge=0  spin=0
============================================================
output file: ../../result/molout/closed_shell/tz/ethanol_vtzfp.out
Not a UHF solution. Convert to RHF

Preparing AFQMC calculation
Calculating Cholesky integrals
Finished calculating Cholesky integrals
Size of the correlation space:
Number of electrons:        [10, 10]
Number of basis functions:  141
Number of Cholesky vectors: 824

    ________                     _____                    
    ___  __ \___  __________________(_)_____________ _    
    __  /_/ /  / / /_  __ \_  __ \_  /__  __ \_  __ `/    
    _  _, _// /_/ /_  / / /  / / /  / _  / / /  /_/ /     
    /_/ |_| \__,_/ /_/ /_//_/ /_//_/  /_/ /_/_\__, /      
                                             /____/       
    _____________________________  ___________            
    ___    |__  ____/_  __ \__   |/  /_  ____/            
    __  /| |_  /_   _  / / /_  /|_/ /_  /                 
    _  ___ |  __/   / /_/ /_  /  / / / /___               
    /_/  |_/_/      \___\_\/_/  /_/  \____/               

Hostname:     gpue02.delta.ncsa.illinois.edu
System:       Linux
Node:         gpue02.delta.ncsa.illinois.edu
Release:      5.14.0-427.91.1.el9_4.x86_64
Machine:      x86_64
Processor:    x86_64
JAX backend:  GPU
JAX devices:  [CudaDevice(id=0)]
Device kind:  NVIDIA H200
Platform:     gpu

Load system from Integral File
Maximum memory per walker:            83.33 MB
Maximum number of Cholesky per chunk: 274
Number of Cholesky chunks:            4
Number of Cholesky per chunk:         206
Number of padding Cholesky:           0

QMC System
Number of electrons: (10, 10)
Spin Multiplicity:   0
Number of orbitals:  141
Number of Chol:      824

QMC Parameters
eql_time            :                   50
n_blocks            :                 1000
n_walkers           :                  300
max_error           :                  0.0
seed                :                   17
walker_type         :                  rhf
trial               :              pt2ccsd
mix_precision       :                 True
max_memory          :                25000
dt                  :                0.005
n_exp_terms         :                    6
n_prop_steps        :                   50
save_walkers        :                False
free_projection     :                False
n_batch             :                    1
nchol_chunk         :                  206

Initalize QMC walkers by stochastic CCSD

Equilibration
inv_T        weight  killW        energy   runTime
 0.00    300.000000      0   -154.763393    266.35
 5.00    298.914841      0   -154.773098    279.72
10.00    298.570407      0   -154.772206    281.58
15.00    299.609343      0   -154.789519    283.45
20.00    298.152670      0   -154.770094    285.31
25.00    298.750950      0   -154.761675    287.18
30.00    298.791380      0   -154.808519    289.04
35.00    298.597646      0   -154.797587    290.91
40.00    298.808692      0   -154.812477    292.77
45.00    299.536664      0   -154.800498    294.63
50.00    299.107964      0   -154.776805    296.49

Sampling
blocks        weight  killW       E_Guide     error       E_Trial     error     olp_T/G     error  Walltime
    20    298.701752      0   -154.791006  0.008430   -154.787386  0.000875    1.001354  0.000190  342.39
    40    298.823945      0   -154.797011  0.009615   -154.787677  0.000671    1.001628  0.000263  376.13
    60    298.820818      0   -154.795207  0.007177   -154.787730  0.000559    1.001784  0.000198  411.27
    80    298.793230      0   -154.796343  0.005483   -154.787843  0.000520    1.001776  0.000145  446.02
   100    298.751916      0   -154.794714  0.004621   -154.787504  0.000450    1.001815  0.000107  480.70
   120    298.699461      0   -154.792950  0.003983   -154.787410  0.000421    1.001857  0.000099  515.85
   140    298.706585      0   -154.793691  0.003576   -154.787517  0.000391    1.001832  0.000087  550.68
   160    298.674721      1   -154.793621  0.003102   -154.787409  0.000360    1.001800  0.000079  585.37
   180    298.633817      1   -154.793855  0.002974   -154.787399  0.000335    1.001738  0.000083  620.09
   200    298.610145      1   -154.792495  0.002788   -154.787249  0.000312    1.001762  0.000077  654.80
   220    298.604632      1   -154.792957  0.002636   -154.787315  0.000294    1.001755  0.000070  689.51
   240    298.592306      1   -154.792273  0.002440   -154.787162  0.000280    1.001730  0.000067  725.52
   260    298.582570      2   -154.792335  0.002288   -154.787164  0.000269    1.001745  0.000064  760.42
   280    298.566691      2   -154.791853  0.002175   -154.787150  0.000259    1.001784  0.000066  794.49
   300    298.552118      2   -154.792207  0.002063   -154.787179  0.000249    1.001775  0.000062  829.50
   320    298.541240      2   -154.791782  0.001958   -154.787157  0.000236    1.001789  0.000060  865.23
   340    298.547167      2   -154.792454  0.001994   -154.787268  0.000227    1.001792  0.000056  899.98
   360    298.542639      2   -154.792356  0.001915   -154.787264  0.000218    1.001791  0.000053  934.69
   380    298.539764      2   -154.792158  0.001905   -154.787379  0.000285    1.001808  0.000052  969.41
   400    298.545123      2   -154.792175  0.001863   -154.787369  0.000276    1.001807  0.000050 1004.17
   420    298.539627      2   -154.792176  0.001801   -154.787407  0.000266    1.001778  0.000052 1039.47
   440    298.532252      2   -154.792085  0.001731   -154.787391  0.000257    1.001780  0.000052 1074.90
   460    298.522977      2   -154.791640  0.001695   -154.787456  0.000253    1.001759  0.000051 1108.91
   480    298.525455      2   -154.791628  0.001637   -154.787391  0.000245    1.001759  0.000053 1143.80
   500    298.523252      2   -154.791488  0.001585   -154.787386  0.000238    1.001758  0.000052 1179.21
   520    298.521552      2   -154.791733  0.001546   -154.787426  0.000233    1.001749  0.000050 1213.29
   540    298.520954      2   -154.791912  0.001475   -154.787397  0.000227    1.001753  0.000049 1247.98
   560    298.511206      3   -154.791515  0.001467   -154.787355  0.000222    1.001754  0.000048 1282.70
   580    298.500042      3   -154.791409  0.001436   -154.787341  0.000217    1.001749  0.000047 1317.89
   600    298.498205      3   -154.791679  0.001423   -154.787427  0.000217    1.001747  0.000046 1352.66
   620    298.492024      3   -154.791613  0.001366   -154.787396  0.000212    1.001762  0.000046 1387.12
   640    298.490393      3   -154.791701  0.001354   -154.787425  0.000212    1.001761  0.000045 1421.90
   660    298.488521      3   -154.791862  0.001321   -154.787413  0.000207    1.001758  0.000044 1456.61
   680    298.483692      3   -154.791617  0.001297   -154.787379  0.000202    1.001761  0.000043 1491.65
   700    298.474599      3   -154.791330  0.001275   -154.787347  0.000200    1.001764  0.000042 1526.37
   720    298.467098      3   -154.791261  0.001259   -154.787321  0.000196    1.001757  0.000044 1561.08
   740    298.464377      3   -154.791176  0.001236   -154.787319  0.000193    1.001760  0.000043 1595.79
   760    298.464467      3   -154.791171  0.001191   -154.787307  0.000190    1.001753  0.000043 1631.82
   780    298.464578      3   -154.791071  0.001172   -154.787278  0.000187    1.001755  0.000042 1666.39
   800    298.467044      3   -154.791218  0.001151   -154.787275  0.000184    1.001753  0.000041 1703.67
   820    298.464196      3   -154.790967  0.001161   -154.787231  0.000181    1.001756  0.000040 1739.90
   840    298.463971      3   -154.790789  0.001136   -154.787210  0.000177    1.001755  0.000039 1776.69
   860    298.464371      3   -154.790896  0.001118   -154.787235  0.000175    1.001750  0.000039 1811.69
   880    298.460172      3   -154.790840  0.001100   -154.787232  0.000173    1.001757  0.000039 1846.63
   900    298.456688      3   -154.790884  0.001069   -154.787218  0.000170    1.001757  0.000039 1881.19
   920    298.458756      3   -154.790999  0.001057   -154.787265  0.000169    1.001755  0.000038 1915.90
   940    298.461625      3   -154.791073  0.001038   -154.787287  0.000167    1.001755  0.000037 1951.22
   960    298.461704      3   -154.791000  0.001023   -154.787338  0.000167    1.001753  0.000037 1985.31
   980    298.467404      3   -154.791244  0.001006   -154.787368  0.000167    1.001752  0.000036 2020.13
  1000    298.469728      3   -154.791247  0.001012   -154.787370  0.000165    1.001745  0.000038 2054.81

Post Propagation Process
Total number of samples 1000
Raw AFQMC/HF (Guide) energy:           -154.791247 ± 0.001012
Raw Trial/Guide overlap ratio:          1.001745 ± 0.000038
Raw AFQMC/pt2CCSD energy (covariance): -154.787370 ± 0.000165
Raw AFQMC/pt2CCSD energy (dir sample): -154.787370 ± 0.000138

Remove Outliers
removing energies outside zeta > 30
Outlier energy bound [-154.890978, -154.682442]
Removed 0 outliers with energies []
Clean AFQMC/pt2CCSD overlap ratio:        1.001745 ± 0.000038
Clean AFQMC/pt2CCSD energy (covariance): -154.787370 ± 0.000165
Clean AFQMC/ptCCSD energy (dir sample):  -154.787370 ± 0.000138

Blocking Analysis
nsample = 1000, max_block_size = 25, min_nblocks = 40
   B    NB    NS  Observable     Error    dError
   1  1000  1000    1.001745  0.000015  0.000000
   2   500  1000    1.001745  0.000020  0.000001
   3   333   999    1.001745  0.000023  0.000001
   4   250  1000    1.001745  0.000025  0.000001
   5   200  1000    1.001745  0.000026  0.000001
   6   166   996    1.001744  0.000028  0.000002
   7   142   994    1.001743  0.000030  0.000002
   8   125  1000    1.001745  0.000031  0.000002
   9   111   999    1.001745  0.000030  0.000002
  10   100  1000    1.001745  0.000031  0.000002
  11    90   990    1.001743  0.000033  0.000002
  12    83   996    1.001744  0.000034  0.000003
  13    76   988    1.001743  0.000034  0.000003
  14    71   994    1.001743  0.000034  0.000003
  15    66   990    1.001743  0.000034  0.000003
  16    62   992    1.001742  0.000034  0.000003
  17    58   986    1.001745  0.000035  0.000003
  18    55   990    1.001743  0.000035  0.000003
  19    52   988    1.001743  0.000034  0.000003
  20    50  1000    1.001745  0.000033  0.000003
  21    47   987    1.001744  0.000035  0.000004
  22    45   990    1.001743  0.000037  0.000004
  23    43   989    1.001743  0.000036  0.000004
  24    41   984    1.001746  0.000033  0.000004
  25    40  1000    1.001745  0.000038  0.000004
Fit (variance): plateau_var = 1.249e-09 ± 8.580e-11
Fit (error):    plateau = 0.000035 ± 0.000001
     autocorrelation length ~ 6.1 blocks
     plateau reached at block size ~ 28
     !!!Failed to reach plateau in blocking
     Return max block error
nclean = 1000, max_block_size = 25, min_nblocks = 40
Blk_SZ   NBlk   NSmp      Energy     Error    dError
     1   1000   1000  -154.787265  0.000138  0.000003
     2    500   1000  -154.787288  0.000152  0.000005
     3    333    999  -154.787306  0.000159  0.000006
     4    250   1000  -154.787311  0.000156  0.000007
     5    200   1000  -154.787324  0.000157  0.000008
     6    166    996  -154.787331  0.000170  0.000009
     7    142    994  -154.787347  0.000163  0.000010
     8    125   1000  -154.787336  0.000161  0.000010
     9    111    999  -154.787343  0.000163  0.000011
    10    100   1000  -154.787347  0.000157  0.000011
    11     90    990  -154.787358  0.000162  0.000012
    12     83    996  -154.787355  0.000168  0.000013
    13     76    988  -154.787351  0.000156  0.000013
    14     71    994  -154.787363  0.000164  0.000014
    15     66    990  -154.787365  0.000154  0.000013
    16     62    992  -154.787374  0.000164  0.000015
    17     58    986  -154.787351  0.000155  0.000015
    18     55    990  -154.787366  0.000162  0.000016
    19     52    988  -154.787357  0.000148  0.000015
    20     50   1000  -154.787360  0.000155  0.000016
    21     47    987  -154.787352  0.000157  0.000016
    22     45    990  -154.787372  0.000140  0.000015
    23     43    989  -154.787363  0.000155  0.000017
    24     41    984  -154.787352  0.000154  0.000017
    25     40   1000  -154.787360  0.000166  0.000019
Fit (variance): plateau_var = 2.530625e-08 ± 8.472773e-10
Fit (error):    plateau = 0.000159 ± 0.000003
     autocorrelation length ~ 0.9 blocks
     plateau reached at block size ~ 4
Final AFQMC/pt2CCSD overlap ratio: 1.001745 ± 0.000038
Final AFQMC/pt2CCSD energy: -154.787370 ± 0.000159
Total run time: 2174.13

AFQMC Sampling Finished

QMC script: /u/yzhang65/myprojects/software/afqmc/afqmc/scripts/run_afqmc_pt2ccsd.py
  => E_HF(ethanol)      = -154.1418580133 Eh
  => E_CCSD(ethanol)    = -154.7642359253 Eh
  => E_AFQMC(ethanol)   = -154.78737 +/- 0.00016 Eh

============================================================
Running: formic-anhydride  charge=0  spin=0
============================================================
overwrite output file: ../../result/molout/closed_shell/tz/formic-anhydride_vtzfp.out
Not a UHF solution. Convert to RHF

Preparing AFQMC calculation
Calculating Cholesky integrals
Finished calculating Cholesky integrals
Size of the correlation space:
Number of electrons:        [14, 14]
Number of basis functions:  163
Number of Cholesky vectors: 1006

    ________                     _____                    
    ___  __ \___  __________________(_)_____________ _    
    __  /_/ /  / / /_  __ \_  __ \_  /__  __ \_  __ `/    
    _  _, _// /_/ /_  / / /  / / /  / _  / / /  /_/ /     
    /_/ |_| \__,_/ /_/ /_//_/ /_//_/  /_/ /_/_\__, /      
                                             /____/       
    _____________________________  ___________            
    ___    |__  ____/_  __ \__   |/  /_  ____/            
    __  /| |_  /_   _  / / /_  /|_/ /_  /                 
    _  ___ |  __/   / /_/ /_  /  / / / /___               
    /_/  |_/_/      \___\_\/_/  /_/  \____/               

Hostname:     gpue02.delta.ncsa.illinois.edu
System:       Linux
Node:         gpue02.delta.ncsa.illinois.edu
Release:      5.14.0-427.91.1.el9_4.x86_64
Machine:      x86_64
Processor:    x86_64
JAX backend:  GPU
JAX devices:  [CudaDevice(id=0)]
Device kind:  NVIDIA H200
Platform:     gpu

Load system from Integral File
Maximum memory per walker:            83.33 MB
Maximum number of Cholesky per chunk: 205
Number of Cholesky chunks:            5
Number of Cholesky per chunk:         202
Number of padding Cholesky:           4

QMC System
Number of electrons: (14, 14)
Spin Multiplicity:   0
Number of orbitals:  163
Number of Chol:      1006

QMC Parameters
eql_time            :                   50
n_blocks            :                 1000
n_walkers           :                  300
max_error           :                  0.0
seed                :                   17
walker_type         :                  rhf
trial               :              pt2ccsd
mix_precision       :                 True
max_memory          :                25000
dt                  :                0.005
n_exp_terms         :                    6
n_prop_steps        :                   50
save_walkers        :                False
free_projection     :                False
n_batch             :                    1
nchol_chunk         :                  202

Initalize QMC walkers by stochastic CCSD

Equilibration
inv_T        weight  killW        energy   runTime
 0.00    300.000000      0   -302.597777    236.77
 5.00    297.521883      0   -302.661759    248.70
10.00    298.174771      0   -302.643780    251.48
15.00    299.658493      1   -302.715350    254.27
20.00    297.917816      0   -302.613311    257.05
25.00    299.315244      0   -302.636940    259.83
30.00    298.369438      0   -302.664657    262.60
35.00    298.875489      0   -302.714290    265.38
40.00    300.247056      0   -302.665623    268.15
45.00    298.597960      0   -302.671130    270.94
50.00    299.750890      0   -302.702899    273.72

Sampling
blocks        weight  killW       E_Guide     error       E_Trial     error     olp_T/G     error  Walltime
    20    298.303075      0   -302.627793  0.009470   -302.639874  0.001707    1.011684  0.000408  323.74
    40    298.430820      0   -302.639470  0.011295   -302.640132  0.002233    1.010906  0.000569  367.11
    60    298.459663      0   -302.644444  0.007948   -302.641734  0.001692    1.010870  0.000428  411.30
    80    298.409514      1   -302.646563  0.006258   -302.643412  0.001560    1.011114  0.000360  455.72
   100    298.434030      1   -302.648573  0.005138   -302.643562  0.001297    1.011242  0.000293  499.63
   120    298.420482      1   -302.649769  0.004652   -302.644181  0.001283    1.011521  0.000317  543.79
   140    298.338034      1   -302.650720  0.004256   -302.644450  0.001127    1.011315  0.000327  588.55
   160    298.301506      1   -302.651223  0.004048   -302.644965  0.001029    1.011444  0.000313  632.22
   180    298.282751      1   -302.652645  0.004071   -302.645804  0.001047    1.011637  0.000301  676.62
   200    298.228223      1   -302.650794  0.003951   -302.645592  0.000967    1.011740  0.000284  720.98
   220    298.200794      1   -302.650314  0.003644   -302.645415  0.000914    1.011746  0.000262  764.96
   240    298.167885      1   -302.650252  0.003702   -302.645984  0.000927    1.011765  0.000244  809.69
   260    298.164965      1   -302.652132  0.003651   -302.645956  0.000893    1.011833  0.000235  853.72
   280    298.132754      2   -302.651237  0.003336   -302.645559  0.000854    1.012019  0.000249  897.94
   300    298.124734      3   -302.652195  0.003307   -302.645678  0.000831    1.012015  0.000236  943.54
   320    298.095634      3   -302.652472  0.003145   -302.645671  0.000799    1.011994  0.000223  987.31
   340    298.082298      3   -302.652722  0.002992   -302.645596  0.000765    1.012014  0.000211 1034.05
   360    298.063400      3   -302.652747  0.002884   -302.645747  0.000737    1.012025  0.000203 1078.69
   380    298.058627      3   -302.653165  0.002774   -302.645730  0.000710    1.011963  0.000197 1126.16
   400    298.065485      3   -302.654637  0.002907   -302.646992  0.000928    1.011962  0.000189 1171.57
   420    298.049176      4   -302.654853  0.002903   -302.646863  0.000889    1.012044  0.000189 1216.91
   440    298.054243      4   -302.654968  0.002817   -302.647021  0.000864    1.012045  0.000193 1261.41
   460    298.041758      4   -302.654566  0.002683   -302.646832  0.000833    1.011951  0.000197 1306.10
   480    298.033366      4   -302.654746  0.002591   -302.646606  0.000803    1.011938  0.000213 1350.31
   500    298.031586      4   -302.654456  0.002531   -302.646485  0.000776    1.012076  0.000233 1394.51
   520    298.027092      4   -302.654895  0.002445   -302.646545  0.000757    1.012022  0.000228 1438.72
   540    298.019403      4   -302.654932  0.002401   -302.646418  0.000733    1.012044  0.000223 1482.92
   560    298.001094      4   -302.654674  0.002330   -302.646212  0.000712    1.012106  0.000220 1528.01
   580    297.995648      5   -302.654837  0.002271   -302.646168  0.000695    1.012140  0.000217 1572.12
   600    298.006638      5   -302.655069  0.002204   -302.646128  0.000675    1.012124  0.000210 1616.30
   620    297.997436      5   -302.654987  0.002167   -302.646077  0.000657    1.012176  0.000209 1661.07
   640    297.990590      5   -302.654851  0.002089   -302.646025  0.000639    1.012177  0.000203 1704.70
   660    297.989697      5   -302.655076  0.002041   -302.646157  0.000626    1.012192  0.000197 1748.92
   680    297.985583      5   -302.654782  0.001998   -302.646261  0.000613    1.012145  0.000213 1793.08
   700    297.982637      5   -302.654656  0.001973   -302.646232  0.000598    1.012128  0.000208 1843.18
   720    297.982351      5   -302.654914  0.001932   -302.646191  0.000585    1.012087  0.000206 1886.70
   740    297.971010      5   -302.655023  0.001902   -302.646240  0.000573    1.012076  0.000201 1931.23
   760    297.970469      5   -302.654640  0.001908   -302.646051  0.000566    1.012101  0.000197 1975.39
   780    297.962062      5   -302.654277  0.001880   -302.646098  0.000554    1.012107  0.000194 2019.92
   800    297.952935      5   -302.653935  0.001872   -302.646100  0.000546    1.012123  0.000189 2064.09
   820    297.951888      5   -302.654105  0.001826   -302.646029  0.000534    1.012115  0.000185 2108.39
   840    297.954224      5   -302.654627  0.001815   -302.645979  0.000528    1.012091  0.000183 2153.85
   860    297.957244      5   -302.654870  0.001792   -302.646095  0.000521    1.012082  0.000179 2197.26
   880    297.952647      5   -302.654746  0.001756   -302.646085  0.000511    1.012044  0.000175 2241.47
   900    297.952316      5   -302.654730  0.001708   -302.646130  0.000503    1.012017  0.000174 2285.87
   920    297.950755      6   -302.654680  0.001675   -302.646122  0.000494    1.011967  0.000179 2329.85
   940    297.949184      6   -302.654631  0.001644   -302.646089  0.000486    1.011955  0.000179 2374.03
   960    297.949351      7   -302.654923  0.001650   -302.646085  0.000481    1.011980  0.000180 2418.27
   980    297.942142      8   -302.654457  0.001650   -302.646113  0.000474    1.011978  0.000180 2464.39
  1000    297.938331      8   -302.654306  0.001657   -302.646005  0.000466    1.011942  0.000190 2508.19

Post Propagation Process
Total number of samples 1000
Raw AFQMC/HF (Guide) energy:           -302.654306 ± 0.001657
Raw Trial/Guide overlap ratio:          1.011942 ± 0.000190
Raw AFQMC/pt2CCSD energy (covariance): -302.646005 ± 0.000466
Raw AFQMC/pt2CCSD energy (dir sample): -302.646005 ± 0.000410

Remove Outliers
removing energies outside zeta > 30
Outlier energy bound [-302.889119, -302.398372]
Removed 0 outliers with energies []
Clean AFQMC/pt2CCSD overlap ratio:        1.011942 ± 0.000190
Clean AFQMC/pt2CCSD energy (covariance): -302.646005 ± 0.000466
Clean AFQMC/ptCCSD energy (dir sample):  -302.646005 ± 0.000410

Blocking Analysis
nsample = 1000, max_block_size = 25, min_nblocks = 40
   B    NB    NS  Observable     Error    dError
   1  1000  1000    1.011942  0.000060  0.000001
   2   500  1000    1.011942  0.000080  0.000003
   3   333   999    1.011946  0.000093  0.000004
   4   250  1000    1.011942  0.000105  0.000005
   5   200  1000    1.011942  0.000114  0.000006
   6   166   996    1.011953  0.000119  0.000007
   7   142   994    1.011955  0.000126  0.000008
   8   125  1000    1.011942  0.000135  0.000009
   9   111   999    1.011946  0.000139  0.000009
  10   100  1000    1.011942  0.000142  0.000010
  11    90   990    1.011965  0.000144  0.000011
  12    83   996    1.011953  0.000150  0.000012
  13    76   988    1.011970  0.000153  0.000012
  14    71   994    1.011955  0.000153  0.000013
  15    66   990    1.011965  0.000151  0.000013
  16    62   992    1.011958  0.000157  0.000014
  17    58   986    1.011975  0.000166  0.000016
  18    55   990    1.011965  0.000169  0.000016
  19    52   988    1.011970  0.000167  0.000017
  20    50  1000    1.011942  0.000169  0.000017
  21    47   987    1.011973  0.000165  0.000017
  22    45   990    1.011965  0.000166  0.000018
  23    43   989    1.011968  0.000169  0.000018
  24    41   984    1.011977  0.000176  0.000020
  25    40  1000    1.011942  0.000190  0.000021
Fit (variance): plateau_var = 3.230e-08 ± 3.487e-09
Fit (error):    plateau = 0.000180 ± 0.000010
     autocorrelation length ~ 10.3 blocks
     plateau reached at block size ~ 48
     !!!Failed to reach plateau in blocking
     Return max block error
nclean = 1000, max_block_size = 25, min_nblocks = 40
Blk_SZ   NBlk   NSmp      Energy     Error    dError
     1   1000   1000  -302.645705  0.000410  0.000009
     2    500   1000  -302.645787  0.000473  0.000015
     3    333    999  -302.645826  0.000519  0.000020
     4    250   1000  -302.645851  0.000519  0.000023
     5    200   1000  -302.645872  0.000526  0.000026
     6    166    996  -302.645922  0.000524  0.000029
     7    142    994  -302.645939  0.000557  0.000033
     8    125   1000  -302.645922  0.000559  0.000035
     9    111    999  -302.645901  0.000634  0.000043
    10    100   1000  -302.645930  0.000570  0.000041
    11     90    990  -302.646004  0.000614  0.000046
    12     83    996  -302.645970  0.000616  0.000048
    13     76    988  -302.646025  0.000597  0.000049
    14     71    994  -302.645991  0.000613  0.000052
    15     66    990  -302.646023  0.000602  0.000053
    16     62    992  -302.646008  0.000642  0.000058
    17     58    986  -302.646034  0.000612  0.000057
    18     55    990  -302.646041  0.000650  0.000063
    19     52    988  -302.646042  0.000695  0.000069
    20     50   1000  -302.645964  0.000669  0.000068
    21     47    987  -302.646052  0.000649  0.000068
    22     45    990  -302.646036  0.000648  0.000069
    23     43    989  -302.646040  0.000610  0.000067
    24     41    984  -302.646064  0.000643  0.000072
    25     40   1000  -302.645967  0.000681  0.000077
Fit (variance): plateau_var = 4.086590e-07 ± 2.994794e-08
Fit (error):    plateau = 0.000639 ± 0.000023
     autocorrelation length ~ 5.8 blocks
     plateau reached at block size ~ 25
Final AFQMC/pt2CCSD overlap ratio: 1.011942 ± 0.000190
Final AFQMC/pt2CCSD energy: -302.646005 ± 0.000639
Total run time: 2631.51

AFQMC Sampling Finished

QMC script: /u/yzhang65/myprojects/software/afqmc/afqmc/scripts/run_afqmc_pt2ccsd.py
  => E_HF(formic-anhydride)      = -301.5970621673 Eh
  => E_CCSD(formic-anhydride)    = -302.5999008423 Eh
  => E_AFQMC(formic-anhydride)   = -302.64601 +/- 0.00064 Eh

============================================================
Running: glyoxal  charge=0  spin=0
============================================================
overwrite output file: ../../result/molout/closed_shell/tz/glyoxal_vtzfp.out

Preparing AFQMC calculation
Calculating Cholesky integrals
Alpha Cholesky shape: (823, 138, 138) 
 Beta Cholesky shape: (823, 138, 138) 
Finished calculating Cholesky integrals
Size of the correlation space:
Number of electrons:        [11 11]
Number of basis functions:  134
Number of Cholesky vectors: 823

    ________                     _____                    
    ___  __ \___  __________________(_)_____________ _    
    __  /_/ /  / / /_  __ \_  __ \_  /__  __ \_  __ `/    
    _  _, _// /_/ /_  / / /  / / /  / _  / / /  /_/ /     
    /_/ |_| \__,_/ /_/ /_//_/ /_//_/  /_/ /_/_\__, /      
                                             /____/       
    _____________________________  ___________            
    ___    |__  ____/_  __ \__   |/  /_  ____/            
    __  /| |_  /_   _  / / /_  /|_/ /_  /                 
    _  ___ |  __/   / /_/ /_  /  / / / /___               
    /_/  |_/_/      \___\_\/_/  /_/  \____/               

Hostname:     gpue02.delta.ncsa.illinois.edu
System:       Linux
Node:         gpue02.delta.ncsa.illinois.edu
Release:      5.14.0-427.91.1.el9_4.x86_64
Machine:      x86_64
Processor:    x86_64
JAX backend:  GPU
JAX devices:  [CudaDevice(id=0)]
Device kind:  NVIDIA H200
Platform:     gpu

Load system from Integral File
Maximum memory per walker:            83.33 MB
Maximum number of Cholesky per chunk: 152
Number of Cholesky chunks:            6
Number of Cholesky per chunk:         138
Number of padding Cholesky:           5

QMC System
Number of electrons: (11, 11)
Spin Multiplicity:   0
Number of orbitals:  134
Number of Chol:      823

QMC Parameters
eql_time            :                   50
n_blocks            :                 1000
n_walkers           :                  300
max_error           :                  0.0
seed                :                   17
walker_type         :                  uhf
trial               :             upt2ccsd
mix_precision       :                 True
max_memory          :                25000
dt                  :                0.005
n_exp_terms         :                    6
n_prop_steps        :                   50
save_walkers        :                False
free_projection     :                False
n_batch             :                    1
nchol_chunk         :                  138

Initalize QMC walkers by stochastic CCSD

Equilibration
inv_T        weight  killW        energy   runTime
 0.00    300.000000      0   -227.446748    139.67
 5.00    298.267813      0   -227.494226    154.15
10.00    298.025086      0   -227.482424    157.89
15.00    298.918073      0   -227.494529    161.63
20.00    298.271461      0   -227.527682    165.38
25.00    298.605208      0   -227.466441    169.12
30.00    299.734750      0   -227.524770    172.86
35.00    299.337160      0   -227.529586    176.61
40.00    298.742353      0   -227.481625    180.35
45.00    299.121481      0   -227.545833    184.10
50.00    298.368495      0   -227.483628    187.84

Sampling
blocks        weight  killW       E_Guide     error       E_Trial     error     olp_T/G     error  Walltime
    20    298.874898      1   -227.488953  0.006434   -227.486666  0.001942    1.035236  0.000627  227.64
    40    298.748134      3   -227.486945  0.008081   -227.484826  0.001444    1.035644  0.000732  255.18
    60    298.722505      4   -227.491968  0.006236   -227.487677  0.001973    1.034501  0.000863  282.75
    80    298.610991      5   -227.491692  0.004637   -227.487519  0.001650    1.034368  0.000688  310.33
   100    298.568823      5   -227.492804  0.003471   -227.486830  0.001364    1.034547  0.000510  337.92
   120    298.501125      5   -227.490482  0.003522   -227.486281  0.001193    1.034645  0.000434  365.49
   140    298.511565      6   -227.491147  0.003076   -227.485623  0.001054    1.034935  0.000407  394.29
   160    298.490480      8   -227.491404  0.002709   -227.485503  0.001011    1.034951  0.000373  421.96
   180    298.465610      8   -227.491338  0.002640   -227.485879  0.000951    1.034830  0.000334  449.54
   200    298.401626      8   -227.489438  0.002936   -227.485679  0.000872    1.034865  0.000303  478.05
   220    298.377913      9   -227.489070  0.002677   -227.485655  0.000811    1.035007  0.000293  506.40
   240    298.342180     10   -227.489111  0.002456   -227.485485  0.000774    1.035057  0.000277  534.15
   260    298.337584     11   -227.490804  0.002633   -227.485586  0.000754    1.034929  0.000266  561.73
   280    298.320533     11   -227.491720  0.002633   -227.485629  0.000727    1.034892  0.000247  590.69
   300    298.303341     11   -227.491979  0.002531   -227.485761  0.000698    1.034939  0.000237  621.23
   320    298.294625     11   -227.491963  0.002373   -227.485725  0.000669    1.034928  0.000228  648.80
   340    298.270586     11   -227.491188  0.002298   -227.485677  0.000635    1.034955  0.000222  676.44
   360    298.255996     12   -227.490622  0.002210   -227.485535  0.000612    1.034930  0.000208  704.00
   380    298.259145     14   -227.491574  0.002253   -227.485612  0.000632    1.034817  0.000211  734.27
   400    298.269965     14   -227.492035  0.002172   -227.485753  0.000615    1.034752  0.000206  761.84
   420    298.261623     14   -227.491582  0.002098   -227.485739  0.000596    1.034767  0.000198  789.43
   440    298.250851     16   -227.491524  0.002073   -227.485714  0.000579    1.034804  0.000199  817.02
   460    298.243307     16   -227.491423  0.001993   -227.485683  0.000560    1.034736  0.000194  844.63
   480    298.239960     16   -227.491308  0.001922   -227.485602  0.000545    1.034708  0.000200  872.21
   500    298.234300     19   -227.491501  0.001889   -227.485796  0.000542    1.034663  0.000196  899.76
   520    298.232790     19   -227.491797  0.001913   -227.485760  0.000531    1.034609  0.000194  927.34
   540    298.227475     19   -227.491944  0.001873   -227.485706  0.000515    1.034629  0.000190  954.95
   560    298.220228     19   -227.491859  0.001829   -227.485704  0.000500    1.034690  0.000194  982.53
   580    298.210279     19   -227.492049  0.001785   -227.485796  0.000497    1.034658  0.000189 1010.12
   600    298.203141     20   -227.492239  0.001743   -227.485777  0.000489    1.034626  0.000191 1038.32
   620    298.194958     21   -227.492142  0.001699   -227.485701  0.000477    1.034650  0.000184 1065.91
   640    298.184437     21   -227.491572  0.001670   -227.485607  0.000466    1.034686  0.000183 1094.20
   660    298.173878     24   -227.491200  0.001668   -227.485703  0.000519    1.034685  0.000175 1123.17
   680    298.171373     24   -227.490940  0.001635   -227.485563  0.000507    1.034671  0.000172 1150.75
   700    298.172737     25   -227.491188  0.001592   -227.485613  0.000498    1.034644  0.000168 1178.32
   720    298.173743     25   -227.491430  0.001613   -227.485800  0.000508    1.034588  0.000173 1207.10
   740    298.173457     25   -227.491559  0.001588   -227.485707  0.000501    1.034589  0.000169 1236.39
   760    298.171918     25   -227.491865  0.001552   -227.485746  0.000491    1.034595  0.000165 1263.96
   780    298.170672     25   -227.491795  0.001526   -227.485691  0.000480    1.034585  0.000161 1291.99
   800    298.170715     26   -227.492213  0.001508   -227.485693  0.000471    1.034580  0.000169 1319.60
   820    298.160624     26   -227.491701  0.001523   -227.485625  0.000462    1.034632  0.000173 1349.66
   840    298.152315     26   -227.491221  0.001563   -227.485541  0.000452    1.034673  0.000174 1377.25
   860    298.155249     26   -227.491498  0.001551   -227.485649  0.000445    1.034669  0.000171 1404.83
   880    298.151354     26   -227.491352  0.001522   -227.485675  0.000440    1.034702  0.000169 1432.47
   900    298.146618     27   -227.491500  0.001495   -227.485718  0.000434    1.034683  0.000169 1463.39
   920    298.146666     27   -227.491400  0.001478   -227.485694  0.000426    1.034689  0.000166 1491.44
   940    298.145447     28   -227.491091  0.001478   -227.485636  0.000419    1.034689  0.000164 1519.03
   960    298.141718     28   -227.490903  0.001479   -227.485616  0.000414    1.034702  0.000160 1546.63
   980    298.144232     28   -227.491038  0.001470   -227.485525  0.000407    1.034690  0.000159 1574.45
  1000    298.143983     28   -227.491052  0.001445   -227.485486  0.000401    1.034683  0.000156 1602.08

Post Propagation Process
Total number of samples 1000
Raw AFQMC/HF (Guide) energy:           -227.491052 ± 0.001445
Raw Trial/Guide overlap ratio:          1.034683 ± 0.000156
Raw AFQMC/pt2CCSD energy (covariance): -227.485486 ± 0.000401
Raw AFQMC/pt2CCSD energy (dir sample): -227.485486 ± 0.000332

Remove Outliers
removing energies outside zeta > 30
Outlier energy bound [-227.697012, -227.269907]
Removed 0 outliers with energies []
Clean AFQMC/pt2CCSD overlap ratio:        1.034683 ± 0.000156
Clean AFQMC/pt2CCSD energy (covariance): -227.485486 ± 0.000401
Clean AFQMC/ptCCSD energy (dir sample):  -227.485486 ± 0.000332

Blocking Analysis
nsample = 1000, max_block_size = 25, min_nblocks = 40
   B    NB    NS  Observable     Error    dError
   1  1000  1000    1.034684  0.000061  0.000001
   2   500  1000    1.034683  0.000077  0.000002
   3   333   999    1.034684  0.000091  0.000004
   4   250  1000    1.034683  0.000097  0.000004
   5   200  1000    1.034683  0.000103  0.000005
   6   166   996    1.034681  0.000111  0.000006
   7   142   994    1.034679  0.000115  0.000007
   8   125  1000    1.034683  0.000120  0.000008
   9   111   999    1.034683  0.000123  0.000008
  10   100  1000    1.034683  0.000124  0.000009
  11    90   990    1.034679  0.000128  0.000010
  12    83   996    1.034681  0.000132  0.000010
  13    76   988    1.034680  0.000132  0.000011
  14    71   994    1.034679  0.000139  0.000012
  15    66   990    1.034679  0.000140  0.000012
  16    62   992    1.034679  0.000134  0.000012
  17    58   986    1.034681  0.000134  0.000013
  18    55   990    1.034679  0.000142  0.000014
  19    52   988    1.034680  0.000139  0.000014
  20    50  1000    1.034683  0.000151  0.000015
  21    47   987    1.034680  0.000153  0.000016
  22    45   990    1.034679  0.000153  0.000016
  23    43   989    1.034679  0.000154  0.000017
  24    41   984    1.034685  0.000156  0.000017
  25    40  1000    1.034683  0.000142  0.000016
Fit (variance): plateau_var = 2.224e-08 ± 1.965e-09
Fit (error):    plateau = 0.000149 ± 0.000007
     autocorrelation length ~ 8.0 blocks
     plateau reached at block size ~ 37
     !!!Failed to reach plateau in blocking
     Return max block error
nclean = 1000, max_block_size = 25, min_nblocks = 40
Blk_SZ   NBlk   NSmp      Energy     Error    dError
     1   1000   1000  -227.485247  0.000333  0.000007
     2    500   1000  -227.485296  0.000362  0.000011
     3    333    999  -227.485320  0.000384  0.000015
     4    250   1000  -227.485358  0.000396  0.000018
     5    200   1000  -227.485373  0.000392  0.000020
     6    166    996  -227.485381  0.000402  0.000022
     7    142    994  -227.485400  0.000416  0.000025
     8    125   1000  -227.485408  0.000420  0.000027
     9    111    999  -227.485409  0.000403  0.000027
    10    100   1000  -227.485419  0.000426  0.000030
    11     90    990  -227.485435  0.000407  0.000030
    12     83    996  -227.485431  0.000421  0.000033
    13     76    988  -227.485463  0.000392  0.000032
    14     71    994  -227.485427  0.000415  0.000035
    15     66    990  -227.485442  0.000373  0.000033
    16     62    992  -227.485438  0.000424  0.000038
    17     58    986  -227.485485  0.000388  0.000036
    18     55    990  -227.485453  0.000378  0.000036
    19     52    988  -227.485478  0.000373  0.000037
    20     50   1000  -227.485443  0.000384  0.000039
    21     47    987  -227.485493  0.000417  0.000043
    22     45    990  -227.485460  0.000416  0.000044
    23     43    989  -227.485460  0.000401  0.000044
    24     41    984  -227.485480  0.000435  0.000049
    25     40   1000  -227.485458  0.000391  0.000044
Fit (variance): plateau_var = 1.630741e-07 ± 6.311155e-09
Fit (error):    plateau = 0.000404 ± 0.000008
     autocorrelation length ~ 1.8 blocks
     plateau reached at block size ~ 8
Final AFQMC/pt2CCSD overlap ratio: 1.034683 ± 0.000156
Final AFQMC/pt2CCSD energy: -227.485486 ± 0.000404
Total run time: 1796.65

AFQMC Sampling Finished

QMC script: /u/yzhang65/myprojects/software/afqmc/afqmc/scripts/run_afqmc_pt2ccsd.py
  => E_HF(glyoxal)      = -226.6757969475 Eh
  => E_CCSD(glyoxal)    = -227.4488961825 Eh
  => E_AFQMC(glyoxal)   = -227.48549 +/- 0.00040 Eh

============================================================
Running: h2  charge=0  spin=0
============================================================
overwrite output file: ../../result/molout/closed_shell/tz/h2_vtzfp.out
Not a UHF solution. Convert to RHF

Preparing AFQMC calculation
Calculating Cholesky integrals
