Molecules to run: 20
    1. acetaldehyde.xyz
    2. acetic.xyz
    3. alcl.xyz
    4. alcl3.xyz
    5. alf.xyz
    6. alf3.xyz
    7. alh.xyz
    8. alh3.xyz
    9. allene.xyz
   10. b2h6.xyz
   11. benzene.xyz
   12. beta-lactim.xyz
   13. bf.xyz
   14. bf3.xyz
   15. bh.xyz
   16. bh3.xyz
   17. bhf2.xyz
   18. bn.xyz
   19. borole.xyz
   20. c-hcoh.xyz

============================================================
Running: acetaldehyde  charge=0  spin=0
============================================================
output file: ../../result/molout/closed_shell/acetaldehyde_vtzfp.out

Preparing AFQMC calculation
Calculating Cholesky integrals
Alpha Cholesky shape: (731, 126, 126) 
 Beta Cholesky shape: (731, 126, 126) 
Finished calculating Cholesky integrals
Size of the correlation space:
Number of electrons:        [9 9]
Number of basis functions:  123
Number of Cholesky vectors: 731

    ________                     _____                    
    ___  __ \___  __________________(_)_____________ _    
    __  /_/ /  / / /_  __ \_  __ \_  /__  __ \_  __ `/    
    _  _, _// /_/ /_  / / /  / / /  / _  / / /  /_/ /     
    /_/ |_| \__,_/ /_/ /_//_/ /_//_/  /_/ /_/_\__, /      
                                             /____/       
    _____________________________  ___________            
    ___    |__  ____/_  __ \__   |/  /_  ____/            
    __  /| |_  /_   _  / / /_  /|_/ /_  /                 
    _  ___ |  __/   / /_/ /_  /  / / / /___               
    /_/  |_/_/      \___\_\/_/  /_/  \____/               

Hostname:     gpua020.delta.ncsa.illinois.edu
System:       Linux
Node:         gpua020.delta.ncsa.illinois.edu
Release:      5.14.0-427.91.1.el9_4.x86_64
Machine:      x86_64
Processor:    x86_64
JAX backend:  GPU
JAX devices:  [CudaDevice(id=0)]
Device kind:  NVIDIA A100-SXM4-40GB
Platform:     gpu

Load system from Integral File
Maximum memory per walker:            66.67 MB
Maximum number of Cholesky per chunk: 144
Number of Cholesky chunks:            6
Number of Cholesky per chunk:         122
Number of padding Cholesky:           1

QMC System
Number of electrons: (9, 9)
Spin Multiplicity:   0
Number of orbitals:  123
Number of Chol:      731

QMC Parameters
eql_time            :                   50
n_blocks            :                 1000
n_walkers           :                  300
max_error           :                  0.0
seed                :                   17
walker_type         :                  uhf
trial               :             upt2ccsd
mix_precision       :                 True
max_memory          :                20000
dt                  :                0.005
n_exp_terms         :                    6
n_prop_steps        :                   50
save_walkers        :                False
free_projection     :                False
n_batch             :                    1
nchol_chunk         :                  122

Initalize QMC walkers by stochastic CCSD

Equilibration
inv_T        weight  killW        energy   runTime
 0.00    300.000000      0   -153.554782     17.69
 5.00    299.542427      0   -153.620501     30.78
10.00    298.714727      0   -153.583261     37.24
15.00    298.597964      0   -153.588898     43.74
20.00    299.085963      0   -153.549090     50.20
25.00    298.720746      0   -153.579565     56.65
30.00    298.563313      0   -153.587252     63.11
35.00    299.121310      0   -153.584476     69.57
40.00    298.714646      0   -153.594594     76.03
45.00    299.792064      0   -153.567789     82.49
50.00    299.590746      0   -153.590219     88.95

Sampling
blocks        weight  killW       E_Guide     error       E_Trial     error     olp_T/G     error  Walltime
    20    299.006585      0   -153.589236  0.012692   -153.581192  0.000991    1.005056  0.000511  153.53
    40    298.838404      0   -153.581427  0.009300   -153.580409  0.000823    1.005281  0.000319  212.01
    60    298.749302      0   -153.583265  0.006255   -153.581854  0.000938    1.005205  0.000211  270.58
    80    298.765750      0   -153.586489  0.004799   -153.582525  0.000850    1.005184  0.000169  329.14
   100    298.741348      0   -153.587275  0.003946   -153.582464  0.000729    1.005017  0.000203  387.76
   120    298.719078      0   -153.587560  0.003428   -153.582346  0.000672    1.004978  0.000165  446.35
   140    298.694607      0   -153.584920  0.003488   -153.581921  0.000606    1.004858  0.000172  505.69
   160    298.695232      0   -153.587097  0.003404   -153.581752  0.000594    1.004793  0.000156  564.15
   180    298.668195      0   -153.586455  0.003066   -153.581505  0.000569    1.004867  0.000145  622.91
   200    298.679560      0   -153.586682  0.002763   -153.581794  0.000536    1.004859  0.000131  681.37
   220    298.664779      0   -153.586790  0.002599   -153.581782  0.000496    1.004928  0.000150  739.93
   240    298.654304      0   -153.587095  0.002467   -153.581903  0.000470    1.004919  0.000142  798.61
   260    298.636433      0   -153.586600  0.002301   -153.581920  0.000444    1.004908  0.000132  857.10
   280    298.620511      0   -153.586718  0.002189   -153.581765  0.000419    1.004906  0.000120  915.68
   300    298.616554      0   -153.587712  0.002344   -153.581895  0.000441    1.004888  0.000113  974.25
   320    298.595843      0   -153.587579  0.002218   -153.581707  0.000421    1.004916  0.000106 1032.82
   340    298.583588      1   -153.587114  0.002145   -153.581574  0.000400    1.004899  0.000102 1091.48
   360    298.579515      1   -153.586923  0.002019   -153.581503  0.000386    1.004819  0.000110 1150.19
   380    298.574863      1   -153.586656  0.001982   -153.581437  0.000370    1.004820  0.000105 1208.96
   400    298.572034      1   -153.586382  0.001947   -153.581453  0.000366    1.004831  0.000100 1267.49
   420    298.574606      1   -153.586975  0.001959   -153.581486  0.000354    1.004840  0.000097 1326.05
   440    298.565910      1   -153.587082  0.001878   -153.581457  0.000347    1.004865  0.000098 1385.20
   460    298.563797      2   -153.587047  0.001820   -153.581573  0.000353    1.004895  0.000096 1443.85
   480    298.562605      2   -153.587020  0.001752   -153.581619  0.000342    1.004936  0.000100 1502.37
   500    298.558307      2   -153.587171  0.001691   -153.581631  0.000332    1.004922  0.000096 1560.96
   520    298.557445      2   -153.587184  0.001634   -153.581669  0.000325    1.004920  0.000096 1619.53
   540    298.549472      2   -153.587281  0.001604   -153.581658  0.000316    1.004973  0.000100 1678.10
   560    298.542443      2   -153.587386  0.001563   -153.581650  0.000308    1.005013  0.000107 1736.74
   580    298.537542      3   -153.587375  0.001514   -153.581636  0.000301    1.005007  0.000106 1795.36
   600    298.532160      3   -153.587058  0.001479   -153.581531  0.000294    1.005027  0.000106 1853.91
   620    298.528143      4   -153.587030  0.001437   -153.581467  0.000287    1.005013  0.000102 1912.70
   640    298.534643      4   -153.587055  0.001407   -153.581429  0.000282    1.005029  0.000100 1971.27
   660    298.531728      4   -153.587008  0.001362   -153.581394  0.000276    1.004989  0.000104 2029.87
   680    298.538017      4   -153.587179  0.001334   -153.581401  0.000270    1.005000  0.000101 2088.47
   700    298.536824      4   -153.587007  0.001311   -153.581339  0.000264    1.005016  0.000100 2147.04
   720    298.536420      4   -153.587141  0.001289   -153.581340  0.000263    1.005023  0.000100 2205.63
   740    298.527998      4   -153.587006  0.001261   -153.581351  0.000259    1.005055  0.000101 2264.22
   760    298.525563      4   -153.586978  0.001232   -153.581450  0.000260    1.005067  0.000100 2322.92
   780    298.518231      4   -153.586786  0.001224   -153.581506  0.000257    1.005073  0.000098 2381.50
   800    298.513813      4   -153.586704  0.001198   -153.581481  0.000253    1.005095  0.000100 2440.10
   820    298.507485      5   -153.586377  0.001246   -153.581478  0.000250    1.005099  0.000098 2498.64
   840    298.504245      5   -153.586259  0.001219   -153.581434  0.000246    1.005099  0.000095 2559.12
   860    298.507629      5   -153.586225  0.001213   -153.581415  0.000243    1.005109  0.000094 2617.71
   880    298.506654      5   -153.586047  0.001189   -153.581391  0.000239    1.005094  0.000093 2676.30
   900    298.502163      5   -153.585985  0.001166   -153.581342  0.000234    1.005080  0.000092 2734.88
   920    298.503058      5   -153.586158  0.001157   -153.581353  0.000231    1.005079  0.000090 2793.47
   940    298.500925      5   -153.586160  0.001148   -153.581334  0.000227    1.005098  0.000090 2852.06
   960    298.497516      6   -153.586101  0.001120   -153.581348  0.000225    1.005100  0.000090 2910.69
   980    298.494188      6   -153.586193  0.001102   -153.581337  0.000222    1.005108  0.000090 2969.25
  1000    298.498363      6   -153.586485  0.001107   -153.581313  0.000219    1.005131  0.000090 3027.83

Post Propagation Process
Total number of samples 1000
Raw AFQMC/HF (Guide) energy:           -153.586485 ± 0.001107
Raw Trial/Guide overlap ratio:          1.005131 ± 0.000090
Raw AFQMC/pt2CCSD energy (covariance): -153.581313 ± 0.000219
Raw AFQMC/pt2CCSD energy (dir sample): -153.581313 ± 0.000181

Remove Outliers
removing energies outside zeta > 30
Outlier energy bound [-153.719116, -153.441127]
Removed 0 outliers with energies []
Clean AFQMC/pt2CCSD overlap ratio:        1.005131 ± 0.000090
Clean AFQMC/pt2CCSD energy (covariance): -153.581313 ± 0.000219
Clean AFQMC/ptCCSD energy (dir sample):  -153.581313 ± 0.000181

Blocking Analysis
nsample = 1000, max_block_size = 25, min_nblocks = 40
   B    NB    NS  Observable     Error    dError
   1  1000  1000    1.005131  0.000034  0.000001
   2   500  1000    1.005131  0.000044  0.000001
   3   333   999    1.005129  0.000052  0.000002
   4   250  1000    1.005131  0.000057  0.000003
   5   200  1000    1.005131  0.000060  0.000003
   6   166   996    1.005123  0.000064  0.000004
   7   142   994    1.005125  0.000066  0.000004
   8   125  1000    1.005131  0.000068  0.000004
   9   111   999    1.005129  0.000070  0.000005
  10   100  1000    1.005131  0.000072  0.000005
  11    90   990    1.005126  0.000078  0.000006
  12    83   996    1.005123  0.000074  0.000006
  13    76   988    1.005124  0.000081  0.000007
  14    71   994    1.005125  0.000080  0.000007
  15    66   990    1.005126  0.000081  0.000007
  16    62   992    1.005126  0.000082  0.000007
  17    58   986    1.005123  0.000081  0.000008
  18    55   990    1.005126  0.000085  0.000008
  19    52   988    1.005124  0.000081  0.000008
  20    50  1000    1.005131  0.000088  0.000009
  21    47   987    1.005124  0.000083  0.000009
  22    45   990    1.005126  0.000087  0.000009
  23    43   989    1.005125  0.000085  0.000009
  24    41   984    1.005119  0.000090  0.000010
  25    40  1000    1.005131  0.000086  0.000010
Fit (variance): plateau_var = 7.658e-09 ± 6.895e-10
Fit (error):    plateau = 0.000088 ± 0.000004
     autocorrelation length ~ 8.3 blocks
     plateau reached at block size ~ 38
     !!!Failed to reach plateau in blocking
     Return max block error
nclean = 1000, max_block_size = 25, min_nblocks = 40
Blk_SZ   NBlk   NSmp      Energy     Error    dError
     1   1000   1000  -153.581152  0.000181  0.000004
     2    500   1000  -153.581189  0.000201  0.000006
     3    333    999  -153.581208  0.000198  0.000008
     4    250   1000  -153.581228  0.000215  0.000010
     5    200   1000  -153.581245  0.000222  0.000011
     6    166    996  -153.581245  0.000226  0.000012
     7    142    994  -153.581261  0.000222  0.000013
     8    125   1000  -153.581267  0.000221  0.000014
     9    111    999  -153.581262  0.000230  0.000015
    10    100   1000  -153.581269  0.000231  0.000016
    11     90    990  -153.581284  0.000250  0.000019
    12     83    996  -153.581278  0.000233  0.000018
    13     76    988  -153.581303  0.000239  0.000020
    14     71    994  -153.581283  0.000250  0.000021
    15     66    990  -153.581298  0.000239  0.000021
    16     62    992  -153.581299  0.000214  0.000019
    17     58    986  -153.581301  0.000236  0.000022
    18     55    990  -153.581296  0.000261  0.000025
    19     52    988  -153.581310  0.000229  0.000023
    20     50   1000  -153.581294  0.000231  0.000023
    21     47    987  -153.581306  0.000226  0.000024
    22     45    990  -153.581301  0.000248  0.000026
    23     43    989  -153.581305  0.000259  0.000028
    24     41    984  -153.581312  0.000238  0.000027
    25     40   1000  -153.581298  0.000222  0.000025
Fit (variance): plateau_var = 5.578473e-08 ± 2.989218e-09
Fit (error):    plateau = 0.000236 ± 0.000006
     autocorrelation length ~ 3.8 blocks
     plateau reached at block size ~ 16
Final AFQMC/pt2CCSD overlap ratio: 1.005131 ± 0.000090
Final AFQMC/pt2CCSD energy: -153.581313 ± 0.000236
Total run time: 3061.25

AFQMC Sampling Finished

QMC script: /u/yzhang65/myprojects/software/afqmc/afqmc/scripts/run_afqmc_pt2ccsd.py
  => E_HF(acetaldehyde)      = -152.9740077090 Eh
  => E_CCSD(acetaldehyde)    = -153.5567233825 Eh
  => E_AFQMC(acetaldehyde)   = -153.58131 +/- 0.00024 Eh

============================================================
Running: acetic  charge=0  spin=0
============================================================
output file: ../../result/molout/closed_shell/acetic_vtzfp.out

Preparing AFQMC calculation
Calculating Cholesky integrals
Alpha Cholesky shape: (915, 156, 156) 
 Beta Cholesky shape: (915, 156, 156) 
Finished calculating Cholesky integrals
Size of the correlation space:
Number of electrons:        [12 12]
Number of basis functions:  152
Number of Cholesky vectors: 915

    ________                     _____                    
    ___  __ \___  __________________(_)_____________ _    
    __  /_/ /  / / /_  __ \_  __ \_  /__  __ \_  __ `/    
    _  _, _// /_/ /_  / / /  / / /  / _  / / /  /_/ /     
    /_/ |_| \__,_/ /_/ /_//_/ /_//_/  /_/ /_/_\__, /      
                                             /____/       
    _____________________________  ___________            
    ___    |__  ____/_  __ \__   |/  /_  ____/            
    __  /| |_  /_   _  / / /_  /|_/ /_  /                 
    _  ___ |  __/   / /_/ /_  /  / / / /___               
    /_/  |_/_/      \___\_\/_/  /_/  \____/               

Hostname:     gpua020.delta.ncsa.illinois.edu
System:       Linux
Node:         gpua020.delta.ncsa.illinois.edu
Release:      5.14.0-427.91.1.el9_4.x86_64
Machine:      x86_64
Processor:    x86_64
JAX backend:  GPU
JAX devices:  [CudaDevice(id=0)]
Device kind:  NVIDIA A100-SXM4-40GB
Platform:     gpu

Load system from Integral File
Maximum memory per walker:            66.67 MB
Maximum number of Cholesky per chunk: 94
Number of Cholesky chunks:            10
Number of Cholesky per chunk:         92
Number of padding Cholesky:           5

QMC System
Number of electrons: (12, 12)
Spin Multiplicity:   0
Number of orbitals:  152
Number of Chol:      915

QMC Parameters
eql_time            :                   50
n_blocks            :                 1000
n_walkers           :                  300
max_error           :                  0.0
seed                :                   17
walker_type         :                  uhf
trial               :             upt2ccsd
mix_precision       :                 True
max_memory          :                20000
dt                  :                0.005
n_exp_terms         :                    6
n_prop_steps        :                   50
save_walkers        :                False
free_projection     :                False
n_batch             :                    1
nchol_chunk         :                   92

Initalize QMC walkers by stochastic CCSD

Equilibration
inv_T        weight  killW        energy   runTime
 0.00    300.000000      0   -228.711209     52.20
 5.00    298.641495      0   -228.763189     69.46
10.00    298.964585      0   -228.791248     80.66
15.00    299.988128      0   -228.744010     91.87
20.00    300.064382      0   -228.748476    103.09
25.00    298.053322      0   -228.751473    114.30
30.00    298.884736      0   -228.741254    125.51
35.00    299.004146      0   -228.750587    136.72
40.00    298.844751      0   -228.733623    147.93
45.00    299.247573      0   -228.810633    159.14
50.00    299.870404      0   -228.781581    170.35

Sampling
blocks        weight  killW       E_Guide     error       E_Trial     error     olp_T/G     error  Walltime
    20    298.745612      0   -228.756549  0.010705   -228.749116  0.001689    1.006798  0.000717  286.97
    40    298.632354      0   -228.749500  0.006070   -228.748915  0.001137    1.006542  0.000400  398.50
    60    298.725111      0   -228.753865  0.005627   -228.748240  0.000958    1.006847  0.000361  510.14
    80    298.706425      0   -228.755021  0.005576   -228.748838  0.000945    1.007014  0.000284  622.17
   100    298.710806      0   -228.755193  0.004551   -228.748700  0.000858    1.007150  0.000264  733.76
   120    298.651529      0   -228.756614  0.003915   -228.748290  0.000830    1.007199  0.000233  845.38
   140    298.566979      0   -228.756155  0.003475   -228.748246  0.000734    1.007383  0.000234  957.05
   160    298.551986      0   -228.757552  0.003117   -228.748188  0.000666    1.007357  0.000209 1068.67
   180    298.526123      0   -228.756749  0.002763   -228.747994  0.000629    1.007260  0.000197 1180.31
   200    298.485770      0   -228.756559  0.002694   -228.747981  0.000606    1.007250  0.000182 1292.02
   220    298.468888      0   -228.756410  0.002596   -228.747734  0.000574    1.007241  0.000167 1403.60
   240    298.438190      0   -228.755938  0.002552   -228.747882  0.000580    1.007161  0.000175 1515.47
   260    298.421914      1   -228.755519  0.002594   -228.747945  0.000555    1.007090  0.000187 1627.10
   280    298.397460      1   -228.755395  0.002427   -228.747880  0.000525    1.006959  0.000192 1738.75
   300    298.393753      1   -228.756035  0.002322   -228.747939  0.000506    1.006956  0.000184 1850.46
   320    298.392427      1   -228.757459  0.002278   -228.747978  0.000493    1.007046  0.000187 1962.13
   340    298.383960      1   -228.757807  0.002268   -228.747968  0.000481    1.007151  0.000191 2073.72
   360    298.389384      1   -228.758485  0.002140   -228.748062  0.000471    1.007152  0.000177 2185.35
   380    298.383282      1   -228.758484  0.002086   -228.748086  0.000457    1.007176  0.000175 2297.45
   400    298.360530      1   -228.758132  0.002018   -228.747999  0.000446    1.007160  0.000168 2409.07
   420    298.354752      2   -228.757885  0.001969   -228.748023  0.000442    1.007126  0.000162 2520.78
   440    298.344163      2   -228.757794  0.001907   -228.747942  0.000428    1.007165  0.000158 2632.43
   460    298.328065      2   -228.757403  0.001853   -228.747850  0.000419    1.007158  0.000155 2744.02
   480    298.301381      2   -228.756914  0.001848   -228.747717  0.000406    1.007144  0.000159 2855.66
   500    298.292740      2   -228.756280  0.001807   -228.747595  0.000394    1.007129  0.000155 2967.26
   520    298.303747      2   -228.756431  0.001815   -228.747469  0.000415    1.007070  0.000156 3079.25
   540    298.301957      2   -228.756379  0.001766   -228.747587  0.000406    1.007045  0.000152 3190.86
   560    298.300347      2   -228.756758  0.001756   -228.747670  0.000400    1.007013  0.000151 3302.53
   580    298.304659      2   -228.756669  0.001724   -228.747668  0.000392    1.007018  0.000147 3414.12
   600    298.284268      2   -228.755735  0.001742   -228.747576  0.000382    1.006990  0.000145 3525.75
   620    298.275196      3   -228.755480  0.001704   -228.747613  0.000376    1.006949  0.000145 3637.43
   640    298.267760      3   -228.755404  0.001698   -228.747655  0.000380    1.006956  0.000143 3749.07
   660    298.264383      3   -228.755486  0.001665   -228.747622  0.000370    1.006957  0.000140 3860.91
   680    298.264536      3   -228.755120  0.001663   -228.747622  0.000362    1.006959  0.000138 3972.60
   700    298.265133      3   -228.755023  0.001636   -228.747678  0.000355    1.006909  0.000140 4084.18
   720    298.265810      3   -228.755420  0.001645   -228.747862  0.000352    1.006906  0.000138 4195.83
   740    298.262201      3   -228.755517  0.001606   -228.747899  0.000344    1.006886  0.000138 4307.54
   760    298.262061      3   -228.755301  0.001568   -228.747777  0.000338    1.006911  0.000137 4419.14
   780    298.260369      3   -228.755278  0.001537   -228.747781  0.000335    1.006956  0.000141 4530.74
   800    298.258393      3   -228.755360  0.001504   -228.747766  0.000328    1.006973  0.000139 4642.62
   820    298.262822      3   -228.755561  0.001474   -228.747736  0.000322    1.006993  0.000136 4754.27
   840    298.257624      4   -228.755570  0.001444   -228.747750  0.000317    1.007030  0.000141 4865.99
   860    298.249508      4   -228.755182  0.001413   -228.747716  0.000312    1.007051  0.000141 4977.61
   880    298.246971      4   -228.754987  0.001445   -228.747705  0.000312    1.007086  0.000141 5089.24
   900    298.242606      4   -228.754993  0.001400   -228.747676  0.000307    1.007094  0.000141 5200.90
   920    298.231626      5   -228.754598  0.001399   -228.747665  0.000303    1.007093  0.000138 5312.60
   940    298.230194      5   -228.754626  0.001409   -228.747586  0.000299    1.007097  0.000136 5424.34
   960    298.228815      5   -228.754676  0.001372   -228.747654  0.000295    1.007111  0.000138 5536.05
   980    298.232317      5   -228.755103  0.001406   -228.747702  0.000297    1.007124  0.000138 5647.68
  1000    298.237536      5   -228.755515  0.001504   -228.747734  0.000293    1.007137  0.000136 5759.28

Post Propagation Process
Total number of samples 1000
Raw AFQMC/HF (Guide) energy:           -228.755515 ± 0.001504
Raw Trial/Guide overlap ratio:          1.007137 ± 0.000136
Raw AFQMC/pt2CCSD energy (covariance): -228.747734 ± 0.000293
Raw AFQMC/pt2CCSD energy (dir sample): -228.747734 ± 0.000226

Remove Outliers
removing energies outside zeta > 30
Outlier energy bound [-228.926046, -228.567492]
Removed 0 outliers with energies []
Clean AFQMC/pt2CCSD overlap ratio:        1.007137 ± 0.000136
Clean AFQMC/pt2CCSD energy (covariance): -228.747734 ± 0.000293
Clean AFQMC/ptCCSD energy (dir sample):  -228.747734 ± 0.000226

Blocking Analysis
nsample = 1000, max_block_size = 25, min_nblocks = 40
   B    NB    NS  Observable     Error    dError
   1  1000  1000    1.007138  0.000046  0.000001
   2   500  1000    1.007138  0.000061  0.000002
   3   333   999    1.007138  0.000071  0.000003
   4   250  1000    1.007138  0.000080  0.000004
   5   200  1000    1.007138  0.000086  0.000004
   6   166   996    1.007136  0.000092  0.000005
   7   142   994    1.007136  0.000096  0.000006
   8   125  1000    1.007138  0.000101  0.000006
   9   111   999    1.007137  0.000104  0.000007
  10   100  1000    1.007138  0.000107  0.000008
  11    90   990    1.007139  0.000111  0.000008
  12    83   996    1.007136  0.000113  0.000009
  13    76   988    1.007140  0.000117  0.000010
  14    71   994    1.007136  0.000114  0.000010
  15    66   990    1.007139  0.000115  0.000010
  16    62   992    1.007136  0.000116  0.000011
  17    58   986    1.007137  0.000126  0.000012
  18    55   990    1.007139  0.000122  0.000012
  19    52   988    1.007140  0.000128  0.000013
  20    50  1000    1.007137  0.000122  0.000012
  21    47   987    1.007139  0.000129  0.000013
  22    45   990    1.007139  0.000129  0.000014
  23    43   989    1.007140  0.000129  0.000014
  24    41   984    1.007131  0.000136  0.000015
  25    40  1000    1.007137  0.000133  0.000015
Fit (variance): plateau_var = 1.802e-08 ± 1.862e-09
Fit (error):    plateau = 0.000134 ± 0.000007
     autocorrelation length ~ 9.8 blocks
     plateau reached at block size ~ 46
     !!!Failed to reach plateau in blocking
     Return max block error
nclean = 1000, max_block_size = 25, min_nblocks = 40
Blk_SZ   NBlk   NSmp      Energy     Error    dError
     1   1000   1000  -228.747528  0.000226  0.000005
     2    500   1000  -228.747581  0.000248  0.000008
     3    333    999  -228.747594  0.000268  0.000010
     4    250   1000  -228.747615  0.000270  0.000012
     5    200   1000  -228.747637  0.000283  0.000014
     6    166    996  -228.747640  0.000296  0.000016
     7    142    994  -228.747639  0.000270  0.000016
     8    125   1000  -228.747662  0.000295  0.000019
     9    111    999  -228.747664  0.000290  0.000020
    10    100   1000  -228.747674  0.000268  0.000019
    11     90    990  -228.747652  0.000254  0.000019
    12     83    996  -228.747677  0.000303  0.000024
    13     76    988  -228.747651  0.000291  0.000024
    14     71    994  -228.747667  0.000278  0.000024
    15     66    990  -228.747658  0.000294  0.000026
    16     62    992  -228.747672  0.000313  0.000028
    17     58    986  -228.747660  0.000251  0.000023
    18     55    990  -228.747660  0.000315  0.000030
    19     52    988  -228.747668  0.000277  0.000027
    20     50   1000  -228.747702  0.000289  0.000029
    21     47    987  -228.747673  0.000298  0.000031
    22     45    990  -228.747671  0.000266  0.000028
    23     43    989  -228.747670  0.000266  0.000029
    24     41    984  -228.747673  0.000325  0.000036
    25     40   1000  -228.747702  0.000313  0.000035
Fit (variance): plateau_var = 8.002813e-08 ± 3.159844e-09
Fit (error):    plateau = 0.000283 ± 0.000006
     autocorrelation length ~ 1.9 blocks
     plateau reached at block size ~ 8
Final AFQMC/pt2CCSD overlap ratio: 1.007137 ± 0.000136
Final AFQMC/pt2CCSD energy: -228.747734 ± 0.000283
Total run time: 5799.08

AFQMC Sampling Finished

QMC script: /u/yzhang65/myprojects/software/afqmc/afqmc/scripts/run_afqmc_pt2ccsd.py
  => E_HF(acetic)      = -227.9019730840 Eh
  => E_CCSD(acetic)    = -228.7131960128 Eh
  => E_AFQMC(acetic)   = -228.74773 +/- 0.00028 Eh

============================================================
Running: alcl  charge=0  spin=0
============================================================
output file: ../../result/molout/closed_shell/alcl_vtzfp.out

Preparing AFQMC calculation
Calculating Cholesky integrals
Alpha Cholesky shape: (395, 68, 68) 
 Beta Cholesky shape: (395, 68, 68) 
Finished calculating Cholesky integrals
Size of the correlation space:
Number of electrons:        [5 5]
Number of basis functions:  58
Number of Cholesky vectors: 395

    ________                     _____                    
    ___  __ \___  __________________(_)_____________ _    
    __  /_/ /  / / /_  __ \_  __ \_  /__  __ \_  __ `/    
    _  _, _// /_/ /_  / / /  / / /  / _  / / /  /_/ /     
    /_/ |_| \__,_/ /_/ /_//_/ /_//_/  /_/ /_/_\__, /      
                                             /____/       
    _____________________________  ___________            
    ___    |__  ____/_  __ \__   |/  /_  ____/            
    __  /| |_  /_   _  / / /_  /|_/ /_  /                 
    _  ___ |  __/   / /_/ /_  /  / / / /___               
    /_/  |_/_/      \___\_\/_/  /_/  \____/               

Hostname:     gpua020.delta.ncsa.illinois.edu
System:       Linux
Node:         gpua020.delta.ncsa.illinois.edu
Release:      5.14.0-427.91.1.el9_4.x86_64
Machine:      x86_64
Processor:    x86_64
JAX backend:  GPU
JAX devices:  [CudaDevice(id=0)]
Device kind:  NVIDIA A100-SXM4-40GB
Platform:     gpu

Load system from Integral File
Maximum memory per walker:            66.67 MB
Maximum number of Cholesky per chunk: 649
Number of Cholesky chunks:            1
Number of Cholesky per chunk:         395
Number of padding Cholesky:           0

QMC System
Number of electrons: (5, 5)
Spin Multiplicity:   0
Number of orbitals:  58
Number of Chol:      395

QMC Parameters
eql_time            :                   50
n_blocks            :                 1000
n_walkers           :                  300
max_error           :                  0.0
seed                :                   17
walker_type         :                  uhf
trial               :             upt2ccsd
mix_precision       :                 True
max_memory          :                20000
dt                  :                0.005
n_exp_terms         :                    6
n_prop_steps        :                   50
save_walkers        :                False
free_projection     :                False
n_batch             :                    1
nchol_chunk         :                  395

Initalize QMC walkers by stochastic CCSD

Equilibration
inv_T        weight  killW        energy   runTime
 0.00    300.000000      0   -701.777142     40.10
 5.00    299.829262      0   -701.788823     48.70
10.00    299.095937      0   -701.790664     50.40
15.00    299.276918      0   -701.787150     52.11
20.00    299.333517      0   -701.783379     53.81
25.00    299.129361      0   -701.800613     55.52
30.00    298.825256      0   -701.797178     57.22
35.00    299.637197      0   -701.777175     58.93
40.00    298.944725      0   -701.775394     60.63
45.00    298.699721      0   -701.788370     62.34
50.00    298.580834      0   -701.777270     64.04

Sampling
blocks        weight  killW       E_Guide     error       E_Trial     error     olp_T/G     error  Walltime
    20    299.289704      0   -701.796315  0.003571   -701.788857  0.000883    1.001920  0.000289   79.39
    40    299.186625      0   -701.793024  0.004593   -701.789274  0.000495    1.002340  0.000303   89.21
    60    299.157210      0   -701.791322  0.003440   -701.789267  0.000370    1.002239  0.000229   99.17
    80    299.165044      0   -701.790891  0.002792   -701.789519  0.000382    1.002670  0.000392  109.15
   100    299.122939      0   -701.789696  0.002704   -701.789449  0.000375    1.002615  0.000281  119.10
   120    299.121098      0   -701.791514  0.002760   -701.789698  0.000350    1.002533  0.000245  129.08
   140    299.114408      0   -701.791934  0.002369   -701.789577  0.000313    1.002560  0.000213  139.04
   160    299.108739      0   -701.791674  0.002094   -701.789464  0.000279    1.002596  0.000188  149.01
   180    299.106589      0   -701.792180  0.001899   -701.789563  0.000303    1.002519  0.000171  158.96
   200    299.099275      0   -701.792047  0.001731   -701.789522  0.000279    1.002486  0.000155  168.93
   220    299.094739      0   -701.791946  0.001571   -701.789491  0.000261    1.002445  0.000146  178.89
   240    299.090293      0   -701.792518  0.001559   -701.789515  0.000247    1.002459  0.000135  188.86
   260    299.069548      0   -701.792257  0.001453   -701.789531  0.000232    1.002544  0.000136  198.82
   280    299.065228      0   -701.791922  0.001371   -701.789499  0.000219    1.002566  0.000130  208.79
   300    299.062652      0   -701.791981  0.001296   -701.789509  0.000210    1.002527  0.000129  218.75
   320    299.063269      1   -701.791972  0.001225   -701.789484  0.000200    1.002616  0.000136  228.71
   340    299.052190      2   -701.791940  0.001164   -701.789536  0.000193    1.002623  0.000128  238.68
   360    299.036392      2   -701.791574  0.001130   -701.789499  0.000188    1.002630  0.000121  248.64
   380    299.029115      3   -701.791403  0.001077   -701.789445  0.000180    1.002693  0.000124  258.60
   400    299.019190      3   -701.790799  0.001108   -701.789451  0.000172    1.002698  0.000118  268.57
   420    299.017995      3   -701.790855  0.001095   -701.789456  0.000167    1.002724  0.000114  278.54
   440    299.017629      4   -701.791166  0.001078   -701.789498  0.000162    1.002760  0.000114  288.50
   460    299.012151      4   -701.791323  0.001055   -701.789516  0.000157    1.002735  0.000113  298.47
   480    299.010713      4   -701.791583  0.001037   -701.789482  0.000155    1.002734  0.000114  308.43
   500    299.010392      4   -701.791467  0.001009   -701.789459  0.000151    1.002699  0.000112  318.41
   520    299.006301      4   -701.791449  0.000971   -701.789471  0.000147    1.002661  0.000113  328.37
   540    299.003312      5   -701.791575  0.000935   -701.789394  0.000144    1.002622  0.000113  338.32
   560    299.005839      5   -701.791636  0.000915   -701.789370  0.000145    1.002629  0.000111  348.29
   580    299.000034      6   -701.791603  0.000881   -701.789373  0.000141    1.002629  0.000108  358.25
   600    299.001119      6   -701.791757  0.000859   -701.789360  0.000138    1.002627  0.000107  368.21
   620    299.003385      6   -701.791795  0.000838   -701.789313  0.000134    1.002631  0.000104  378.18
   640    299.005260      7   -701.791747  0.000818   -701.789326  0.000131    1.002612  0.000102  388.14
   660    299.007138      7   -701.791865  0.000802   -701.789357  0.000129    1.002601  0.000099  398.10
   680    299.009545      7   -701.792035  0.000791   -701.789353  0.000126    1.002625  0.000099  408.07
   700    299.007596      7   -701.792048  0.000779   -701.789327  0.000126    1.002634  0.000100  418.03
   720    299.007693      7   -701.791872  0.000788   -701.789324  0.000123    1.002618  0.000100  427.99
   740    299.004856      7   -701.791707  0.000796   -701.789325  0.000121    1.002603  0.000098  437.96
   760    299.004298      7   -701.791667  0.000777   -701.789278  0.000119    1.002603  0.000099  447.93
   780    299.001446      8   -701.791683  0.000762   -701.789266  0.000117    1.002585  0.000098  457.88
   800    298.999351      8   -701.791693  0.000748   -701.789294  0.000116    1.002591  0.000098  467.85
   820    299.001491      9   -701.791768  0.000745   -701.789311  0.000114    1.002600  0.000096  477.81
   840    299.000720      9   -701.791723  0.000725   -701.789312  0.000113    1.002602  0.000094  487.77
   860    299.000364      9   -701.791787  0.000714   -701.789324  0.000111    1.002630  0.000096  497.77
   880    298.998591      9   -701.791847  0.000703   -701.789319  0.000110    1.002635  0.000094  507.70
   900    298.997841      9   -701.791707  0.000693   -701.789346  0.000108    1.002640  0.000092  517.66
   920    298.996843     10   -701.791725  0.000721   -701.789332  0.000107    1.002638  0.000090  527.63
   940    298.992818     10   -701.791642  0.000721   -701.789319  0.000105    1.002609  0.000093  537.60
   960    298.994471     10   -701.791630  0.000709   -701.789318  0.000104    1.002592  0.000094  547.56
   980    298.993724     11   -701.791529  0.000693   -701.789300  0.000102    1.002594  0.000093  557.54
  1000    298.994219     12   -701.791532  0.000690   -701.789294  0.000101    1.002610  0.000091  567.48

Post Propagation Process
Total number of samples 1000
Raw AFQMC/HF (Guide) energy:           -701.791532 ± 0.000690
Raw Trial/Guide overlap ratio:          1.002610 ± 0.000091
Raw AFQMC/pt2CCSD energy (covariance): -701.789294 ± 0.000101
Raw AFQMC/pt2CCSD energy (dir sample): -701.789294 ± 0.000074

Remove Outliers
removing energies outside zeta > 30
Outlier energy bound [-701.849144, -701.729016]
Removed 0 outliers with energies []
Clean AFQMC/pt2CCSD overlap ratio:        1.002610 ± 0.000091
Clean AFQMC/pt2CCSD energy (covariance): -701.789294 ± 0.000101
Clean AFQMC/ptCCSD energy (dir sample):  -701.789294 ± 0.000074

Blocking Analysis
nsample = 1000, max_block_size = 25, min_nblocks = 40
   B    NB    NS  Observable     Error    dError
   1  1000  1000    1.002610  0.000028  0.000001
   2   500  1000    1.002610  0.000038  0.000001
   3   333   999    1.002609  0.000045  0.000002
   4   250  1000    1.002610  0.000051  0.000002
   5   200  1000    1.002610  0.000056  0.000003
   6   166   996    1.002607  0.000060  0.000003
   7   142   994    1.002605  0.000063  0.000004
   8   125  1000    1.002610  0.000066  0.000004
   9   111   999    1.002609  0.000068  0.000005
  10   100  1000    1.002610  0.000072  0.000005
  11    90   990    1.002600  0.000073  0.000005
  12    83   996    1.002607  0.000077  0.000006
  13    76   988    1.002599  0.000076  0.000006
  14    71   994    1.002605  0.000080  0.000007
  15    66   990    1.002600  0.000082  0.000007
  16    62   992    1.002602  0.000083  0.000008
  17    58   986    1.002598  0.000079  0.000007
  18    55   990    1.002600  0.000084  0.000008
  19    52   988    1.002599  0.000088  0.000009
  20    50  1000    1.002610  0.000090  0.000009
  21    47   987    1.002598  0.000090  0.000009
  22    45   990    1.002600  0.000086  0.000009
  23    43   989    1.002599  0.000091  0.000010
  24    41   984    1.002596  0.000086  0.000010
  25    40  1000    1.002610  0.000090  0.000010
Fit (variance): plateau_var = 9.278e-09 ± 1.169e-09
Fit (error):    plateau = 0.000096 ± 0.000006
     autocorrelation length ~ 12.5 blocks
     plateau reached at block size ~ 58
     !!!Failed to reach plateau in blocking
     Return max block error
nclean = 1000, max_block_size = 25, min_nblocks = 40
Blk_SZ   NBlk   NSmp      Energy     Error    dError
     1   1000   1000  -701.789238  0.000074  0.000002
     2    500   1000  -701.789246  0.000085  0.000003
     3    333    999  -701.789255  0.000090  0.000003
     4    250   1000  -701.789256  0.000096  0.000004
     5    200   1000  -701.789261  0.000100  0.000005
     6    166    996  -701.789270  0.000099  0.000005
     7    142    994  -701.789271  0.000091  0.000005
     8    125   1000  -701.789267  0.000099  0.000006
     9    111    999  -701.789271  0.000097  0.000007
    10    100   1000  -701.789275  0.000102  0.000007
    11     90    990  -701.789270  0.000103  0.000008
    12     83    996  -701.789275  0.000103  0.000008
    13     76    988  -701.789283  0.000097  0.000008
    14     71    994  -701.789285  0.000098  0.000008
    15     66    990  -701.789275  0.000095  0.000008
    16     62    992  -701.789277  0.000096  0.000009
    17     58    986  -701.789283  0.000101  0.000009
    18     55    990  -701.789276  0.000100  0.000010
    19     52    988  -701.789280  0.000104  0.000010
    20     50   1000  -701.789284  0.000104  0.000011
    21     47    987  -701.789288  0.000094  0.000010
    22     45    990  -701.789281  0.000101  0.000011
    23     43    989  -701.789280  0.000113  0.000012
    24     41    984  -701.789286  0.000107  0.000012
    25     40   1000  -701.789283  0.000102  0.000012
Fit (variance): plateau_var = 9.927320e-09 ± 4.032412e-10
Fit (error):    plateau = 0.000100 ± 0.000002
     autocorrelation length ~ 2.1 blocks
     plateau reached at block size ~ 9
Final AFQMC/pt2CCSD overlap ratio: 1.002610 ± 0.000091
Final AFQMC/pt2CCSD energy: -701.789294 ± 0.000100
Total run time: 575.82

AFQMC Sampling Finished

QMC script: /u/yzhang65/myprojects/software/afqmc/afqmc/scripts/run_afqmc_pt2ccsd.py
  => E_HF(alcl)      = -701.5106413431 Eh
  => E_CCSD(alcl)    = -701.7774059209 Eh
  => E_AFQMC(alcl)   = -701.78929 +/- 0.00010 Eh

============================================================
Running: alcl3  charge=0  spin=0
============================================================
output file: ../../result/molout/closed_shell/alcl3_vtzfp.out

Preparing AFQMC calculation
Calculating Cholesky integrals
Alpha Cholesky shape: (777, 136, 136) 
 Beta Cholesky shape: (777, 136, 136) 
Finished calculating Cholesky integrals
Size of the correlation space:
Number of electrons:        [12 12]
Number of basis functions:  116
Number of Cholesky vectors: 777

    ________                     _____                    
    ___  __ \___  __________________(_)_____________ _    
    __  /_/ /  / / /_  __ \_  __ \_  /__  __ \_  __ `/    
    _  _, _// /_/ /_  / / /  / / /  / _  / / /  /_/ /     
    /_/ |_| \__,_/ /_/ /_//_/ /_//_/  /_/ /_/_\__, /      
                                             /____/       
    _____________________________  ___________            
    ___    |__  ____/_  __ \__   |/  /_  ____/            
    __  /| |_  /_   _  / / /_  /|_/ /_  /                 
    _  ___ |  __/   / /_/ /_  /  / / / /___               
    /_/  |_/_/      \___\_\/_/  /_/  \____/               

Hostname:     gpua020.delta.ncsa.illinois.edu
System:       Linux
Node:         gpua020.delta.ncsa.illinois.edu
Release:      5.14.0-427.91.1.el9_4.x86_64
Machine:      x86_64
Processor:    x86_64
JAX backend:  GPU
JAX devices:  [CudaDevice(id=0)]
Device kind:  NVIDIA A100-SXM4-40GB
Platform:     gpu

Load system from Integral File
Maximum memory per walker:            66.67 MB
Maximum number of Cholesky per chunk: 162
Number of Cholesky chunks:            5
Number of Cholesky per chunk:         156
Number of padding Cholesky:           3

QMC System
Number of electrons: (12, 12)
Spin Multiplicity:   0
Number of orbitals:  116
Number of Chol:      777

QMC Parameters
eql_time            :                   50
n_blocks            :                 1000
n_walkers           :                  300
max_error           :                  0.0
seed                :                   17
walker_type         :                  uhf
trial               :             upt2ccsd
mix_precision       :                 True
max_memory          :                20000
dt                  :                0.005
n_exp_terms         :                    6
n_prop_steps        :                   50
save_walkers        :                False
free_projection     :                False
n_batch             :                    1
nchol_chunk         :                  156

Initalize QMC walkers by stochastic CCSD

Equilibration
inv_T        weight  killW        energy   runTime
 0.00    300.000000      0  -1621.389020     33.12
 5.00    299.154311      0  -1621.412937     45.93
10.00    298.874093      0  -1621.398003     52.73
15.00    299.265714      0  -1621.423029     59.54
20.00    299.721163      0  -1621.445015     66.34
25.00    298.650454      0  -1621.420825     73.15
30.00    299.298163      0  -1621.428720     79.96
35.00    299.275148      0  -1621.429062     86.78
40.00    298.676066      0  -1621.422653     93.59
45.00    298.931663      0  -1621.424639    100.40
50.00    299.170968      0  -1621.415956    107.21

Sampling
blocks        weight  killW       E_Guide     error       E_Trial     error     olp_T/G     error  Walltime
    20    298.899366      0  -1621.428580  0.008035  -1621.420393  0.000749    1.002376  0.000139  171.90
    40    298.890368      0  -1621.426063  0.005425  -1621.420528  0.000522    1.002082  0.000185  231.01
    60    298.887290      0  -1621.426733  0.003500  -1621.420502  0.000494    1.002001  0.000139  290.46
    80    298.843472      0  -1621.425129  0.002800  -1621.420489  0.000421    1.002028  0.000102  349.93
   100    298.763948      0  -1621.423157  0.002869  -1621.419870  0.000389    1.002094  0.000102  409.37
   120    298.729671      0  -1621.424053  0.002510  -1621.419964  0.000344    1.002063  0.000105  468.83
   140    298.725082      0  -1621.424180  0.002235  -1621.420415  0.000349    1.001974  0.000108  528.27
   160    298.714396      0  -1621.424964  0.002175  -1621.420576  0.000325    1.001915  0.000105  587.72
   180    298.701398      0  -1621.424740  0.001984  -1621.420584  0.000302    1.001956  0.000098  647.68
   200    298.671185      0  -1621.423872  0.001879  -1621.420572  0.000285    1.002005  0.000095  707.10
   220    298.672341      0  -1621.423913  0.001730  -1621.420706  0.000270    1.002107  0.000112  766.56
   240    298.668446      0  -1621.424057  0.001694  -1621.420867  0.000265    1.002164  0.000110  826.01
   260    298.653713      0  -1621.424068  0.001640  -1621.420772  0.000277    1.002279  0.000129  885.44
   280    298.632145      0  -1621.423603  0.001537  -1621.420788  0.000264    1.002280  0.000119  944.89
   300    298.628216      0  -1621.423738  0.001464  -1621.420812  0.000251    1.002276  0.000111 1004.37
   320    298.615418      0  -1621.423588  0.001395  -1621.420805  0.000240    1.002317  0.000108 1063.82
   340    298.619913      0  -1621.423740  0.001342  -1621.420846  0.000232    1.002326  0.000102 1123.27
   360    298.605456      0  -1621.424149  0.001368  -1621.420962  0.000227    1.002346  0.000102 1182.71
   380    298.593602      1  -1621.423994  0.001309  -1621.420912  0.000218    1.002340  0.000097 1242.25
   400    298.583562      1  -1621.424168  0.001265  -1621.420939  0.000214    1.002370  0.000095 1301.90
   420    298.583842      1  -1621.424557  0.001225  -1621.420950  0.000206    1.002377  0.000090 1362.02
   440    298.575346      1  -1621.424777  0.001223  -1621.421019  0.000202    1.002381  0.000092 1421.67
   460    298.571018      1  -1621.424806  0.001193  -1621.420997  0.000201    1.002379  0.000090 1481.13
   480    298.560521      1  -1621.424772  0.001139  -1621.420919  0.000195    1.002370  0.000091 1540.58
   500    298.559220      1  -1621.424551  0.001093  -1621.420875  0.000192    1.002434  0.000092 1600.03
   520    298.555743      1  -1621.424970  0.001097  -1621.420876  0.000188    1.002483  0.000108 1659.46
   540    298.554360      1  -1621.425130  0.001065  -1621.420849  0.000185    1.002506  0.000108 1719.24
   560    298.545370      1  -1621.425089  0.001046  -1621.420800  0.000180    1.002498  0.000106 1778.66
   580    298.536040      1  -1621.424635  0.001078  -1621.420796  0.000181    1.002526  0.000105 1838.11
   600    298.531982      2  -1621.424688  0.001096  -1621.420799  0.000176    1.002527  0.000103 1897.55
   620    298.528727      2  -1621.424781  0.001070  -1621.420728  0.000173    1.002520  0.000101 1957.00
   640    298.523591      2  -1621.424631  0.001056  -1621.420724  0.000169    1.002509  0.000099 2016.46
   660    298.522468      2  -1621.424563  0.001011  -1621.420727  0.000167    1.002506  0.000097 2075.90
   680    298.520241      2  -1621.424572  0.000989  -1621.420705  0.000164    1.002512  0.000095 2136.10
   700    298.514221      2  -1621.424396  0.000979  -1621.420721  0.000160    1.002512  0.000093 2198.76
   720    298.509171      2  -1621.424105  0.000968  -1621.420690  0.000157    1.002485  0.000093 2263.50
   740    298.501994      2  -1621.423928  0.000969  -1621.420663  0.000155    1.002476  0.000092 2328.39
   760    298.499238      2  -1621.423705  0.000962  -1621.420591  0.000153    1.002511  0.000097 2393.41
   780    298.497947      2  -1621.423670  0.000927  -1621.420575  0.000150    1.002513  0.000095 2456.08
   800    298.497621      2  -1621.423585  0.000919  -1621.420557  0.000147    1.002511  0.000094 2515.48
   820    298.504013      2  -1621.424045  0.000970  -1621.420622  0.000146    1.002522  0.000093 2574.91
   840    298.499514      2  -1621.423925  0.000969  -1621.420609  0.000144    1.002517  0.000090 2634.35
   860    298.496551      2  -1621.424041  0.000969  -1621.420600  0.000142    1.002522  0.000089 2693.79
   880    298.492769      2  -1621.423994  0.000950  -1621.420600  0.000140    1.002517  0.000091 2753.27
   900    298.492422      2  -1621.423985  0.000928  -1621.420596  0.000138    1.002499  0.000091 2814.02
   920    298.489164      2  -1621.424113  0.000920  -1621.420579  0.000136    1.002483  0.000091 2880.93
   940    298.483887      2  -1621.424019  0.000905  -1621.420572  0.000134    1.002474  0.000091 2945.79
   960    298.483581      2  -1621.424035  0.000887  -1621.420556  0.000132    1.002476  0.000091 3011.29
   980    298.481391      2  -1621.423876  0.000876  -1621.420512  0.000131    1.002472  0.000091 3077.76
  1000    298.477991      2  -1621.423784  0.000907  -1621.420486  0.000130    1.002472  0.000088 3142.91

Post Propagation Process
Total number of samples 1000
Raw AFQMC/HF (Guide) energy:           -1621.423784 ± 0.000907
Raw Trial/Guide overlap ratio:          1.002472 ± 0.000088
Raw AFQMC/pt2CCSD energy (covariance): -1621.420486 ± 0.000130
Raw AFQMC/pt2CCSD energy (dir sample): -1621.420486 ± 0.000112

Remove Outliers
removing energies outside zeta > 30
Outlier energy bound [-1621.523023, -1621.317244]
Removed 0 outliers with energies []
Clean AFQMC/pt2CCSD overlap ratio:        1.002472 ± 0.000088
Clean AFQMC/pt2CCSD energy (covariance): -1621.420486 ± 0.000130
Clean AFQMC/ptCCSD energy (dir sample):  -1621.420486 ± 0.000112

Blocking Analysis
nsample = 1000, max_block_size = 25, min_nblocks = 40
   B    NB    NS  Observable     Error    dError
   1  1000  1000    1.002472  0.000025  0.000001
   2   500  1000    1.002472  0.000034  0.000001
   3   333   999    1.002471  0.000041  0.000002
   4   250  1000    1.002472  0.000046  0.000002
   5   200  1000    1.002472  0.000050  0.000003
   6   166   996    1.002471  0.000054  0.000003
   7   142   994    1.002470  0.000058  0.000003
   8   125  1000    1.002472  0.000060  0.000004
   9   111   999    1.002471  0.000062  0.000004
  10   100  1000    1.002472  0.000065  0.000005
  11    90   990    1.002472  0.000068  0.000005
  12    83   996    1.002471  0.000071  0.000006
  13    76   988    1.002473  0.000074  0.000006
  14    71   994    1.002470  0.000074  0.000006
  15    66   990    1.002472  0.000075  0.000007
  16    62   992    1.002471  0.000078  0.000007
  17    58   986    1.002473  0.000077  0.000007
  18    55   990    1.002472  0.000079  0.000008
  19    52   988    1.002473  0.000079  0.000008
  20    50  1000    1.002472  0.000080  0.000008
  21    47   987    1.002474  0.000079  0.000008
  22    45   990    1.002472  0.000084  0.000009
  23    43   989    1.002473  0.000085  0.000009
  24    41   984    1.002473  0.000088  0.000010
  25    40  1000    1.002472  0.000081  0.000009
Fit (variance): plateau_var = 8.835e-09 ± 1.337e-09
Fit (error):    plateau = 0.000094 ± 0.000007
     autocorrelation length ~ 15.0 blocks
     plateau reached at block size ~ 70
     !!!Failed to reach plateau in blocking
     Return max block error
nclean = 1000, max_block_size = 25, min_nblocks = 40
Blk_SZ   NBlk   NSmp      Energy     Error    dError
     1   1000   1000  -1621.420396  0.000112  0.000003
     2    500   1000  -1621.420417  0.000133  0.000004
     3    333    999  -1621.420432  0.000145  0.000006
     4    250   1000  -1621.420435  0.000150  0.000007
     5    200   1000  -1621.420438  0.000158  0.000008
     6    166    996  -1621.420459  0.000160  0.000009
     7    142    994  -1621.420468  0.000164  0.000010
     8    125   1000  -1621.420460  0.000159  0.000010
     9    111    999  -1621.420465  0.000163  0.000011
    10    100   1000  -1621.420464  0.000166  0.000012
    11     90    990  -1621.420483  0.000174  0.000013
    12     83    996  -1621.420476  0.000167  0.000013
    13     76    988  -1621.420478  0.000183  0.000015
    14     71    994  -1621.420485  0.000170  0.000014
    15     66    990  -1621.420487  0.000169  0.000015
    16     62    992  -1621.420492  0.000161  0.000015
    17     58    986  -1621.420489  0.000167  0.000016
    18     55    990  -1621.420491  0.000170  0.000016
    19     52    988  -1621.420482  0.000196  0.000019
    20     50   1000  -1621.420474  0.000169  0.000017
    21     47    987  -1621.420484  0.000173  0.000018
    22     45    990  -1621.420492  0.000196  0.000021
    23     43    989  -1621.420487  0.000180  0.000020
    24     41    984  -1621.420487  0.000192  0.000022
    25     40   1000  -1621.420474  0.000191  0.000022
Fit (variance): plateau_var = 2.973504e-08 ± 1.467011e-09
Fit (error):    plateau = 0.000172 ± 0.000004
     autocorrelation length ~ 3.2 blocks
     plateau reached at block size ~ 15
Final AFQMC/pt2CCSD overlap ratio: 1.002472 ± 0.000088
Final AFQMC/pt2CCSD energy: -1621.420486 ± 0.000172
Total run time: 3527.45

AFQMC Sampling Finished

QMC script: /u/yzhang65/myprojects/software/afqmc/afqmc/scripts/run_afqmc_pt2ccsd.py
  => E_HF(alcl3)      = -1620.7192366762 Eh
  => E_CCSD(alcl3)    = -1621.3899754773 Eh
  => E_AFQMC(alcl3)   = -1621.42049 +/- 0.00017 Eh

============================================================
Running: alf  charge=0  spin=0
============================================================
output file: ../../result/molout/closed_shell/alf_vtzfp.out

Preparing AFQMC calculation
Calculating Cholesky integrals
Alpha Cholesky shape: (390, 64, 64) 
 Beta Cholesky shape: (390, 64, 64) 
Finished calculating Cholesky integrals
Size of the correlation space:
Number of electrons:        [5 5]
Number of basis functions:  58
Number of Cholesky vectors: 390

    ________                     _____                    
    ___  __ \___  __________________(_)_____________ _    
    __  /_/ /  / / /_  __ \_  __ \_  /__  __ \_  __ `/    
    _  _, _// /_/ /_  / / /  / / /  / _  / / /  /_/ /     
    /_/ |_| \__,_/ /_/ /_//_/ /_//_/  /_/ /_/_\__, /      
                                             /____/       
    _____________________________  ___________            
    ___    |__  ____/_  __ \__   |/  /_  ____/            
    __  /| |_  /_   _  / / /_  /|_/ /_  /                 
    _  ___ |  __/   / /_/ /_  /  / / / /___               
    /_/  |_/_/      \___\_\/_/  /_/  \____/               

Hostname:     gpua020.delta.ncsa.illinois.edu
System:       Linux
Node:         gpua020.delta.ncsa.illinois.edu
Release:      5.14.0-427.91.1.el9_4.x86_64
Machine:      x86_64
Processor:    x86_64
JAX backend:  GPU
JAX devices:  [CudaDevice(id=0)]
Device kind:  NVIDIA A100-SXM4-40GB
Platform:     gpu

Load system from Integral File
Maximum memory per walker:            66.67 MB
Maximum number of Cholesky per chunk: 649
Number of Cholesky chunks:            1
Number of Cholesky per chunk:         390
Number of padding Cholesky:           0

QMC System
Number of electrons: (5, 5)
Spin Multiplicity:   0
Number of orbitals:  58
Number of Chol:      390

QMC Parameters
eql_time            :                   50
n_blocks            :                 1000
n_walkers           :                  300
max_error           :                  0.0
seed                :                   17
walker_type         :                  uhf
trial               :             upt2ccsd
mix_precision       :                 True
max_memory          :                20000
dt                  :                0.005
n_exp_terms         :                    6
n_prop_steps        :                   50
save_walkers        :                False
free_projection     :                False
n_batch             :                    1
nchol_chunk         :                  390

Initalize QMC walkers by stochastic CCSD

Equilibration
inv_T        weight  killW        energy   runTime
 0.00    300.000000      0   -341.789119     18.92
 5.00    299.447001      0   -341.805450     26.86
10.00    299.437301      0   -341.794179     28.55
15.00    298.744403      0   -341.771566     30.24
20.00    299.550943      0   -341.833374     31.93
25.00    298.008690      0   -341.795289     33.62
30.00    299.018995      0   -341.797989     35.31
35.00    299.609490      0   -341.817269     37.00
40.00    299.034416      0   -341.783941     38.69
45.00    299.410334      0   -341.807651     40.38
50.00    299.252146      0   -341.825914     42.07

Sampling
blocks        weight  killW       E_Guide     error       E_Trial     error     olp_T/G     error  Walltime
    20    299.115953      0   -341.789198  0.003265   -341.798390  0.000683    1.003769  0.000520   57.26
    40    299.126019      1   -341.792750  0.002877   -341.798370  0.000483    1.003957  0.000322   67.02
    60    299.165946      1   -341.794198  0.002331   -341.798896  0.000425    1.003980  0.000212   76.86
    80    299.210145      2   -341.796952  0.002642   -341.799293  0.000653    1.003717  0.000241   86.69
   100    299.208591      2   -341.800125  0.003151   -341.799924  0.000713    1.003701  0.000191   96.54
   120    299.195922      2   -341.801534  0.002847   -341.800259  0.000639    1.003503  0.000226  106.37
   140    299.175571      3   -341.801730  0.002489   -341.799938  0.000571    1.003462  0.000218  116.21
   160    299.186072      3   -341.804166  0.002855   -341.800202  0.000555    1.003720  0.000266  126.04
   180    299.169201      3   -341.803262  0.002674   -341.799916  0.000504    1.003845  0.000252  135.88
   200    299.162025      4   -341.803521  0.002419   -341.800052  0.000480    1.003799  0.000242  145.72
   220    299.151195      4   -341.803148  0.002214   -341.799965  0.000442    1.003695  0.000234  155.55
   240    299.162733      4   -341.803342  0.002050   -341.800010  0.000413    1.003690  0.000217  165.39
   260    299.157742      4   -341.803720  0.001928   -341.799977  0.000401    1.003724  0.000204  175.22
   280    299.172629      4   -341.804952  0.002005   -341.800429  0.000517    1.003754  0.000189  185.05
   300    299.154703      4   -341.804259  0.001933   -341.800273  0.000487    1.003817  0.000182  194.90
   320    299.151367      4   -341.804792  0.001895   -341.800179  0.000461    1.003902  0.000183  204.72
   340    299.140490      4   -341.804434  0.001802   -341.800194  0.000442    1.003913  0.000173  214.56
   360    299.145403      4   -341.804749  0.001740   -341.800250  0.000424    1.003844  0.000170  224.40
   380    299.140739      4   -341.804888  0.001650   -341.800042  0.000421    1.003833  0.000163  234.24
   400    299.135197      4   -341.805141  0.001599   -341.800038  0.000405    1.003888  0.000160  244.65
   420    299.118434      4   -341.805046  0.001531   -341.800022  0.000391    1.003854  0.000156  254.49
   440    299.110456      4   -341.804829  0.001469   -341.799932  0.000375    1.003910  0.000163  264.32
   460    299.107947      4   -341.804629  0.001430   -341.799789  0.000365    1.003994  0.000163  274.15
   480    299.111390      4   -341.804852  0.001462   -341.799818  0.000353    1.004038  0.000168  283.98
   500    299.109018      4   -341.804735  0.001426   -341.799724  0.000348    1.004052  0.000165  293.82
   520    299.100922      4   -341.804517  0.001414   -341.799677  0.000337    1.004062  0.000165  303.65
   540    299.090685      4   -341.804051  0.001408   -341.799632  0.000325    1.004094  0.000162  313.48
   560    299.091364      4   -341.803840  0.001381   -341.799613  0.000315    1.004118  0.000161  323.31
   580    299.087161      4   -341.804128  0.001371   -341.799641  0.000307    1.004108  0.000158  333.15
   600    299.080422      4   -341.803843  0.001328   -341.799633  0.000301    1.004099  0.000154  342.98
   620    299.071800      4   -341.803472  0.001309   -341.799574  0.000293    1.004115  0.000151  352.82
   640    299.069537      4   -341.803414  0.001290   -341.799540  0.000286    1.004110  0.000148  362.65
   660    299.064749      4   -341.803202  0.001271   -341.799557  0.000279    1.004092  0.000145  372.48
   680    299.058324      5   -341.803367  0.001250   -341.799531  0.000272    1.004056  0.000146  382.31
   700    299.054431      5   -341.803342  0.001230   -341.799548  0.000271    1.004043  0.000143  392.14
   720    299.049717      6   -341.803257  0.001194   -341.799454  0.000265    1.004043  0.000140  401.99
   740    299.050151      6   -341.803131  0.001180   -341.799444  0.000259    1.004046  0.000137  411.81
   760    299.050784      6   -341.803253  0.001144   -341.799433  0.000254    1.004086  0.000142  421.65
   780    299.050828      7   -341.803403  0.001134   -341.799454  0.000249    1.004073  0.000139  431.48
   800    299.052157      7   -341.803318  0.001164   -341.799459  0.000243    1.004080  0.000135  441.32
   820    299.056513      7   -341.803764  0.001220   -341.799543  0.000248    1.004086  0.000132  451.15
   840    299.060218      7   -341.803915  0.001200   -341.799576  0.000243    1.004113  0.000138  460.98
   860    299.053464      7   -341.803780  0.001180   -341.799607  0.000240    1.004119  0.000138  470.82
   880    299.050682      7   -341.803979  0.001172   -341.799634  0.000237    1.004121  0.000135  480.65
   900    299.055993      7   -341.804146  0.001172   -341.799631  0.000234    1.004163  0.000132  490.49
   920    299.053242      8   -341.804139  0.001202   -341.799671  0.000230    1.004183  0.000137  500.32
   940    299.049547      8   -341.804025  0.001202   -341.799681  0.000227    1.004180  0.000134  510.15
   960    299.048878      8   -341.804285  0.001180   -341.799742  0.000225    1.004184  0.000131  519.99
   980    299.045553      8   -341.804343  0.001196   -341.799753  0.000222    1.004166  0.000129  529.83
  1000    299.041454      8   -341.804193  0.001170   -341.799736  0.000219    1.004201  0.000128  539.67

Post Propagation Process
Total number of samples 1000
Raw AFQMC/HF (Guide) energy:           -341.804193 ± 0.001170
Raw Trial/Guide overlap ratio:          1.004201 ± 0.000128
Raw AFQMC/pt2CCSD energy (covariance): -341.799736 ± 0.000219
Raw AFQMC/pt2CCSD energy (dir sample): -341.799736 ± 0.000186

Remove Outliers
removing energies outside zeta > 30
Outlier energy bound [-341.901395, -341.696509]
Removed 0 outliers with energies []
Clean AFQMC/pt2CCSD overlap ratio:        1.004201 ± 0.000128
Clean AFQMC/pt2CCSD energy (covariance): -341.799736 ± 0.000219
Clean AFQMC/ptCCSD energy (dir sample):  -341.799736 ± 0.000186

Blocking Analysis
nsample = 1000, max_block_size = 25, min_nblocks = 40
   B    NB    NS  Observable     Error    dError
   1  1000  1000    1.004201  0.000043  0.000001
   2   500  1000    1.004201  0.000058  0.000002
   3   333   999    1.004199  0.000068  0.000003
   4   250  1000    1.004201  0.000076  0.000003
   5   200  1000    1.004201  0.000083  0.000004
   6   166   996    1.004192  0.000088  0.000005
   7   142   994    1.004185  0.000092  0.000005
   8   125  1000    1.004201  0.000100  0.000006
   9   111   999    1.004199  0.000101  0.000007
  10   100  1000    1.004201  0.000102  0.000007
  11    90   990    1.004175  0.000107  0.000008
  12    83   996    1.004191  0.000109  0.000009
  13    76   988    1.004172  0.000110  0.000009
  14    71   994    1.004185  0.000115  0.000010
  15    66   990    1.004175  0.000112  0.000010
  16    62   992    1.004179  0.000119  0.000011
  17    58   986    1.004166  0.000120  0.000011
  18    55   990    1.004175  0.000116  0.000011
  19    52   988    1.004172  0.000122  0.000012
  20    50  1000    1.004201  0.000122  0.000012
  21    47   987    1.004169  0.000126  0.000013
  22    45   990    1.004175  0.000125  0.000013
  23    43   989    1.004173  0.000121  0.000013
  24    41   984    1.004165  0.000128  0.000014
  25    40  1000    1.004201  0.000126  0.000014
Fit (variance): plateau_var = 1.702e-08 ± 1.751e-09
Fit (error):    plateau = 0.000130 ± 0.000007
     autocorrelation length ~ 10.0 blocks
     plateau reached at block size ~ 46
     !!!Failed to reach plateau in blocking
     Return max block error
nclean = 1000, max_block_size = 25, min_nblocks = 40
Blk_SZ   NBlk   NSmp      Energy     Error    dError
     1   1000   1000  -341.799642  0.000186  0.000004
     2    500   1000  -341.799668  0.000202  0.000006
     3    333    999  -341.799676  0.000206  0.000008
     4    250   1000  -341.799685  0.000219  0.000010
     5    200   1000  -341.799691  0.000224  0.000011
     6    166    996  -341.799701  0.000227  0.000012
     7    142    994  -341.799703  0.000232  0.000014
     8    125   1000  -341.799702  0.000232  0.000015
     9    111    999  -341.799704  0.000238  0.000016
    10    100   1000  -341.799704  0.000242  0.000017
    11     90    990  -341.799714  0.000233  0.000017
    12     83    996  -341.799715  0.000221  0.000017
    13     76    988  -341.799719  0.000236  0.000019
    14     71    994  -341.799716  0.000241  0.000020
    15     66    990  -341.799722  0.000256  0.000022
    16     62    992  -341.799721  0.000243  0.000022
    17     58    986  -341.799733  0.000232  0.000022
    18     55    990  -341.799727  0.000249  0.000024
    19     52    988  -341.799724  0.000248  0.000025
    20     50   1000  -341.799714  0.000255  0.000026
    21     47    987  -341.799732  0.000215  0.000022
    22     45    990  -341.799729  0.000263  0.000028
    23     43    989  -341.799721  0.000246  0.000027
    24     41    984  -341.799740  0.000248  0.000028
    25     40   1000  -341.799721  0.000221  0.000025
Fit (variance): plateau_var = 5.748117e-08 ± 3.048313e-09
Fit (error):    plateau = 0.000240 ± 0.000006
     autocorrelation length ~ 3.7 blocks
     plateau reached at block size ~ 15
Final AFQMC/pt2CCSD overlap ratio: 1.004201 ± 0.000128
Final AFQMC/pt2CCSD energy: -341.799736 ± 0.000240
Total run time: 548.12

AFQMC Sampling Finished

QMC script: /u/yzhang65/myprojects/software/afqmc/afqmc/scripts/run_afqmc_pt2ccsd.py
  => E_HF(alf)      = -341.4703491707 Eh
  => E_CCSD(alf)    = -341.7898108771 Eh
  => E_AFQMC(alf)   = -341.79974 +/- 0.00024 Eh

============================================================
Running: alf3  charge=0  spin=0
============================================================
output file: ../../result/molout/closed_shell/alf3_vtzfp.out

Preparing AFQMC calculation
Calculating Cholesky integrals
Alpha Cholesky shape: (762, 124, 124) 
 Beta Cholesky shape: (762, 124, 124) 
Finished calculating Cholesky integrals
Size of the correlation space:
Number of electrons:        [12 12]
Number of basis functions:  116
Number of Cholesky vectors: 762

    ________                     _____                    
    ___  __ \___  __________________(_)_____________ _    
    __  /_/ /  / / /_  __ \_  __ \_  /__  __ \_  __ `/    
    _  _, _// /_/ /_  / / /  / / /  / _  / / /  /_/ /     
    /_/ |_| \__,_/ /_/ /_//_/ /_//_/  /_/ /_/_\__, /      
                                             /____/       
    _____________________________  ___________            
    ___    |__  ____/_  __ \__   |/  /_  ____/            
    __  /| |_  /_   _  / / /_  /|_/ /_  /                 
    _  ___ |  __/   / /_/ /_  /  / / / /___               
    /_/  |_/_/      \___\_\/_/  /_/  \____/               

Hostname:     gpua020.delta.ncsa.illinois.edu
System:       Linux
Node:         gpua020.delta.ncsa.illinois.edu
Release:      5.14.0-427.91.1.el9_4.x86_64
Machine:      x86_64
Processor:    x86_64
JAX backend:  GPU
JAX devices:  [CudaDevice(id=0)]
Device kind:  NVIDIA A100-SXM4-40GB
Platform:     gpu

Load system from Integral File
Maximum memory per walker:            66.67 MB
Maximum number of Cholesky per chunk: 162
Number of Cholesky chunks:            5
Number of Cholesky per chunk:         153
Number of padding Cholesky:           3

QMC System
Number of electrons: (12, 12)
Spin Multiplicity:   0
Number of orbitals:  116
Number of Chol:      762

QMC Parameters
eql_time            :                   50
n_blocks            :                 1000
n_walkers           :                  300
max_error           :                  0.0
seed                :                   17
walker_type         :                  uhf
trial               :             upt2ccsd
mix_precision       :                 True
max_memory          :                20000
dt                  :                0.005
n_exp_terms         :                    6
n_prop_steps        :                   50
save_walkers        :                False
free_projection     :                False
n_batch             :                    1
nchol_chunk         :                  153

Initalize QMC walkers by stochastic CCSD

Equilibration
inv_T        weight  killW        energy   runTime
 0.00    300.000000      0   -541.417908     12.03
 5.00    298.318393      0   -541.432176     24.55
10.00    299.437342      0   -541.444580     31.27
15.00    299.304708      0   -541.427532     38.00
20.00    298.822812      0   -541.434666     44.71
25.00    299.998068      0   -541.454058     51.43
30.00    298.662736      0   -541.469920     58.15
35.00    300.216430      0   -541.455921     64.87
40.00    299.357386      0   -541.414228     71.60
45.00    299.155317      0   -541.413287     78.32
50.00    299.742528      0   -541.487527     85.05

Sampling
blocks        weight  killW       E_Guide     error       E_Trial     error     olp_T/G     error  Walltime
    20    298.984398      1   -541.448442  0.006314   -541.444816  0.001987    1.004685  0.000403  148.53
    40    299.237829      2   -541.457663  0.008324   -541.445312  0.001283    1.004757  0.000360  206.85
    60    299.228840      2   -541.456667  0.006135   -541.444976  0.000956    1.005192  0.000504  265.27
    80    299.134587      2   -541.455912  0.004946   -541.445107  0.000828    1.005253  0.000398  323.65
   100    299.022094      2   -541.455333  0.003809   -541.444808  0.000709    1.005182  0.000310  382.06
   120    298.986894      3   -541.454809  0.003104   -541.445162  0.000749    1.005088  0.000274  440.45
   140    298.919297      3   -541.454045  0.003372   -541.445283  0.000676    1.005168  0.000248  498.84
   160    298.859693      3   -541.453883  0.003048   -541.445240  0.000616    1.004904  0.000280  557.23
   180    298.849337      3   -541.454779  0.002773   -541.445133  0.000575    1.004872  0.000249  616.14
   200    298.843267      3   -541.455148  0.002521   -541.444978  0.000545    1.004998  0.000244  674.50
   220    298.820380      3   -541.454127  0.002471   -541.444764  0.000508    1.005148  0.000245  732.90
   240    298.823656      3   -541.454212  0.002268   -541.444817  0.000498    1.005185  0.000227  791.28
   260    298.808274      4   -541.453824  0.002162   -541.444852  0.000474    1.005181  0.000214  849.68
   280    298.795560      4   -541.453031  0.002049   -541.444669  0.000448    1.005077  0.000211  908.10
   300    298.772569      4   -541.452770  0.001939   -541.444760  0.000440    1.005001  0.000207  966.50
   320    298.768624      4   -541.452531  0.001914   -541.444722  0.000419    1.005095  0.000204 1024.89
   340    298.753008      4   -541.452634  0.001876   -541.444804  0.000403    1.005029  0.000199 1083.28
   360    298.738509      4   -541.452479  0.001822   -541.444850  0.000456    1.005102  0.000195 1141.69
   380    298.736341      4   -541.452681  0.001749   -541.444746  0.000440    1.005153  0.000190 1200.09
   400    298.740107      4   -541.452738  0.001680   -541.444770  0.000430    1.005182  0.000183 1258.59
   420    298.749080      4   -541.453163  0.001696   -541.444950  0.000426    1.005222  0.000177 1317.39
   440    298.745680      4   -541.452913  0.001666   -541.444848  0.000412    1.005229  0.000176 1375.80
   460    298.739149      4   -541.452318  0.001684   -541.444810  0.000399    1.005228  0.000172 1434.20
   480    298.730589      4   -541.452157  0.001638   -541.444798  0.000387    1.005225  0.000167 1492.61
   500    298.735663      4   -541.451938  0.001631   -541.444796  0.000376    1.005234  0.000164 1551.03
   520    298.732459      4   -541.451782  0.001740   -541.444780  0.000365    1.005246  0.000161 1609.43
   540    298.724982      4   -541.451678  0.001697   -541.444812  0.000358    1.005247  0.000158 1667.84
   560    298.717427      4   -541.451375  0.001657   -541.444790  0.000350    1.005199  0.000161 1726.23
   580    298.707962      4   -541.451426  0.001625   -541.444762  0.000342    1.005253  0.000164 1784.63
   600    298.705935      4   -541.451149  0.001579   -541.444704  0.000334    1.005270  0.000161 1843.09
   620    298.698969      4   -541.451215  0.001545   -541.444713  0.000327    1.005286  0.000157 1901.51
   640    298.697607      4   -541.451171  0.001501   -541.444671  0.000320    1.005302  0.000158 1959.90
   660    298.698789      5   -541.451560  0.001478   -541.444660  0.000312    1.005271  0.000155 2018.71
   680    298.696640      5   -541.450969  0.001484   -541.444595  0.000309    1.005278  0.000159 2077.14
   700    298.699509      5   -541.451187  0.001457   -541.444589  0.000302    1.005272  0.000156 2135.55
   720    298.694074      5   -541.450889  0.001431   -541.444602  0.000295    1.005235  0.000155 2193.95
   740    298.700057      5   -541.451111  0.001407   -541.444670  0.000291    1.005235  0.000152 2252.33
   760    298.699108      5   -541.451328  0.001375   -541.444675  0.000285    1.005229  0.000149 2310.73
   780    298.697057      5   -541.451142  0.001339   -541.444694  0.000281    1.005234  0.000147 2369.13
   800    298.696215      5   -541.451269  0.001315   -541.444738  0.000279    1.005250  0.000142 2427.57
   820    298.692744      5   -541.451002  0.001300   -541.444676  0.000274    1.005280  0.000142 2485.98
   840    298.689255      5   -541.451089  0.001268   -541.444699  0.000273    1.005285  0.000139 2544.39
   860    298.693170      5   -541.451158  0.001242   -541.444743  0.000271    1.005290  0.000136 2602.79
   880    298.692584      5   -541.451368  0.001267   -541.444722  0.000268    1.005307  0.000137 2661.19
   900    298.683929      5   -541.451215  0.001267   -541.444705  0.000264    1.005288  0.000134 2720.08
   920    298.681576      5   -541.451549  0.001242   -541.444813  0.000274    1.005304  0.000143 2778.50
   940    298.687802      5   -541.451901  0.001325   -541.444973  0.000284    1.005321  0.000143 2836.90
   960    298.688466      5   -541.451906  0.001298   -541.444974  0.000280    1.005327  0.000140 2895.29
   980    298.684628      5   -541.451685  0.001277   -541.444916  0.000276    1.005366  0.000138 2953.70
  1000    298.691191      5   -541.451805  0.001251   -541.444964  0.000274    1.005362  0.000136 3012.11

Post Propagation Process
Total number of samples 1000
Raw AFQMC/HF (Guide) energy:           -541.451805 ± 0.001251
Raw Trial/Guide overlap ratio:          1.005362 ± 0.000136
Raw AFQMC/pt2CCSD energy (covariance): -541.444964 ± 0.000274
Raw AFQMC/pt2CCSD energy (dir sample): -541.444964 ± 0.000220

Remove Outliers
removing energies outside zeta > 30
Outlier energy bound [-541.606811, -541.280488]
Removed 0 outliers with energies []
Clean AFQMC/pt2CCSD overlap ratio:        1.005362 ± 0.000136
Clean AFQMC/pt2CCSD energy (covariance): -541.444964 ± 0.000274
Clean AFQMC/ptCCSD energy (dir sample):  -541.444964 ± 0.000220

Blocking Analysis
nsample = 1000, max_block_size = 25, min_nblocks = 40
   B    NB    NS  Observable     Error    dError
   1  1000  1000    1.005363  0.000044  0.000001
   2   500  1000    1.005363  0.000059  0.000002
   3   333   999    1.005363  0.000070  0.000003
   4   250  1000    1.005363  0.000078  0.000004
   5   200  1000    1.005363  0.000085  0.000004
   6   166   996    1.005360  0.000091  0.000005
   7   142   994    1.005356  0.000097  0.000006
   8   125  1000    1.005363  0.000102  0.000006
   9   111   999    1.005363  0.000105  0.000007
  10   100  1000    1.005363  0.000105  0.000007
  11    90   990    1.005354  0.000112  0.000008
  12    83   996    1.005360  0.000115  0.000009
  13    76   988    1.005356  0.000117  0.000010
  14    71   994    1.005356  0.000118  0.000010
  15    66   990    1.005354  0.000119  0.000010
  16    62   992    1.005354  0.000125  0.000011
  17    58   986    1.005356  0.000127  0.000012
  18    55   990    1.005354  0.000127  0.000012
  19    52   988    1.005355  0.000121  0.000012
  20    50  1000    1.005362  0.000121  0.000012
  21    47   987    1.005355  0.000113  0.000012
  22    45   990    1.005354  0.000114  0.000012
  23    43   989    1.005355  0.000136  0.000015
  24    41   984    1.005358  0.000124  0.000014
  25    40  1000    1.005362  0.000125  0.000014
Fit (variance): plateau_var = 1.693e-08 ± 1.540e-09
Fit (error):    plateau = 0.000130 ± 0.000006
     autocorrelation length ~ 8.9 blocks
     plateau reached at block size ~ 41
     !!!Failed to reach plateau in blocking
     Return max block error
nclean = 1000, max_block_size = 25, min_nblocks = 40
Blk_SZ   NBlk   NSmp      Energy     Error    dError
     1   1000   1000  -541.444818  0.000220  0.000005
     2    500   1000  -541.444866  0.000241  0.000008
     3    333    999  -541.444884  0.000256  0.000010
     4    250   1000  -541.444907  0.000268  0.000012
     5    200   1000  -541.444913  0.000261  0.000013
     6    166    996  -541.444918  0.000268  0.000015
     7    142    994  -541.444925  0.000263  0.000016
     8    125   1000  -541.444930  0.000288  0.000018
     9    111    999  -541.444929  0.000290  0.000020
    10    100   1000  -541.444935  0.000281  0.000020
    11     90    990  -541.444935  0.000293  0.000022
    12     83    996  -541.444939  0.000253  0.000020
    13     76    988  -541.444937  0.000274  0.000022
    14     71    994  -541.444944  0.000263  0.000022
    15     66    990  -541.444942  0.000268  0.000023
    16     62    992  -541.444946  0.000281  0.000025
    17     58    986  -541.444952  0.000264  0.000025
    18     55    990  -541.444947  0.000286  0.000028
    19     52    988  -541.444945  0.000269  0.000027
    20     50   1000  -541.444950  0.000268  0.000027
    21     47    987  -541.444954  0.000253  0.000026
    22     45    990  -541.444948  0.000274  0.000029
    23     43    989  -541.444948  0.000282  0.000031
    24     41    984  -541.444951  0.000239  0.000027
    25     40   1000  -541.444955  0.000274  0.000031
Fit (variance): plateau_var = 7.352758e-08 ± 2.874657e-09
Fit (error):    plateau = 0.000271 ± 0.000005
     autocorrelation length ~ 1.8 blocks
     plateau reached at block size ~ 8
Final AFQMC/pt2CCSD overlap ratio: 1.005362 ± 0.000136
Final AFQMC/pt2CCSD energy: -541.444964 ± 0.000271
Total run time: 3030.04

AFQMC Sampling Finished

QMC script: /u/yzhang65/myprojects/software/afqmc/afqmc/scripts/run_afqmc_pt2ccsd.py
  => E_HF(alf3)      = -540.5936325788 Eh
  => E_CCSD(alf3)    = -541.4205933548 Eh
  => E_AFQMC(alf3)   = -541.44496 +/- 0.00027 Eh

============================================================
Running: alh  charge=0  spin=0
============================================================
output file: ../../result/molout/closed_shell/alh_vtzfp.out

Preparing AFQMC calculation
Calculating Cholesky integrals
Alpha Cholesky shape: (252, 43, 43) 
 Beta Cholesky shape: (252, 43, 43) 
Finished calculating Cholesky integrals
Size of the correlation space:
Number of electrons:        [2 2]
Number of basis functions:  38
Number of Cholesky vectors: 252

    ________                     _____                    
    ___  __ \___  __________________(_)_____________ _    
    __  /_/ /  / / /_  __ \_  __ \_  /__  __ \_  __ `/    
    _  _, _// /_/ /_  / / /  / / /  / _  / / /  /_/ /     
    /_/ |_| \__,_/ /_/ /_//_/ /_//_/  /_/ /_/_\__, /      
                                             /____/       
    _____________________________  ___________            
    ___    |__  ____/_  __ \__   |/  /_  ____/            
    __  /| |_  /_   _  / / /_  /|_/ /_  /                 
    _  ___ |  __/   / /_/ /_  /  / / / /___               
    /_/  |_/_/      \___\_\/_/  /_/  \____/               

Hostname:     gpua020.delta.ncsa.illinois.edu
System:       Linux
Node:         gpua020.delta.ncsa.illinois.edu
Release:      5.14.0-427.91.1.el9_4.x86_64
Machine:      x86_64
Processor:    x86_64
JAX backend:  GPU
JAX devices:  [CudaDevice(id=0)]
Device kind:  NVIDIA A100-SXM4-40GB
Platform:     gpu

Load system from Integral File
Maximum memory per walker:            66.67 MB
Maximum number of Cholesky per chunk: 1512
Number of Cholesky chunks:            1
Number of Cholesky per chunk:         252
Number of padding Cholesky:           0

QMC System
Number of electrons: (2, 2)
Spin Multiplicity:   0
Number of orbitals:  38
Number of Chol:      252

QMC Parameters
eql_time            :                   50
n_blocks            :                 1000
n_walkers           :                  300
max_error           :                  0.0
seed                :                   17
walker_type         :                  uhf
trial               :             upt2ccsd
mix_precision       :                 True
max_memory          :                20000
dt                  :                0.005
n_exp_terms         :                    6
n_prop_steps        :                   50
save_walkers        :                False
free_projection     :                False
n_batch             :                    1
nchol_chunk         :                  252

Initalize QMC walkers by stochastic CCSD

Equilibration
inv_T        weight  killW        energy   runTime
 0.00    300.000000      0   -242.542894     16.28
 5.00    298.998617      0   -242.546459     22.08
10.00    299.213689      0   -242.542522     23.11
15.00    299.201663      0   -242.546456     24.15
20.00    299.190167      0   -242.542858     25.19
25.00    299.019195      0   -242.544581     26.22
30.00    299.184165      0   -242.540039     27.25
35.00    299.361007      0   -242.548826     28.29
40.00    299.378326      0   -242.556879     29.33
45.00    298.837284      0   -242.543865     30.36
50.00    299.179509      0   -242.558243     31.40

Sampling
blocks        weight  killW       E_Guide     error       E_Trial     error     olp_T/G     error  Walltime
    20    299.127509      3   -242.547824  0.001623   -242.544710  0.000328    1.040040  0.000621   37.74
    40    299.092490      3   -242.543645  0.002559   -242.544743  0.000182    1.039506  0.000427   40.28
    60    299.110699      4   -242.544042  0.001954   -242.544644  0.000139    1.039367  0.000333   43.01
    80    299.121609      4   -242.543986  0.001461   -242.544605  0.000111    1.039257  0.000291   45.72
   100    299.128889      4   -242.544036  0.001060   -242.544627  0.000096    1.039101  0.000259   48.43
   120    299.135105      4   -242.543993  0.000898   -242.544599  0.000087    1.038705  0.000347   51.16
   140    299.137962      4   -242.544406  0.000867   -242.544523  0.000090    1.038104  0.000510   53.88
   160    299.130212      4   -242.544059  0.000825   -242.544525  0.000082    1.038135  0.000459   56.59
   180    299.129590      5   -242.544009  0.000704   -242.544531  0.000075    1.038301  0.000414   59.32
   200    299.135737      6   -242.543962  0.000673   -242.544510  0.000069    1.038122  0.000397   62.03
   220    299.126731      8   -242.544040  0.000633   -242.544477  0.000067    1.037974  0.000381   64.75
   240    299.125803      9   -242.544047  0.000598   -242.544481  0.000064    1.037948  0.000353   67.48
   260    299.127579     10   -242.544153  0.000558   -242.544444  0.000062    1.038047  0.000330   70.19
   280    299.127351     10   -242.544031  0.000535   -242.544457  0.000058    1.038118  0.000308   72.91
   300    299.124509     10   -242.543869  0.000517   -242.544469  0.000056    1.038289  0.000312   75.63
   320    299.123190     10   -242.544064  0.000498   -242.544446  0.000055    1.038192  0.000300   78.34
   340    299.124417     10   -242.544009  0.000476   -242.544461  0.000053    1.038182  0.000283   81.06
   360    299.126276     10   -242.544157  0.000491   -242.544487  0.000055    1.038125  0.000275   83.79
   380    299.126710     10   -242.544356  0.000488   -242.544483  0.000053    1.038106  0.000266   86.50
   400    299.126187     10   -242.544400  0.000466   -242.544457  0.000052    1.038074  0.000254   89.22
   420    299.127423     11   -242.544412  0.000451   -242.544448  0.000050    1.038117  0.000244   91.94
   440    299.131357     11   -242.544236  0.000459   -242.544442  0.000048    1.038134  0.000248   94.66
   460    299.133401     11   -242.544114  0.000457   -242.544444  0.000047    1.038166  0.000243   97.38
   480    299.137575     12   -242.543972  0.000443   -242.544453  0.000046    1.038222  0.000241  100.10
   500    299.138530     13   -242.543844  0.000444   -242.544455  0.000045    1.038327  0.000243  102.82
   520    299.141666     13   -242.543769  0.000432   -242.544467  0.000046    1.038427  0.000258  105.54
   540    299.144899     13   -242.543757  0.000422   -242.544474  0.000045    1.038401  0.000253  108.26
   560    299.148843     13   -242.543810  0.000423   -242.544464  0.000045    1.038375  0.000245  111.00
   580    299.148290     13   -242.543765  0.000414   -242.544462  0.000044    1.038358  0.000240  113.70
   600    299.149875     13   -242.543984  0.000458   -242.544432  0.000049    1.038392  0.000234  116.41
   620    299.149420     13   -242.544037  0.000450   -242.544425  0.000049    1.038402  0.000227  119.14
   640    299.147148     13   -242.543903  0.000446   -242.544434  0.000048    1.038450  0.000239  121.85
   660    299.146389     15   -242.543900  0.000445   -242.544436  0.000046    1.038440  0.000233  124.57
   680    299.144906     16   -242.543883  0.000435   -242.544435  0.000046    1.038450  0.000228  127.30
   700    299.145269     16   -242.543894  0.000426   -242.544450  0.000045    1.038457  0.000224  130.02
   720    299.145394     18   -242.543914  0.000409   -242.544454  0.000045    1.038412  0.000218  132.73
   740    299.144068     20   -242.543933  0.000401   -242.544452  0.000044    1.038359  0.000218  135.46
   760    299.145143     21   -242.543958  0.000396   -242.544454  0.000043    1.038335  0.000216  138.17
   780    299.146727     21   -242.544143  0.000416   -242.544455  0.000042    1.038275  0.000219  140.89
   800    299.145290     21   -242.544240  0.000418   -242.544457  0.000041    1.038232  0.000223  143.61
   820    299.146921     21   -242.544215  0.000409   -242.544457  0.000040    1.038175  0.000225  146.33
   840    299.148755     22   -242.544303  0.000408   -242.544451  0.000040    1.038125  0.000227  149.05
   860    299.149602     22   -242.544355  0.000402   -242.544444  0.000039    1.038110  0.000227  151.77
   880    299.150795     22   -242.544386  0.000394   -242.544439  0.000039    1.038103  0.000222  154.49
   900    299.149759     22   -242.544368  0.000385   -242.544436  0.000038    1.038065  0.000217  157.21
   920    299.148569     22   -242.544345  0.000391   -242.544444  0.000037    1.038079  0.000225  159.92
   940    299.148957     24   -242.544429  0.000391   -242.544433  0.000038    1.038105  0.000225  162.64
   960    299.148598     26   -242.544414  0.000393   -242.544438  0.000037    1.038117  0.000221  165.36
   980    299.148285     26   -242.544444  0.000383   -242.544437  0.000037    1.038121  0.000218  168.08
  1000    299.149405     26   -242.544494  0.000381   -242.544425  0.000036    1.038056  0.000220  170.85

Post Propagation Process
Total number of samples 1000
Raw AFQMC/HF (Guide) energy:           -242.544494 ± 0.000381
Raw Trial/Guide overlap ratio:          1.038056 ± 0.000220
Raw AFQMC/pt2CCSD energy (covariance): -242.544425 ± 0.000036
Raw AFQMC/pt2CCSD energy (dir sample): -242.544425 ± 0.000029

Remove Outliers
removing energies outside zeta > 30
Outlier energy bound [-242.561425, -242.527460]
Removed 1 outliers with energies [-242.52731507]
Clean AFQMC/pt2CCSD overlap ratio:        1.038056 ± 0.000213
Clean AFQMC/pt2CCSD energy (covariance): -242.544439 ± 0.000034
Clean AFQMC/ptCCSD energy (dir sample):  -242.544439 ± 0.000024

Blocking Analysis
nsample = 999, max_block_size = 24, min_nblocks = 40
   B    NB    NS  Observable     Error    dError
   1   999   999    1.038056  0.000069  0.000002
   2   499   998    1.038057  0.000090  0.000003
   3   333   999    1.038056  0.000105  0.000004
   4   249   996    1.038065  0.000119  0.000005
   5   199   995    1.038068  0.000128  0.000006
   6   166   996    1.038065  0.000135  0.000007
   7   142   994    1.038070  0.000144  0.000009
   8   124   992    1.038077  0.000152  0.000010
   9   111   999    1.038056  0.000156  0.000011
  10    99   990    1.038085  0.000160  0.000011
  11    90   990    1.038085  0.000169  0.000013
  12    83   996    1.038065  0.000172  0.000013
  13    76   988    1.038094  0.000172  0.000014
  14    71   994    1.038070  0.000183  0.000015
  15    66   990    1.038085  0.000181  0.000016
  16    62   992    1.038077  0.000192  0.000017
  17    58   986    1.038101  0.000185  0.000017
  18    55   990    1.038085  0.000187  0.000018
  19    52   988    1.038094  0.000195  0.000019
  20    49   980    1.038122  0.000199  0.000020
  21    47   987    1.038098  0.000197  0.000021
  22    45   990    1.038085  0.000196  0.000021
  23    43   989    1.038089  0.000213  0.000023
  24    41   984    1.038109  0.000211  0.000024
Fit (variance): plateau_var = 4.875e-08 ± 7.065e-09
Fit (error):    plateau = 0.000221 ± 0.000016
     autocorrelation length ~ 13.1 blocks
     plateau reached at block size ~ 61
     !!!Failed to reach plateau in blocking
     Return max block error
nclean = 999, max_block_size = 24, min_nblocks = 40
Blk_SZ   NBlk   NSmp      Energy     Error    dError
     1    999    999  -242.544419  0.000024  0.000001
     2    499    998  -242.544420  0.000027  0.000001
     3    333    999  -242.544423  0.000030  0.000001
     4    249    996  -242.544423  0.000032  0.000001
     5    199    995  -242.544422  0.000032  0.000002
     6    166    996  -242.544425  0.000033  0.000002
     7    142    994  -242.544426  0.000034  0.000002
     8    124    992  -242.544428  0.000034  0.000002
     9    111    999  -242.544427  0.000034  0.000002
    10     99    990  -242.544429  0.000035  0.000003
    11     90    990  -242.544429  0.000035  0.000003
    12     83    996  -242.544429  0.000037  0.000003
    13     76    988  -242.544433  0.000035  0.000003
    14     71    994  -242.544428  0.000035  0.000003
    15     66    990  -242.544431  0.000036  0.000003
    16     62    992  -242.544431  0.000037  0.000003
    17     58    986  -242.544436  0.000036  0.000003
    18     55    990  -242.544433  0.000035  0.000003
    19     52    988  -242.544434  0.000036  0.000004
    20     49    980  -242.544442  0.000034  0.000004
    21     47    987  -242.544435  0.000039  0.000004
    22     45    990  -242.544434  0.000033  0.000004
    23     43    989  -242.544433  0.000040  0.000004
    24     41    984  -242.544439  0.000037  0.000004
Fit (variance): plateau_var = 1.287962e-09 ± 6.768016e-11
Fit (error):    plateau = 0.000036 ± 0.000001
     autocorrelation length ~ 3.6 blocks
     plateau reached at block size ~ 16
Final AFQMC/pt2CCSD overlap ratio: 1.038056 ± 0.000213
Final AFQMC/pt2CCSD energy: -242.544439 ± 0.000036
Total run time: 178.99

AFQMC Sampling Finished

QMC script: /u/yzhang65/myprojects/software/afqmc/afqmc/scripts/run_afqmc_pt2ccsd.py
  => E_HF(alh)      = -242.4622786737 Eh
  => E_CCSD(alh)    = -242.5428191073 Eh
  => E_AFQMC(alh)   = -242.54444 +/- 0.00004 Eh

============================================================
Running: alh3  charge=0  spin=0
============================================================
output file: ../../result/molout/closed_shell/alh3_vtzfp.out

Preparing AFQMC calculation
Calculating Cholesky integrals
Alpha Cholesky shape: (346, 61, 61) 
 Beta Cholesky shape: (346, 61, 61) 
Finished calculating Cholesky integrals
Size of the correlation space:
Number of electrons:        [3 3]
Number of basis functions:  56
Number of Cholesky vectors: 346

    ________                     _____                    
    ___  __ \___  __________________(_)_____________ _    
    __  /_/ /  / / /_  __ \_  __ \_  /__  __ \_  __ `/    
    _  _, _// /_/ /_  / / /  / / /  / _  / / /  /_/ /     
    /_/ |_| \__,_/ /_/ /_//_/ /_//_/  /_/ /_/_\__, /      
                                             /____/       
    _____________________________  ___________            
    ___    |__  ____/_  __ \__   |/  /_  ____/            
    __  /| |_  /_   _  / / /_  /|_/ /_  /                 
    _  ___ |  __/   / /_/ /_  /  / / / /___               
    /_/  |_/_/      \___\_\/_/  /_/  \____/               

Hostname:     gpua020.delta.ncsa.illinois.edu
System:       Linux
Node:         gpua020.delta.ncsa.illinois.edu
Release:      5.14.0-427.91.1.el9_4.x86_64
Machine:      x86_64
Processor:    x86_64
JAX backend:  GPU
JAX devices:  [CudaDevice(id=0)]
Device kind:  NVIDIA A100-SXM4-40GB
Platform:     gpu

Load system from Integral File
Maximum memory per walker:            66.67 MB
Maximum number of Cholesky per chunk: 696
Number of Cholesky chunks:            1
Number of Cholesky per chunk:         346
Number of padding Cholesky:           0

QMC System
Number of electrons: (3, 3)
Spin Multiplicity:   0
Number of orbitals:  56
Number of Chol:      346

QMC Parameters
eql_time            :                   50
n_blocks            :                 1000
n_walkers           :                  300
max_error           :                  0.0
seed                :                   17
walker_type         :                  uhf
trial               :             upt2ccsd
mix_precision       :                 True
max_memory          :                20000
dt                  :                0.005
n_exp_terms         :                    6
n_prop_steps        :                   50
save_walkers        :                False
free_projection     :                False
n_batch             :                    1
nchol_chunk         :                  346

Initalize QMC walkers by stochastic CCSD

Equilibration
inv_T        weight  killW        energy   runTime
 0.00    300.000000      0   -243.757314      8.81
 5.00    299.579989      0   -243.763390     15.16
10.00    299.252862      0   -243.759253     16.58
15.00    299.436727      0   -243.754205     18.00
20.00    299.536093      0   -243.767417     19.43
25.00    299.054789      0   -243.761712     20.85
30.00    299.372524      0   -243.759978     22.27
35.00    299.330930      0   -243.757951     23.69
40.00    299.012707      0   -243.760743     25.11
45.00    299.083069      0   -243.755853     26.54
50.00    299.392276      0   -243.763485     27.96

Sampling
blocks        weight  killW       E_Guide     error       E_Trial     error     olp_T/G     error  Walltime
    20    299.233590      0   -243.759643  0.002277   -243.759369  0.000205    1.001288  0.000224   40.27
    40    299.236507      0   -243.762175  0.003280   -243.759457  0.000156    1.000852  0.000302   48.33
    60    299.224303      0   -243.761438  0.002083   -243.759400  0.000112    1.000821  0.000194   56.46
    80    299.221731      0   -243.760510  0.001680   -243.759357  0.000089    1.000874  0.000146   64.60
   100    299.225768      0   -243.760487  0.001242   -243.759302  0.000075    1.000874  0.000118   72.73
   120    299.219640      0   -243.760092  0.001133   -243.759287  0.000065    1.000890  0.000100   80.86
   140    299.207307      1   -243.759673  0.001017   -243.759272  0.000057    1.000821  0.000097   88.99
   160    299.199764      1   -243.759226  0.000979   -243.759293  0.000053    1.000874  0.000092   97.13
   180    299.201592      1   -243.759168  0.000832   -243.759295  0.000048    1.000903  0.000084  105.26
   200    299.205028      1   -243.759365  0.000767   -243.759291  0.000045    1.000934  0.000079  113.39
   220    299.203755      1   -243.759788  0.000750   -243.759262  0.000044    1.000942  0.000073  121.53
   240    299.202279      1   -243.759660  0.000708   -243.759252  0.000041    1.000968  0.000069  129.66
   260    299.205077      1   -243.759463  0.000662   -243.759248  0.000038    1.001000  0.000067  137.79
   280    299.203170      1   -243.759531  0.000613   -243.759262  0.000036    1.000981  0.000064  145.92
   300    299.199295      1   -243.759870  0.000621   -243.759257  0.000035    1.000967  0.000060  154.05
   320    299.196220      1   -243.759870  0.000593   -243.759265  0.000034    1.000962  0.000058  162.19
   340    299.201213      2   -243.759909  0.000578   -243.759274  0.000034    1.000985  0.000058  170.32
   360    299.200588      2   -243.760105  0.000551   -243.759268  0.000035    1.000990  0.000055  178.46
   380    299.194040      2   -243.759957  0.000543   -243.759257  0.000034    1.000981  0.000053  186.59
   400    299.192405      3   -243.759905  0.000519   -243.759254  0.000033    1.000996  0.000052  194.72
   420    299.185245      3   -243.759734  0.000527   -243.759250  0.000032    1.000986  0.000050  202.86
   440    299.186956      3   -243.759986  0.000547   -243.759255  0.000031    1.000981  0.000048  210.98
   460    299.188014      3   -243.760120  0.000533   -243.759237  0.000031    1.000977  0.000047  219.12
   480    299.185679      3   -243.760031  0.000523   -243.759242  0.000030    1.000974  0.000045  227.25
   500    299.183499      3   -243.759970  0.000512   -243.759248  0.000029    1.000950  0.000047  235.38
   520    299.183291      3   -243.760011  0.000521   -243.759252  0.000028    1.000934  0.000049  243.51
   540    299.179998      3   -243.759992  0.000509   -243.759256  0.000028    1.000921  0.000049  251.65
   560    299.179955      3   -243.759870  0.000493   -243.759262  0.000027    1.000915  0.000048  259.78
   580    299.179645      3   -243.759845  0.000485   -243.759269  0.000027    1.000914  0.000046  267.92
   600    299.178607      3   -243.759875  0.000473   -243.759273  0.000026    1.000920  0.000045  276.05
   620    299.176064      3   -243.759863  0.000464   -243.759274  0.000026    1.000919  0.000044  284.18
   640    299.177009      3   -243.759860  0.000461   -243.759288  0.000026    1.000903  0.000045  292.31
   660    299.177364      4   -243.759853  0.000446   -243.759293  0.000025    1.000890  0.000045  300.45
   680    299.178285      4   -243.759869  0.000456   -243.759298  0.000025    1.000878  0.000046  308.58
   700    299.178613      4   -243.759900  0.000448   -243.759297  0.000024    1.000872  0.000046  316.72
   720    299.179123      4   -243.759857  0.000438   -243.759295  0.000024    1.000866  0.000045  324.85
   740    299.181577      4   -243.759867  0.000428   -243.759304  0.000023    1.000867  0.000044  332.98
   760    299.180997      4   -243.759780  0.000420   -243.759308  0.000023    1.000863  0.000043  341.11
   780    299.180804      5   -243.759853  0.000419   -243.759311  0.000023    1.000858  0.000043  349.25
   800    299.180316      5   -243.759901  0.000416   -243.759318  0.000023    1.000858  0.000044  357.38
   820    299.180126      5   -243.759992  0.000409   -243.759318  0.000023    1.000855  0.000043  365.52
   840    299.178473      6   -243.760030  0.000404   -243.759321  0.000022    1.000861  0.000043  373.65
   860    299.178955      6   -243.760050  0.000397   -243.759324  0.000022    1.000861  0.000042  381.79
   880    299.180102      6   -243.760073  0.000399   -243.759327  0.000023    1.000859  0.000041  389.93
   900    299.179739      6   -243.760051  0.000396   -243.759323  0.000022    1.000851  0.000041  398.07
   920    299.178795      6   -243.760031  0.000382   -243.759322  0.000022    1.000850  0.000041  406.22
   940    299.178840      6   -243.760095  0.000378   -243.759330  0.000022    1.000849  0.000041  414.33
   960    299.178429      7   -243.760110  0.000373   -243.759329  0.000022    1.000846  0.000040  422.47
   980    299.177247      7   -243.760029  0.000372   -243.759331  0.000022    1.000848  0.000039  430.60
  1000    299.176327      7   -243.759998  0.000368   -243.759338  0.000022    1.000849  0.000038  438.74

Post Propagation Process
Total number of samples 1000
Raw AFQMC/HF (Guide) energy:           -243.759998 ± 0.000368
Raw Trial/Guide overlap ratio:          1.000849 ± 0.000038
Raw AFQMC/pt2CCSD energy (covariance): -243.759338 ± 0.000022
Raw AFQMC/pt2CCSD energy (dir sample): -243.759338 ± 0.000017

Remove Outliers
removing energies outside zeta > 30
Outlier energy bound [-243.771577, -243.746998]
Removed 0 outliers with energies []
Clean AFQMC/pt2CCSD overlap ratio:        1.000849 ± 0.000038
Clean AFQMC/pt2CCSD energy (covariance): -243.759338 ± 0.000022
Clean AFQMC/ptCCSD energy (dir sample):  -243.759338 ± 0.000017

Blocking Analysis
nsample = 1000, max_block_size = 25, min_nblocks = 40
   B    NB    NS  Observable     Error    dError
   1  1000  1000    1.000849  0.000012  0.000000
   2   500  1000    1.000849  0.000017  0.000001
   3   333   999    1.000849  0.000020  0.000001
   4   250  1000    1.000849  0.000022  0.000001
   5   200  1000    1.000849  0.000024  0.000001
   6   166   996    1.000849  0.000025  0.000001
   7   142   994    1.000849  0.000027  0.000002
   8   125  1000    1.000849  0.000028  0.000002
   9   111   999    1.000849  0.000029  0.000002
  10   100  1000    1.000849  0.000031  0.000002
  11    90   990    1.000849  0.000031  0.000002
  12    83   996    1.000849  0.000031  0.000002
  13    76   988    1.000849  0.000033  0.000003
  14    71   994    1.000849  0.000032  0.000003
  15    66   990    1.000849  0.000034  0.000003
  16    62   992    1.000848  0.000034  0.000003
  17    58   986    1.000850  0.000035  0.000003
  18    55   990    1.000849  0.000035  0.000003
  19    52   988    1.000849  0.000035  0.000004
  20    50  1000    1.000849  0.000037  0.000004
  21    47   987    1.000850  0.000036  0.000004
  22    45   990    1.000849  0.000037  0.000004
  23    43   989    1.000849  0.000038  0.000004
  24    41   984    1.000850  0.000038  0.000004
  25    40  1000    1.000849  0.000038  0.000004
Fit (variance): plateau_var = 1.552e-09 ± 1.787e-10
Fit (error):    plateau = 0.000039 ± 0.000002
     autocorrelation length ~ 11.2 blocks
     plateau reached at block size ~ 52
     !!!Failed to reach plateau in blocking
     Return max block error
nclean = 1000, max_block_size = 25, min_nblocks = 40
Blk_SZ   NBlk   NSmp      Energy     Error    dError
     1   1000   1000  -243.759328  0.000017  0.000000
     2    500   1000  -243.759330  0.000020  0.000001
     3    333    999  -243.759329  0.000022  0.000001
     4    250   1000  -243.759331  0.000024  0.000001
     5    200   1000  -243.759332  0.000024  0.000001
     6    166    996  -243.759326  0.000026  0.000001
     7    142    994  -243.759326  0.000023  0.000001
     8    125   1000  -243.759333  0.000026  0.000002
     9    111    999  -243.759331  0.000026  0.000002
    10    100   1000  -243.759333  0.000024  0.000002
    11     90    990  -243.759328  0.000024  0.000002
    12     83    996  -243.759328  0.000025  0.000002
    13     76    988  -243.759327  0.000025  0.000002
    14     71    994  -243.759328  0.000025  0.000002
    15     66    990  -243.759328  0.000024  0.000002
    16     62    992  -243.759328  0.000027  0.000002
    17     58    986  -243.759327  0.000026  0.000002
    18     55    990  -243.759329  0.000027  0.000003
    19     52    988  -243.759329  0.000025  0.000002
    20     50   1000  -243.759335  0.000025  0.000003
    21     47    987  -243.759329  0.000024  0.000003
    22     45    990  -243.759330  0.000026  0.000003
    23     43    989  -243.759329  0.000027  0.000003
    24     41    984  -243.759329  0.000029  0.000003
    25     40   1000  -243.759336  0.000029  0.000003
Fit (variance): plateau_var = 6.538044e-10 ± 2.845918e-11
Fit (error):    plateau = 0.000026 ± 0.000001
     autocorrelation length ~ 2.5 blocks
     plateau reached at block size ~ 12
Final AFQMC/pt2CCSD overlap ratio: 1.000849 ± 0.000038
Final AFQMC/pt2CCSD energy: -243.759338 ± 0.000026
Total run time: 447.17

AFQMC Sampling Finished

QMC script: /u/yzhang65/myprojects/software/afqmc/afqmc/scripts/run_afqmc_pt2ccsd.py
  => E_HF(alh3)      = -243.6439579358 Eh
  => E_CCSD(alh3)    = -243.7573976571 Eh
  => E_AFQMC(alh3)   = -243.75934 +/- 0.00003 Eh

============================================================
Running: allene  charge=0  spin=0
============================================================
output file: ../../result/molout/closed_shell/allene_vtzfp.out

Preparing AFQMC calculation
Calculating Cholesky integrals
Alpha Cholesky shape: (712, 126, 126) 
 Beta Cholesky shape: (712, 126, 126) 
Finished calculating Cholesky integrals
Size of the correlation space:
Number of electrons:        [8 8]
Number of basis functions:  123
Number of Cholesky vectors: 712

    ________                     _____                    
    ___  __ \___  __________________(_)_____________ _    
    __  /_/ /  / / /_  __ \_  __ \_  /__  __ \_  __ `/    
    _  _, _// /_/ /_  / / /  / / /  / _  / / /  /_/ /     
    /_/ |_| \__,_/ /_/ /_//_/ /_//_/  /_/ /_/_\__, /      
                                             /____/       
    _____________________________  ___________            
    ___    |__  ____/_  __ \__   |/  /_  ____/            
    __  /| |_  /_   _  / / /_  /|_/ /_  /                 
    _  ___ |  __/   / /_/ /_  /  / / / /___               
    /_/  |_/_/      \___\_\/_/  /_/  \____/               

Hostname:     gpua020.delta.ncsa.illinois.edu
System:       Linux
Node:         gpua020.delta.ncsa.illinois.edu
Release:      5.14.0-427.91.1.el9_4.x86_64
Machine:      x86_64
Processor:    x86_64
JAX backend:  GPU
JAX devices:  [CudaDevice(id=0)]
Device kind:  NVIDIA A100-SXM4-40GB
Platform:     gpu

Load system from Integral File
Maximum memory per walker:            66.67 MB
Maximum number of Cholesky per chunk: 144
Number of Cholesky chunks:            5
Number of Cholesky per chunk:         143
Number of padding Cholesky:           3

QMC System
Number of electrons: (8, 8)
Spin Multiplicity:   0
Number of orbitals:  123
Number of Chol:      712

QMC Parameters
eql_time            :                   50
n_blocks            :                 1000
n_walkers           :                  300
max_error           :                  0.0
seed                :                   17
walker_type         :                  uhf
trial               :             upt2ccsd
mix_precision       :                 True
max_memory          :                20000
dt                  :                0.005
n_exp_terms         :                    6
n_prop_steps        :                   50
save_walkers        :                False
free_projection     :                False
n_batch             :                    1
nchol_chunk         :                  143

Initalize QMC walkers by stochastic CCSD

Equilibration
inv_T        weight  killW        energy   runTime
 0.00    300.000000      0   -116.403106     12.78
 5.00    298.832365      0   -116.450699     25.29
10.00    298.783903      0   -116.440834     31.56
15.00    300.134460      0   -116.492327     37.82
20.00    299.116867      0   -116.424214     44.08
25.00    298.510160      0   -116.439754     50.38
30.00    298.616484      0   -116.393328     56.64
35.00    298.626437      0   -116.426198     62.91
40.00    299.010809      0   -116.440898     69.17
45.00    299.071046      0   -116.427824     75.43
50.00    299.451967      0   -116.452146     81.69

Sampling
blocks        weight  killW       E_Guide     error       E_Trial     error     olp_T/G     error  Walltime
    20    298.925772      0   -116.431941  0.006164   -116.428826  0.001169    1.003478  0.000595  146.47
    40    298.885938      0   -116.433330  0.007051   -116.428167  0.000808    1.003705  0.000428  205.86
    60    298.775297      0   -116.431418  0.005753   -116.428218  0.000623    1.003447  0.000299  265.31
    80    298.746830      0   -116.428296  0.004530   -116.428037  0.000523    1.003491  0.000225  324.76
   100    298.745736      0   -116.429448  0.003466   -116.428152  0.000476    1.003557  0.000177  384.24
   120    298.766772      0   -116.430534  0.003128   -116.428298  0.000432    1.003595  0.000158  443.67
   140    298.762890      0   -116.430304  0.003038   -116.428501  0.000415    1.003579  0.000158  503.13
   160    298.764576      0   -116.431419  0.002751   -116.428824  0.000438    1.003575  0.000138  562.57
   180    298.754337      0   -116.431823  0.002443   -116.428740  0.000398    1.003536  0.000127  622.40
   200    298.728862      0   -116.430768  0.002356   -116.428632  0.000369    1.003519  0.000115  681.79
   220    298.698475      0   -116.429767  0.002280   -116.428544  0.000357    1.003442  0.000120  741.22
   240    298.680960      0   -116.429164  0.002117   -116.428501  0.000343    1.003435  0.000117  800.65
   260    298.666507      0   -116.429202  0.001990   -116.428420  0.000323    1.003439  0.000108  860.15
   280    298.654271      0   -116.429012  0.001898   -116.428422  0.000308    1.003415  0.000102  919.61
   300    298.639634      1   -116.428373  0.001814   -116.428323  0.000296    1.003419  0.000096  979.07
   320    298.636274      1   -116.428321  0.001760   -116.428433  0.000292    1.003399  0.000091 1038.52
   340    298.632007      1   -116.429311  0.001865   -116.428704  0.000316    1.003403  0.000086 1097.99
   360    298.624816      1   -116.429562  0.001932   -116.428685  0.000307    1.003420  0.000083 1157.43
   380    298.612959      1   -116.429009  0.001881   -116.428608  0.000296    1.003431  0.000084 1216.98
   400    298.601074      1   -116.428979  0.001803   -116.428557  0.000286    1.003433  0.000080 1276.43
   420    298.603036      1   -116.429231  0.001737   -116.428601  0.000278    1.003401  0.000080 1336.30
   440    298.605224      1   -116.429634  0.001796   -116.428829  0.000333    1.003420  0.000077 1395.75
   460    298.605276      1   -116.429506  0.001726   -116.428890  0.000326    1.003422  0.000074 1455.19
   480    298.599826      1   -116.429167  0.001672   -116.428797  0.000315    1.003427  0.000071 1514.62
   500    298.598909      1   -116.429390  0.001611   -116.428742  0.000305    1.003435  0.000069 1574.08
   520    298.602100      1   -116.429782  0.001590   -116.428823  0.000297    1.003420  0.000068 1633.53
   540    298.612612      1   -116.430753  0.001732   -116.428934  0.000295    1.003412  0.000066 1692.96
   560    298.612724      1   -116.430712  0.001784   -116.428892  0.000287    1.003400  0.000064 1752.40
   580    298.611849      1   -116.430946  0.001761   -116.428916  0.000281    1.003386  0.000064 1811.94
   600    298.607641      1   -116.431052  0.001721   -116.428932  0.000276    1.003386  0.000061 1871.37
   620    298.607613      2   -116.431494  0.001685   -116.429059  0.000277    1.003378  0.000060 1930.84
   640    298.607960      2   -116.431641  0.001652   -116.429080  0.000271    1.003387  0.000064 1990.25
   660    298.603105      2   -116.431542  0.001601   -116.429029  0.000264    1.003391  0.000063 2050.18
   680    298.596780      3   -116.431371  0.001567   -116.429004  0.000258    1.003375  0.000063 2109.64
   700    298.593042      3   -116.431272  0.001545   -116.428940  0.000253    1.003372  0.000062 2169.07
   720    298.595393      3   -116.431394  0.001514   -116.428919  0.000247    1.003369  0.000060 2228.49
   740    298.594085      3   -116.431415  0.001477   -116.428924  0.000242    1.003374  0.000059 2287.96
   760    298.589954      3   -116.431304  0.001446   -116.428940  0.000238    1.003357  0.000061 2347.45
   780    298.592553      3   -116.431456  0.001427   -116.428971  0.000234    1.003336  0.000063 2406.88
   800    298.588876      3   -116.431455  0.001396   -116.428932  0.000231    1.003318  0.000065 2466.39
   820    298.584864      3   -116.431509  0.001370   -116.428894  0.000228    1.003318  0.000063 2525.83
   840    298.577960      3   -116.431179  0.001378   -116.428846  0.000223    1.003301  0.000063 2585.33
   860    298.574336      3   -116.431138  0.001369   -116.428850  0.000220    1.003287  0.000063 2644.73
   880    298.570960      3   -116.431072  0.001336   -116.428875  0.000216    1.003281  0.000062 2704.17
   900    298.565973      3   -116.430786  0.001313   -116.428836  0.000212    1.003284  0.000061 2763.63
   920    298.566895      3   -116.430910  0.001308   -116.428910  0.000212    1.003286  0.000060 2823.10
   940    298.569626      3   -116.431211  0.001296   -116.428937  0.000209    1.003294  0.000059 2882.53
   960    298.569370      3   -116.431237  0.001301   -116.428920  0.000206    1.003304  0.000059 2941.96
   980    298.571800      3   -116.431352  0.001273   -116.428968  0.000205    1.003302  0.000058 3001.42
  1000    298.571876      3   -116.431399  0.001252   -116.428977  0.000203    1.003301  0.000057 3060.94

Post Propagation Process
Total number of samples 1000
Raw AFQMC/HF (Guide) energy:           -116.431399 ± 0.001252
Raw Trial/Guide overlap ratio:          1.003301 ± 0.000057
Raw AFQMC/pt2CCSD energy (covariance): -116.428977 ± 0.000203
Raw AFQMC/pt2CCSD energy (dir sample): -116.428977 ± 0.000156

Remove Outliers
removing energies outside zeta > 30
Outlier energy bound [-116.541565, -116.314483]
Removed 0 outliers with energies []
Clean AFQMC/pt2CCSD overlap ratio:        1.003301 ± 0.000057
Clean AFQMC/pt2CCSD energy (covariance): -116.428977 ± 0.000203
Clean AFQMC/ptCCSD energy (dir sample):  -116.428977 ± 0.000156

Blocking Analysis
nsample = 1000, max_block_size = 25, min_nblocks = 40
   B    NB    NS  Observable     Error    dError
   1  1000  1000    1.003301  0.000022  0.000000
   2   500  1000    1.003301  0.000028  0.000001
   3   333   999    1.003301  0.000033  0.000001
   4   250  1000    1.003301  0.000037  0.000002
   5   200  1000    1.003301  0.000039  0.000002
   6   166   996    1.003299  0.000042  0.000002
   7   142   994    1.003298  0.000044  0.000003
   8   125  1000    1.003301  0.000045  0.000003
   9   111   999    1.003301  0.000047  0.000003
  10   100  1000    1.003301  0.000049  0.000003
  11    90   990    1.003302  0.000048  0.000004
  12    83   996    1.003298  0.000050  0.000004
  13    76   988    1.003303  0.000051  0.000004
  14    71   994    1.003298  0.000050  0.000004
  15    66   990    1.003302  0.000049  0.000004
  16    62   992    1.003300  0.000054  0.000005
  17    58   986    1.003302  0.000051  0.000005
  18    55   990    1.003302  0.000052  0.000005
  19    52   988    1.003303  0.000057  0.000006
  20    50  1000    1.003301  0.000051  0.000005
  21    47   987    1.003303  0.000055  0.000006
  22    45   990    1.003302  0.000055  0.000006
  23    43   989    1.003302  0.000055  0.000006
  24    41   984    1.003302  0.000053  0.000006
  25    40  1000    1.003301  0.000054  0.000006
Fit (variance): plateau_var = 2.998e-09 ± 2.288e-10
Fit (error):    plateau = 0.000055 ± 0.000002
     autocorrelation length ~ 7.0 blocks
     plateau reached at block size ~ 33
     !!!Failed to reach plateau in blocking
     Return max block error
nclean = 1000, max_block_size = 25, min_nblocks = 40
Blk_SZ   NBlk   NSmp      Energy     Error    dError
     1   1000   1000  -116.428787  0.000156  0.000003
     2    500   1000  -116.428828  0.000181  0.000006
     3    333    999  -116.428847  0.000200  0.000008
     4    250   1000  -116.428861  0.000199  0.000009
     5    200   1000  -116.428878  0.000216  0.000011
     6    166    996  -116.428903  0.000217  0.000012
     7    142    994  -116.428905  0.000232  0.000014
     8    125   1000  -116.428896  0.000210  0.000013
     9    111    999  -116.428903  0.000233  0.000016
    10    100   1000  -116.428913  0.000231  0.000016
    11     90    990  -116.428912  0.000238  0.000018
    12     83    996  -116.428934  0.000232  0.000018
    13     76    988  -116.428915  0.000226  0.000018
    14     71    994  -116.428926  0.000225  0.000019
    15     66    990  -116.428913  0.000245  0.000022
    16     62    992  -116.428925  0.000224  0.000020
    17     58    986  -116.428925  0.000234  0.000022
    18     55    990  -116.428923  0.000250  0.000024
    19     52    988  -116.428931  0.000243  0.000024
    20     50   1000  -116.428942  0.000243  0.000025
    21     47    987  -116.428924  0.000253  0.000026
    22     45    990  -116.428927  0.000246  0.000026
    23     43    989  -116.428928  0.000253  0.000028
    24     41    984  -116.428928  0.000245  0.000027
    25     40   1000  -116.428944  0.000241  0.000027
Fit (variance): plateau_var = 5.657323e-08 ± 3.024879e-09
Fit (error):    plateau = 0.000238 ± 0.000006
     autocorrelation length ~ 3.8 blocks
     plateau reached at block size ~ 17
Final AFQMC/pt2CCSD overlap ratio: 1.003301 ± 0.000057
Final AFQMC/pt2CCSD energy: -116.428977 ± 0.000238
Total run time: 3079.87

AFQMC Sampling Finished

QMC script: /u/yzhang65/myprojects/software/afqmc/afqmc/scripts/run_afqmc_pt2ccsd.py
  => E_HF(allene)      = -115.9047338846 Eh
  => E_CCSD(allene)    = -116.4039912787 Eh
  => E_AFQMC(allene)   = -116.42898 +/- 0.00024 Eh

============================================================
Running: b2h6  charge=0  spin=0
============================================================
output file: ../../result/molout/closed_shell/b2h6_vtzfp.out

Preparing AFQMC calculation
Calculating Cholesky integrals
Alpha Cholesky shape: (637, 114, 114) 
 Beta Cholesky shape: (637, 114, 114) 
Finished calculating Cholesky integrals
Size of the correlation space:
Number of electrons:        [6 6]
Number of basis functions:  112
Number of Cholesky vectors: 637

    ________                     _____                    
    ___  __ \___  __________________(_)_____________ _    
    __  /_/ /  / / /_  __ \_  __ \_  /__  __ \_  __ `/    
    _  _, _// /_/ /_  / / /  / / /  / _  / / /  /_/ /     
    /_/ |_| \__,_/ /_/ /_//_/ /_//_/  /_/ /_/_\__, /      
                                             /____/       
    _____________________________  ___________            
    ___    |__  ____/_  __ \__   |/  /_  ____/            
    __  /| |_  /_   _  / / /_  /|_/ /_  /                 
    _  ___ |  __/   / /_/ /_  /  / / / /___               
    /_/  |_/_/      \___\_\/_/  /_/  \____/               

Hostname:     gpua020.delta.ncsa.illinois.edu
System:       Linux
Node:         gpua020.delta.ncsa.illinois.edu
Release:      5.14.0-427.91.1.el9_4.x86_64
Machine:      x86_64
Processor:    x86_64
JAX backend:  GPU
JAX devices:  [CudaDevice(id=0)]
Device kind:  NVIDIA A100-SXM4-40GB
Platform:     gpu

Load system from Integral File
Maximum memory per walker:            66.67 MB
Maximum number of Cholesky per chunk: 174
Number of Cholesky chunks:            4
Number of Cholesky per chunk:         160
Number of padding Cholesky:           3

QMC System
Number of electrons: (6, 6)
Spin Multiplicity:   0
Number of orbitals:  112
Number of Chol:      637

QMC Parameters
eql_time            :                   50
n_blocks            :                 1000
n_walkers           :                  300
max_error           :                  0.0
seed                :                   17
walker_type         :                  uhf
trial               :             upt2ccsd
mix_precision       :                 True
max_memory          :                20000
dt                  :                0.005
n_exp_terms         :                    6
n_prop_steps        :                   50
save_walkers        :                False
free_projection     :                False
n_batch             :                    1
nchol_chunk         :                  160

Initalize QMC walkers by stochastic CCSD

Equilibration
inv_T        weight  killW        energy   runTime
 0.00    300.000000      0    -53.125060     21.35
 5.00    299.586451      0    -53.141940     32.28
10.00    299.244503      0    -53.145153     37.07
15.00    298.807805      0    -53.132328     41.85
20.00    299.117666      0    -53.132830     46.63
25.00    298.884784      0    -53.128608     51.42
30.00    298.989988      0    -53.140169     56.20
35.00    298.534301      0    -53.138623     60.98
40.00    298.895732      0    -53.133512     65.79
45.00    298.803181      0    -53.145371     70.57
50.00    299.399550      0    -53.129529     75.36

Sampling
blocks        weight  killW       E_Guide     error       E_Trial     error     olp_T/G     error  Walltime
    20    298.865881      0    -53.140319  0.004424    -53.135599  0.000346    1.001207  0.000134  125.31
    40    298.800007      0    -53.137151  0.002601    -53.135385  0.000215    1.001286  0.000142  170.10
    60    298.830246      0    -53.138182  0.002224    -53.135357  0.000185    1.001380  0.000124  214.99
    80    298.844066      0    -53.138919  0.001703    -53.135536  0.000171    1.001434  0.000126  259.87
   100    298.852856      0    -53.140602  0.001911    -53.135692  0.000167    1.001514  0.000105  304.75
   120    298.836948      0    -53.139711  0.001656    -53.135652  0.000157    1.001557  0.000098  349.61
   140    298.823352      0    -53.139402  0.001473    -53.135546  0.000150    1.001477  0.000101  394.50
   160    298.814544      0    -53.139145  0.001264    -53.135635  0.000149    1.001430  0.000098  439.38
   180    298.803163      0    -53.138675  0.001178    -53.135595  0.000138    1.001473  0.000090  484.26
   200    298.804276      0    -53.138561  0.001115    -53.135605  0.000129    1.001485  0.000082  529.13
   220    298.788632      0    -53.137842  0.001140    -53.135560  0.000120    1.001498  0.000077  574.02
   240    298.790321      0    -53.137994  0.001057    -53.135603  0.000113    1.001533  0.000074  619.22
   260    298.778532      0    -53.137768  0.001005    -53.135601  0.000106    1.001532  0.000070  664.05
   280    298.769708      0    -53.137356  0.000976    -53.135603  0.000101    1.001538  0.000063  708.93
   300    298.754871      0    -53.137447  0.000933    -53.135569  0.000097    1.001535  0.000062  753.82
   320    298.755719      0    -53.137707  0.000901    -53.135585  0.000103    1.001549  0.000058  798.71
   340    298.753820      0    -53.138223  0.000946    -53.135595  0.000121    1.001544  0.000057  843.61
   360    298.750859      0    -53.137961  0.000901    -53.135558  0.000115    1.001561  0.000055  888.47
   380    298.754242      0    -53.138127  0.000863    -53.135561  0.000111    1.001569  0.000052  933.36
   400    298.750022      0    -53.137926  0.000834    -53.135559  0.000107    1.001570  0.000051  978.26
   420    298.751258      0    -53.137945  0.000800    -53.135617  0.000105    1.001526  0.000056 1023.14
   440    298.750034      0    -53.138044  0.000788    -53.135637  0.000104    1.001510  0.000058 1068.03
   460    298.744304      0    -53.138072  0.000768    -53.135673  0.000101    1.001521  0.000057 1112.91
   480    298.743725      0    -53.138014  0.000771    -53.135668  0.000098    1.001523  0.000055 1157.79
   500    298.739247      0    -53.137879  0.000758    -53.135657  0.000096    1.001512  0.000054 1202.68
   520    298.738775      0    -53.137927  0.000760    -53.135636  0.000093    1.001527  0.000054 1247.63
   540    298.738898      0    -53.137786  0.000752    -53.135632  0.000090    1.001534  0.000053 1292.69
   560    298.738609      0    -53.137760  0.000736    -53.135624  0.000088    1.001524  0.000053 1337.59
   580    298.743577      0    -53.137981  0.000711    -53.135634  0.000086    1.001526  0.000051 1382.50
   600    298.743399      0    -53.137897  0.000703    -53.135647  0.000084    1.001540  0.000051 1427.38
   620    298.739687      0    -53.137705  0.000703    -53.135644  0.000082    1.001532  0.000049 1472.27
   640    298.739468      0    -53.137745  0.000702    -53.135639  0.000080    1.001531  0.000050 1517.14
   660    298.737959      0    -53.137551  0.000705    -53.135617  0.000078    1.001536  0.000048 1562.02
   680    298.738361      0    -53.137593  0.000692    -53.135612  0.000077    1.001543  0.000049 1606.91
   700    298.732496      0    -53.137370  0.000686    -53.135600  0.000075    1.001546  0.000048 1651.79
   720    298.728851      0    -53.137237  0.000680    -53.135609  0.000074    1.001540  0.000049 1696.67
   740    298.726614      0    -53.137123  0.000670    -53.135590  0.000073    1.001541  0.000048 1741.52
   760    298.726767      0    -53.137178  0.000660    -53.135594  0.000072    1.001532  0.000048 1786.41
   780    298.728580      0    -53.137252  0.000650    -53.135602  0.000071    1.001525  0.000047 1831.37
   800    298.726754      0    -53.137179  0.000645    -53.135604  0.000070    1.001509  0.000051 1876.30
   820    298.725817      0    -53.137238  0.000632    -53.135608  0.000069    1.001498  0.000050 1921.35
   840    298.724022      0    -53.137172  0.000621    -53.135618  0.000068    1.001490  0.000052 1966.22
   860    298.725063      0    -53.137242  0.000610    -53.135642  0.000067    1.001490  0.000051 2011.10
   880    298.721610      1    -53.137185  0.000602    -53.135634  0.000066    1.001492  0.000050 2056.01
   900    298.721250      1    -53.137219  0.000586    -53.135642  0.000065    1.001488  0.000049 2100.89
   920    298.719733      1    -53.137148  0.000578    -53.135643  0.000064    1.001486  0.000048 2145.76
   940    298.720422      1    -53.137097  0.000572    -53.135646  0.000063    1.001493  0.000047 2190.62
   960    298.722391      1    -53.137330  0.000619    -53.135673  0.000063    1.001497  0.000047 2235.50
   980    298.721965      1    -53.137301  0.000619    -53.135674  0.000062    1.001502  0.000046 2280.39
  1000    298.721012      1    -53.137283  0.000606    -53.135669  0.000061    1.001512  0.000046 2325.27

Post Propagation Process
Total number of samples 1000
Raw AFQMC/HF (Guide) energy:           -53.137283 ± 0.000606
Raw Trial/Guide overlap ratio:          1.001512 ± 0.000046
Raw AFQMC/pt2CCSD energy (covariance): -53.135669 ± 0.000061
Raw AFQMC/pt2CCSD energy (dir sample): -53.135669 ± 0.000048

Remove Outliers
removing energies outside zeta > 30
Outlier energy bound [-53.172388, -53.098706]
Removed 0 outliers with energies []
Clean AFQMC/pt2CCSD overlap ratio:        1.001512 ± 0.000046
Clean AFQMC/pt2CCSD energy (covariance): -53.135669 ± 0.000061
Clean AFQMC/ptCCSD energy (dir sample):  -53.135669 ± 0.000048

Blocking Analysis
nsample = 1000, max_block_size = 25, min_nblocks = 40
   B    NB    NS  Observable     Error    dError
   1  1000  1000    1.001512  0.000016  0.000000
   2   500  1000    1.001512  0.000022  0.000001
   3   333   999    1.001513  0.000025  0.000001
   4   250  1000    1.001512  0.000028  0.000001
   5   200  1000    1.001512  0.000030  0.000002
   6   166   996    1.001513  0.000033  0.000002
   7   142   994    1.001512  0.000034  0.000002
   8   125  1000    1.001512  0.000035  0.000002
   9   111   999    1.001513  0.000037  0.000002
  10   100  1000    1.001512  0.000038  0.000003
  11    90   990    1.001509  0.000039  0.000003
  12    83   996    1.001513  0.000039  0.000003
  13    76   988    1.001509  0.000042  0.000003
  14    71   994    1.001512  0.000041  0.000003
  15    66   990    1.001509  0.000042  0.000004
  16    62   992    1.001510  0.000041  0.000004
  17    58   986    1.001507  0.000041  0.000004
  18    55   990    1.001509  0.000046  0.000004
  19    52   988    1.001509  0.000044  0.000004
  20    50  1000    1.001512  0.000042  0.000004
  21    47   987    1.001508  0.000043  0.000004
  22    45   990    1.001509  0.000046  0.000005
  23    43   989    1.001509  0.000046  0.000005
  24    41   984    1.001507  0.000045  0.000005
  25    40  1000    1.001512  0.000046  0.000005
Fit (variance): plateau_var = 2.115e-09 ± 1.965e-10
Fit (error):    plateau = 0.000046 ± 0.000002
     autocorrelation length ~ 8.8 blocks
     plateau reached at block size ~ 41
     !!!Failed to reach plateau in blocking
     Return max block error
nclean = 1000, max_block_size = 25, min_nblocks = 40
Blk_SZ   NBlk   NSmp      Energy     Error    dError
     1   1000   1000  -53.135640  0.000048  0.000001
     2    500   1000  -53.135646  0.000055  0.000002
     3    333    999  -53.135647  0.000059  0.000002
     4    250   1000  -53.135651  0.000060  0.000003
     5    200   1000  -53.135651  0.000059  0.000003
     6    166    996  -53.135649  0.000065  0.000004
     7    142    994  -53.135649  0.000063  0.000004
     8    125   1000  -53.135657  0.000065  0.000004
     9    111    999  -53.135656  0.000068  0.000005
    10    100   1000  -53.135657  0.000065  0.000005
    11     90    990  -53.135655  0.000065  0.000005
    12     83    996  -53.135654  0.000065  0.000005
    13     76    988  -53.135656  0.000069  0.000006
    14     71    994  -53.135654  0.000065  0.000006
    15     66    990  -53.135658  0.000068  0.000006
    16     62    992  -53.135656  0.000067  0.000006
    17     58    986  -53.135661  0.000061  0.000006
    18     55    990  -53.135659  0.000073  0.000007
    19     52    988  -53.135659  0.000065  0.000006
    20     50   1000  -53.135663  0.000066  0.000007
    21     47    987  -53.135660  0.000069  0.000007
    22     45    990  -53.135661  0.000068  0.000007
    23     43    989  -53.135661  0.000068  0.000007
    24     41    984  -53.135661  0.000070  0.000008
    25     40   1000  -53.135665  0.000063  0.000007
Fit (variance): plateau_var = 4.389667e-09 ± 2.055978e-10
Fit (error):    plateau = 0.000066 ± 0.000002
     autocorrelation length ~ 2.9 blocks
     plateau reached at block size ~ 13
Final AFQMC/pt2CCSD overlap ratio: 1.001512 ± 0.000046
Final AFQMC/pt2CCSD energy: -53.135669 ± 0.000066
Total run time: 2356.86

AFQMC Sampling Finished

