Molecules to run: 20
    1. hcof.xyz
    2. hf.xyz
    3. hnc.xyz
    4. hnco.xyz
    5. hnnn.xyz
    6. hno.xyz
    7. hocl.xyz
    8. hoclo.xyz
    9. hoclo2.xyz
   10. hocn.xyz
   11. hof.xyz
   12. honc.xyz
   13. hooh.xyz
   14. ketene.xyz
   15. methanol.xyz
   16. n-butane.xyz
   17. n-pentane.xyz
   18. n2.xyz
   19. n2h4.xyz
   20. n2o.xyz

============================================================
Running: hcof  charge=0  spin=0
============================================================
output file: ../../result/molout/closed_shell/hcof_vtzfp.out

Preparing AFQMC calculation
Calculating Cholesky integrals
Alpha Cholesky shape: (607, 99, 99) 
 Beta Cholesky shape: (607, 99, 99) 
Finished calculating Cholesky integrals
Size of the correlation space:
Number of electrons:        [9 9]
Number of basis functions:  96
Number of Cholesky vectors: 607

    ________                     _____                    
    ___  __ \___  __________________(_)_____________ _    
    __  /_/ /  / / /_  __ \_  __ \_  /__  __ \_  __ `/    
    _  _, _// /_/ /_  / / /  / / /  / _  / / /  /_/ /     
    /_/ |_| \__,_/ /_/ /_//_/ /_//_/  /_/ /_/_\__, /      
                                             /____/       
    _____________________________  ___________            
    ___    |__  ____/_  __ \__   |/  /_  ____/            
    __  /| |_  /_   _  / / /_  /|_/ /_  /                 
    _  ___ |  __/   / /_/ /_  /  / / / /___               
    /_/  |_/_/      \___\_\/_/  /_/  \____/               

Hostname:     gpua011.delta.ncsa.illinois.edu
System:       Linux
Node:         gpua011.delta.ncsa.illinois.edu
Release:      5.14.0-427.91.1.el9_4.x86_64
Machine:      x86_64
Processor:    x86_64
JAX backend:  GPU
JAX devices:  [CudaDevice(id=0)]
Device kind:  NVIDIA A100-SXM4-40GB
Platform:     gpu

Load system from Integral File
Maximum memory per walker:            66.67 MB
Maximum number of Cholesky per chunk: 237
Number of Cholesky chunks:            3
Number of Cholesky per chunk:         203
Number of padding Cholesky:           2

QMC System
Number of electrons: (9, 9)
Spin Multiplicity:   0
Number of orbitals:  96
Number of Chol:      607

QMC Parameters
eql_time            :                   50
n_blocks            :                 1000
n_walkers           :                  300
max_error           :                  0.0
seed                :                   17
walker_type         :                  uhf
trial               :             upt2ccsd
mix_precision       :                 True
max_memory          :                20000
dt                  :                0.005
n_exp_terms         :                    6
n_prop_steps        :                   50
save_walkers        :                False
free_projection     :                False
n_batch             :                    1
nchol_chunk         :                  203

Initalize QMC walkers by stochastic CCSD

Equilibration
inv_T        weight  killW        energy   runTime
 0.00    300.000000      0   -213.468512     13.24
 5.00    299.971240      0   -213.485885     24.09
10.00    298.784705      0   -213.478418     28.20
15.00    298.632710      0   -213.509707     32.31
20.00    299.260044      0   -213.525171     36.42
25.00    299.212985      0   -213.493463     40.57
30.00    298.994595      0   -213.520804     44.67
35.00    299.324760      0   -213.486090     48.78
40.00    300.081131      0   -213.510888     52.89
45.00    299.115247      0   -213.519868     57.00
50.00    298.871985      0   -213.492663     61.11

Sampling
blocks        weight  killW       E_Guide     error       E_Trial     error     olp_T/G     error  Walltime
    20    299.237051      0   -213.490532  0.006683   -213.494834  0.000929    1.006348  0.000353  107.97
    40    299.097067      0   -213.487324  0.004606   -213.494377  0.000679    1.006313  0.000272  149.13
    60    299.181325      0   -213.493540  0.004433   -213.494786  0.000639    1.006017  0.000291  190.43
    80    299.178391      0   -213.497186  0.004264   -213.495734  0.000671    1.005998  0.000240  231.74
   100    299.116235      0   -213.497124  0.003538   -213.495854  0.000613    1.006155  0.000209  273.02
   120    299.115927      0   -213.499114  0.003276   -213.495860  0.000542    1.006339  0.000231  314.33
   140    299.112945      0   -213.501258  0.003272   -213.496124  0.000523    1.006203  0.000220  355.62
   160    299.096706      0   -213.502935  0.003164   -213.496222  0.000501    1.006361  0.000224  396.89
   180    299.073261      0   -213.503596  0.003024   -213.496960  0.000974    1.006598  0.000260  438.17
   200    299.058360      0   -213.504116  0.002668   -213.496724  0.000885    1.006705  0.000245  479.46
   220    299.027029      0   -213.503357  0.002691   -213.496567  0.000810    1.006730  0.000224  520.78
   240    298.998823      0   -213.503673  0.002433   -213.496510  0.000750    1.006699  0.000207  562.55
   260    298.972007      0   -213.503457  0.002356   -213.496478  0.000703    1.006578  0.000210  603.83
   280    298.954122      0   -213.503316  0.002194   -213.496557  0.000667    1.006532  0.000202  645.11
   300    298.937058      0   -213.502973  0.002089   -213.496595  0.000640    1.006516  0.000191  686.40
   320    298.923356      2   -213.502947  0.001949   -213.496561  0.000612    1.006569  0.000184  727.73
   340    298.912881      2   -213.503116  0.001865   -213.496823  0.000597    1.006514  0.000177  769.00
   360    298.907068      2   -213.503136  0.001760   -213.496623  0.000568    1.006557  0.000171  810.31
   380    298.894360      2   -213.502898  0.001706   -213.496597  0.000542    1.006577  0.000169  851.60
   400    298.877265      2   -213.502318  0.001683   -213.496505  0.000522    1.006612  0.000168  892.91
   420    298.871423      3   -213.501722  0.001663   -213.496531  0.000501    1.006655  0.000165  934.21
   440    298.869430      3   -213.501591  0.001694   -213.496457  0.000482    1.006666  0.000160  975.49
   460    298.863114      3   -213.501605  0.001653   -213.496426  0.000466    1.006665  0.000156 1016.80
   480    298.851314      3   -213.501176  0.001608   -213.496411  0.000453    1.006678  0.000159 1058.09
   500    298.843843      3   -213.500924  0.001578   -213.496311  0.000439    1.006649  0.000158 1099.38
   520    298.834864      3   -213.500977  0.001587   -213.496332  0.000432    1.006579  0.000158 1140.69
   540    298.836047      3   -213.501079  0.001551   -213.496301  0.000417    1.006532  0.000157 1182.45
   560    298.839135      3   -213.501035  0.001478   -213.496313  0.000406    1.006535  0.000153 1223.49
   580    298.819989      3   -213.500593  0.001487   -213.496285  0.000400    1.006533  0.000147 1264.84
   600    298.818757      4   -213.501019  0.001514   -213.496302  0.000390    1.006520  0.000145 1306.06
   620    298.812594      6   -213.501120  0.001485   -213.496282  0.000379    1.006512  0.000143 1347.36
   640    298.813494      6   -213.500908  0.001484   -213.496197  0.000369    1.006495  0.000151 1388.65
   660    298.808832      6   -213.500831  0.001416   -213.496172  0.000362    1.006482  0.000147 1429.92
   680    298.806056      6   -213.500739  0.001385   -213.496175  0.000354    1.006494  0.000144 1471.22
   700    298.797593      6   -213.500594  0.001367   -213.496165  0.000346    1.006500  0.000141 1512.51
   720    298.799046      6   -213.500300  0.001369   -213.496112  0.000339    1.006537  0.000141 1553.81
   740    298.797562      6   -213.500006  0.001353   -213.496047  0.000333    1.006530  0.000138 1595.09
   760    298.793007      6   -213.499906  0.001331   -213.495983  0.000326    1.006502  0.000138 1636.39
   780    298.795353      6   -213.499981  0.001302   -213.496006  0.000320    1.006495  0.000134 1677.68
   800    298.799174      6   -213.500198  0.001313   -213.496070  0.000368    1.006506  0.000131 1719.00
   820    298.797764      6   -213.500301  0.001289   -213.496109  0.000361    1.006490  0.000128 1760.34
   840    298.792414      6   -213.500241  0.001260   -213.496080  0.000354    1.006464  0.000126 1801.68
   860    298.796090      6   -213.500433  0.001257   -213.496126  0.000352    1.006449  0.000129 1842.96
   880    298.798089      6   -213.500400  0.001242   -213.496129  0.000345    1.006446  0.000127 1884.69
   900    298.793747      6   -213.500613  0.001214   -213.496204  0.000342    1.006433  0.000124 1925.99
   920    298.797601      6   -213.500782  0.001220   -213.496261  0.000343    1.006457  0.000128 1967.32
   940    298.793219      7   -213.500594  0.001197   -213.496237  0.000340    1.006427  0.000128 2008.54
   960    298.796267      7   -213.500965  0.001259   -213.496295  0.000337    1.006418  0.000130 2049.84
   980    298.803090      7   -213.500973  0.001259   -213.496299  0.000331    1.006450  0.000127 2091.15
  1000    298.805962      7   -213.501509  0.001245   -213.496469  0.000343    1.006460  0.000127 2132.42

Post Propagation Process
Total number of samples 1000
Raw AFQMC/HF (Guide) energy:           -213.501509 ± 0.001245
Raw Trial/Guide overlap ratio:          1.006460 ± 0.000127
Raw AFQMC/pt2CCSD energy (covariance): -213.496469 ± 0.000343
Raw AFQMC/pt2CCSD energy (dir sample): -213.496469 ± 0.000271

Remove Outliers
removing energies outside zeta > 30
Outlier energy bound [-213.630335, -213.359532]
Removed 0 outliers with energies []
Clean AFQMC/pt2CCSD overlap ratio:        1.006460 ± 0.000127
Clean AFQMC/pt2CCSD energy (covariance): -213.496469 ± 0.000343
Clean AFQMC/ptCCSD energy (dir sample):  -213.496469 ± 0.000271

Blocking Analysis
nsample = 1000, max_block_size = 25, min_nblocks = 40
   B    NB    NS  Observable     Error    dError
   1  1000  1000    1.006460  0.000043  0.000001
   2   500  1000    1.006460  0.000058  0.000002
   3   333   999    1.006460  0.000068  0.000003
   4   250  1000    1.006460  0.000075  0.000003
   5   200  1000    1.006460  0.000082  0.000004
   6   166   996    1.006462  0.000086  0.000005
   7   142   994    1.006460  0.000091  0.000005
   8   125  1000    1.006460  0.000093  0.000006
   9   111   999    1.006460  0.000097  0.000007
  10   100  1000    1.006460  0.000100  0.000007
  11    90   990    1.006457  0.000103  0.000008
  12    83   996    1.006462  0.000108  0.000008
  13    76   988    1.006454  0.000107  0.000009
  14    71   994    1.006460  0.000107  0.000009
  15    66   990    1.006457  0.000112  0.000010
  16    62   992    1.006458  0.000118  0.000011
  17    58   986    1.006452  0.000121  0.000011
  18    55   990    1.006457  0.000121  0.000012
  19    52   988    1.006454  0.000114  0.000011
  20    50  1000    1.006460  0.000117  0.000012
  21    47   987    1.006454  0.000114  0.000012
  22    45   990    1.006457  0.000116  0.000012
  23    43   989    1.006456  0.000127  0.000014
  24    41   984    1.006451  0.000124  0.000014
  25    40  1000    1.006460  0.000127  0.000014
Fit (variance): plateau_var = 1.575e-08 ± 1.590e-09
Fit (error):    plateau = 0.000126 ± 0.000006
     autocorrelation length ~ 9.6 blocks
     plateau reached at block size ~ 44
     !!!Failed to reach plateau in blocking
     Return max block error
nclean = 1000, max_block_size = 25, min_nblocks = 40
Blk_SZ   NBlk   NSmp      Energy     Error    dError
     1   1000   1000  -213.496291  0.000271  0.000006
     2    500   1000  -213.496349  0.000303  0.000010
     3    333    999  -213.496377  0.000316  0.000012
     4    250   1000  -213.496379  0.000341  0.000015
     5    200   1000  -213.496398  0.000348  0.000017
     6    166    996  -213.496390  0.000324  0.000018
     7    142    994  -213.496389  0.000340  0.000020
     8    125   1000  -213.496416  0.000335  0.000021
     9    111    999  -213.496427  0.000314  0.000021
    10    100   1000  -213.496424  0.000344  0.000024
    11     90    990  -213.496408  0.000329  0.000025
    12     83    996  -213.496408  0.000324  0.000025
    13     76    988  -213.496421  0.000323  0.000026
    14     71    994  -213.496415  0.000338  0.000029
    15     66    990  -213.496416  0.000321  0.000028
    16     62    992  -213.496412  0.000330  0.000030
    17     58    986  -213.496425  0.000296  0.000028
    18     55    990  -213.496422  0.000317  0.000031
    19     52    988  -213.496433  0.000319  0.000032
    20     50   1000  -213.496444  0.000314  0.000032
    21     47    987  -213.496424  0.000316  0.000033
    22     45    990  -213.496428  0.000307  0.000033
    23     43    989  -213.496424  0.000311  0.000034
    24     41    984  -213.496421  0.000322  0.000036
    25     40   1000  -213.496445  0.000309  0.000035
Fit (variance): plateau_var = 1.065464e-07 ± 3.632556e-09
Fit (error):    plateau = 0.000326 ± 0.000006
     autocorrelation length ~ 1.0 blocks
     plateau reached at block size ~ 5
Final AFQMC/pt2CCSD overlap ratio: 1.006460 ± 0.000127
Final AFQMC/pt2CCSD energy: -213.496469 ± 0.000326
Total run time: 2152.93

AFQMC Sampling Finished

QMC script: /u/yzhang65/myprojects/software/afqmc/afqmc/scripts/run_afqmc_pt2ccsd.py
  => E_HF(hcof)      = -212.8318275567 Eh
  => E_CCSD(hcof)    = -213.4709242289 Eh
  => E_AFQMC(hcof)   = -213.49647 +/- 0.00033 Eh

============================================================
Running: hf  charge=0  spin=0
============================================================
output file: ../../result/molout/closed_shell/hf_vtzfp.out

Preparing AFQMC calculation
Calculating Cholesky integrals
Alpha Cholesky shape: (239, 39, 39) 
 Beta Cholesky shape: (239, 39, 39) 
Finished calculating Cholesky integrals
Size of the correlation space:
Number of electrons:        [4 4]
Number of basis functions:  38
Number of Cholesky vectors: 239

    ________                     _____                    
    ___  __ \___  __________________(_)_____________ _    
    __  /_/ /  / / /_  __ \_  __ \_  /__  __ \_  __ `/    
    _  _, _// /_/ /_  / / /  / / /  / _  / / /  /_/ /     
    /_/ |_| \__,_/ /_/ /_//_/ /_//_/  /_/ /_/_\__, /      
                                             /____/       
    _____________________________  ___________            
    ___    |__  ____/_  __ \__   |/  /_  ____/            
    __  /| |_  /_   _  / / /_  /|_/ /_  /                 
    _  ___ |  __/   / /_/ /_  /  / / / /___               
    /_/  |_/_/      \___\_\/_/  /_/  \____/               

Hostname:     gpua011.delta.ncsa.illinois.edu
System:       Linux
Node:         gpua011.delta.ncsa.illinois.edu
Release:      5.14.0-427.91.1.el9_4.x86_64
Machine:      x86_64
Processor:    x86_64
JAX backend:  GPU
JAX devices:  [CudaDevice(id=0)]
Device kind:  NVIDIA A100-SXM4-40GB
Platform:     gpu

Load system from Integral File
Maximum memory per walker:            66.67 MB
Maximum number of Cholesky per chunk: 1512
Number of Cholesky chunks:            1
Number of Cholesky per chunk:         239
Number of padding Cholesky:           0

QMC System
Number of electrons: (4, 4)
Spin Multiplicity:   0
Number of orbitals:  38
Number of Chol:      239

QMC Parameters
eql_time            :                   50
n_blocks            :                 1000
n_walkers           :                  300
max_error           :                  0.0
seed                :                   17
walker_type         :                  uhf
trial               :             upt2ccsd
mix_precision       :                 True
max_memory          :                20000
dt                  :                0.005
n_exp_terms         :                    6
n_prop_steps        :                   50
save_walkers        :                False
free_projection     :                False
n_batch             :                    1
nchol_chunk         :                  239

Initalize QMC walkers by stochastic CCSD

Equilibration
inv_T        weight  killW        energy   runTime
 0.00    300.000000      0   -100.329689     18.43
 5.00    299.726438      0   -100.346439     25.51
10.00    300.088806      0   -100.350465     26.65
15.00    299.950244      0   -100.346068     27.78
20.00    300.007349      0   -100.350243     28.91
25.00    299.060020      0   -100.339855     30.05
30.00    300.829353      0   -100.362889     31.19
35.00    300.201362      0   -100.334062     32.36
40.00    299.604895      0   -100.337070     33.50
45.00    299.656192      0   -100.338984     34.63
50.00    298.710402      0   -100.351293     35.76

Sampling
blocks        weight  killW       E_Guide     error       E_Trial     error     olp_T/G     error  Walltime
    20    299.775902      0   -100.343832  0.004450   -100.337126  0.000508    1.000441  0.000042   43.39
    40    299.690468      0   -100.340437  0.003963   -100.336622  0.000329    1.000485  0.000057   45.63
    60    299.666796      0   -100.339162  0.002854   -100.336810  0.000354    1.000457  0.000047   48.16
    80    299.648533      0   -100.338235  0.002268   -100.336736  0.000304    1.000491  0.000047   50.69
   100    299.639281      0   -100.338804  0.001996   -100.336689  0.000271    1.000484  0.000038   53.36
   120    299.604703      0   -100.338559  0.002059   -100.336566  0.000235    1.000489  0.000034   55.90
   140    299.588352      0   -100.338155  0.001777   -100.336484  0.000209    1.000496  0.000032   58.42
   160    299.581010      0   -100.337223  0.001718   -100.336408  0.000188    1.000497  0.000029   61.10
   180    299.579796      0   -100.337316  0.001582   -100.336564  0.000205    1.000479  0.000028   63.63
   200    299.596150      0   -100.337821  0.001520   -100.336557  0.000189    1.000458  0.000034   66.16
   220    299.586722      0   -100.337756  0.001430   -100.336573  0.000185    1.000448  0.000031   68.83
   240    299.579798      0   -100.337486  0.001362   -100.336588  0.000185    1.000445  0.000029   71.36
   260    299.573556      0   -100.337501  0.001277   -100.336567  0.000173    1.000435  0.000029   73.89
   280    299.573955      0   -100.337798  0.001207   -100.336640  0.000167    1.000434  0.000026   76.57
   300    299.581986      0   -100.338070  0.001138   -100.336617  0.000160    1.000429  0.000025   79.10
   320    299.582650      0   -100.337953  0.001077   -100.336590  0.000152    1.000430  0.000024   81.63
   340    299.578525      0   -100.337727  0.001048   -100.336531  0.000144    1.000437  0.000023   84.30
   360    299.582894      0   -100.337637  0.000978   -100.336508  0.000137    1.000438  0.000022   86.83
   380    299.583228      0   -100.337393  0.000948   -100.336507  0.000136    1.000439  0.000021   89.37
   400    299.578029      0   -100.337138  0.000924   -100.336477  0.000131    1.000440  0.000020   92.06
   420    299.581868      0   -100.336988  0.000935   -100.336491  0.000129    1.000442  0.000019   94.59
   440    299.582559      0   -100.337103  0.000912   -100.336457  0.000125    1.000438  0.000019   97.12
   460    299.585842      0   -100.337057  0.000876   -100.336425  0.000122    1.000441  0.000018   99.80
   480    299.584795      0   -100.337175  0.000851   -100.336447  0.000120    1.000442  0.000017  102.33
   500    299.583312      0   -100.337042  0.000874   -100.336429  0.000116    1.000438  0.000017  104.86
   520    299.588930      0   -100.337237  0.000854   -100.336456  0.000114    1.000435  0.000017  107.53
   540    299.587754      0   -100.337294  0.000815   -100.336459  0.000111    1.000434  0.000016  110.07
   560    299.590773      0   -100.337637  0.000839   -100.336546  0.000120    1.000433  0.000016  112.60
   580    299.589157      0   -100.337833  0.000830   -100.336544  0.000118    1.000431  0.000016  115.27
   600    299.588187      0   -100.337784  0.000812   -100.336544  0.000115    1.000431  0.000016  117.79
   620    299.587977      0   -100.337511  0.000835   -100.336543  0.000112    1.000426  0.000016  120.33
   640    299.589790      1   -100.337609  0.000816   -100.336557  0.000111    1.000424  0.000016  123.01
   660    299.590664      1   -100.337925  0.000841   -100.336562  0.000108    1.000421  0.000016  125.53
   680    299.593007      1   -100.337933  0.000823   -100.336549  0.000106    1.000420  0.000016  128.06
   700    299.587740      1   -100.337969  0.000809   -100.336616  0.000130    1.000422  0.000016  130.73
   720    299.587109      1   -100.337936  0.000783   -100.336617  0.000128    1.000425  0.000016  133.27
   740    299.584932      1   -100.337849  0.000767   -100.336592  0.000125    1.000424  0.000015  135.80
   760    299.585200      1   -100.337829  0.000757   -100.336573  0.000122    1.000421  0.000016  138.47
   780    299.589360      1   -100.337828  0.000730   -100.336576  0.000120    1.000419  0.000015  141.03
   800    299.590294      1   -100.337826  0.000718   -100.336566  0.000118    1.000421  0.000015  143.56
   820    299.587463      1   -100.337827  0.000703   -100.336560  0.000115    1.000422  0.000015  146.09
   840    299.586376      1   -100.337935  0.000710   -100.336566  0.000113    1.000417  0.000015  148.76
   860    299.585732      1   -100.337946  0.000695   -100.336562  0.000111    1.000418  0.000015  151.29
   880    299.581887      1   -100.337734  0.000704   -100.336534  0.000109    1.000419  0.000015  153.87
   900    299.581512      1   -100.337778  0.000704   -100.336534  0.000107    1.000417  0.000014  156.40
   920    299.582828      1   -100.337808  0.000688   -100.336530  0.000105    1.000419  0.000014  159.07
   940    299.583794      1   -100.337778  0.000671   -100.336524  0.000104    1.000420  0.000014  161.60
   960    299.585087      1   -100.337912  0.000655   -100.336538  0.000104    1.000422  0.000014  164.13
   980    299.586060      1   -100.337935  0.000651   -100.336543  0.000102    1.000420  0.000014  166.81
  1000    299.583530      1   -100.337874  0.000638   -100.336533  0.000101    1.000419  0.000014  169.34

Post Propagation Process
Total number of samples 1000
Raw AFQMC/HF (Guide) energy:           -100.337874 ± 0.000638
Raw Trial/Guide overlap ratio:          1.000419 ± 0.000014
Raw AFQMC/pt2CCSD energy (covariance): -100.336533 ± 0.000101
Raw AFQMC/pt2CCSD energy (dir sample): -100.336533 ± 0.000085

Remove Outliers
removing energies outside zeta > 30
Outlier energy bound [-100.384213, -100.287679]
Removed 0 outliers with energies []
Clean AFQMC/pt2CCSD overlap ratio:        1.000419 ± 0.000014
Clean AFQMC/pt2CCSD energy (covariance): -100.336533 ± 0.000101
Clean AFQMC/ptCCSD energy (dir sample):  -100.336533 ± 0.000085

Blocking Analysis
nsample = 1000, max_block_size = 25, min_nblocks = 40
   B    NB    NS  Observable     Error    dError
   1  1000  1000    1.000419  0.000007  0.000000
   2   500  1000    1.000419  0.000008  0.000000
   3   333   999    1.000419  0.000009  0.000000
   4   250  1000    1.000419  0.000010  0.000000
   5   200  1000    1.000419  0.000011  0.000001
   6   166   996    1.000419  0.000011  0.000001
   7   142   994    1.000418  0.000012  0.000001
   8   125  1000    1.000419  0.000012  0.000001
   9   111   999    1.000419  0.000012  0.000001
  10   100  1000    1.000419  0.000012  0.000001
  11    90   990    1.000419  0.000013  0.000001
  12    83   996    1.000419  0.000012  0.000001
  13    76   988    1.000419  0.000013  0.000001
  14    71   994    1.000418  0.000013  0.000001
  15    66   990    1.000419  0.000014  0.000001
  16    62   992    1.000418  0.000013  0.000001
  17    58   986    1.000419  0.000013  0.000001
  18    55   990    1.000419  0.000014  0.000001
  19    52   988    1.000419  0.000014  0.000001
  20    50  1000    1.000419  0.000012  0.000001
  21    47   987    1.000419  0.000014  0.000001
  22    45   990    1.000419  0.000014  0.000001
  23    43   989    1.000419  0.000013  0.000001
  24    41   984    1.000420  0.000014  0.000002
  25    40  1000    1.000419  0.000013  0.000002
Fit (variance): plateau_var = 1.810e-10 ± 1.158e-11
Fit (error):    plateau = 0.000013 ± 0.000000
     autocorrelation length ~ 5.3 blocks
     plateau reached at block size ~ 25
nclean = 1000, max_block_size = 25, min_nblocks = 40
Blk_SZ   NBlk   NSmp      Energy     Error    dError
     1   1000   1000  -100.336489  0.000086  0.000002
     2    500   1000  -100.336504  0.000092  0.000003
     3    333    999  -100.336512  0.000100  0.000004
     4    250   1000  -100.336516  0.000098  0.000004
     5    200   1000  -100.336519  0.000100  0.000005
     6    166    996  -100.336522  0.000102  0.000006
     7    142    994  -100.336529  0.000101  0.000006
     8    125   1000  -100.336524  0.000100  0.000006
     9    111    999  -100.336526  0.000105  0.000007
    10    100   1000  -100.336526  0.000097  0.000007
    11     90    990  -100.336528  0.000108  0.000008
    12     83    996  -100.336529  0.000099  0.000008
    13     76    988  -100.336533  0.000102  0.000008
    14     71    994  -100.336533  0.000106  0.000009
    15     66    990  -100.336531  0.000101  0.000009
    16     62    992  -100.336532  0.000102  0.000009
    17     58    986  -100.336533  0.000097  0.000009
    18     55    990  -100.336531  0.000106  0.000010
    19     52    988  -100.336536  0.000100  0.000010
    20     50   1000  -100.336530  0.000099  0.000010
    21     47    987  -100.336537  0.000091  0.000010
    22     45    990  -100.336532  0.000106  0.000011
    23     43    989  -100.336535  0.000092  0.000010
    24     41    984  -100.336533  0.000096  0.000011
    25     40   1000  -100.336530  0.000097  0.000011
Fit (variance): plateau_var = 1.010299e-08 ± 3.714608e-10
Fit (error):    plateau = 0.000101 ± 0.000002
     autocorrelation length ~ 1.4 blocks
     plateau reached at block size ~ 6
Final AFQMC/pt2CCSD overlap ratio: 1.000419 ± 0.000013
Final AFQMC/pt2CCSD energy: -100.336533 ± 0.000101
Total run time: 177.72

AFQMC Sampling Finished

QMC script: /u/yzhang65/myprojects/software/afqmc/afqmc/scripts/run_afqmc_pt2ccsd.py
  => E_HF(hf)      = -100.0576719960 Eh
  => E_CCSD(hf)    = -100.3299186264 Eh
  => E_AFQMC(hf)   = -100.33653 +/- 0.00010 Eh

============================================================
Running: hnc  charge=0  spin=0
============================================================
output file: ../../result/molout/closed_shell/hnc_vtzfp.out

Preparing AFQMC calculation
Calculating Cholesky integrals
Alpha Cholesky shape: (402, 69, 69) 
 Beta Cholesky shape: (402, 69, 69) 
Finished calculating Cholesky integrals
Size of the correlation space:
Number of electrons:        [5 5]
Number of basis functions:  67
Number of Cholesky vectors: 402

    ________                     _____                    
    ___  __ \___  __________________(_)_____________ _    
    __  /_/ /  / / /_  __ \_  __ \_  /__  __ \_  __ `/    
    _  _, _// /_/ /_  / / /  / / /  / _  / / /  /_/ /     
    /_/ |_| \__,_/ /_/ /_//_/ /_//_/  /_/ /_/_\__, /      
                                             /____/       
    _____________________________  ___________            
    ___    |__  ____/_  __ \__   |/  /_  ____/            
    __  /| |_  /_   _  / / /_  /|_/ /_  /                 
    _  ___ |  __/   / /_/ /_  /  / / / /___               
    /_/  |_/_/      \___\_\/_/  /_/  \____/               

Hostname:     gpua011.delta.ncsa.illinois.edu
System:       Linux
Node:         gpua011.delta.ncsa.illinois.edu
Release:      5.14.0-427.91.1.el9_4.x86_64
Machine:      x86_64
Processor:    x86_64
JAX backend:  GPU
JAX devices:  [CudaDevice(id=0)]
Device kind:  NVIDIA A100-SXM4-40GB
Platform:     gpu

Load system from Integral File
Maximum memory per walker:            66.67 MB
Maximum number of Cholesky per chunk: 486
Number of Cholesky chunks:            1
Number of Cholesky per chunk:         402
Number of padding Cholesky:           0

QMC System
Number of electrons: (5, 5)
Spin Multiplicity:   0
Number of orbitals:  67
Number of Chol:      402

QMC Parameters
eql_time            :                   50
n_blocks            :                 1000
n_walkers           :                  300
max_error           :                  0.0
seed                :                   17
walker_type         :                  uhf
trial               :             upt2ccsd
mix_precision       :                 True
max_memory          :                20000
dt                  :                0.005
n_exp_terms         :                    6
n_prop_steps        :                   50
save_walkers        :                False
free_projection     :                False
n_batch             :                    1
nchol_chunk         :                  402

Initalize QMC walkers by stochastic CCSD

Equilibration
inv_T        weight  killW        energy   runTime
 0.00    300.000000      0    -93.231759     10.54
 5.00    299.323473      0    -93.225155     18.87
10.00    299.411894      0    -93.226389     21.01
15.00    299.336257      0    -93.232867     23.14
20.00    300.449042      0    -93.268285     25.28
25.00    299.289242      0    -93.267003     27.43
30.00    299.869088      0    -93.266400     29.57
35.00    299.843972      0    -93.300181     31.70
40.00    300.363996      0    -93.258775     33.84
45.00    299.492240      0    -93.237741     35.97
50.00    298.917889      0    -93.240450     38.11

Sampling
blocks        weight  killW       E_Guide     error       E_Trial     error     olp_T/G     error  Walltime
    20    299.316255      0    -93.259974  0.009044    -93.250494  0.001364    1.002940  0.000736   64.41
    40    299.100555      0    -93.245879  0.009994    -93.249747  0.000812    1.003392  0.000497   85.42
    60    299.143805      0    -93.246064  0.006340    -93.250026  0.000683    1.003432  0.000320  106.52
    80    299.140400      0    -93.244271  0.004968    -93.249470  0.000634    1.003660  0.000278  127.59
   100    299.123325      0    -93.245033  0.004093    -93.249490  0.000568    1.003608  0.000223  148.69
   120    299.184202      0    -93.249538  0.004835    -93.249941  0.000621    1.003803  0.000227  169.79
   140    299.187593      0    -93.251787  0.004397    -93.250084  0.000623    1.003841  0.000196  190.86
   160    299.191252      0    -93.254364  0.004215    -93.250829  0.000692    1.003824  0.000173  211.96
   180    299.184892      0    -93.253817  0.003771    -93.250509  0.000638    1.003792  0.000156  233.03
   200    299.172942      0    -93.253621  0.003414    -93.250386  0.000589    1.003790  0.000141  254.12
   220    299.142427      0    -93.252604  0.003178    -93.250140  0.000546    1.003830  0.000132  275.21
   240    299.131275      0    -93.252678  0.002924    -93.250126  0.000523    1.003857  0.000124  296.31
   260    299.129166      1    -93.252441  0.002700    -93.250115  0.000495    1.003869  0.000116  317.39
   280    299.124091      1    -93.252267  0.002516    -93.250071  0.000467    1.003853  0.000107  338.49
   300    299.117757      1    -93.252030  0.002351    -93.249945  0.000441    1.003823  0.000104  359.58
   320    299.095560      1    -93.251548  0.002279    -93.249832  0.000419    1.003810  0.000099  380.65
   340    299.100319      1    -93.252118  0.002190    -93.249809  0.000401    1.003773  0.000096  401.74
   360    299.097726      1    -93.252160  0.002070    -93.249809  0.000384    1.003772  0.000091  422.82
   380    299.086570      1    -93.251874  0.001984    -93.249798  0.000372    1.003784  0.000087  443.91
   400    299.087394      2    -93.252295  0.001929    -93.250051  0.000409    1.003737  0.000088  465.00
   420    299.080466      3    -93.251822  0.001867    -93.249972  0.000399    1.003737  0.000085  486.08
   440    299.084168      3    -93.252078  0.001797    -93.249950  0.000382    1.003693  0.000091  507.17
   460    299.084784      3    -93.252321  0.001739    -93.250075  0.000426    1.003678  0.000089  528.26
   480    299.093255      3    -93.253030  0.001777    -93.250198  0.000432    1.003653  0.000086  549.34
   500    299.090931      3    -93.252746  0.001733    -93.250120  0.000418    1.003673  0.000084  570.45
   520    299.080135      3    -93.252449  0.001684    -93.250158  0.000408    1.003670  0.000086  591.53
   540    299.075214      3    -93.252570  0.001651    -93.250155  0.000394    1.003667  0.000084  613.19
   560    299.077539      3    -93.252572  0.001577    -93.250158  0.000383    1.003692  0.000083  634.25
   580    299.071024      3    -93.252168  0.001556    -93.250105  0.000372    1.003693  0.000081  655.33
   600    299.063313      3    -93.251875  0.001644    -93.250040  0.000364    1.003721  0.000081  676.42
   620    299.057417      3    -93.251668  0.001605    -93.250098  0.000379    1.003754  0.000086  697.50
   640    299.051998      3    -93.251442  0.001635    -93.250009  0.000369    1.003753  0.000083  718.60
   660    299.054651      5    -93.251714  0.001588    -93.250130  0.000380    1.003728  0.000082  739.68
   680    299.047856      5    -93.251460  0.001561    -93.250105  0.000371    1.003694  0.000091  760.77
   700    299.049847      6    -93.251492  0.001527    -93.250111  0.000363    1.003697  0.000088  781.87
   720    299.047268      6    -93.251473  0.001463    -93.250129  0.000356    1.003672  0.000088  802.94
   740    299.046644      6    -93.251457  0.001434    -93.250107  0.000350    1.003642  0.000091  824.03
   760    299.042761      6    -93.251154  0.001405    -93.250060  0.000342    1.003639  0.000090  845.10
   780    299.043857      6    -93.251271  0.001369    -93.250071  0.000337    1.003633  0.000088  866.20
   800    299.038084      6    -93.251011  0.001454    -93.249997  0.000330    1.003662  0.000092  887.27
   820    299.040439      6    -93.251342  0.001456    -93.250034  0.000324    1.003646  0.000092  908.35
   840    299.040441      6    -93.251333  0.001483    -93.250019  0.000318    1.003665  0.000091  929.46
   860    299.041097      6    -93.251458  0.001483    -93.249983  0.000314    1.003679  0.000090  950.55
   880    299.042668      6    -93.251808  0.001450    -93.249979  0.000308    1.003682  0.000089  971.64
   900    299.040604      6    -93.251850  0.001457    -93.249983  0.000303    1.003675  0.000087  992.75
   920    299.039764      6    -93.251934  0.001423    -93.250073  0.000303    1.003696  0.000087 1013.83
   940    299.037065      6    -93.251807  0.001391    -93.250035  0.000298    1.003711  0.000087 1034.92
   960    299.035681      7    -93.251975  0.001360    -93.250078  0.000294    1.003701  0.000086 1056.00
   980    299.034202      7    -93.251908  0.001330    -93.250065  0.000289    1.003685  0.000085 1077.08
  1000    299.035457      7    -93.252155  0.001314    -93.250118  0.000286    1.003674  0.000086 1098.18

Post Propagation Process
Total number of samples 1000
Raw AFQMC/HF (Guide) energy:           -93.252155 ± 0.001314
Raw Trial/Guide overlap ratio:          1.003674 ± 0.000086
Raw AFQMC/pt2CCSD energy (covariance): -93.250118 ± 0.000286
Raw AFQMC/pt2CCSD energy (dir sample): -93.250118 ± 0.000234

Remove Outliers
removing energies outside zeta > 30
Outlier energy bound [-93.370927, -93.126415]
Removed 0 outliers with energies []
Clean AFQMC/pt2CCSD overlap ratio:        1.003674 ± 0.000086
Clean AFQMC/pt2CCSD energy (covariance): -93.250118 ± 0.000286
Clean AFQMC/ptCCSD energy (dir sample):  -93.250118 ± 0.000234

Blocking Analysis
nsample = 1000, max_block_size = 25, min_nblocks = 40
   B    NB    NS  Observable     Error    dError
   1  1000  1000    1.003675  0.000031  0.000001
   2   500  1000    1.003675  0.000040  0.000001
   3   333   999    1.003673  0.000046  0.000002
   4   250  1000    1.003675  0.000051  0.000002
   5   200  1000    1.003675  0.000054  0.000003
   6   166   996    1.003674  0.000059  0.000003
   7   142   994    1.003674  0.000060  0.000004
   8   125  1000    1.003675  0.000063  0.000004
   9   111   999    1.003673  0.000065  0.000004
  10   100  1000    1.003675  0.000068  0.000005
  11    90   990    1.003676  0.000072  0.000005
  12    83   996    1.003674  0.000072  0.000006
  13    76   988    1.003677  0.000076  0.000006
  14    71   994    1.003674  0.000075  0.000006
  15    66   990    1.003676  0.000074  0.000007
  16    62   992    1.003676  0.000078  0.000007
  17    58   986    1.003679  0.000081  0.000008
  18    55   990    1.003676  0.000077  0.000007
  19    52   988    1.003677  0.000081  0.000008
  20    50  1000    1.003674  0.000084  0.000009
  21    47   987    1.003678  0.000086  0.000009
  22    45   990    1.003676  0.000085  0.000009
  23    43   989    1.003676  0.000083  0.000009
  24    41   984    1.003682  0.000082  0.000009
  25    40  1000    1.003674  0.000085  0.000010
Fit (variance): plateau_var = 7.754e-09 ± 8.925e-10
Fit (error):    plateau = 0.000088 ± 0.000005
     autocorrelation length ~ 10.8 blocks
     plateau reached at block size ~ 50
     !!!Failed to reach plateau in blocking
     Return max block error
nclean = 1000, max_block_size = 25, min_nblocks = 40
Blk_SZ   NBlk   NSmp      Energy     Error    dError
     1   1000   1000  -93.249968  0.000235  0.000005
     2    500   1000  -93.249996  0.000260  0.000008
     3    333    999  -93.250020  0.000261  0.000010
     4    250   1000  -93.250035  0.000274  0.000012
     5    200   1000  -93.250041  0.000280  0.000014
     6    166    996  -93.250017  0.000275  0.000015
     7    142    994  -93.250024  0.000287  0.000017
     8    125   1000  -93.250061  0.000290  0.000018
     9    111    999  -93.250071  0.000275  0.000019
    10    100   1000  -93.250061  0.000291  0.000021
    11     90    990  -93.250026  0.000301  0.000023
    12     83    996  -93.250044  0.000283  0.000022
    13     76    988  -93.250036  0.000286  0.000023
    14     71    994  -93.250052  0.000264  0.000022
    15     66    990  -93.250039  0.000284  0.000025
    16     62    992  -93.250036  0.000289  0.000026
    17     58    986  -93.250043  0.000253  0.000024
    18     55    990  -93.250044  0.000294  0.000028
    19     52    988  -93.250043  0.000280  0.000028
    20     50   1000  -93.250081  0.000281  0.000028
    21     47    987  -93.250037  0.000308  0.000032
    22     45    990  -93.250045  0.000263  0.000028
    23     43    989  -93.250051  0.000275  0.000030
    24     41    984  -93.250046  0.000292  0.000033
    25     40   1000  -93.250091  0.000285  0.000032
Fit (variance): plateau_var = 7.931945e-08 ± 3.111610e-09
Fit (error):    plateau = 0.000282 ± 0.000006
     autocorrelation length ~ 1.8 blocks
     plateau reached at block size ~ 8
Final AFQMC/pt2CCSD overlap ratio: 1.003674 ± 0.000086
Final AFQMC/pt2CCSD energy: -93.250118 ± 0.000282
Total run time: 1121.13

AFQMC Sampling Finished

QMC script: /u/yzhang65/myprojects/software/afqmc/afqmc/scripts/run_afqmc_pt2ccsd.py
  => E_HF(hnc)      = -92.8916813250 Eh
  => E_CCSD(hnc)    = -93.2325288891 Eh
  => E_AFQMC(hnc)   = -93.25012 +/- 0.00028 Eh

============================================================
Running: hnco  charge=0  spin=0
============================================================
output file: ../../result/molout/closed_shell/hnco_vtzfp.out

Preparing AFQMC calculation
Calculating Cholesky integrals
Alpha Cholesky shape: (587, 99, 99) 
 Beta Cholesky shape: (587, 99, 99) 
Finished calculating Cholesky integrals
Size of the correlation space:
Number of electrons:        [8 8]
Number of basis functions:  96
Number of Cholesky vectors: 587

    ________                     _____                    
    ___  __ \___  __________________(_)_____________ _    
    __  /_/ /  / / /_  __ \_  __ \_  /__  __ \_  __ `/    
    _  _, _// /_/ /_  / / /  / / /  / _  / / /  /_/ /     
    /_/ |_| \__,_/ /_/ /_//_/ /_//_/  /_/ /_/_\__, /      
                                             /____/       
    _____________________________  ___________            
    ___    |__  ____/_  __ \__   |/  /_  ____/            
    __  /| |_  /_   _  / / /_  /|_/ /_  /                 
    _  ___ |  __/   / /_/ /_  /  / / / /___               
    /_/  |_/_/      \___\_\/_/  /_/  \____/               

Hostname:     gpua011.delta.ncsa.illinois.edu
System:       Linux
Node:         gpua011.delta.ncsa.illinois.edu
Release:      5.14.0-427.91.1.el9_4.x86_64
Machine:      x86_64
Processor:    x86_64
JAX backend:  GPU
JAX devices:  [CudaDevice(id=0)]
Device kind:  NVIDIA A100-SXM4-40GB
Platform:     gpu

Load system from Integral File
Maximum memory per walker:            66.67 MB
Maximum number of Cholesky per chunk: 237
Number of Cholesky chunks:            3
Number of Cholesky per chunk:         196
Number of padding Cholesky:           1

QMC System
Number of electrons: (8, 8)
Spin Multiplicity:   0
Number of orbitals:  96
Number of Chol:      587

QMC Parameters
eql_time            :                   50
n_blocks            :                 1000
n_walkers           :                  300
max_error           :                  0.0
seed                :                   17
walker_type         :                  uhf
trial               :             upt2ccsd
mix_precision       :                 True
max_memory          :                20000
dt                  :                0.005
n_exp_terms         :                    6
n_prop_steps        :                   50
save_walkers        :                False
free_projection     :                False
n_batch             :                    1
nchol_chunk         :                  196

Initalize QMC walkers by stochastic CCSD

Equilibration
inv_T        weight  killW        energy   runTime
 0.00    300.000000      0   -168.399575     19.14
 5.00    299.476994      0   -168.392983     29.36
10.00    299.133712      0   -168.450482     33.19
15.00    298.946260      0   -168.436995     37.03
20.00    300.013185      0   -168.446671     40.87
25.00    299.001031      0   -168.434798     44.71
30.00    299.247751      0   -168.465075     48.54
35.00    299.944784      0   -168.456591     52.37
40.00    300.816144      0   -168.482052     56.20
45.00    299.800904      0   -168.442721     60.03
50.00    298.571763      0   -168.423020     63.86

Sampling
blocks        weight  killW       E_Guide     error       E_Trial     error     olp_T/G     error  Walltime
    20    299.244246      0   -168.445866  0.011450   -168.434866  0.015407    1.007208  0.000518  103.00
    40    299.182812      0   -168.438621  0.008122   -168.429933  0.007839    1.007940  0.000434  136.92
    60    299.062317      0   -168.434324  0.006018   -168.430152  0.005249    1.007711  0.000313  170.96
    80    299.046843      0   -168.435829  0.005012   -168.430218  0.004024    1.007829  0.000249  205.00
   100    298.971556      0   -168.432684  0.005106   -168.430131  0.003228    1.007979  0.000287  239.03
   120    298.937525      0   -168.432654  0.004328   -168.430455  0.002727    1.007857  0.000253  273.07
   140    298.930467      0   -168.433518  0.003823   -168.430653  0.002363    1.007772  0.000223  307.09
   160    298.979188      3   -168.437520  0.004128   -168.432274  0.009752    1.007622  0.000228  341.14
   180    298.996510      3   -168.440374  0.004147   -168.432576  0.008661    1.007592  0.000235  375.16
   200    298.970058      3   -168.440374  0.003774   -168.432232  0.007796    1.007734  0.000236  409.18
   220    298.944565      3   -168.439743  0.003485   -168.432115  0.007091    1.007696  0.000217  443.22
   240    298.909355      3   -168.439427  0.003268   -168.432067  0.006504    1.007653  0.000201  477.24
   260    298.881905      3   -168.438764  0.003081   -168.432149  0.006006    1.007646  0.000186  511.28
   280    298.864093      3   -168.438538  0.002961   -168.432270  0.005582    1.007689  0.000176  545.32
   300    298.846865      3   -168.437881  0.002792   -168.432122  0.005213    1.007712  0.000166  579.36
   320    298.844717      3   -168.438428  0.002647   -168.432065  0.004886    1.007765  0.000160  613.71
   340    298.840215      3   -168.437911  0.002514   -168.431890  0.004601    1.007804  0.000155  647.72
   360    298.842653      4   -168.438625  0.002356   -168.431945  0.004345    1.007826  0.000147  681.75
   380    298.836162      4   -168.438824  0.002256   -168.432186  0.004118    1.007834  0.000139  715.78
   400    298.846045      4   -168.439722  0.002255   -168.432264  0.003911    1.007857  0.000134  749.83
   420    298.832875      4   -168.439075  0.002203   -168.432134  0.003727    1.007892  0.000132  783.85
   440    298.839311      4   -168.438963  0.002130   -168.432068  0.003559    1.007869  0.000128  817.89
   460    298.822005      4   -168.438631  0.002055   -168.432174  0.003414    1.007918  0.000128  851.91
   480    298.811482      5   -168.438565  0.001980   -168.432172  0.003273    1.007904  0.000127  885.96
   500    298.804415      5   -168.438234  0.001925   -168.432089  0.003144    1.007924  0.000122  919.99
   520    298.805545      5   -168.439013  0.001921   -168.432213  0.003025    1.007942  0.000135  954.02
   540    298.807217      5   -168.440092  0.002002   -168.432298  0.002913    1.007917  0.000136  988.06
   560    298.790008      5   -168.439430  0.001999   -168.432235  0.002811    1.007917  0.000130 1022.08
   580    298.783904      5   -168.439271  0.001943   -168.432150  0.002715    1.007887  0.000132 1056.11
   600    298.787559      5   -168.439660  0.002018   -168.432304  0.002628    1.007842  0.000135 1090.14
   620    298.789400      5   -168.440079  0.002002   -168.432368  0.002544    1.007855  0.000132 1124.17
   640    298.793786      5   -168.440327  0.001954   -168.432426  0.002465    1.007807  0.000130 1158.21
   660    298.789870      5   -168.440044  0.001953   -168.432379  0.002391    1.007756  0.000134 1192.23
   680    298.790528      6   -168.440638  0.001962   -168.432855  0.002429    1.007726  0.000136 1226.37
   700    298.782325      7   -168.440479  0.001921   -168.432862  0.002361    1.007742  0.000133 1260.37
   720    298.789510      7   -168.441355  0.002043   -168.433422  0.002343    1.007729  0.000129 1294.82
   740    298.788523      8   -168.441463  0.001995   -168.433350  0.002280    1.007752  0.000127 1328.83
   760    298.790817      8   -168.441383  0.001950   -168.433284  0.002221    1.007757  0.000129 1362.91
   780    298.782454      9   -168.440907  0.001937   -168.433162  0.002165    1.007779  0.000128 1396.92
   800    298.780333      9   -168.441018  0.002101   -168.433158  0.002112    1.007752  0.000127 1430.95
   820    298.778151      9   -168.440964  0.002050   -168.433080  0.002061    1.007756  0.000124 1464.99
   840    298.771325     10   -168.440816  0.002006   -168.433037  0.002013    1.007774  0.000122 1499.00
   860    298.768240     10   -168.440924  0.001961   -168.432990  0.001966    1.007770  0.000120 1533.05
   880    298.767334     11   -168.441058  0.001921   -168.432975  0.001922    1.007769  0.000121 1567.08
   900    298.764020     11   -168.440992  0.001879   -168.433072  0.001880    1.007752  0.000120 1601.15
   920    298.758072     12   -168.440872  0.001842   -168.433039  0.001840    1.007758  0.000118 1635.18
   940    298.754515     13   -168.441026  0.001809   -168.432998  0.001802    1.007740  0.000115 1669.22
   960    298.752947     13   -168.441040  0.001771   -168.432911  0.001765    1.007734  0.000113 1703.24
   980    298.749678     13   -168.440974  0.001735   -168.432875  0.001730    1.007743  0.000111 1737.27
  1000    298.744919     13   -168.440646  0.001732   -168.432779  0.001696    1.007774  0.000111 1771.31

Post Propagation Process
Total number of samples 1000
Raw AFQMC/HF (Guide) energy:           -168.440646 ± 0.001732
Raw Trial/Guide overlap ratio:          1.007774 ± 0.000111
Raw AFQMC/pt2CCSD energy (covariance): -168.432779 ± 0.001696
Raw AFQMC/pt2CCSD energy (dir sample): -168.432779 ± 0.000780

Remove Outliers
removing energies outside zeta > 30
Outlier energy bound [-168.641367, -168.219661]
Removed 3 outliers with energies [-169.01388344 -168.71603692 -168.7357667 ]
Clean AFQMC/pt2CCSD overlap ratio:        1.007796 ± 0.000110
Clean AFQMC/pt2CCSD energy (covariance): -168.431998 ± 0.000467
Clean AFQMC/ptCCSD energy (dir sample):  -168.431998 ± 0.000312

Blocking Analysis
nsample = 997, max_block_size = 24, min_nblocks = 40
   B    NB    NS  Observable     Error    dError
   1   997   997    1.007797  0.000047  0.000001
   2   498   996    1.007797  0.000061  0.000002
   3   332   996    1.007797  0.000070  0.000003
   4   249   996    1.007797  0.000075  0.000003
   5   199   995    1.007797  0.000082  0.000004
   6   166   996    1.007797  0.000084  0.000005
   7   142   994    1.007798  0.000091  0.000005
   8   124   992    1.007794  0.000090  0.000006
   9   110   990    1.007789  0.000091  0.000006
  10    99   990    1.007789  0.000095  0.000007
  11    90   990    1.007789  0.000098  0.000007
  12    83   996    1.007797  0.000097  0.000008
  13    76   988    1.007785  0.000102  0.000008
  14    71   994    1.007797  0.000106  0.000009
  15    66   990    1.007789  0.000104  0.000009
  16    62   992    1.007794  0.000098  0.000009
  17    58   986    1.007780  0.000110  0.000010
  18    55   990    1.007789  0.000102  0.000010
  19    52   988    1.007785  0.000104  0.000010
  20    49   980    1.007768  0.000101  0.000010
  21    47   987    1.007782  0.000107  0.000011
  22    45   990    1.007789  0.000108  0.000012
  23    43   989    1.007787  0.000109  0.000012
  24    41   984    1.007776  0.000107  0.000012
Fit (variance): plateau_var = 1.131e-08 ± 8.175e-10
Fit (error):    plateau = 0.000106 ± 0.000004
     autocorrelation length ~ 6.1 blocks
     plateau reached at block size ~ 28
     !!!Failed to reach plateau in blocking
     Return max block error
nclean = 997, max_block_size = 24, min_nblocks = 40
Blk_SZ   NBlk   NSmp      Energy     Error    dError
     1    997    997  -168.431763  0.000312  0.000007
     2    498    996  -168.431807  0.000330  0.000010
     3    332    996  -168.431843  0.000332  0.000013
     4    249    996  -168.431857  0.000355  0.000016
     5    199    995  -168.431889  0.000358  0.000018
     6    166    996  -168.431891  0.000346  0.000019
     7    142    994  -168.431922  0.000366  0.000022
     8    124    992  -168.431941  0.000344  0.000022
     9    110    990  -168.431954  0.000357  0.000024
    10     99    990  -168.431959  0.000358  0.000026
    11     90    990  -168.431976  0.000394  0.000030
    12     83    996  -168.431936  0.000340  0.000027
    13     76    988  -168.431975  0.000393  0.000032
    14     71    994  -168.431964  0.000380  0.000032
    15     66    990  -168.431982  0.000358  0.000031
    16     62    992  -168.431981  0.000336  0.000030
    17     58    986  -168.432011  0.000366  0.000034
    18     55    990  -168.431991  0.000367  0.000035
    19     52    988  -168.431991  0.000334  0.000033
    20     49    980  -168.432024  0.000369  0.000038
    21     47    987  -168.432008  0.000384  0.000040
    22     45    990  -168.432008  0.000387  0.000041
    23     43    989  -168.432006  0.000343  0.000037
    24     41    984  -168.432034  0.000324  0.000036
Fit (variance): plateau_var = 1.287031e-07 ± 5.653818e-09
Fit (error):    plateau = 0.000359 ± 0.000008
     autocorrelation length ~ 2.3 blocks
     plateau reached at block size ~ 9
Final AFQMC/pt2CCSD overlap ratio: 1.007796 ± 0.000110
Final AFQMC/pt2CCSD energy: -168.431998 ± 0.000359
Total run time: 1791.02

AFQMC Sampling Finished

QMC script: /u/yzhang65/myprojects/software/afqmc/afqmc/scripts/run_afqmc_pt2ccsd.py
  => E_HF(hnco)      = -167.8284068185 Eh
  => E_CCSD(hnco)    = -168.4022076899 Eh
  => E_AFQMC(hnco)   = -168.43200 +/- 0.00036 Eh

============================================================
Running: hnnn  charge=0  spin=0
============================================================
output file: ../../result/molout/closed_shell/hnnn_vtzfp.out

Preparing AFQMC calculation
Calculating Cholesky integrals
Alpha Cholesky shape: (591, 99, 99) 
 Beta Cholesky shape: (591, 99, 99) 
Finished calculating Cholesky integrals
Size of the correlation space:
Number of electrons:        [8 8]
Number of basis functions:  96
Number of Cholesky vectors: 591

    ________                     _____                    
    ___  __ \___  __________________(_)_____________ _    
    __  /_/ /  / / /_  __ \_  __ \_  /__  __ \_  __ `/    
    _  _, _// /_/ /_  / / /  / / /  / _  / / /  /_/ /     
    /_/ |_| \__,_/ /_/ /_//_/ /_//_/  /_/ /_/_\__, /      
                                             /____/       
    _____________________________  ___________            
    ___    |__  ____/_  __ \__   |/  /_  ____/            
    __  /| |_  /_   _  / / /_  /|_/ /_  /                 
    _  ___ |  __/   / /_/ /_  /  / / / /___               
    /_/  |_/_/      \___\_\/_/  /_/  \____/               

Hostname:     gpua011.delta.ncsa.illinois.edu
System:       Linux
Node:         gpua011.delta.ncsa.illinois.edu
Release:      5.14.0-427.91.1.el9_4.x86_64
Machine:      x86_64
Processor:    x86_64
JAX backend:  GPU
JAX devices:  [CudaDevice(id=0)]
Device kind:  NVIDIA A100-SXM4-40GB
Platform:     gpu

Load system from Integral File
Maximum memory per walker:            66.67 MB
Maximum number of Cholesky per chunk: 237
Number of Cholesky chunks:            3
Number of Cholesky per chunk:         197
Number of padding Cholesky:           0

QMC System
Number of electrons: (8, 8)
Spin Multiplicity:   0
Number of orbitals:  96
Number of Chol:      591

QMC Parameters
eql_time            :                   50
n_blocks            :                 1000
n_walkers           :                  300
max_error           :                  0.0
seed                :                   17
walker_type         :                  uhf
trial               :             upt2ccsd
mix_precision       :                 True
max_memory          :                20000
dt                  :                0.005
n_exp_terms         :                    6
n_prop_steps        :                   50
save_walkers        :                False
free_projection     :                False
n_batch             :                    1
nchol_chunk         :                  197

Initalize QMC walkers by stochastic CCSD

Equilibration
inv_T        weight  killW        energy   runTime
 0.00    300.000000      0   -164.500271     23.22
 5.00    300.061709      0   -164.564643     33.56
10.00    298.808106      0   -164.535976     37.38
15.00    298.888873      0   -164.541963     41.22
20.00    300.860196      0   -164.566836     45.05
25.00    299.156393      0   -164.560103     48.88
30.00    298.579903      0   -164.552562     52.70
35.00    298.965169      0   -164.529609     56.54
40.00    299.318331      0   -164.543467     60.37
45.00    299.060680      0   -164.573815     64.20
50.00    299.212809      0   -164.520242     68.08

Sampling
blocks        weight  killW       E_Guide     error       E_Trial     error     olp_T/G     error  Walltime
    20    299.216759      0   -164.538916  0.005416   -164.534309  0.001685    1.009814  0.000905  107.41
    40    299.145068      0   -164.542158  0.007787   -164.536186  0.001534    1.010800  0.001073  141.46
    60    299.079058      0   -164.541338  0.004963   -164.536210  0.001461    1.010792  0.000678  175.61
    80    299.027128      1   -164.540229  0.003708   -164.534808  0.001173    1.010462  0.000565  209.76
   100    299.005067      1   -164.542826  0.003400   -164.535357  0.001010    1.010147  0.000519  243.91
   120    298.969396      1   -164.543316  0.003162   -164.535534  0.000967    1.009825  0.000481  278.06
   140    298.973088      2   -164.544375  0.002926   -164.535124  0.000964    1.009925  0.000445  312.21
   160    298.934516      2   -164.542858  0.002857   -164.535291  0.000901    1.010183  0.000426  346.34
   180    298.886412      2   -164.543069  0.002787   -164.535191  0.000839    1.009967  0.000406  380.49
   200    298.871625      2   -164.544596  0.002709   -164.535441  0.000811    1.009818  0.000385  414.63
   220    298.839571      2   -164.543097  0.002764   -164.535621  0.000768    1.009577  0.000392  448.78
   240    298.795974      2   -164.541181  0.002879   -164.535682  0.000766    1.009547  0.000378  482.93
   260    298.772760      3   -164.540856  0.002773   -164.535685  0.000718    1.009400  0.000366  517.10
   280    298.769555      3   -164.540856  0.002691   -164.535712  0.000681    1.009456  0.000343  551.26
   300    298.755466      4   -164.541494  0.002632   -164.535813  0.000656    1.009490  0.000320  585.38
   320    298.753077      4   -164.541914  0.002501   -164.535892  0.000637    1.009434  0.000303  621.09
   340    298.720590      4   -164.540793  0.002411   -164.535694  0.000615    1.009443  0.000293  655.17
   360    298.719009      4   -164.540852  0.002358   -164.535857  0.000605    1.009496  0.000279  689.30
   380    298.710556      5   -164.541490  0.002269   -164.535781  0.000582    1.009571  0.000276  723.45
   400    298.708367      5   -164.542858  0.002320   -164.535770  0.000598    1.009669  0.000276  757.58
   420    298.693079      5   -164.543109  0.002240   -164.535837  0.000589    1.009654  0.000263  791.73
   440    298.686092      5   -164.542892  0.002332   -164.535940  0.000580    1.009663  0.000254  825.87
   460    298.673185      5   -164.542331  0.002280   -164.535796  0.000565    1.009648  0.000250  860.02
   480    298.666829      5   -164.542358  0.002243   -164.535702  0.000547    1.009693  0.000240  894.16
   500    298.654197      5   -164.542036  0.002151   -164.535679  0.000530    1.009675  0.000229  928.33
   520    298.649544      6   -164.542068  0.002074   -164.535778  0.000517    1.009551  0.000249  962.48
   540    298.644457      6   -164.541811  0.002005   -164.535865  0.000514    1.009603  0.000244  996.62
   560    298.650064      6   -164.542327  0.002103   -164.536111  0.000521    1.009606  0.000234 1030.79
   580    298.654395      6   -164.542973  0.002113   -164.536196  0.000513    1.009631  0.000231 1064.92
   600    298.650262      6   -164.542844  0.002040   -164.536247  0.000501    1.009675  0.000245 1099.09
   620    298.647673      6   -164.542940  0.001994   -164.536462  0.000508    1.009661  0.000240 1133.21
   640    298.637422      7   -164.542421  0.001991   -164.536420  0.000498    1.009648  0.000234 1167.36
   660    298.634302      7   -164.542615  0.001934   -164.536530  0.000490    1.009598  0.000232 1201.55
   680    298.638434      7   -164.542560  0.001902   -164.536431  0.000479    1.009546  0.000227 1235.76
   700    298.640158      7   -164.542631  0.001844   -164.536438  0.000469    1.009585  0.000222 1269.91
   720    298.634241      7   -164.542365  0.001794   -164.536405  0.000460    1.009588  0.000214 1304.24
   740    298.629704      7   -164.542322  0.001753   -164.536358  0.000451    1.009618  0.000209 1338.38
   760    298.624857      7   -164.542075  0.001707   -164.536278  0.000443    1.009655  0.000215 1372.54
   780    298.625038      7   -164.542189  0.001684   -164.536230  0.000435    1.009640  0.000210 1406.70
   800    298.620926      8   -164.542062  0.001646   -164.536275  0.000426    1.009590  0.000211 1440.84
   820    298.615701      8   -164.541663  0.001659   -164.536258  0.000418    1.009559  0.000207 1474.99
   840    298.610542      8   -164.541615  0.001624   -164.536301  0.000412    1.009559  0.000203 1509.15
   860    298.613919      8   -164.541829  0.001630   -164.536325  0.000409    1.009559  0.000201 1543.29
   880    298.610373      8   -164.541877  0.001605   -164.536338  0.000409    1.009604  0.000206 1577.47
   900    298.610770      8   -164.541895  0.001585   -164.536343  0.000404    1.009620  0.000206 1611.61
   920    298.609999      8   -164.541619  0.001556   -164.536239  0.000397    1.009585  0.000202 1645.75
   940    298.609340      9   -164.541411  0.001532   -164.536230  0.000391    1.009573  0.000203 1679.89
   960    298.610525     10   -164.541551  0.001502   -164.536213  0.000384    1.009585  0.000199 1714.05
   980    298.610747     10   -164.541610  0.001472   -164.536217  0.000378    1.009601  0.000195 1748.20
  1000    298.607350     10   -164.541342  0.001454   -164.536204  0.000373    1.009612  0.000196 1782.35

Post Propagation Process
Total number of samples 1000
Raw AFQMC/HF (Guide) energy:           -164.541342 ± 0.001454
Raw Trial/Guide overlap ratio:          1.009612 ± 0.000196
Raw AFQMC/pt2CCSD energy (covariance): -164.536204 ± 0.000373
Raw AFQMC/pt2CCSD energy (dir sample): -164.536204 ± 0.000306

Remove Outliers
removing energies outside zeta > 30
Outlier energy bound [-164.761660, -164.307132]
Removed 0 outliers with energies []
Clean AFQMC/pt2CCSD overlap ratio:        1.009612 ± 0.000196
Clean AFQMC/pt2CCSD energy (covariance): -164.536204 ± 0.000373
Clean AFQMC/ptCCSD energy (dir sample):  -164.536204 ± 0.000306

Blocking Analysis
nsample = 1000, max_block_size = 25, min_nblocks = 40
   B    NB    NS  Observable     Error    dError
   1  1000  1000    1.009612  0.000066  0.000001
   2   500  1000    1.009612  0.000089  0.000003
   3   333   999    1.009612  0.000105  0.000004
   4   250  1000    1.009612  0.000116  0.000005
   5   200  1000    1.009612  0.000128  0.000006
   6   166   996    1.009615  0.000137  0.000008
   7   142   994    1.009614  0.000144  0.000009
   8   125  1000    1.009612  0.000147  0.000009
   9   111   999    1.009612  0.000154  0.000010
  10   100  1000    1.009612  0.000159  0.000011
  11    90   990    1.009610  0.000165  0.000012
  12    83   996    1.009615  0.000168  0.000013
  13    76   988    1.009606  0.000168  0.000014
  14    71   994    1.009613  0.000171  0.000014
  15    66   990    1.009610  0.000175  0.000015
  16    62   992    1.009615  0.000176  0.000016
  17    58   986    1.009604  0.000175  0.000016
  18    55   990    1.009610  0.000178  0.000017
  19    52   988    1.009606  0.000181  0.000018
  20    50  1000    1.009612  0.000177  0.000018
  21    47   987    1.009605  0.000184  0.000019
  22    45   990    1.009610  0.000191  0.000020
  23    43   989    1.009609  0.000189  0.000021
  24    41   984    1.009603  0.000176  0.000020
  25    40  1000    1.009612  0.000196  0.000022
Fit (variance): plateau_var = 3.688e-08 ± 3.367e-09
Fit (error):    plateau = 0.000192 ± 0.000009
     autocorrelation length ~ 8.8 blocks
     plateau reached at block size ~ 41
     !!!Failed to reach plateau in blocking
     Return max block error
nclean = 1000, max_block_size = 25, min_nblocks = 40
Blk_SZ   NBlk   NSmp      Energy     Error    dError
     1   1000   1000  -164.535933  0.000306  0.000007
     2    500   1000  -164.535989  0.000324  0.000010
     3    333    999  -164.536012  0.000340  0.000013
     4    250   1000  -164.536056  0.000332  0.000015
     5    200   1000  -164.536071  0.000334  0.000017
     6    166    996  -164.536079  0.000344  0.000019
     7    142    994  -164.536091  0.000367  0.000022
     8    125   1000  -164.536115  0.000354  0.000022
     9    111    999  -164.536106  0.000345  0.000023
    10    100   1000  -164.536125  0.000360  0.000026
    11     90    990  -164.536101  0.000376  0.000028
    12     83    996  -164.536138  0.000336  0.000026
    13     76    988  -164.536141  0.000358  0.000029
    14     71    994  -164.536148  0.000399  0.000034
    15     66    990  -164.536135  0.000381  0.000033
    16     62    992  -164.536136  0.000382  0.000035
    17     58    986  -164.536140  0.000356  0.000033
    18     55    990  -164.536144  0.000357  0.000034
    19     52    988  -164.536153  0.000410  0.000041
    20     50   1000  -164.536153  0.000343  0.000035
    21     47    987  -164.536154  0.000400  0.000042
    22     45    990  -164.536147  0.000370  0.000039
    23     43    989  -164.536156  0.000390  0.000043
    24     41    984  -164.536167  0.000383  0.000043
    25     40   1000  -164.536166  0.000367  0.000042
Fit (variance): plateau_var = 1.386729e-07 ± 1.016281e-08
Fit (error):    plateau = 0.000372 ± 0.000014
     autocorrelation length ~ 5.6 blocks
     plateau reached at block size ~ 21
Final AFQMC/pt2CCSD overlap ratio: 1.009612 ± 0.000196
Final AFQMC/pt2CCSD energy: -164.536204 ± 0.000372
Total run time: 1817.28

AFQMC Sampling Finished

QMC script: /u/yzhang65/myprojects/software/afqmc/afqmc/scripts/run_afqmc_pt2ccsd.py
  => E_HF(hnnn)      = -163.9018279003 Eh
  => E_CCSD(hnnn)    = -164.5025032921 Eh
  => E_AFQMC(hnnn)   = -164.53620 +/- 0.00037 Eh

============================================================
Running: hno  charge=0  spin=0
============================================================
output file: ../../result/molout/closed_shell/hno_vtzfp.out

Preparing AFQMC calculation
Calculating Cholesky integrals
Alpha Cholesky shape: (428, 69, 69) 
 Beta Cholesky shape: (428, 69, 69) 
Finished calculating Cholesky integrals
Size of the correlation space:
Number of electrons:        [6 6]
Number of basis functions:  67
Number of Cholesky vectors: 428

    ________                     _____                    
    ___  __ \___  __________________(_)_____________ _    
    __  /_/ /  / / /_  __ \_  __ \_  /__  __ \_  __ `/    
    _  _, _// /_/ /_  / / /  / / /  / _  / / /  /_/ /     
    /_/ |_| \__,_/ /_/ /_//_/ /_//_/  /_/ /_/_\__, /      
                                             /____/       
    _____________________________  ___________            
    ___    |__  ____/_  __ \__   |/  /_  ____/            
    __  /| |_  /_   _  / / /_  /|_/ /_  /                 
    _  ___ |  __/   / /_/ /_  /  / / / /___               
    /_/  |_/_/      \___\_\/_/  /_/  \____/               

Hostname:     gpua011.delta.ncsa.illinois.edu
System:       Linux
Node:         gpua011.delta.ncsa.illinois.edu
Release:      5.14.0-427.91.1.el9_4.x86_64
Machine:      x86_64
Processor:    x86_64
JAX backend:  GPU
JAX devices:  [CudaDevice(id=0)]
Device kind:  NVIDIA A100-SXM4-40GB
Platform:     gpu

Load system from Integral File
Maximum memory per walker:            66.67 MB
Maximum number of Cholesky per chunk: 486
Number of Cholesky chunks:            1
Number of Cholesky per chunk:         428
Number of padding Cholesky:           0

QMC System
Number of electrons: (6, 6)
Spin Multiplicity:   0
Number of orbitals:  67
Number of Chol:      428

QMC Parameters
eql_time            :                   50
n_blocks            :                 1000
n_walkers           :                  300
max_error           :                  0.0
seed                :                   17
walker_type         :                  uhf
trial               :             upt2ccsd
mix_precision       :                 True
max_memory          :                20000
dt                  :                0.005
n_exp_terms         :                    6
n_prop_steps        :                   50
save_walkers        :                False
free_projection     :                False
n_batch             :                    1
nchol_chunk         :                  428

Initalize QMC walkers by stochastic CCSD

Equilibration
inv_T        weight  killW        energy   runTime
 0.00    300.000000      0   -130.273828     47.10
 5.00    298.856121      0   -130.273565     55.65
10.00    298.766703      0   -130.275435     57.87
15.00    298.800747      0   -130.303867     60.10
20.00    299.274322      0   -130.293058     62.32
25.00    300.835091      0   -130.307148     64.55
30.00    298.515980      1   -130.283630     66.77
35.00    299.246226      0   -130.294868     69.00
40.00    299.665972      0   -130.322496     71.22
45.00    298.161156      0   -130.296541     73.45
50.00    299.075453      0   -130.294159     75.68

Sampling
blocks        weight  killW       E_Guide     error       E_Trial     error     olp_T/G     error  Walltime
    20    298.941159      4   -130.293706  0.004871   -130.296110  0.001118    1.100875  0.004199  103.43
    40    298.964613      5   -130.291604  0.004743   -130.295770  0.000789    1.102989  0.002519  125.76
    60    298.980799      6   -130.294197  0.004069   -130.296838  0.000825    1.102612  0.001673  148.22
    80    298.925204      6   -130.291981  0.003869   -130.296605  0.000688    1.104939  0.002157  170.67
   100    298.900643      8   -130.294534  0.003392   -130.297375  0.000701    1.105547  0.001755  193.12
   120    298.899587      9   -130.294476  0.002859   -130.297550  0.000625    1.105972  0.001554  215.58
   140    298.892335      9   -130.293334  0.002646   -130.297312  0.000558    1.107038  0.001509  238.04
   160    298.912267     11   -130.294821  0.002590   -130.297133  0.000588    1.107412  0.001372  260.51
   180    298.882045     13   -130.294338  0.002388   -130.297053  0.000537    1.107748  0.001245  282.97
   200    298.857347     17   -130.294557  0.002177   -130.297093  0.000509    1.106689  0.001344  305.39
   220    298.831281     17   -130.293419  0.002232   -130.297085  0.000494    1.108296  0.001718  327.86
   240    298.824826     18   -130.293381  0.002042   -130.296927  0.000461    1.109066  0.001695  350.31
   260    298.825033     19   -130.294600  0.002026   -130.297130  0.000447    1.110189  0.001745  372.75
   280    298.807247     23   -130.294910  0.001916   -130.297361  0.000474    1.110127  0.001619  395.21
   300    298.802176     23   -130.295566  0.001927   -130.297499  0.000650    1.111184  0.001684  417.66
   320    298.782847     23   -130.295243  0.001845   -130.297366  0.000615    1.112102  0.001722  440.13
   340    298.772860     24   -130.295546  0.001764   -130.297432  0.000585    1.112804  0.001708  462.57
   360    298.768883     27   -130.296017  0.001690   -130.297293  0.000560    1.113329  0.001657  485.01
   380    298.764931     28   -130.295599  0.001666   -130.297202  0.000534    1.113440  0.001589  507.48
   400    298.760079     31   -130.295632  0.001589   -130.297228  0.000513    1.113285  0.001516  529.93
   420    298.768665     32   -130.295806  0.001533   -130.297179  0.000492    1.113155  0.001447  552.38
   440    298.759911     35   -130.295702  0.001537   -130.297139  0.000473    1.112691  0.001523  574.83
   460    298.759404     35   -130.295869  0.001506   -130.297215  0.000464    1.112638  0.001497  597.30
   480    298.756910     37   -130.295630  0.001493   -130.297213  0.000447    1.112638  0.001432  620.29
   500    298.759454     38   -130.295725  0.001465   -130.297174  0.000431    1.112963  0.001405  642.71
   520    298.760890     38   -130.295137  0.001486   -130.297099  0.000416    1.113363  0.001387  665.15
   540    298.766243     40   -130.295583  0.001465   -130.297124  0.000403    1.113401  0.001363  687.63
   560    298.762724     41   -130.295404  0.001497   -130.297086  0.000392    1.113038  0.001432  710.07
   580    298.754032     43   -130.295204  0.001463   -130.297031  0.000381    1.112973  0.001398  732.52
   600    298.743767     45   -130.295170  0.001434   -130.296969  0.000371    1.113113  0.001368  754.97
   620    298.733757     47   -130.295035  0.001403   -130.296902  0.000362    1.112820  0.001325  777.43
   640    298.727823     50   -130.294879  0.001360   -130.296915  0.000352    1.112929  0.001298  799.87
   660    298.727453     50   -130.294801  0.001335   -130.296954  0.000346    1.113049  0.001266  822.34
   680    298.725532     51   -130.294967  0.001384   -130.296978  0.000339    1.113733  0.001383  844.78
   700    298.728435     52   -130.295192  0.001375   -130.296996  0.000332    1.114243  0.001411  867.24
   720    298.726833     53   -130.295258  0.001342   -130.296958  0.000324    1.115099  0.001613  889.69
   740    298.728660     54   -130.295284  0.001313   -130.296950  0.000320    1.115903  0.001747  912.13
   760    298.726616     55   -130.295483  0.001283   -130.296913  0.000313    1.116482  0.001838  934.60
   780    298.729401     58   -130.295676  0.001265   -130.296983  0.000308    1.116998  0.001858  957.04
   800    298.730262     59   -130.296039  0.001280   -130.297183  0.000323    1.117484  0.001935  979.50
   820    298.727088     59   -130.296121  0.001255   -130.297164  0.000317    1.117996  0.001955 1001.95
   840    298.730388     60   -130.296054  0.001231   -130.297237  0.000313    1.118101  0.001926 1024.41
   860    298.732404     60   -130.296138  0.001208   -130.297218  0.000308    1.118082  0.001926 1046.86
   880    298.731073     62   -130.296161  0.001184   -130.297187  0.000303    1.117829  0.001942 1069.33
   900    298.725748     64   -130.295890  0.001161   -130.297163  0.000299    1.117640  0.001942 1091.78
   920    298.723560     66   -130.295843  0.001144   -130.297197  0.000297    1.117767  0.001903 1114.26
   940    298.719710     68   -130.295885  0.001123   -130.297201  0.000292    1.117764  0.001890 1136.72
   960    298.720248     68   -130.295815  0.001105   -130.297209  0.000288    1.117739  0.001843 1159.18
   980    298.721228     69   -130.295799  0.001091   -130.297169  0.000283    1.117949  0.001802 1181.64
  1000    298.722131     71   -130.295941  0.001079   -130.297197  0.000281    1.117980  0.001806 1204.22

Post Propagation Process
Total number of samples 1000
Raw AFQMC/HF (Guide) energy:           -130.295941 ± 0.001079
Raw Trial/Guide overlap ratio:          1.117980 ± 0.001806
Raw AFQMC/pt2CCSD energy (covariance): -130.297197 ± 0.000281
Raw AFQMC/pt2CCSD energy (dir sample): -130.297197 ± 0.000196

Remove Outliers
removing energies outside zeta > 30
Outlier energy bound [-130.426875, -130.165012]
Removed 0 outliers with energies []
Clean AFQMC/pt2CCSD overlap ratio:        1.117980 ± 0.001806
Clean AFQMC/pt2CCSD energy (covariance): -130.297197 ± 0.000281
Clean AFQMC/ptCCSD energy (dir sample):  -130.297197 ± 0.000196

Blocking Analysis
nsample = 1000, max_block_size = 25, min_nblocks = 40
   B    NB    NS  Observable     Error    dError
   1  1000  1000    1.117980  0.000435  0.000010
   2   500  1000    1.117980  0.000593  0.000019
   3   333   999    1.117996  0.000714  0.000028
   4   250  1000    1.117980  0.000811  0.000036
   5   200  1000    1.117980  0.000900  0.000045
   6   166   996    1.118018  0.000978  0.000054
   7   142   994    1.118009  0.001055  0.000063
   8   125  1000    1.117980  0.001103  0.000070
   9   111   999    1.117996  0.001156  0.000078
  10   100  1000    1.117980  0.001221  0.000087
  11    90   990    1.117993  0.001295  0.000097
  12    83   996    1.118018  0.001321  0.000103
  13    76   988    1.117984  0.001365  0.000111
  14    71   994    1.118009  0.001431  0.000121
  15    66   990    1.117993  0.001459  0.000128
  16    62   992    1.118004  0.001505  0.000136
  17    58   986    1.117976  0.001551  0.000145
  18    55   990    1.117993  0.001567  0.000151
  19    52   988    1.117984  0.001613  0.000160
  20    50  1000    1.117980  0.001644  0.000166
  21    47   987    1.117980  0.001676  0.000175
  22    45   990    1.117993  0.001749  0.000186
  23    43   989    1.117990  0.001770  0.000193
  24    41   984    1.117974  0.001773  0.000198
  25    40  1000    1.117980  0.001806  0.000205
Fit (variance): plateau_var = 7.906e-06 ± 3.946e-06
Fit (error):    plateau = 0.002812 ± 0.000702
     autocorrelation length ~ 47.8 blocks
     plateau reached at block size ~ 221
     !!!Failed to reach plateau in blocking
     Return max block error
nclean = 1000, max_block_size = 25, min_nblocks = 40
Blk_SZ   NBlk   NSmp      Energy     Error    dError
     1   1000   1000  -130.297044  0.000196  0.000004
     2    500   1000  -130.297085  0.000209  0.000007
     3    333    999  -130.297100  0.000236  0.000009
     4    250   1000  -130.297116  0.000230  0.000010
     5    200   1000  -130.297117  0.000236  0.000012
     6    166    996  -130.297131  0.000250  0.000014
     7    142    994  -130.297144  0.000251  0.000015
     8    125   1000  -130.297142  0.000245  0.000016
     9    111    999  -130.297146  0.000258  0.000017
    10    100   1000  -130.297155  0.000265  0.000019
    11     90    990  -130.297137  0.000271  0.000020
    12     83    996  -130.297159  0.000256  0.000020
    13     76    988  -130.297136  0.000252  0.000021
    14     71    994  -130.297166  0.000258  0.000022
    15     66    990  -130.297146  0.000252  0.000022
    16     62    992  -130.297159  0.000269  0.000024
    17     58    986  -130.297144  0.000280  0.000026
    18     55    990  -130.297152  0.000254  0.000024
    19     52    988  -130.297155  0.000271  0.000027
    20     50   1000  -130.297172  0.000268  0.000027
    21     47    987  -130.297158  0.000291  0.000030
    22     45    990  -130.297151  0.000253  0.000027
    23     43    989  -130.297163  0.000269  0.000029
    24     41    984  -130.297151  0.000259  0.000029
    25     40   1000  -130.297177  0.000295  0.000033
Fit (variance): plateau_var = 7.075549e-08 ± 4.133752e-09
Fit (error):    plateau = 0.000266 ± 0.000008
     autocorrelation length ~ 4.3 blocks
     plateau reached at block size ~ 18
Final AFQMC/pt2CCSD overlap ratio: 1.117980 ± 0.001806
Final AFQMC/pt2CCSD energy: -130.297197 ± 0.000266
Total run time: 1223.96

AFQMC Sampling Finished

QMC script: /u/yzhang65/myprojects/software/afqmc/afqmc/scripts/run_afqmc_pt2ccsd.py
  => E_HF(hno)      = -129.8415786934 Eh
  => E_CCSD(hno)    = -130.2758795844 Eh
  => E_AFQMC(hno)   = -130.29720 +/- 0.00027 Eh

============================================================
Running: hocl  charge=0  spin=0
============================================================
output file: ../../result/molout/closed_shell/hocl_vtzfp.out

Preparing AFQMC calculation
Calculating Cholesky integrals
Alpha Cholesky shape: (440, 73, 73) 
 Beta Cholesky shape: (440, 73, 73) 
Finished calculating Cholesky integrals
Size of the correlation space:
Number of electrons:        [7 7]
Number of basis functions:  67
Number of Cholesky vectors: 440

    ________                     _____                    
    ___  __ \___  __________________(_)_____________ _    
    __  /_/ /  / / /_  __ \_  __ \_  /__  __ \_  __ `/    
    _  _, _// /_/ /_  / / /  / / /  / _  / / /  /_/ /     
    /_/ |_| \__,_/ /_/ /_//_/ /_//_/  /_/ /_/_\__, /      
                                             /____/       
    _____________________________  ___________            
    ___    |__  ____/_  __ \__   |/  /_  ____/            
    __  /| |_  /_   _  / / /_  /|_/ /_  /                 
    _  ___ |  __/   / /_/ /_  /  / / / /___               
    /_/  |_/_/      \___\_\/_/  /_/  \____/               

Hostname:     gpua011.delta.ncsa.illinois.edu
System:       Linux
Node:         gpua011.delta.ncsa.illinois.edu
Release:      5.14.0-427.91.1.el9_4.x86_64
Machine:      x86_64
Processor:    x86_64
JAX backend:  GPU
JAX devices:  [CudaDevice(id=0)]
Device kind:  NVIDIA A100-SXM4-40GB
Platform:     gpu

Load system from Integral File
Maximum memory per walker:            66.67 MB
Maximum number of Cholesky per chunk: 486
Number of Cholesky chunks:            1
Number of Cholesky per chunk:         440
Number of padding Cholesky:           0

QMC System
Number of electrons: (7, 7)
Spin Multiplicity:   0
Number of orbitals:  67
Number of Chol:      440

QMC Parameters
eql_time            :                   50
n_blocks            :                 1000
n_walkers           :                  300
max_error           :                  0.0
seed                :                   17
walker_type         :                  uhf
trial               :             upt2ccsd
mix_precision       :                 True
max_memory          :                20000
dt                  :                0.005
n_exp_terms         :                    6
n_prop_steps        :                   50
save_walkers        :                False
free_projection     :                False
n_batch             :                    1
nchol_chunk         :                  440

Initalize QMC walkers by stochastic CCSD

Equilibration
inv_T        weight  killW        energy   runTime
 0.00    300.000000      0   -535.372768     19.44
 5.00    299.070049      0   -535.378776     28.65
10.00    299.827344      0   -535.394211     30.97
15.00    299.271090      0   -535.403472     33.28
20.00    299.646844      0   -535.413118     35.60
25.00    299.230643      0   -535.383794     37.92
30.00    299.806399      0   -535.404629     40.24
35.00    299.209246      0   -535.394675     42.56
40.00    300.225070      0   -535.419178     44.92
45.00    299.579943      0   -535.385290     47.23
50.00    299.601901      0   -535.406415     49.55

Sampling
blocks        weight  killW       E_Guide     error       E_Trial     error     olp_T/G     error  Walltime
    20    299.171218      0   -535.393625  0.006414   -535.394192  0.000931    1.002264  0.000175   83.43
    40    299.243411      1   -535.395592  0.003858   -535.394091  0.000711    1.002171  0.000099  112.01
    60    299.257504      1   -535.398339  0.004072   -535.394315  0.000619    1.001968  0.000139  140.64
    80    299.229439      2   -535.396420  0.003603   -535.393819  0.000506    1.001881  0.000135  169.31
   100    299.205125      3   -535.395980  0.003151   -535.393520  0.000442    1.001850  0.000099  197.94
   120    299.155173      3   -535.394356  0.002901   -535.393318  0.000385    1.001851  0.000086  226.63
   140    299.130569      3   -535.394972  0.002555   -535.393492  0.000361    1.001795  0.000080  255.28
   160    299.093722      3   -535.393732  0.002398   -535.393213  0.000334    1.001790  0.000073  283.93
   180    299.094849      3   -535.393616  0.002141   -535.393287  0.000308    1.001780  0.000066  312.60
   200    299.091307      3   -535.394427  0.002181   -535.393294  0.000289    1.001748  0.000062  341.25
   220    299.066949      4   -535.393672  0.002072   -535.393106  0.000275    1.001724  0.000066  369.92
   240    299.061304      4   -535.393558  0.001899   -535.393027  0.000260    1.001727  0.000064  398.56
   260    299.053254      5   -535.394030  0.001821   -535.393115  0.000305    1.001725  0.000062  427.21
   280    299.044388      5   -535.394546  0.001727   -535.393072  0.000289    1.001692  0.000061  455.86
   300    299.054628      5   -535.395283  0.001704   -535.393159  0.000287    1.001665  0.000060  484.51
   320    299.036433      5   -535.395022  0.001618   -535.393193  0.000287    1.001684  0.000057  513.16
   340    299.039694      5   -535.395538  0.001566   -535.393216  0.000274    1.001720  0.000061  541.83
   360    299.043725      5   -535.396007  0.001517   -535.393286  0.000265    1.001756  0.000063  570.46
   380    299.028605      5   -535.396169  0.001464   -535.393338  0.000256    1.001790  0.000065  599.16
   400    299.020030      5   -535.396425  0.001404   -535.393310  0.000245    1.001801  0.000063  628.04
   420    299.011887      5   -535.396480  0.001343   -535.393392  0.000239    1.001785  0.000063  656.67
   440    299.024406      5   -535.397442  0.001522   -535.393563  0.000244    1.001802  0.000064  685.32
   460    299.010979      5   -535.396965  0.001493   -535.393506  0.000236    1.001810  0.000063  714.00
   480    299.012510      5   -535.397321  0.001500   -535.393702  0.000252    1.001805  0.000062  742.65
   500    299.009422      6   -535.397542  0.001466   -535.393648  0.000245    1.001789  0.000061  771.32
   520    298.999655      7   -535.397230  0.001467   -535.393619  0.000236    1.001763  0.000064  799.97
   540    298.986665      7   -535.397098  0.001431   -535.393564  0.000229    1.001771  0.000063  828.64
   560    298.982090      7   -535.397005  0.001380   -535.393640  0.000227    1.001775  0.000064  857.28
   580    298.972939      7   -535.396890  0.001350   -535.393660  0.000224    1.001766  0.000063  885.95
   600    298.969303      7   -535.396996  0.001328   -535.393622  0.000217    1.001760  0.000063  914.59
   620    298.973475      8   -535.397902  0.001587   -535.393872  0.000296    1.001772  0.000062  943.24
   640    298.972816      8   -535.397759  0.001529   -535.393874  0.000294    1.001770  0.000061  971.90
   660    298.971249      8   -535.397522  0.001493   -535.393824  0.000286    1.001760  0.000058 1000.54
   680    298.971347      8   -535.397680  0.001487   -535.393852  0.000279    1.001748  0.000058 1029.18
   700    298.965541      8   -535.397596  0.001451   -535.393867  0.000274    1.001748  0.000057 1057.83
   720    298.964772      8   -535.397838  0.001422   -535.393904  0.000269    1.001739  0.000055 1086.50
   740    298.957265      8   -535.397698  0.001398   -535.393861  0.000263    1.001753  0.000054 1115.14
   760    298.952964      8   -535.397588  0.001401   -535.393839  0.000258    1.001758  0.000054 1143.80
   780    298.951895      8   -535.397326  0.001386   -535.393793  0.000252    1.001759  0.000053 1172.44
   800    298.950373      8   -535.397441  0.001360   -535.393835  0.000251    1.001751  0.000052 1201.16
   820    298.944574      8   -535.397261  0.001342   -535.393805  0.000245    1.001753  0.000051 1230.24
   840    298.943153      8   -535.397184  0.001347   -535.393797  0.000240    1.001750  0.000052 1258.95
   860    298.944509      8   -535.397134  0.001347   -535.393768  0.000238    1.001763  0.000052 1287.56
   880    298.934467      8   -535.396877  0.001317   -535.393745  0.000233    1.001761  0.000053 1316.22
   900    298.930676      8   -535.396829  0.001308   -535.393765  0.000230    1.001756  0.000052 1344.86
   920    298.932999      8   -535.396918  0.001277   -535.393755  0.000225    1.001757  0.000054 1373.51
   940    298.930722      8   -535.396717  0.001248   -535.393745  0.000222    1.001750  0.000054 1402.14
   960    298.925626      8   -535.396699  0.001230   -535.393764  0.000220    1.001738  0.000054 1430.80
   980    298.925420      8   -535.396660  0.001201   -535.393790  0.000217    1.001733  0.000054 1459.44
  1000    298.925150      8   -535.396874  0.001178   -535.393806  0.000213    1.001736  0.000053 1488.11

Post Propagation Process
Total number of samples 1000
Raw AFQMC/HF (Guide) energy:           -535.396874 ± 0.001178
Raw Trial/Guide overlap ratio:          1.001736 ± 0.000053
Raw AFQMC/pt2CCSD energy (covariance): -535.393806 ± 0.000213
Raw AFQMC/pt2CCSD energy (dir sample): -535.393806 ± 0.000142

Remove Outliers
removing energies outside zeta > 30
Outlier energy bound [-535.486359, -535.299398]
Removed 0 outliers with energies []
Clean AFQMC/pt2CCSD overlap ratio:        1.001736 ± 0.000053
Clean AFQMC/pt2CCSD energy (covariance): -535.393806 ± 0.000213
Clean AFQMC/ptCCSD energy (dir sample):  -535.393806 ± 0.000142

Blocking Analysis
nsample = 1000, max_block_size = 25, min_nblocks = 40
   B    NB    NS  Observable     Error    dError
   1  1000  1000    1.001736  0.000018  0.000000
   2   500  1000    1.001736  0.000024  0.000001
   3   333   999    1.001735  0.000028  0.000001
   4   250  1000    1.001736  0.000031  0.000001
   5   200  1000    1.001736  0.000034  0.000002
   6   166   996    1.001731  0.000035  0.000002
   7   142   994    1.001729  0.000038  0.000002
   8   125  1000    1.001736  0.000039  0.000002
   9   111   999    1.001735  0.000040  0.000003
  10   100  1000    1.001736  0.000041  0.000003
  11    90   990    1.001731  0.000042  0.000003
  12    83   996    1.001731  0.000043  0.000003
  13    76   988    1.001733  0.000045  0.000004
  14    71   994    1.001729  0.000046  0.000004
  15    66   990    1.001731  0.000046  0.000004
  16    62   992    1.001731  0.000045  0.000004
  17    58   986    1.001732  0.000046  0.000004
  18    55   990    1.001731  0.000046  0.000004
  19    52   988    1.001733  0.000048  0.000005
  20    50  1000    1.001736  0.000046  0.000005
  21    47   987    1.001732  0.000050  0.000005
  22    45   990    1.001731  0.000050  0.000005
  23    43   989    1.001732  0.000053  0.000006
  24    41   984    1.001732  0.000050  0.000006
  25    40  1000    1.001736  0.000051  0.000006
Fit (variance): plateau_var = 2.555e-09 ± 2.418e-10
Fit (error):    plateau = 0.000051 ± 0.000002
     autocorrelation length ~ 8.8 blocks
     plateau reached at block size ~ 41
     !!!Failed to reach plateau in blocking
     Return max block error
nclean = 1000, max_block_size = 25, min_nblocks = 40
Blk_SZ   NBlk   NSmp      Energy     Error    dError
     1   1000   1000  -535.393575  0.000142  0.000003
     2    500   1000  -535.393646  0.000170  0.000005
     3    333    999  -535.393669  0.000186  0.000007
     4    250   1000  -535.393702  0.000208  0.000009
     5    200   1000  -535.393708  0.000208  0.000010
     6    166    996  -535.393733  0.000207  0.000011
     7    142    994  -535.393752  0.000220  0.000013
     8    125   1000  -535.393754  0.000220  0.000014
     9    111    999  -535.393750  0.000235  0.000016
    10    100   1000  -535.393751  0.000233  0.000017
    11     90    990  -535.393758  0.000229  0.000017
    12     83    996  -535.393771  0.000237  0.000019
    13     76    988  -535.393763  0.000234  0.000019
    14     71    994  -535.393783  0.000227  0.000019
    15     66    990  -535.393775  0.000245  0.000021
    16     62    992  -535.393783  0.000221  0.000020
    17     58    986  -535.393775  0.000247  0.000023
    18     55    990  -535.393780  0.000236  0.000023
    19     52    988  -535.393774  0.000240  0.000024
    20     50   1000  -535.393777  0.000245  0.000025
    21     47    987  -535.393776  0.000221  0.000023
    22     45    990  -535.393782  0.000237  0.000025
    23     43    989  -535.393783  0.000251  0.000027
    24     41    984  -535.393777  0.000245  0.000027
    25     40   1000  -535.393785  0.000236  0.000027
Fit (variance): plateau_var = 5.603727e-08 ± 2.921294e-09
Fit (error):    plateau = 0.000237 ± 0.000006
     autocorrelation length ~ 3.8 blocks
     plateau reached at block size ~ 17
Final AFQMC/pt2CCSD overlap ratio: 1.001736 ± 0.000053
Final AFQMC/pt2CCSD energy: -535.393806 ± 0.000237
Total run time: 1506.72

AFQMC Sampling Finished

QMC script: /u/yzhang65/myprojects/software/afqmc/afqmc/scripts/run_afqmc_pt2ccsd.py
  => E_HF(hocl)      = -534.9192580214 Eh
  => E_CCSD(hocl)    = -535.3747053965 Eh
  => E_AFQMC(hocl)   = -535.39381 +/- 0.00024 Eh

============================================================
Running: hoclo  charge=0  spin=0
============================================================
output file: ../../result/molout/closed_shell/hoclo_vtzfp.out

Preparing AFQMC calculation
Calculating Cholesky integrals
Alpha Cholesky shape: (626, 103, 103) 
 Beta Cholesky shape: (626, 103, 103) 
Finished calculating Cholesky integrals
Size of the correlation space:
Number of electrons:        [10 10]
Number of basis functions:  96
Number of Cholesky vectors: 626

    ________                     _____                    
    ___  __ \___  __________________(_)_____________ _    
    __  /_/ /  / / /_  __ \_  __ \_  /__  __ \_  __ `/    
    _  _, _// /_/ /_  / / /  / / /  / _  / / /  /_/ /     
    /_/ |_| \__,_/ /_/ /_//_/ /_//_/  /_/ /_/_\__, /      
                                             /____/       
    _____________________________  ___________            
    ___    |__  ____/_  __ \__   |/  /_  ____/            
    __  /| |_  /_   _  / / /_  /|_/ /_  /                 
    _  ___ |  __/   / /_/ /_  /  / / / /___               
    /_/  |_/_/      \___\_\/_/  /_/  \____/               

Hostname:     gpua011.delta.ncsa.illinois.edu
System:       Linux
Node:         gpua011.delta.ncsa.illinois.edu
Release:      5.14.0-427.91.1.el9_4.x86_64
Machine:      x86_64
Processor:    x86_64
JAX backend:  GPU
JAX devices:  [CudaDevice(id=0)]
Device kind:  NVIDIA A100-SXM4-40GB
Platform:     gpu

Load system from Integral File
Maximum memory per walker:            66.67 MB
Maximum number of Cholesky per chunk: 237
Number of Cholesky chunks:            3
Number of Cholesky per chunk:         209
Number of padding Cholesky:           1

QMC System
Number of electrons: (10, 10)
Spin Multiplicity:   0
Number of orbitals:  96
Number of Chol:      626

QMC Parameters
eql_time            :                   50
n_blocks            :                 1000
n_walkers           :                  300
max_error           :                  0.0
seed                :                   17
walker_type         :                  uhf
trial               :             upt2ccsd
mix_precision       :                 True
max_memory          :                20000
dt                  :                0.005
n_exp_terms         :                    6
n_prop_steps        :                   50
save_walkers        :                False
free_projection     :                False
n_batch             :                    1
nchol_chunk         :                  209

Initalize QMC walkers by stochastic CCSD

Equilibration
inv_T        weight  killW        energy   runTime
 0.00    300.000000      0   -610.370644     20.83
 5.00    299.739834      0   -610.369067     31.25
10.00    298.722120      0   -610.385297     35.47
15.00    298.290660      0   -610.386220     39.70
20.00    299.096906      0   -610.422676     43.92
25.00    298.857063      0   -610.384075     48.14
30.00    298.792615      0   -610.379955     52.37
35.00    299.147235      0   -610.421036     56.59
40.00    299.398158      0   -610.414994     60.81
45.00    299.432891      0   -610.404301     65.10
50.00    298.990106      0   -610.358006     69.33

Sampling
blocks        weight  killW       E_Guide     error       E_Trial     error     olp_T/G     error  Walltime
    20    300.451177      0   -610.525367  0.104884   -610.392574  0.039203    1.032852  0.012330  111.12
    40    299.466601      0   -610.479971  0.052461   -610.403144  0.017364    1.031862  0.005548  147.87
    60    299.060412      0   -610.454935  0.037161   -610.403795  0.010718    1.029463  0.003417  184.72
    80    298.874756      1   -610.444127  0.028135   -610.404816  0.007774    1.028352  0.002660  221.58
   100    298.717855      1   -610.436166  0.021173   -610.405208  0.006119    1.027233  0.002210  258.44
   120    298.620035      1   -610.432639  0.017786   -610.405458  0.005055    1.026141  0.001975  295.29
   140    298.518630      2   -610.426567  0.015938   -610.405019  0.004263    1.025262  0.001789  332.16
   160    298.451825      3   -610.424753  0.014046   -610.405211  0.003735    1.024347  0.001678  369.01
   180    298.375660      4   -610.422097  0.012224   -610.405349  0.003298    1.024216  0.001492  405.86
   200    298.350377      4   -610.422443  0.010974   -610.405194  0.002983    1.024058  0.001343  442.74
   220    298.342101      5   -610.421795  0.010019   -610.405384  0.002720    1.023800  0.001237  479.60
   240    298.330367      5   -610.421311  0.009268   -610.405732  0.002498    1.023645  0.001138  516.45
   260    298.325772      5   -610.421385  0.008616   -610.406067  0.002315    1.023287  0.001084  553.33
   280    298.313335      5   -610.420726  0.007971   -610.405985  0.002150    1.022866  0.001047  590.17
   300    298.297484      6   -610.419813  0.007486   -610.405849  0.002005    1.022548  0.001000  627.32
   320    298.281012      6   -610.418282  0.007154   -610.405724  0.001874    1.022284  0.000958  664.11
   340    298.284321      6   -610.418075  0.006763   -610.405807  0.001766    1.022246  0.000905  700.98
   360    298.270129      7   -610.417080  0.006323   -610.405798  0.001668    1.022179  0.000861  737.83
   380    298.277152      8   -610.417418  0.005996   -610.406019  0.001592    1.022314  0.000820  774.69
   400    298.274452      8   -610.417154  0.005735   -610.406115  0.001516    1.022198  0.000792  811.56
   420    298.264558      8   -610.415718  0.005561   -610.405891  0.001441    1.022151  0.000756  848.42
   440    298.258950      8   -610.415013  0.005414   -610.405749  0.001376    1.021945  0.000785  885.28
   460    298.254930      9   -610.414697  0.005281   -610.406008  0.001342    1.021963  0.000766  922.15
   480    298.263396      9   -610.415071  0.005048   -610.406057  0.001300    1.022104  0.000799  959.01
   500    298.259325      9   -610.414736  0.004838   -610.405936  0.001250    1.022226  0.000781  995.89
   520    298.250059     10   -610.414064  0.004636   -610.405842  0.001201    1.022160  0.000749 1032.77
   540    298.252786     10   -610.413673  0.004482   -610.405836  0.001157    1.022019  0.000725 1069.62
   560    298.248328     11   -610.413697  0.004392   -610.405782  0.001120    1.021993  0.000710 1106.49
   580    298.250753     12   -610.413963  0.004237   -610.405752  0.001083    1.022118  0.000685 1143.34
   600    298.265911     12   -610.414285  0.004111   -610.405783  0.001051    1.022142  0.000660 1180.18
   620    298.276026     12   -610.414582  0.004027   -610.405902  0.001021    1.022109  0.000648 1217.13
   640    298.275743     12   -610.414298  0.003931   -610.405858  0.000990    1.022125  0.000623 1254.22
   660    298.283483     12   -610.414669  0.003799   -610.405912  0.000963    1.022061  0.000606 1291.05
   680    298.294758     12   -610.414863  0.003728   -610.405948  0.000936    1.022088  0.000595 1327.96
   700    298.295716     13   -610.414501  0.003653   -610.405921  0.000910    1.022151  0.000577 1364.80
   720    298.301288     13   -610.414649  0.003553   -610.405951  0.000888    1.022197  0.000559 1401.66
   740    298.297072     13   -610.414381  0.003470   -610.405870  0.000865    1.022166  0.000550 1438.51
   760    298.290840     13   -610.413994  0.003448   -610.405840  0.000843    1.022134  0.000535 1475.40
   780    298.295530     13   -610.414073  0.003364   -610.405903  0.000823    1.022192  0.000520 1512.24
   800    298.296364     13   -610.413969  0.003316   -610.405829  0.000804    1.022165  0.000512 1549.10
   820    298.299951     13   -610.413742  0.003242   -610.405764  0.000785    1.022187  0.000498 1585.98
   840    298.291745     15   -610.413612  0.003240   -610.405768  0.000768    1.022133  0.000512 1622.84
   860    298.291520     15   -610.413398  0.003240   -610.405729  0.000751    1.022046  0.000512 1659.70
   880    298.292010     15   -610.413066  0.003168   -610.405709  0.000734    1.022000  0.000508 1696.58
   900    298.290995     15   -610.412817  0.003113   -610.405670  0.000718    1.022080  0.000506 1733.42
   920    298.292398     15   -610.412943  0.003045   -610.405676  0.000706    1.022123  0.000501 1770.30
   940    298.291293     15   -610.413042  0.002980   -610.405708  0.000694    1.022075  0.000492 1807.18
   960    298.294328     15   -610.413096  0.002913   -610.405698  0.000680    1.022061  0.000487 1844.79
   980    298.299317     16   -610.413212  0.002851   -610.405695  0.000670    1.022081  0.000476 1881.44
  1000    298.294011     16   -610.412877  0.002969   -610.405678  0.000658    1.022127  0.000478 1918.26

Post Propagation Process
Total number of samples 1000
Raw AFQMC/HF (Guide) energy:           -610.412877 ± 0.002969
Raw Trial/Guide overlap ratio:          1.022127 ± 0.000478
Raw AFQMC/pt2CCSD energy (covariance): -610.405678 ± 0.000658
Raw AFQMC/pt2CCSD energy (dir sample): -610.405678 ± 0.000417

Remove Outliers
removing energies outside zeta > 30
Outlier energy bound [-610.604687, -610.204118]
Removed 1 outliers with energies [-610.09754127]
Clean AFQMC/pt2CCSD overlap ratio:        1.022024 ± 0.000426
Clean AFQMC/pt2CCSD energy (covariance): -610.405933 ± 0.000377
Clean AFQMC/ptCCSD energy (dir sample):  -610.405933 ± 0.000282

Blocking Analysis
nsample = 999, max_block_size = 24, min_nblocks = 40
   B    NB    NS  Observable     Error    dError
   1   999   999    1.022024  0.000132  0.000003
   2   499   998    1.022025  0.000178  0.000006
   3   333   999    1.022023  0.000213  0.000008
   4   249   996    1.022026  0.000242  0.000011
   5   199   995    1.022025  0.000256  0.000013
   6   166   996    1.022026  0.000286  0.000016
   7   142   994    1.022024  0.000293  0.000017
   8   124   992    1.022024  0.000304  0.000019
   9   111   999    1.022023  0.000316  0.000021
  10    99   990    1.022030  0.000337  0.000024
  11    90   990    1.022030  0.000347  0.000026
  12    83   996    1.022026  0.000371  0.000029
  13    76   988    1.022029  0.000375  0.000031
  14    71   994    1.022024  0.000359  0.000030
  15    66   990    1.022029  0.000375  0.000033
  16    62   992    1.022023  0.000379  0.000034
  17    58   986    1.022023  0.000377  0.000035
  18    55   990    1.022029  0.000395  0.000038
  19    52   988    1.022028  0.000405  0.000040
  20    49   980    1.021983  0.000393  0.000040
  21    47   987    1.022027  0.000421  0.000044
  22    45   990    1.022029  0.000426  0.000045
  23    43   989    1.022031  0.000420  0.000046
  24    41   984    1.022010  0.000417  0.000047
Fit (variance): plateau_var = 2.040e-07 ± 2.760e-08
Fit (error):    plateau = 0.000452 ± 0.000031
     autocorrelation length ~ 12.6 blocks
     plateau reached at block size ~ 59
     !!!Failed to reach plateau in blocking
     Return max block error
nclean = 999, max_block_size = 24, min_nblocks = 40
Blk_SZ   NBlk   NSmp      Energy     Error    dError
     1    999    999  -610.405627  0.000282  0.000006
     2    499    998  -610.405697  0.000314  0.000010
     3    333    999  -610.405755  0.000330  0.000013
     4    249    996  -610.405763  0.000335  0.000015
     5    199    995  -610.405780  0.000346  0.000017
     6    166    996  -610.405790  0.000355  0.000020
     7    142    994  -610.405808  0.000357  0.000021
     8    124    992  -610.405810  0.000352  0.000022
     9    111    999  -610.405828  0.000357  0.000024
    10     99    990  -610.405783  0.000351  0.000025
    11     90    990  -610.405798  0.000365  0.000027
    12     83    996  -610.405845  0.000372  0.000029
    13     76    988  -610.405824  0.000370  0.000030
    14     71    994  -610.405851  0.000350  0.000030
    15     66    990  -610.405808  0.000395  0.000035
    16     62    992  -610.405849  0.000330  0.000030
    17     58    986  -610.405851  0.000350  0.000033
    18     55    990  -610.405826  0.000340  0.000033
    19     52    988  -610.405838  0.000372  0.000037
    20     49    980  -610.405887  0.000362  0.000037
    21     47    987  -610.405844  0.000367  0.000038
    22     45    990  -610.405838  0.000378  0.000040
    23     43    989  -610.405842  0.000321  0.000035
    24     41    984  -610.405871  0.000355  0.000040
Fit (variance): plateau_var = 1.272454e-07 ± 5.329171e-09
Fit (error):    plateau = 0.000357 ± 0.000007
     autocorrelation length ~ 2.1 blocks
     plateau reached at block size ~ 9
Final AFQMC/pt2CCSD overlap ratio: 1.022024 ± 0.000426
Final AFQMC/pt2CCSD energy: -610.405933 ± 0.000357
Total run time: 1947.69

AFQMC Sampling Finished

QMC script: /u/yzhang65/myprojects/software/afqmc/afqmc/scripts/run_afqmc_pt2ccsd.py
  => E_HF(hoclo)      = -609.6701820843 Eh
  => E_CCSD(hoclo)    = -610.3719744066 Eh
  => E_AFQMC(hoclo)   = -610.40593 +/- 0.00036 Eh

============================================================
Running: hoclo2  charge=0  spin=0
============================================================
output file: ../../result/molout/closed_shell/hoclo2_vtzfp.out

Preparing AFQMC calculation
Calculating Cholesky integrals
Alpha Cholesky shape: (808, 133, 133) 
 Beta Cholesky shape: (808, 133, 133) 
Finished calculating Cholesky integrals
Size of the correlation space:
Number of electrons:        [13 13]
Number of basis functions:  125
Number of Cholesky vectors: 808

    ________                     _____                    
    ___  __ \___  __________________(_)_____________ _    
    __  /_/ /  / / /_  __ \_  __ \_  /__  __ \_  __ `/    
    _  _, _// /_/ /_  / / /  / / /  / _  / / /  /_/ /     
    /_/ |_| \__,_/ /_/ /_//_/ /_//_/  /_/ /_/_\__, /      
                                             /____/       
    _____________________________  ___________            
    ___    |__  ____/_  __ \__   |/  /_  ____/            
    __  /| |_  /_   _  / / /_  /|_/ /_  /                 
    _  ___ |  __/   / /_/ /_  /  / / / /___               
    /_/  |_/_/      \___\_\/_/  /_/  \____/               

Hostname:     gpua011.delta.ncsa.illinois.edu
System:       Linux
Node:         gpua011.delta.ncsa.illinois.edu
Release:      5.14.0-427.91.1.el9_4.x86_64
Machine:      x86_64
Processor:    x86_64
JAX backend:  GPU
JAX devices:  [CudaDevice(id=0)]
Device kind:  NVIDIA A100-SXM4-40GB
Platform:     gpu

Load system from Integral File
Maximum memory per walker:            66.67 MB
Maximum number of Cholesky per chunk: 139
Number of Cholesky chunks:            6
Number of Cholesky per chunk:         135
Number of padding Cholesky:           2

QMC System
Number of electrons: (13, 13)
Spin Multiplicity:   0
Number of orbitals:  125
Number of Chol:      808

QMC Parameters
eql_time            :                   50
n_blocks            :                 1000
n_walkers           :                  300
max_error           :                  0.0
seed                :                   17
walker_type         :                  uhf
trial               :             upt2ccsd
mix_precision       :                 True
max_memory          :                20000
dt                  :                0.005
n_exp_terms         :                    6
n_prop_steps        :                   50
save_walkers        :                False
free_projection     :                False
n_batch             :                    1
nchol_chunk         :                  135

Initalize QMC walkers by stochastic CCSD

Equilibration
inv_T        weight  killW        energy   runTime
 0.00    300.000000      0   -685.411085     38.08
 5.00    299.067883      0   -685.512521     51.91
10.00    298.699081      0   -685.461120     59.69
15.00    298.657650      0   -685.462837     67.47
20.00    299.225263      0   -685.461069     75.25
25.00    298.616598      0   -685.475469     83.06
30.00    298.829632      0   -685.433998     90.84
35.00    297.824084      0   -685.479602     98.62
40.00    299.166511      0   -685.487346    106.41
45.00    300.231601      0   -685.489782    114.19
50.00    299.181034      0   -685.486704    121.97

Sampling
blocks        weight  killW       E_Guide     error       E_Trial     error     olp_T/G     error  Walltime
    20    298.995121      1   -685.476314  0.009890   -685.463059  0.002249    1.019026  0.001378  196.13
    40    298.917210      1   -685.474857  0.005550   -685.466403  0.001782    1.018497  0.001038  264.87
    60    298.852611      1   -685.472426  0.004864   -685.464868  0.001415    1.019243  0.000835  333.75
    80    298.715355      1   -685.467070  0.005686   -685.464175  0.001172    1.019257  0.000691  402.63
   100    298.691931      1   -685.466885  0.004658   -685.464163  0.001178    1.019313  0.000586  471.51
   120    298.660250      1   -685.467352  0.003831   -685.464089  0.001074    1.019590  0.000508  540.38
   140    298.609418      1   -685.465338  0.003735   -685.463832  0.000986    1.019969  0.000505  609.57
   160    298.625481      1   -685.466800  0.003363   -685.464157  0.001024    1.019721  0.000472  678.42
   180    298.611653      1   -685.466926  0.003153   -685.463363  0.001049    1.019760  0.000431  747.29
   200    298.607499      1   -685.468798  0.003202   -685.464323  0.001050    1.019780  0.000386  816.16
   220    298.644807      1   -685.474434  0.005573   -685.467375  0.002189    1.019466  0.000416  885.03
   240    298.612992      1   -685.474118  0.005109   -685.466672  0.002021    1.019458  0.000383  953.89
   260    298.570119      1   -685.473197  0.004753   -685.466577  0.001878    1.019626  0.000372 1022.75
   280    298.546813      2   -685.473599  0.004432   -685.466410  0.001763    1.019698  0.000348 1091.63
   300    298.516521      3   -685.473180  0.004151   -685.466354  0.001657    1.019870  0.000353 1160.50
   320    298.490824      3   -685.472081  0.003963   -685.466123  0.001562    1.019933  0.000334 1229.46
   340    298.459027      3   -685.471743  0.003735   -685.466021  0.001475    1.020046  0.000325 1298.54
   360    298.448761      3   -685.472030  0.003531   -685.465843  0.001404    1.020159  0.000320 1367.41
   380    298.426116      3   -685.471736  0.003361   -685.465518  0.001335    1.020217  0.000313 1436.27
   400    298.421917      3   -685.472265  0.003231   -685.465581  0.001283    1.020195  0.000300 1505.15
   420    298.408732      3   -685.471636  0.003122   -685.465271  0.001227    1.020268  0.000292 1574.02
   440    298.388841      3   -685.471599  0.003129   -685.465225  0.001177    1.020252  0.000298 1642.89
   460    298.376115      3   -685.471175  0.003053   -685.465303  0.001142    1.020344  0.000298 1711.75
   480    298.365509      3   -685.471102  0.002933   -685.465271  0.001097    1.020452  0.000294 1780.65
   500    298.362952      3   -685.471321  0.002842   -685.465358  0.001058    1.020424  0.000287 1849.62
   520    298.349384      3   -685.471032  0.002758   -685.465277  0.001020    1.020442  0.000277 1918.45
   540    298.349580      3   -685.471247  0.002654   -685.465225  0.000993    1.020421  0.000283 1987.32
   560    298.341796      3   -685.471780  0.002633   -685.465316  0.000970    1.020400  0.000277 2056.22
   580    298.318211      3   -685.471488  0.002580   -685.465271  0.000938    1.020473  0.000270 2125.04
   600    298.309293      3   -685.471700  0.002524   -685.465473  0.000912    1.020420  0.000265 2193.91
   620    298.309203      4   -685.471898  0.002471   -685.465394  0.000886    1.020546  0.000275 2263.03
   640    298.307007      4   -685.471906  0.002434   -685.465288  0.000860    1.020608  0.000282 2331.88
   660    298.309324      5   -685.472137  0.002365   -685.465215  0.000838    1.020584  0.000276 2400.75
   680    298.296520      5   -685.471846  0.002337   -685.465184  0.000817    1.020665  0.000277 2469.72
   700    298.293949      6   -685.471855  0.002306   -685.465180  0.000796    1.020696  0.000271 2538.56
   720    298.298466      7   -685.472276  0.002277   -685.465303  0.000778    1.020627  0.000265 2607.44
   740    298.298767      7   -685.472358  0.002271   -685.465280  0.000759    1.020604  0.000272 2676.34
   760    298.301532      7   -685.473281  0.002336   -685.465452  0.000752    1.020527  0.000266 2745.17
   780    298.302563      8   -685.473711  0.002343   -685.465465  0.000739    1.020556  0.000267 2814.04
   800    298.299822      8   -685.473726  0.002270   -685.465372  0.000723    1.020520  0.000272 2882.91
   820    298.290785      9   -685.473456  0.002277   -685.465447  0.000717    1.020561  0.000269 2952.00
   840    298.284181      9   -685.473617  0.002211   -685.465403  0.000706    1.020670  0.000284 3020.87
   860    298.277998      9   -685.473529  0.002177   -685.465257  0.000694    1.020677  0.000278 3089.83
   880    298.269537     10   -685.473639  0.002141   -685.465313  0.000682    1.020594  0.000284 3158.67
   900    298.265106     10   -685.473536  0.002102   -685.465395  0.000675    1.020573  0.000278 3227.53
   920    298.262562     10   -685.473797  0.002052   -685.465414  0.000665    1.020638  0.000280 3296.40
   940    298.252280     10   -685.473438  0.002030   -685.465299  0.000662    1.020702  0.000281 3365.26
   960    298.256643     10   -685.473309  0.002009   -685.465217  0.000650    1.020718  0.000282 3434.14
   980    298.256399     10   -685.473499  0.001976   -685.465144  0.000639    1.020762  0.000282 3503.04
  1000    298.254391     10   -685.473577  0.001941   -685.465353  0.000665    1.020776  0.000279 3572.30

Post Propagation Process
Total number of samples 1000
Raw AFQMC/HF (Guide) energy:           -685.473577 ± 0.001941
Raw Trial/Guide overlap ratio:          1.020776 ± 0.000279
Raw AFQMC/pt2CCSD energy (covariance): -685.465353 ± 0.000665
Raw AFQMC/pt2CCSD energy (dir sample): -685.465353 ± 0.000569

Remove Outliers
removing energies outside zeta > 30
Outlier energy bound [-685.747376, -685.177954]
Removed 1 outliers with energies [-685.82008014]
Clean AFQMC/pt2CCSD overlap ratio:        1.020780 ± 0.000282
Clean AFQMC/pt2CCSD energy (covariance): -685.464980 ± 0.000541
Clean AFQMC/ptCCSD energy (dir sample):  -685.464980 ± 0.000445

Blocking Analysis
nsample = 999, max_block_size = 24, min_nblocks = 40
   B    NB    NS  Observable     Error    dError
   1   999   999    1.020782  0.000097  0.000002
   2   499   998    1.020784  0.000129  0.000004
   3   333   999    1.020781  0.000152  0.000006
   4   249   996    1.020784  0.000169  0.000008
   5   199   995    1.020783  0.000181  0.000009
   6   166   996    1.020784  0.000193  0.000011
   7   142   994    1.020781  0.000201  0.000012
   8   124   992    1.020779  0.000211  0.000013
   9   111   999    1.020781  0.000213  0.000014
  10    99   990    1.020778  0.000226  0.000016
  11    90   990    1.020778  0.000234  0.000018
  12    83   996    1.020783  0.000231  0.000018
  13    76   988    1.020771  0.000222  0.000018
  14    71   994    1.020781  0.000239  0.000020
  15    66   990    1.020778  0.000248  0.000022
  16    62   992    1.020778  0.000251  0.000023
  17    58   986    1.020766  0.000260  0.000024
  18    55   990    1.020778  0.000253  0.000024
  19    52   988    1.020771  0.000256  0.000025
  20    49   980    1.020767  0.000278  0.000028
  21    47   987    1.020768  0.000248  0.000026
  22    45   990    1.020777  0.000267  0.000029
  23    43   989    1.020775  0.000265  0.000029
  24    41   984    1.020766  0.000282  0.000032
Fit (variance): plateau_var = 7.314e-08 ± 7.093e-09
Fit (error):    plateau = 0.000270 ± 0.000013
     autocorrelation length ~ 8.7 blocks
     plateau reached at block size ~ 40
     !!!Failed to reach plateau in blocking
     Return max block error
nclean = 999, max_block_size = 24, min_nblocks = 40
Blk_SZ   NBlk   NSmp      Energy     Error    dError
     1    999    999  -685.464631  0.000445  0.000010
     2    499    998  -685.464696  0.000491  0.000016
     3    333    999  -685.464775  0.000518  0.000020
     4    249    996  -685.464550  0.000485  0.000022
     5    199    995  -685.464562  0.000510  0.000026
     6    166    996  -685.464594  0.000514  0.000028
     7    142    994  -685.464572  0.000534  0.000032
     8    124    992  -685.464605  0.000506  0.000032
     9    111    999  -685.464874  0.000613  0.000041
    10     99    990  -685.464625  0.000556  0.000040
    11     90    990  -685.464622  0.000530  0.000040
    12     83    996  -685.464644  0.000536  0.000042
    13     76    988  -685.464642  0.000533  0.000044
    14     71    994  -685.464624  0.000527  0.000045
    15     66    990  -685.464654  0.000540  0.000047
    16     62    992  -685.464658  0.000481  0.000044
    17     58    986  -685.464682  0.000468  0.000044
    18     55    990  -685.464656  0.000580  0.000056
    19     52    988  -685.464650  0.000491  0.000049
    20     49    980  -685.464683  0.000569  0.000058
    21     47    987  -685.464677  0.000455  0.000047
    22     45    990  -685.464672  0.000517  0.000055
    23     43    989  -685.464664  0.000470  0.000051
    24     41    984  -685.464716  0.000504  0.000056
Fit (variance): plateau_var = 2.654992e-07 ± 9.281858e-09
Fit (error):    plateau = 0.000515 ± 0.000009
     autocorrelation length ~ 1.0 blocks
     plateau reached at block size ~ 5
Final AFQMC/pt2CCSD overlap ratio: 1.020780 ± 0.000282
Final AFQMC/pt2CCSD energy: -685.464980 ± 0.000515
Total run time: 3590.27

AFQMC Sampling Finished

QMC script: /u/yzhang65/myprojects/software/afqmc/afqmc/scripts/run_afqmc_pt2ccsd.py
  => E_HF(hoclo2)      = -684.4744843426 Eh
  => E_CCSD(hoclo2)    = -685.4166281783 Eh
  => E_AFQMC(hoclo2)   = -685.46498 +/- 0.00052 Eh

============================================================
Running: hocn  charge=0  spin=0
============================================================
output file: ../../result/molout/closed_shell/hocn_vtzfp.out

Preparing AFQMC calculation
Calculating Cholesky integrals
Alpha Cholesky shape: (592, 99, 99) 
 Beta Cholesky shape: (592, 99, 99) 
Finished calculating Cholesky integrals
Size of the correlation space:
Number of electrons:        [8 8]
Number of basis functions:  96
Number of Cholesky vectors: 592

    ________                     _____                    
    ___  __ \___  __________________(_)_____________ _    
    __  /_/ /  / / /_  __ \_  __ \_  /__  __ \_  __ `/    
    _  _, _// /_/ /_  / / /  / / /  / _  / / /  /_/ /     
    /_/ |_| \__,_/ /_/ /_//_/ /_//_/  /_/ /_/_\__, /      
                                             /____/       
    _____________________________  ___________            
    ___    |__  ____/_  __ \__   |/  /_  ____/            
    __  /| |_  /_   _  / / /_  /|_/ /_  /                 
    _  ___ |  __/   / /_/ /_  /  / / / /___               
    /_/  |_/_/      \___\_\/_/  /_/  \____/               

Hostname:     gpua011.delta.ncsa.illinois.edu
System:       Linux
Node:         gpua011.delta.ncsa.illinois.edu
Release:      5.14.0-427.91.1.el9_4.x86_64
Machine:      x86_64
Processor:    x86_64
JAX backend:  GPU
JAX devices:  [CudaDevice(id=0)]
Device kind:  NVIDIA A100-SXM4-40GB
Platform:     gpu

Load system from Integral File
Maximum memory per walker:            66.67 MB
Maximum number of Cholesky per chunk: 237
Number of Cholesky chunks:            3
Number of Cholesky per chunk:         198
Number of padding Cholesky:           2

QMC System
Number of electrons: (8, 8)
Spin Multiplicity:   0
Number of orbitals:  96
Number of Chol:      592

QMC Parameters
eql_time            :                   50
n_blocks            :                 1000
n_walkers           :                  300
max_error           :                  0.0
seed                :                   17
walker_type         :                  uhf
trial               :             upt2ccsd
mix_precision       :                 True
max_memory          :                20000
dt                  :                0.005
n_exp_terms         :                    6
n_prop_steps        :                   50
save_walkers        :                False
free_projection     :                False
n_batch             :                    1
nchol_chunk         :                  198

Initalize QMC walkers by stochastic CCSD

Equilibration
inv_T        weight  killW        energy   runTime
 0.00    300.000000      0   -168.363683     25.29
 5.00    299.070646      0   -168.388742     35.59
10.00    299.355852      0   -168.392943     39.44
15.00    298.860309      0   -168.416172     43.28
20.00    299.256054      0   -168.406505     47.13
25.00    299.532599      0   -168.395690     50.98
30.00    299.869848      0   -168.405664     54.82
35.00    299.892724      0   -168.432612     58.66
40.00    299.838749      0   -168.424415     62.53
45.00    299.792285      0   -168.431638     66.37
50.00    299.043857      0   -168.399664     70.22

Sampling
blocks        weight  killW       E_Guide     error       E_Trial     error     olp_T/G     error  Walltime
    20    299.297969      1   -168.404607  0.009367   -168.392184  0.001775    1.005429  0.000174  109.60
    40    299.157148      1   -168.397795  0.007776   -168.392579  0.001259    1.005059  0.000246  143.80
    60    299.135746      1   -168.396395  0.005889   -168.393186  0.001154    1.004801  0.000251  178.08
    80    299.111496      1   -168.397695  0.005427   -168.393059  0.000930    1.004526  0.000258  212.37
   100    299.053285      2   -168.395935  0.004393   -168.392856  0.000798    1.004452  0.000226  246.66
   120    299.028155      2   -168.394893  0.003720   -168.392868  0.000700    1.004510  0.000192  280.95
   140    299.021549      2   -168.394031  0.003529   -168.392924  0.000681    1.004683  0.000207  315.24
   160    298.994193      2   -168.395267  0.003383   -168.392706  0.000644    1.004756  0.000198  349.52
   180    298.972657      2   -168.395083  0.003023   -168.392878  0.000602    1.004776  0.000171  383.81
   200    298.954178      2   -168.395714  0.002864   -168.392710  0.000558    1.004783  0.000159  418.08
   220    298.952303      2   -168.395954  0.002647   -168.392535  0.000528    1.004811  0.000147  452.37
   240    298.930105      2   -168.395776  0.002409   -168.392726  0.000519    1.004765  0.000139  486.66
   260    298.912714      2   -168.395925  0.002380   -168.392852  0.000487    1.004704  0.000136  520.94
   280    298.903915      2   -168.396557  0.002269   -168.392976  0.000476    1.004604  0.000144  555.23
   300    298.894342      2   -168.396706  0.002171   -168.392931  0.000451    1.004577  0.000136  589.51
   320    298.869381      2   -168.395627  0.002140   -168.392771  0.000433    1.004609  0.000133  624.44
   340    298.848819      2   -168.394366  0.002113   -168.392550  0.000413    1.004610  0.000125  658.62
   360    298.843290      2   -168.394612  0.002087   -168.392583  0.000411    1.004599  0.000118  692.91
   380    298.833845      2   -168.394378  0.002015   -168.392669  0.000400    1.004605  0.000112  727.20
   400    298.823533      2   -168.394434  0.001938   -168.392581  0.000388    1.004606  0.000107  761.48
   420    298.815945      2   -168.395066  0.001866   -168.392834  0.000385    1.004585  0.000103  795.80
   440    298.812151      2   -168.394828  0.001881   -168.392766  0.000375    1.004583  0.000101  830.09
   460    298.805147      2   -168.394734  0.001774   -168.392918  0.000370    1.004591  0.000099  864.38
   480    298.807123      2   -168.394766  0.001707   -168.392829  0.000361    1.004612  0.000098  898.67
   500    298.797367      3   -168.394662  0.001665   -168.392822  0.000351    1.004625  0.000096  932.96
   520    298.782447      3   -168.393798  0.001643   -168.392641  0.000343    1.004645  0.000094  967.27
   540    298.780884      3   -168.393666  0.001700   -168.392555  0.000334    1.004654  0.000092 1001.54
   560    298.786408      3   -168.394083  0.001673   -168.392618  0.000329    1.004654  0.000093 1035.84
   580    298.788452      3   -168.394133  0.001631   -168.392614  0.000322    1.004642  0.000091 1070.14
   600    298.795437      3   -168.394538  0.001592   -168.392719  0.000323    1.004627  0.000089 1104.43
   620    298.796346      3   -168.394705  0.001560   -168.392669  0.000317    1.004584  0.000093 1138.71
   640    298.782994      3   -168.394498  0.001501   -168.392593  0.000311    1.004568  0.000093 1173.00
   660    298.786274      3   -168.394876  0.001488   -168.392663  0.000311    1.004550  0.000091 1207.37
   680    298.788355      3   -168.394762  0.001479   -168.392677  0.000311    1.004542  0.000090 1241.68
   700    298.790843      3   -168.394674  0.001446   -168.392707  0.000309    1.004551  0.000088 1275.95
   720    298.782520      3   -168.394362  0.001452   -168.392738  0.000305    1.004549  0.000092 1310.65
   740    298.780065      3   -168.394158  0.001439   -168.392651  0.000299    1.004542  0.000090 1344.98
   760    298.776143      3   -168.394117  0.001406   -168.392676  0.000292    1.004540  0.000088 1379.25
   780    298.775935      3   -168.394274  0.001388   -168.392693  0.000289    1.004524  0.000087 1413.56
   800    298.776334      3   -168.394450  0.001347   -168.392730  0.000285    1.004513  0.000085 1447.84
   820    298.772668      3   -168.394399  0.001307   -168.392697  0.000279    1.004506  0.000083 1482.14
   840    298.782254      3   -168.394970  0.001464   -168.392769  0.000296    1.004520  0.000084 1516.42
   860    298.786848      3   -168.395345  0.001491   -168.392761  0.000290    1.004522  0.000084 1550.72
   880    298.781841      3   -168.395112  0.001466   -168.392733  0.000286    1.004525  0.000083 1585.02
   900    298.781483      3   -168.395036  0.001435   -168.392679  0.000282    1.004549  0.000083 1619.30
   920    298.781858      4   -168.395338  0.001422   -168.392679  0.000278    1.004557  0.000085 1653.61
   940    298.782852      4   -168.395497  0.001401   -168.392674  0.000273    1.004562  0.000085 1687.90
   960    298.784157      4   -168.395596  0.001373   -168.392717  0.000282    1.004576  0.000083 1722.19
   980    298.790606      5   -168.395915  0.001364   -168.392743  0.000278    1.004574  0.000082 1756.49
  1000    298.784259      5   -168.395724  0.001369   -168.392714  0.000274    1.004589  0.000085 1790.78

Post Propagation Process
Total number of samples 1000
Raw AFQMC/HF (Guide) energy:           -168.395724 ± 0.001369
Raw Trial/Guide overlap ratio:          1.004589 ± 0.000085
Raw AFQMC/pt2CCSD energy (covariance): -168.392714 ± 0.000274
Raw AFQMC/pt2CCSD energy (dir sample): -168.392714 ± 0.000216

Remove Outliers
removing energies outside zeta > 30
Outlier energy bound [-168.549918, -168.232967]
Removed 0 outliers with energies []
Clean AFQMC/pt2CCSD overlap ratio:        1.004589 ± 0.000085
Clean AFQMC/pt2CCSD energy (covariance): -168.392714 ± 0.000274
Clean AFQMC/ptCCSD energy (dir sample):  -168.392714 ± 0.000216

Blocking Analysis
nsample = 1000, max_block_size = 25, min_nblocks = 40
   B    NB    NS  Observable     Error    dError
   1  1000  1000    1.004589  0.000029  0.000001
   2   500  1000    1.004589  0.000038  0.000001
   3   333   999    1.004590  0.000044  0.000002
   4   250  1000    1.004589  0.000049  0.000002
   5   200  1000    1.004589  0.000052  0.000003
   6   166   996    1.004590  0.000056  0.000003
   7   142   994    1.004589  0.000059  0.000003
   8   125  1000    1.004589  0.000061  0.000004
   9   111   999    1.004589  0.000062  0.000004
  10   100  1000    1.004589  0.000064  0.000005
  11    90   990    1.004586  0.000067  0.000005
  12    83   996    1.004590  0.000066  0.000005
  13    76   988    1.004583  0.000070  0.000006
  14    71   994    1.004589  0.000069  0.000006
  15    66   990    1.004586  0.000069  0.000006
  16    62   992    1.004589  0.000074  0.000007
  17    58   986    1.004581  0.000075  0.000007
  18    55   990    1.004586  0.000079  0.000008
  19    52   988    1.004583  0.000075  0.000007
  20    50  1000    1.004589  0.000075  0.000008
  21    47   987    1.004582  0.000077  0.000008
  22    45   990    1.004586  0.000079  0.000008
  23    43   989    1.004585  0.000080  0.000009
  24    41   984    1.004579  0.000080  0.000009
  25    40  1000    1.004589  0.000085  0.000010
Fit (variance): plateau_var = 6.658e-09 ± 7.199e-10
Fit (error):    plateau = 0.000082 ± 0.000004
     autocorrelation length ~ 10.0 blocks
     plateau reached at block size ~ 46
     !!!Failed to reach plateau in blocking
     Return max block error
nclean = 1000, max_block_size = 25, min_nblocks = 40
Blk_SZ   NBlk   NSmp      Energy     Error    dError
     1   1000   1000  -168.392439  0.000216  0.000005
     2    500   1000  -168.392508  0.000243  0.000008
     3    333    999  -168.392558  0.000248  0.000010
     4    250   1000  -168.392559  0.000248  0.000011
     5    200   1000  -168.392590  0.000256  0.000013
     6    166    996  -168.392611  0.000262  0.000014
     7    142    994  -168.392618  0.000258  0.000015
     8    125   1000  -168.392614  0.000243  0.000015
     9    111    999  -168.392634  0.000264  0.000018
    10    100   1000  -168.392632  0.000280  0.000020
    11     90    990  -168.392647  0.000268  0.000020
    12     83    996  -168.392656  0.000268  0.000021
    13     76    988  -168.392662  0.000260  0.000021
    14     71    994  -168.392668  0.000274  0.000023
    15     66    990  -168.392669  0.000277  0.000024
    16     62    992  -168.392674  0.000244  0.000022
    17     58    986  -168.392682  0.000254  0.000024
    18     55    990  -168.392673  0.000257  0.000025
    19     52    988  -168.392685  0.000277  0.000027
    20     50   1000  -168.392675  0.000278  0.000028
    21     47    987  -168.392685  0.000276  0.000029
    22     45    990  -168.392687  0.000256  0.000027
    23     43    989  -168.392684  0.000278  0.000030
    24     41    984  -168.392717  0.000259  0.000029
    25     40   1000  -168.392684  0.000254  0.000029
Fit (variance): plateau_var = 6.826351e-08 ± 2.591071e-09
Fit (error):    plateau = 0.000261 ± 0.000005
     autocorrelation length ~ 1.6 blocks
     plateau reached at block size ~ 7
Final AFQMC/pt2CCSD overlap ratio: 1.004589 ± 0.000085
Final AFQMC/pt2CCSD energy: -168.392714 ± 0.000261
Total run time: 1822.79

AFQMC Sampling Finished

QMC script: /u/yzhang65/myprojects/software/afqmc/afqmc/scripts/run_afqmc_pt2ccsd.py
  => E_HF(hocn)      = -167.7889511974 Eh
  => E_CCSD(hocn)    = -168.3657888448 Eh
  => E_AFQMC(hocn)   = -168.39271 +/- 0.00026 Eh

============================================================
Running: hof  charge=0  spin=0
============================================================
output file: ../../result/molout/closed_shell/hof_vtzfp.out

Preparing AFQMC calculation
Calculating Cholesky integrals
Alpha Cholesky shape: (433, 69, 69) 
 Beta Cholesky shape: (433, 69, 69) 
Finished calculating Cholesky integrals
Size of the correlation space:
Number of electrons:        [7 7]
Number of basis functions:  67
Number of Cholesky vectors: 433

    ________                     _____                    
    ___  __ \___  __________________(_)_____________ _    
    __  /_/ /  / / /_  __ \_  __ \_  /__  __ \_  __ `/    
    _  _, _// /_/ /_  / / /  / / /  / _  / / /  /_/ /     
    /_/ |_| \__,_/ /_/ /_//_/ /_//_/  /_/ /_/_\__, /      
                                             /____/       
    _____________________________  ___________            
    ___    |__  ____/_  __ \__   |/  /_  ____/            
    __  /| |_  /_   _  / / /_  /|_/ /_  /                 
    _  ___ |  __/   / /_/ /_  /  / / / /___               
    /_/  |_/_/      \___\_\/_/  /_/  \____/               

Hostname:     gpua011.delta.ncsa.illinois.edu
System:       Linux
Node:         gpua011.delta.ncsa.illinois.edu
Release:      5.14.0-427.91.1.el9_4.x86_64
Machine:      x86_64
Processor:    x86_64
JAX backend:  GPU
JAX devices:  [CudaDevice(id=0)]
Device kind:  NVIDIA A100-SXM4-40GB
Platform:     gpu

Load system from Integral File
Maximum memory per walker:            66.67 MB
Maximum number of Cholesky per chunk: 486
Number of Cholesky chunks:            1
Number of Cholesky per chunk:         433
Number of padding Cholesky:           0

QMC System
Number of electrons: (7, 7)
Spin Multiplicity:   0
Number of orbitals:  67
Number of Chol:      433

QMC Parameters
eql_time            :                   50
n_blocks            :                 1000
n_walkers           :                  300
max_error           :                  0.0
seed                :                   17
walker_type         :                  uhf
trial               :             upt2ccsd
mix_precision       :                 True
max_memory          :                20000
dt                  :                0.005
n_exp_terms         :                    6
n_prop_steps        :                   50
save_walkers        :                False
free_projection     :                False
n_batch             :                    1
nchol_chunk         :                  433

Initalize QMC walkers by stochastic CCSD

Equilibration
inv_T        weight  killW        energy   runTime
 0.00    300.000000      0   -175.311495     27.20
 5.00    299.643290      0   -175.342310     35.87
10.00    299.093147      0   -175.344533     38.14
15.00    298.746101      0   -175.338625     40.40
20.00    299.725259      0   -175.345875     42.67
25.00    299.270872      0   -175.317811     44.94
30.00    298.741575      0   -175.329343     47.21
35.00    298.552936      0   -175.300672     49.48
40.00    299.224180      0   -175.332521     51.74
45.00    298.546780      0   -175.313630     54.01
50.00    298.976702      0   -175.343636     56.28

Sampling
blocks        weight  killW       E_Guide     error       E_Trial     error     olp_T/G     error  Walltime
    20    299.011910      0   -175.333299  0.013039   -175.332286  0.001567    1.002935  0.000406   84.61
    40    299.118473      0   -175.344880  0.011532   -175.332014  0.001065    1.003078  0.000315  107.28
    60    299.097962      0   -175.342138  0.007799   -175.332215  0.000848    1.002959  0.000247  130.13
    80    299.115412      0   -175.342942  0.005894   -175.332910  0.000731    1.002895  0.000209  152.96
   100    299.100672      1   -175.343062  0.004423   -175.333017  0.000672    1.002748  0.000188  175.78
   120    299.058465      1   -175.340882  0.004067   -175.332880  0.000587    1.002767  0.000161  198.62
   140    299.066133      1   -175.343203  0.003859   -175.333203  0.000588    1.002798  0.000150  221.45
   160    299.044480      1   -175.342678  0.003589   -175.332893  0.000534    1.002814  0.000137  244.27
   180    299.017600      1   -175.341081  0.003486   -175.332730  0.000490    1.002897  0.000135  267.11
   200    299.003576      1   -175.339683  0.003244   -175.332751  0.000457    1.002947  0.000127  289.94
   220    298.990128      1   -175.338976  0.002999   -175.332682  0.000436    1.002909  0.000120  312.78
   240    298.985916      1   -175.338963  0.002845   -175.332543  0.000423    1.002920  0.000111  335.61
   260    298.966693      1   -175.338369  0.002644   -175.332585  0.000404    1.002930  0.000104  358.43
   280    298.945754      1   -175.338105  0.002438   -175.332581  0.000388    1.002932  0.000098  381.28
   300    298.922588      1   -175.336969  0.002465   -175.332506  0.000370    1.002969  0.000099  404.11
   320    298.911772      1   -175.336445  0.002426   -175.332439  0.000352    1.002975  0.000094  426.93
   340    298.914644      1   -175.336730  0.002321   -175.332370  0.000335    1.002936  0.000090  449.77
   360    298.932135      1   -175.337414  0.002217   -175.332512  0.000324    1.002931  0.000086  472.60
   380    298.918658      1   -175.337380  0.002114   -175.332407  0.000313    1.002964  0.000087  495.43
   400    298.914417      1   -175.337371  0.002030   -175.332400  0.000304    1.002976  0.000084  518.27
   420    298.910141      1   -175.336739  0.001968   -175.332490  0.000302    1.003006  0.000082  541.09
   440    298.916742      2   -175.337207  0.001941   -175.332595  0.000297    1.003040  0.000082  563.93
   460    298.903426      2   -175.336617  0.001914   -175.332637  0.000290    1.003042  0.000080  586.78
   480    298.897971      2   -175.336340  0.001882   -175.332674  0.000282    1.003074  0.000079  610.28
   500    298.893480      2   -175.336353  0.001838   -175.332708  0.000276    1.003085  0.000077  632.97
   520    298.896968      2   -175.336742  0.001779   -175.332778  0.000270    1.003079  0.000075  655.80
   540    298.894276      2   -175.336792  0.001700   -175.332796  0.000263    1.003130  0.000083  678.64
   560    298.890612      2   -175.336850  0.001675   -175.332805  0.000263    1.003136  0.000084  701.47
   580    298.883682      2   -175.336753  0.001640   -175.332784  0.000256    1.003144  0.000083  724.30
   600    298.882697      2   -175.337000  0.001682   -175.332774  0.000250    1.003129  0.000081  747.17
   620    298.885714      3   -175.337418  0.001650   -175.332741  0.000252    1.003122  0.000078  770.00
   640    298.886380      3   -175.337322  0.001625   -175.332720  0.000245    1.003120  0.000082  792.84
   660    298.879720      3   -175.337029  0.001579   -175.332712  0.000244    1.003107  0.000080  815.67
   680    298.876862      3   -175.337036  0.001549   -175.332724  0.000240    1.003089  0.000081  838.49
   700    298.880387      3   -175.337135  0.001515   -175.332722  0.000235    1.003089  0.000079  861.34
   720    298.878243      3   -175.337565  0.001485   -175.332760  0.000250    1.003086  0.000076  884.17
   740    298.879596      3   -175.337718  0.001455   -175.332779  0.000246    1.003095  0.000074  907.00
   760    298.878522      3   -175.337643  0.001446   -175.332722  0.000241    1.003101  0.000074  929.84
   780    298.873306      3   -175.337618  0.001425   -175.332742  0.000237    1.003101  0.000072  952.68
   800    298.871357      3   -175.337551  0.001398   -175.332716  0.000234    1.003098  0.000070  975.52
   820    298.868075      3   -175.337391  0.001373   -175.332675  0.000230    1.003102  0.000068  998.34
   840    298.864380      3   -175.337325  0.001354   -175.332665  0.000227    1.003093  0.000069 1021.16
   860    298.862801      4   -175.337593  0.001349   -175.332663  0.000226    1.003082  0.000069 1044.02
   880    298.856510      4   -175.337492  0.001327   -175.332637  0.000223    1.003070  0.000069 1066.84
   900    298.854355      6   -175.337540  0.001293   -175.332672  0.000221    1.003067  0.000068 1089.67
   920    298.856634      6   -175.337547  0.001269   -175.332664  0.000220    1.003083  0.000067 1112.52
   940    298.853740      6   -175.337442  0.001250   -175.332639  0.000217    1.003078  0.000067 1135.34
   960    298.849143      7   -175.337377  0.001214   -175.332610  0.000213    1.003081  0.000066 1158.21
   980    298.846406      7   -175.337274  0.001200   -175.332659  0.000212    1.003081  0.000064 1181.02
  1000    298.850294      7   -175.337420  0.001194   -175.332663  0.000211    1.003080  0.000064 1204.17

Post Propagation Process
Total number of samples 1000
Raw AFQMC/HF (Guide) energy:           -175.337420 ± 0.001194
Raw Trial/Guide overlap ratio:          1.003080 ± 0.000064
Raw AFQMC/pt2CCSD energy (covariance): -175.332663 ± 0.000211
Raw AFQMC/pt2CCSD energy (dir sample): -175.332663 ± 0.000162

Remove Outliers
removing energies outside zeta > 30
Outlier energy bound [-175.454827, -175.208584]
Removed 0 outliers with energies []
Clean AFQMC/pt2CCSD overlap ratio:        1.003080 ± 0.000064
Clean AFQMC/pt2CCSD energy (covariance): -175.332663 ± 0.000211
Clean AFQMC/ptCCSD energy (dir sample):  -175.332663 ± 0.000162

Blocking Analysis
nsample = 1000, max_block_size = 25, min_nblocks = 40
   B    NB    NS  Observable     Error    dError
   1  1000  1000    1.003080  0.000026  0.000001
   2   500  1000    1.003080  0.000034  0.000001
   3   333   999    1.003081  0.000039  0.000002
   4   250  1000    1.003080  0.000042  0.000002
   5   200  1000    1.003080  0.000045  0.000002
   6   166   996    1.003081  0.000048  0.000003
   7   142   994    1.003081  0.000052  0.000003
   8   125  1000    1.003080  0.000052  0.000003
   9   111   999    1.003081  0.000054  0.000004
  10   100  1000    1.003080  0.000055  0.000004
  11    90   990    1.003083  0.000055  0.000004
  12    83   996    1.003081  0.000054  0.000004
  13    76   988    1.003083  0.000056  0.000005
  14    71   994    1.003081  0.000058  0.000005
  15    66   990    1.003083  0.000056  0.000005
  16    62   992    1.003083  0.000059  0.000005
  17    58   986    1.003082  0.000061  0.000006
  18    55   990    1.003083  0.000061  0.000006
  19    52   988    1.003083  0.000059  0.000006
  20    50  1000    1.003080  0.000059  0.000006
  21    47   987    1.003082  0.000063  0.000007
  22    45   990    1.003083  0.000060  0.000006
  23    43   989    1.003083  0.000060  0.000007
  24    41   984    1.003083  0.000058  0.000007
  25    40  1000    1.003080  0.000064  0.000007
Fit (variance): plateau_var = 3.717e-09 ± 2.651e-10
Fit (error):    plateau = 0.000061 ± 0.000002
     autocorrelation length ~ 6.4 blocks
     plateau reached at block size ~ 30
     !!!Failed to reach plateau in blocking
     Return max block error
nclean = 1000, max_block_size = 25, min_nblocks = 40
Blk_SZ   NBlk   NSmp      Energy     Error    dError
     1   1000   1000  -175.332496  0.000162  0.000004
     2    500   1000  -175.332544  0.000171  0.000005
     3    333    999  -175.332562  0.000176  0.000007
     4    250   1000  -175.332587  0.000181  0.000008
     5    200   1000  -175.332597  0.000179  0.000009
     6    166    996  -175.332595  0.000182  0.000010
     7    142    994  -175.332601  0.000184  0.000011
     8    125   1000  -175.332609  0.000180  0.000011
     9    111    999  -175.332608  0.000191  0.000013
    10    100   1000  -175.332617  0.000180  0.000013
    11     90    990  -175.332636  0.000185  0.000014
    12     83    996  -175.332621  0.000181  0.000014
    13     76    988  -175.332637  0.000188  0.000015
    14     71    994  -175.332630  0.000180  0.000015
    15     66    990  -175.332643  0.000206  0.000018
    16     62    992  -175.332635  0.000185  0.000017
    17     58    986  -175.332645  0.000184  0.000017
    18     55    990  -175.332659  0.000189  0.000018
    19     52    988  -175.332651  0.000201  0.000020
    20     50   1000  -175.332637  0.000176  0.000018
    21     47    987  -175.332656  0.000161  0.000017
    22     45    990  -175.332655  0.000182  0.000019
    23     43    989  -175.332661  0.000197  0.000022
    24     41    984  -175.332656  0.000207  0.000023
    25     40   1000  -175.332641  0.000159  0.000018
Fit (variance): plateau_var = 3.348427e-08 ± 1.342368e-09
Fit (error):    plateau = 0.000183 ± 0.000004
     autocorrelation length ~ 1.9 blocks
     plateau reached at block size ~ 7
Final AFQMC/pt2CCSD overlap ratio: 1.003080 ± 0.000064
Final AFQMC/pt2CCSD energy: -175.332663 ± 0.000183
Total run time: 1236.98

AFQMC Sampling Finished

QMC script: /u/yzhang65/myprojects/software/afqmc/afqmc/scripts/run_afqmc_pt2ccsd.py
  => E_HF(hof)      = -174.8037605510 Eh
  => E_CCSD(hof)    = -175.3144414139 Eh
  => E_AFQMC(hof)   = -175.33266 +/- 0.00018 Eh

============================================================
Running: honc  charge=0  spin=0
============================================================
output file: ../../result/molout/closed_shell/honc_vtzfp.out

Preparing AFQMC calculation
Calculating Cholesky integrals
Alpha Cholesky shape: (600, 99, 99) 
 Beta Cholesky shape: (600, 99, 99) 
Finished calculating Cholesky integrals
Size of the correlation space:
Number of electrons:        [8 8]
Number of basis functions:  96
Number of Cholesky vectors: 600

    ________                     _____                    
    ___  __ \___  __________________(_)_____________ _    
    __  /_/ /  / / /_  __ \_  __ \_  /__  __ \_  __ `/    
    _  _, _// /_/ /_  / / /  / / /  / _  / / /  /_/ /     
    /_/ |_| \__,_/ /_/ /_//_/ /_//_/  /_/ /_/_\__, /      
                                             /____/       
    _____________________________  ___________            
    ___    |__  ____/_  __ \__   |/  /_  ____/            
    __  /| |_  /_   _  / / /_  /|_/ /_  /                 
    _  ___ |  __/   / /_/ /_  /  / / / /___               
    /_/  |_/_/      \___\_\/_/  /_/  \____/               

Hostname:     gpua011.delta.ncsa.illinois.edu
System:       Linux
Node:         gpua011.delta.ncsa.illinois.edu
Release:      5.14.0-427.91.1.el9_4.x86_64
Machine:      x86_64
Processor:    x86_64
JAX backend:  GPU
JAX devices:  [CudaDevice(id=0)]
Device kind:  NVIDIA A100-SXM4-40GB
Platform:     gpu

Load system from Integral File
Maximum memory per walker:            66.67 MB
Maximum number of Cholesky per chunk: 237
Number of Cholesky chunks:            3
Number of Cholesky per chunk:         200
Number of padding Cholesky:           0

QMC System
Number of electrons: (8, 8)
Spin Multiplicity:   0
Number of orbitals:  96
Number of Chol:      600

QMC Parameters
eql_time            :                   50
n_blocks            :                 1000
n_walkers           :                  300
max_error           :                  0.0
seed                :                   17
walker_type         :                  uhf
trial               :             upt2ccsd
mix_precision       :                 True
max_memory          :                20000
dt                  :                0.005
n_exp_terms         :                    6
n_prop_steps        :                   50
save_walkers        :                False
free_projection     :                False
n_batch             :                    1
nchol_chunk         :                  200

Initalize QMC walkers by stochastic CCSD

Equilibration
inv_T        weight  killW        energy   runTime
 0.00    300.000000      0   -168.269049     50.26
 5.00    299.135159      0   -168.302600     61.15
10.00    299.391207      0   -168.338083     65.03
15.00    299.074579      0   -168.295130     68.91
20.00    299.813832      0   -168.359655     72.79
25.00    299.095536      0   -168.256845     76.67
30.00    298.564315      0   -168.278860     80.55
35.00    299.381660      0   -168.337672     84.43
40.00    299.068331      0   -168.328341     88.31
45.00    299.585700      0   -168.285420     92.19
50.00    299.753895      0   -168.336966     96.06

Sampling
blocks        weight  killW       E_Guide     error       E_Trial     error     olp_T/G     error  Walltime
    20    298.915658      0   -168.307970  0.004718   -168.301294  0.002543    1.005519  0.000868  135.91
    40    299.053623      0   -168.309513  0.002806   -168.299627  0.001553    1.006353  0.000704  170.49
    60    298.958112      0   -168.302898  0.006210   -168.299112  0.001187    1.006706  0.000501  205.18
    80    298.926636      1   -168.302297  0.004720   -168.298595  0.000974    1.006709  0.000386  239.92
   100    298.849576      1   -168.298171  0.004653   -168.298209  0.000819    1.006861  0.000347  274.61
   120    298.850952      2   -168.299295  0.005223   -168.298517  0.000780    1.006797  0.000301  309.32
   140    298.849413      2   -168.301437  0.004710   -168.298792  0.000716    1.006783  0.000262  344.03
   160    298.808331      2   -168.300389  0.004186   -168.298464  0.000646    1.006957  0.000271  378.75
   180    298.777519      2   -168.299351  0.003795   -168.298154  0.000589    1.007018  0.000244  413.44
   200    298.776757      2   -168.300104  0.003421   -168.298299  0.000708    1.007097  0.000227  448.17
   220    298.764464      2   -168.300399  0.003153   -168.298514  0.000697    1.007013  0.000214  482.89
   240    298.763369      2   -168.301660  0.003084   -168.298690  0.000662    1.007111  0.000211  517.57
   260    298.767870      2   -168.302066  0.002904   -168.298816  0.000625    1.007069  0.000197  552.28
   280    298.761724      2   -168.302106  0.002657   -168.298840  0.000594    1.007027  0.000188  586.98
   300    298.755721      2   -168.301622  0.002527   -168.298919  0.000566    1.006897  0.000198  623.75
   320    298.734513      3   -168.301623  0.002403   -168.299013  0.000541    1.006913  0.000186  658.23
   340    298.720074      3   -168.301306  0.002291   -168.299022  0.000521    1.006823  0.000188  692.94
   360    298.714633      3   -168.301304  0.002174   -168.298964  0.000496    1.006773  0.000181  727.65
   380    298.712058      3   -168.301521  0.002084   -168.299026  0.000487    1.006728  0.000176  762.34
   400    298.714582      4   -168.301757  0.001983   -168.299025  0.000474    1.006747  0.000168  797.05
   420    298.718683      4   -168.302330  0.001944   -168.299443  0.000503    1.006830  0.000171  831.74
   440    298.708128      5   -168.302016  0.001899   -168.299475  0.000489    1.006845  0.000167  866.44
   460    298.694740      5   -168.301553  0.001852   -168.299447  0.000471    1.006921  0.000169  901.16
   480    298.682703      5   -168.301319  0.001787   -168.299378  0.000457    1.006972  0.000172  935.85
   500    298.664064      5   -168.300595  0.001754   -168.299244  0.000441    1.007023  0.000171  970.56
   520    298.651909      5   -168.299765  0.002030   -168.299174  0.000427    1.007000  0.000167 1005.26
   540    298.647760      6   -168.300046  0.002006   -168.299160  0.000417    1.006969  0.000165 1039.94
   560    298.643215      6   -168.300064  0.001912   -168.299145  0.000406    1.006948  0.000159 1074.64
   580    298.665221      7   -168.301961  0.002285   -168.301003  0.001570    1.006927  0.000157 1109.35
   600    298.674618      7   -168.302191  0.002512   -168.300824  0.001519    1.007102  0.000205 1144.05
   620    298.674903      7   -168.302405  0.002479   -168.300849  0.001472    1.007090  0.000201 1178.74
   640    298.676371      7   -168.302845  0.002389   -168.300908  0.001428    1.007098  0.000213 1213.54
   660    298.682973      7   -168.303168  0.002341   -168.300940  0.001386    1.007086  0.000208 1248.31
   680    298.686504      7   -168.303680  0.002326   -168.300879  0.001346    1.007062  0.000218 1282.97
   700    298.687396      7   -168.303981  0.002282   -168.300838  0.001308    1.007083  0.000213 1317.68
   720    298.686759      7   -168.304119  0.002215   -168.300787  0.001274    1.007081  0.000208 1352.39
   740    298.685700      8   -168.304330  0.002175   -168.300775  0.001240    1.007060  0.000203 1387.08
   760    298.688156      8   -168.304850  0.002221   -168.300792  0.001211    1.007039  0.000200 1421.79
   780    298.687935      8   -168.304812  0.002168   -168.300784  0.001181    1.007013  0.000196 1456.48
   800    298.691053      8   -168.305227  0.002187   -168.300824  0.001152    1.006961  0.000197 1491.18
   820    298.688817      8   -168.305218  0.002136   -168.300799  0.001125    1.006963  0.000192 1525.90
   840    298.683902      8   -168.305063  0.002220   -168.300737  0.001098    1.006967  0.000188 1560.59
   860    298.682871      8   -168.304914  0.002220   -168.300679  0.001074    1.006946  0.000184 1595.30
   880    298.680990      8   -168.304796  0.002170   -168.300625  0.001050    1.006928  0.000183 1630.68
   900    298.681545      8   -168.304918  0.002121   -168.300597  0.001027    1.006906  0.000180 1665.41
   920    298.675562      8   -168.304660  0.002071   -168.300516  0.001005    1.006904  0.000176 1700.10
   940    298.677373      8   -168.304705  0.002033   -168.300522  0.000985    1.006917  0.000173 1734.79
   960    298.672775      8   -168.304741  0.001988   -168.300500  0.000965    1.006940  0.000176 1769.52
   980    298.673080      9   -168.304766  0.001957   -168.300453  0.000946    1.006918  0.000176 1804.21
  1000    298.667376      9   -168.304585  0.001916   -168.300426  0.000928    1.006922  0.000174 1838.98

Post Propagation Process
Total number of samples 1000
Raw AFQMC/HF (Guide) energy:           -168.304585 ± 0.001916
Raw Trial/Guide overlap ratio:          1.006922 ± 0.000174
Raw AFQMC/pt2CCSD energy (covariance): -168.300426 ± 0.000928
Raw AFQMC/pt2CCSD energy (dir sample): -168.300426 ± 0.000771

Remove Outliers
removing energies outside zeta > 30
Outlier energy bound [-168.464628, -168.131164]
Removed 1 outliers with energies [-169.01760623]
Clean AFQMC/pt2CCSD overlap ratio:        1.006924 ± 0.000178
Clean AFQMC/pt2CCSD energy (covariance): -168.299608 ± 0.000364
Clean AFQMC/ptCCSD energy (dir sample):  -168.299608 ± 0.000282

Blocking Analysis
nsample = 999, max_block_size = 24, min_nblocks = 40
   B    NB    NS  Observable     Error    dError
   1   999   999    1.006925  0.000053  0.000001
   2   499   998    1.006924  0.000071  0.000002
   3   333   999    1.006924  0.000084  0.000003
   4   249   996    1.006922  0.000095  0.000004
   5   199   995    1.006919  0.000102  0.000005
   6   166   996    1.006922  0.000110  0.000006
   7   142   994    1.006917  0.000114  0.000007
   8   124   992    1.006915  0.000124  0.000008
   9   111   999    1.006924  0.000126  0.000008
  10    99   990    1.006914  0.000133  0.000009
  11    90   990    1.006914  0.000129  0.000010
  12    83   996    1.006922  0.000142  0.000011
  13    76   988    1.006915  0.000133  0.000011
  14    71   994    1.006916  0.000140  0.000012
  15    66   990    1.006914  0.000141  0.000012
  16    62   992    1.006915  0.000155  0.000014
  17    58   986    1.006913  0.000161  0.000015
  18    55   990    1.006914  0.000163  0.000016
  19    52   988    1.006915  0.000148  0.000015
  20    49   980    1.006920  0.000162  0.000017
  21    47   987    1.006914  0.000152  0.000016
  22    45   990    1.006914  0.000165  0.000018
  23    43   989    1.006914  0.000166  0.000018
  24    41   984    1.006912  0.000178  0.000020
Fit (variance): plateau_var = 3.037e-08 ± 4.057e-09
Fit (error):    plateau = 0.000174 ± 0.000012
     autocorrelation length ~ 12.2 blocks
     plateau reached at block size ~ 56
     !!!Failed to reach plateau in blocking
     Return max block error
nclean = 999, max_block_size = 24, min_nblocks = 40
Blk_SZ   NBlk   NSmp      Energy     Error    dError
     1    999    999  -168.299350  0.000282  0.000006
     2    499    998  -168.299407  0.000323  0.000010
     3    333    999  -168.299428  0.000331  0.000013
     4    249    996  -168.299454  0.000328  0.000015
     5    199    995  -168.299496  0.000329  0.000017
     6    166    996  -168.299498  0.000333  0.000018
     7    142    994  -168.299538  0.000329  0.000020
     8    124    992  -168.299532  0.000336  0.000021
     9    111    999  -168.299517  0.000332  0.000022
    10     99    990  -168.299565  0.000354  0.000025
    11     90    990  -168.299568  0.000339  0.000025
    12     83    996  -168.299546  0.000317  0.000025
    13     76    988  -168.299556  0.000362  0.000030
    14     71    994  -168.299581  0.000342  0.000029
    15     66    990  -168.299572  0.000354  0.000031
    16     62    992  -168.299580  0.000340  0.000031
    17     58    986  -168.299589  0.000370  0.000035
    18     55    990  -168.299585  0.000337  0.000032
    19     52    988  -168.299580  0.000354  0.000035
    20     49    980  -168.299566  0.000376  0.000038
    21     47    987  -168.299575  0.000350  0.000036
    22     45    990  -168.299597  0.000355  0.000038
    23     43    989  -168.299605  0.000345  0.000038
    24     41    984  -168.299607  0.000330  0.000037
Fit (variance): plateau_var = 1.140789e-07 ± 3.873014e-09
Fit (error):    plateau = 0.000338 ± 0.000006
     autocorrelation length ~ 0.9 blocks
     plateau reached at block size ~ 5
Final AFQMC/pt2CCSD overlap ratio: 1.006924 ± 0.000178
Final AFQMC/pt2CCSD energy: -168.299608 ± 0.000338
Total run time: 1872.55

AFQMC Sampling Finished

QMC script: /u/yzhang65/myprojects/software/afqmc/afqmc/scripts/run_afqmc_pt2ccsd.py
  => E_HF(honc)      = -167.6937806535 Eh
  => E_CCSD(honc)    = -168.2713802019 Eh
  => E_AFQMC(honc)   = -168.29961 +/- 0.00034 Eh

============================================================
Running: hooh  charge=0  spin=0
============================================================
output file: ../../result/molout/closed_shell/hooh_vtzfp.out

Preparing AFQMC calculation
Calculating Cholesky integrals
Alpha Cholesky shape: (486, 78, 78) 
 Beta Cholesky shape: (486, 78, 78) 
Finished calculating Cholesky integrals
Size of the correlation space:
Number of electrons:        [7 7]
Number of basis functions:  76
Number of Cholesky vectors: 486

    ________                     _____                    
    ___  __ \___  __________________(_)_____________ _    
    __  /_/ /  / / /_  __ \_  __ \_  /__  __ \_  __ `/    
    _  _, _// /_/ /_  / / /  / / /  / _  / / /  /_/ /     
    /_/ |_| \__,_/ /_/ /_//_/ /_//_/  /_/ /_/_\__, /      
                                             /____/       
    _____________________________  ___________            
    ___    |__  ____/_  __ \__   |/  /_  ____/            
    __  /| |_  /_   _  / / /_  /|_/ /_  /                 
    _  ___ |  __/   / /_/ /_  /  / / / /___               
    /_/  |_/_/      \___\_\/_/  /_/  \____/               

Hostname:     gpua011.delta.ncsa.illinois.edu
System:       Linux
Node:         gpua011.delta.ncsa.illinois.edu
Release:      5.14.0-427.91.1.el9_4.x86_64
Machine:      x86_64
Processor:    x86_64
JAX backend:  GPU
JAX devices:  [CudaDevice(id=0)]
Device kind:  NVIDIA A100-SXM4-40GB
Platform:     gpu

Load system from Integral File
Maximum memory per walker:            66.67 MB
Maximum number of Cholesky per chunk: 378
Number of Cholesky chunks:            2
Number of Cholesky per chunk:         243
Number of padding Cholesky:           0

QMC System
Number of electrons: (7, 7)
Spin Multiplicity:   0
Number of orbitals:  76
Number of Chol:      486

QMC Parameters
eql_time            :                   50
n_blocks            :                 1000
n_walkers           :                  300
max_error           :                  0.0
seed                :                   17
walker_type         :                  uhf
trial               :             upt2ccsd
mix_precision       :                 True
max_memory          :                20000
dt                  :                0.005
n_exp_terms         :                    6
n_prop_steps        :                   50
save_walkers        :                False
free_projection     :                False
n_batch             :                    1
nchol_chunk         :                  243

Initalize QMC walkers by stochastic CCSD

Equilibration
inv_T        weight  killW        energy   runTime
 0.00    300.000000      0   -151.335349     45.79
 5.00    299.512902      0   -151.360263     55.79
10.00    299.409765      0   -151.393477     58.46
15.00    299.133374      0   -151.330436     61.13
20.00    300.025251      0   -151.355879     63.80
25.00    298.771835      0   -151.323834     66.46
30.00    300.163924      0   -151.388686     69.15
35.00    299.572608      0   -151.347103     71.82
40.00    299.346865      0   -151.340953     74.48
45.00    299.221589      0   -151.372943     77.15
50.00    299.933025      0   -151.359461     79.81

Sampling
blocks        weight  killW       E_Guide     error       E_Trial     error     olp_T/G     error  Walltime
    20    299.187208      0   -151.351963  0.006549   -151.354677  0.001360    1.002179  0.000328   97.06
    40    299.242824      0   -151.349798  0.004841   -151.354253  0.000859    1.002248  0.000203  108.35
    60    299.225816      0   -151.350558  0.003052   -151.353882  0.000636    1.002188  0.000153  119.65
    80    299.154399      0   -151.351209  0.003142   -151.353853  0.000558    1.002019  0.000154  130.98
   100    299.078148      0   -151.349900  0.002584   -151.353990  0.000475    1.001941  0.000132  142.28
   120    299.074960      0   -151.350910  0.002285   -151.354021  0.000465    1.001992  0.000119  153.57
   140    299.095824      0   -151.353507  0.002690   -151.354299  0.000434    1.001951  0.000106  164.86
   160    299.065129      0   -151.353257  0.002534   -151.354320  0.000394    1.001913  0.000098  176.15
   180    299.049318      0   -151.353608  0.002261   -151.354395  0.000372    1.001922  0.000092  187.47
   200    299.028113      0   -151.353609  0.002146   -151.354238  0.000362    1.001925  0.000082  198.76
   220    298.994621      0   -151.352121  0.002086   -151.354205  0.000340    1.001917  0.000075  210.05
   240    298.993902      0   -151.352291  0.002030   -151.354131  0.000318    1.001938  0.000070  221.34
   260    299.000594      0   -151.353502  0.002044   -151.354222  0.000304    1.001907  0.000070  232.64
   280    298.986410      0   -151.353004  0.001881   -151.354115  0.000289    1.001895  0.000065  243.94
   300    298.999115      0   -151.354136  0.002031   -151.354289  0.000291    1.001864  0.000065  255.24
   320    298.992898      0   -151.354835  0.002006   -151.354373  0.000286    1.001837  0.000064  266.54
   340    298.999512      0   -151.355828  0.002043   -151.354472  0.000277    1.001814  0.000063  277.84
   360    298.993742      0   -151.355555  0.001936   -151.354417  0.000267    1.001790  0.000061  289.13
   380    298.989771      0   -151.355282  0.001845   -151.354389  0.000256    1.001788  0.000059  300.44
   400    298.991753      0   -151.355553  0.001883   -151.354492  0.000251    1.001774  0.000057  311.75
   420    298.988217      0   -151.355661  0.001804   -151.354571  0.000243    1.001776  0.000055  323.05
   440    298.985422      0   -151.355717  0.001731   -151.354606  0.000239    1.001787  0.000055  334.34
   460    298.998858      0   -151.356285  0.001802   -151.354893  0.000280    1.001805  0.000054  345.64
   480    298.988297      0   -151.355843  0.001757   -151.354868  0.000275    1.001823  0.000055  356.93
   500    298.987932      0   -151.356269  0.001755   -151.354939  0.000278    1.001823  0.000053  368.24
   520    298.981435      0   -151.355982  0.001754   -151.354951  0.000271    1.001840  0.000052  379.54
   540    298.974077      0   -151.355555  0.001711   -151.354866  0.000266    1.001873  0.000057  390.84
   560    298.974527      0   -151.355312  0.001677   -151.354836  0.000259    1.001886  0.000059  402.15
   580    298.974790      0   -151.355088  0.001645   -151.354784  0.000252    1.001881  0.000058  413.45
   600    298.973335      0   -151.355375  0.001623   -151.354812  0.000246    1.001871  0.000060  424.74
   620    298.970588      0   -151.355114  0.001620   -151.354808  0.000240    1.001866  0.000058  436.07
   640    298.968510      0   -151.355136  0.001590   -151.354800  0.000234    1.001870  0.000057  447.36
   660    298.969856      0   -151.355538  0.001539   -151.354922  0.000245    1.001874  0.000055  458.65
   680    298.971199      0   -151.355761  0.001505   -151.355036  0.000254    1.001872  0.000054  469.95
   700    298.971965      0   -151.356049  0.001543   -151.355045  0.000254    1.001859  0.000054  481.24
   720    298.975287      0   -151.356148  0.001588   -151.355099  0.000250    1.001841  0.000055  492.55
   740    298.966144      0   -151.356041  0.001550   -151.355063  0.000245    1.001841  0.000054  503.84
   760    298.961600      0   -151.355722  0.001546   -151.355026  0.000240    1.001841  0.000054  515.14
   780    298.953095      1   -151.355268  0.001550   -151.355041  0.000235    1.001829  0.000054  526.44
   800    298.948423      1   -151.355163  0.001522   -151.355015  0.000230    1.001823  0.000053  537.74
   820    298.950271      1   -151.355460  0.001495   -151.355061  0.000229    1.001809  0.000053  549.04
   840    298.949998      1   -151.355192  0.001514   -151.355038  0.000225    1.001805  0.000054  560.34
   860    298.953970      1   -151.355478  0.001514   -151.355041  0.000222    1.001789  0.000054  571.67
   880    298.956490      1   -151.355518  0.001503   -151.355063  0.000229    1.001779  0.000055  582.96
   900    298.954997      1   -151.355615  0.001467   -151.355086  0.000228    1.001783  0.000055  594.28
   920    298.947661      1   -151.355526  0.001441   -151.355088  0.000224    1.001788  0.000054  606.38
   940    298.950882      1   -151.355525  0.001416   -151.355069  0.000220    1.001778  0.000054  617.70
   960    298.950116      1   -151.355702  0.001384   -151.355136  0.000220    1.001762  0.000058  629.00
   980    298.948232      1   -151.355659  0.001374   -151.355150  0.000217    1.001756  0.000058  640.34
  1000    298.945921      1   -151.355782  0.001354   -151.355197  0.000222    1.001744  0.000058  651.64

Post Propagation Process
Total number of samples 1000
Raw AFQMC/HF (Guide) energy:           -151.355782 ± 0.001354
Raw Trial/Guide overlap ratio:          1.001744 ± 0.000058
Raw AFQMC/pt2CCSD energy (covariance): -151.355197 ± 0.000222
Raw AFQMC/pt2CCSD energy (dir sample): -151.355197 ± 0.000189

Remove Outliers
removing energies outside zeta > 30
Outlier energy bound [-151.461014, -151.246836]
Removed 0 outliers with energies []
Clean AFQMC/pt2CCSD overlap ratio:        1.001744 ± 0.000058
Clean AFQMC/pt2CCSD energy (covariance): -151.355197 ± 0.000222
Clean AFQMC/ptCCSD energy (dir sample):  -151.355197 ± 0.000189

Blocking Analysis
nsample = 1000, max_block_size = 25, min_nblocks = 40
   B    NB    NS  Observable     Error    dError
   1  1000  1000    1.001744  0.000019  0.000000
   2   500  1000    1.001744  0.000025  0.000001
   3   333   999    1.001745  0.000028  0.000001
   4   250  1000    1.001744  0.000031  0.000001
   5   200  1000    1.001744  0.000034  0.000002
   6   166   996    1.001749  0.000035  0.000002
   7   142   994    1.001751  0.000037  0.000002
   8   125  1000    1.001744  0.000040  0.000003
   9   111   999    1.001745  0.000042  0.000003
  10   100  1000    1.001744  0.000044  0.000003
  11    90   990    1.001753  0.000044  0.000003
  12    83   996    1.001749  0.000045  0.000004
  13    76   988    1.001753  0.000045  0.000004
  14    71   994    1.001751  0.000045  0.000004
  15    66   990    1.001753  0.000050  0.000004
  16    62   992    1.001752  0.000047  0.000004
  17    58   986    1.001753  0.000049  0.000005
  18    55   990    1.001753  0.000049  0.000005
  19    52   988    1.001753  0.000051  0.000005
  20    50  1000    1.001744  0.000052  0.000005
  21    47   987    1.001753  0.000054  0.000006
  22    45   990    1.001753  0.000054  0.000006
  23    43   989    1.001753  0.000055  0.000006
  24    41   984    1.001755  0.000057  0.000006
  25    40  1000    1.001744  0.000058  0.000007
Fit (variance): plateau_var = 3.385e-09 ± 4.781e-10
Fit (error):    plateau = 0.000058 ± 0.000004
     autocorrelation length ~ 13.1 blocks
     plateau reached at block size ~ 60
     !!!Failed to reach plateau in blocking
     Return max block error
nclean = 1000, max_block_size = 25, min_nblocks = 40
Blk_SZ   NBlk   NSmp      Energy     Error    dError
     1   1000   1000  -151.355046  0.000189  0.000004
     2    500   1000  -151.355079  0.000209  0.000007
     3    333    999  -151.355055  0.000203  0.000008
     4    250   1000  -151.355108  0.000221  0.000010
     5    200   1000  -151.355125  0.000217  0.000011
     6    166    996  -151.355060  0.000202  0.000011
     7    142    994  -151.355064  0.000206  0.000012
     8    125   1000  -151.355143  0.000231  0.000015
     9    111    999  -151.355094  0.000211  0.000014
    10    100   1000  -151.355149  0.000221  0.000016
    11     90    990  -151.355076  0.000207  0.000016
    12     83    996  -151.355081  0.000190  0.000015
    13     76    988  -151.355099  0.000195  0.000016
    14     71    994  -151.355087  0.000203  0.000017
    15     66    990  -151.355088  0.000211  0.000019
    16     62    992  -151.355093  0.000216  0.000020
    17     58    986  -151.355105  0.000221  0.000021
    18     55    990  -151.355093  0.000216  0.000021
    19     52    988  -151.355106  0.000203  0.000020
    20     50   1000  -151.355171  0.000244  0.000025
    21     47    987  -151.355101  0.000225  0.000023
    22     45    990  -151.355098  0.000230  0.000025
    23     43    989  -151.355101  0.000236  0.000026
    24     41    984  -151.355112  0.000208  0.000023
    25     40   1000  -151.355176  0.000212  0.000024
Fit (variance): plateau_var = 4.441453e-08 ± 1.382231e-09
Fit (error):    plateau = 0.000211 ± 0.000003
     autocorrelation length ~ 0.5 blocks
     plateau reached at block size ~ 3
Final AFQMC/pt2CCSD overlap ratio: 1.001744 ± 0.000058
Final AFQMC/pt2CCSD energy: -151.355197 ± 0.000211
Total run time: 670.73

AFQMC Sampling Finished

QMC script: /u/yzhang65/myprojects/software/afqmc/afqmc/scripts/run_afqmc_pt2ccsd.py
  => E_HF(hooh)      = -150.8353523475 Eh
  => E_CCSD(hooh)    = -151.3363950498 Eh
  => E_AFQMC(hooh)   = -151.35520 +/- 0.00021 Eh

============================================================
Running: ketene  charge=0  spin=0
============================================================
output file: ../../result/molout/closed_shell/ketene_vtzfp.out

Preparing AFQMC calculation
Calculating Cholesky integrals
Alpha Cholesky shape: (628, 108, 108) 
 Beta Cholesky shape: (628, 108, 108) 
Finished calculating Cholesky integrals
Size of the correlation space:
Number of electrons:        [8 8]
Number of basis functions:  105
Number of Cholesky vectors: 628

    ________                     _____                    
    ___  __ \___  __________________(_)_____________ _    
    __  /_/ /  / / /_  __ \_  __ \_  /__  __ \_  __ `/    
    _  _, _// /_/ /_  / / /  / / /  / _  / / /  /_/ /     
    /_/ |_| \__,_/ /_/ /_//_/ /_//_/  /_/ /_/_\__, /      
                                             /____/       
    _____________________________  ___________            
    ___    |__  ____/_  __ \__   |/  /_  ____/            
    __  /| |_  /_   _  / / /_  /|_/ /_  /                 
    _  ___ |  __/   / /_/ /_  /  / / / /___               
    /_/  |_/_/      \___\_\/_/  /_/  \____/               

Hostname:     gpua011.delta.ncsa.illinois.edu
System:       Linux
Node:         gpua011.delta.ncsa.illinois.edu
Release:      5.14.0-427.91.1.el9_4.x86_64
Machine:      x86_64
Processor:    x86_64
JAX backend:  GPU
JAX devices:  [CudaDevice(id=0)]
Device kind:  NVIDIA A100-SXM4-40GB
Platform:     gpu

Load system from Integral File
Maximum memory per walker:            66.67 MB
Maximum number of Cholesky per chunk: 198
Number of Cholesky chunks:            4
Number of Cholesky per chunk:         157
Number of padding Cholesky:           0

QMC System
Number of electrons: (8, 8)
Spin Multiplicity:   0
Number of orbitals:  105
Number of Chol:      628

QMC Parameters
eql_time            :                   50
n_blocks            :                 1000
n_walkers           :                  300
max_error           :                  0.0
seed                :                   17
walker_type         :                  uhf
trial               :             upt2ccsd
mix_precision       :                 True
max_memory          :                20000
dt                  :                0.005
n_exp_terms         :                    6
n_prop_steps        :                   50
save_walkers        :                False
free_projection     :                False
n_batch             :                    1
nchol_chunk         :                  157

Initalize QMC walkers by stochastic CCSD

Equilibration
inv_T        weight  killW        energy   runTime
 0.00    300.000000      0   -152.328601     20.12
 5.00    299.326863      0   -152.368778     31.17
10.00    298.995974      0   -152.372717     35.81
15.00    297.906263      0   -152.327903     40.45
20.00    299.217957      0   -152.377528     45.10
25.00    299.698621      0   -152.352074     49.76
30.00    299.631747      0   -152.348905     54.40
35.00    298.610554      0   -152.332174     59.04
40.00    299.701072      0   -152.415559     63.69
45.00    298.857685      0   -152.342765     68.33
50.00    298.310720      0   -152.349360     72.98

Sampling
blocks        weight  killW       E_Guide     error       E_Trial     error     olp_T/G     error  Walltime
    20    299.108230      0   -152.364772  0.010652   -152.355412  0.001653    1.005401  0.000581  118.15
    40    298.985880      0   -152.358717  0.007806   -152.354522  0.001062    1.006119  0.000556  157.91
    60    299.009433      1   -152.362516  0.006275   -152.354943  0.000866    1.006278  0.000427  197.75
    80    298.956941      1   -152.362772  0.004841   -152.355452  0.000854    1.006299  0.000396  237.63
   100    298.916227      1   -152.361528  0.003909   -152.355761  0.000718    1.006402  0.000301  277.49
   120    298.901308      1   -152.363231  0.004236   -152.356240  0.000795    1.006445  0.000258  317.36
   140    298.915661      1   -152.364120  0.004178   -152.356729  0.000874    1.006358  0.000238  357.24
   160    298.905211      1   -152.365040  0.003759   -152.356687  0.000785    1.006446  0.000214  397.11
   180    298.897535      1   -152.365291  0.003486   -152.356892  0.000722    1.006375  0.000192  436.98
   200    298.858139      1   -152.364621  0.003168   -152.356716  0.000665    1.006313  0.000179  476.85
   220    298.828180      1   -152.363962  0.002910   -152.356682  0.000619    1.006315  0.000164  516.72
   240    298.788598      1   -152.362577  0.003052   -152.356669  0.000582    1.006414  0.000166  556.59
   260    298.768142      1   -152.362798  0.002984   -152.356587  0.000575    1.006378  0.000161  596.46
   280    298.758379      1   -152.362494  0.002821   -152.356485  0.000539    1.006436  0.000161  636.71
   300    298.744102      1   -152.362039  0.002649   -152.356574  0.000530    1.006451  0.000152  676.43
   320    298.732280      2   -152.361585  0.002501   -152.356491  0.000503    1.006452  0.000144  716.31
   340    298.732495      2   -152.362375  0.002415   -152.356546  0.000484    1.006464  0.000142  756.17
   360    298.731497      2   -152.362584  0.002291   -152.356452  0.000482    1.006437  0.000133  796.04
   380    298.734611      3   -152.362608  0.002170   -152.356424  0.000464    1.006404  0.000129  835.89
   400    298.724756      3   -152.362157  0.002099   -152.356357  0.000446    1.006380  0.000125  875.76
   420    298.722525      3   -152.361993  0.002002   -152.356311  0.000430    1.006393  0.000121  915.61
   440    298.718293      3   -152.361731  0.001969   -152.356218  0.000415    1.006434  0.000125  955.51
   460    298.714869      4   -152.361530  0.001939   -152.356167  0.000402    1.006493  0.000125  995.38
   480    298.713902      4   -152.361743  0.001855   -152.356111  0.000389    1.006503  0.000121 1035.24
   500    298.713204      4   -152.362337  0.001830   -152.356154  0.000382    1.006495  0.000118 1075.11
   520    298.721485      4   -152.362725  0.001814   -152.356357  0.000386    1.006482  0.000124 1115.00
   540    298.719005      4   -152.363272  0.001776   -152.356351  0.000375    1.006470  0.000122 1154.84
   560    298.717137      4   -152.363349  0.001741   -152.356284  0.000363    1.006484  0.000117 1194.72
   580    298.716764      4   -152.363829  0.001712   -152.356399  0.000363    1.006413  0.000119 1234.68
   600    298.709591      5   -152.364138  0.001694   -152.356409  0.000356    1.006411  0.000123 1274.53
   620    298.707450      5   -152.364314  0.001630   -152.356364  0.000348    1.006399  0.000120 1314.79
   640    298.692540      6   -152.363852  0.001715   -152.356239  0.000340    1.006422  0.000116 1354.65
   660    298.694721      6   -152.363837  0.001676   -152.356169  0.000331    1.006426  0.000114 1394.51
   680    298.695108      7   -152.364047  0.001678   -152.356157  0.000324    1.006401  0.000113 1434.38
   700    298.689017      7   -152.363713  0.001692   -152.356131  0.000317    1.006395  0.000112 1474.24
   720    298.691175      8   -152.363872  0.001624   -152.356187  0.000312    1.006370  0.000109 1514.11
   740    298.687314      9   -152.363755  0.001590   -152.356200  0.000308    1.006377  0.000107 1553.97
   760    298.690977      9   -152.364037  0.001556   -152.356279  0.000307    1.006358  0.000105 1593.84
   780    298.686028     10   -152.363884  0.001543   -152.356266  0.000302    1.006375  0.000103 1633.72
   800    298.681824     10   -152.363790  0.001496   -152.356273  0.000299    1.006360  0.000103 1673.58
   820    298.678451     10   -152.363540  0.001497   -152.356234  0.000293    1.006364  0.000101 1713.44
   840    298.676945     10   -152.363554  0.001471   -152.356232  0.000291    1.006349  0.000100 1753.31
   860    298.676708     10   -152.363528  0.001445   -152.356210  0.000287    1.006357  0.000098 1793.23
   880    298.672002     10   -152.363301  0.001402   -152.356162  0.000282    1.006349  0.000096 1833.19
   900    298.668280     10   -152.363249  0.001401   -152.356151  0.000278    1.006326  0.000096 1873.07
   920    298.663002     10   -152.363075  0.001378   -152.356130  0.000274    1.006334  0.000095 1912.95
   940    298.662952     10   -152.363240  0.001344   -152.356079  0.000271    1.006353  0.000094 1953.00
   960    298.661669     11   -152.363385  0.001326   -152.356133  0.000269    1.006368  0.000094 1992.85
   980    298.659026     11   -152.363270  0.001301   -152.356069  0.000266    1.006386  0.000093 2032.73
  1000    298.658596     11   -152.363030  0.001302   -152.356058  0.000261    1.006385  0.000092 2072.59

Post Propagation Process
Total number of samples 1000
Raw AFQMC/HF (Guide) energy:           -152.363030 ± 0.001302
Raw Trial/Guide overlap ratio:          1.006385 ± 0.000092
Raw AFQMC/pt2CCSD energy (covariance): -152.356058 ± 0.000261
Raw AFQMC/pt2CCSD energy (dir sample): -152.356058 ± 0.000209

Remove Outliers
removing energies outside zeta > 30
Outlier energy bound [-152.495316, -152.214318]
Removed 0 outliers with energies []
Clean AFQMC/pt2CCSD overlap ratio:        1.006385 ± 0.000092
Clean AFQMC/pt2CCSD energy (covariance): -152.356058 ± 0.000261
Clean AFQMC/ptCCSD energy (dir sample):  -152.356058 ± 0.000209

Blocking Analysis
nsample = 1000, max_block_size = 25, min_nblocks = 40
   B    NB    NS  Observable     Error    dError
   1  1000  1000    1.006385  0.000039  0.000001
   2   500  1000    1.006385  0.000051  0.000002
   3   333   999    1.006384  0.000059  0.000002
   4   250  1000    1.006385  0.000064  0.000003
   5   200  1000    1.006385  0.000069  0.000003
   6   166   996    1.006381  0.000072  0.000004
   7   142   994    1.006382  0.000072  0.000004
   8   125  1000    1.006385  0.000076  0.000005
   9   111   999    1.006384  0.000080  0.000005
  10   100  1000    1.006385  0.000077  0.000005
  11    90   990    1.006386  0.000080  0.000006
  12    83   996    1.006380  0.000078  0.000006
  13    76   988    1.006386  0.000086  0.000007
  14    71   994    1.006382  0.000078  0.000007
  15    66   990    1.006386  0.000084  0.000007
  16    62   992    1.006385  0.000087  0.000008
  17    58   986    1.006387  0.000090  0.000008
  18    55   990    1.006386  0.000088  0.000008
  19    52   988    1.006386  0.000088  0.000009
  20    50  1000    1.006385  0.000092  0.000009
  21    47   987    1.006387  0.000084  0.000009
  22    45   990    1.006386  0.000083  0.000009
  23    43   989    1.006385  0.000092  0.000010
  24    41   984    1.006385  0.000089  0.000010
  25    40  1000    1.006385  0.000085  0.000010
Fit (variance): plateau_var = 7.470e-09 ± 4.737e-10
Fit (error):    plateau = 0.000086 ± 0.000003
     autocorrelation length ~ 5.3 blocks
     plateau reached at block size ~ 25
nclean = 1000, max_block_size = 25, min_nblocks = 40
Blk_SZ   NBlk   NSmp      Energy     Error    dError
     1   1000   1000  -152.355910  0.000209  0.000005
     2    500   1000  -152.355945  0.000227  0.000007
     3    333    999  -152.355966  0.000232  0.000009
     4    250   1000  -152.355972  0.000231  0.000010
     5    200   1000  -152.355979  0.000240  0.000012
     6    166    996  -152.356003  0.000242  0.000013
     7    142    994  -152.356001  0.000239  0.000014
     8    125   1000  -152.355998  0.000239  0.000015
     9    111    999  -152.356010  0.000243  0.000016
    10    100   1000  -152.356001  0.000249  0.000018
    11     90    990  -152.356017  0.000262  0.000020
    12     83    996  -152.356025  0.000237  0.000019
    13     76    988  -152.356018  0.000239  0.000020
    14     71    994  -152.356018  0.000250  0.000021
    15     66    990  -152.356031  0.000235  0.000021
    16     62    992  -152.356025  0.000249  0.000023
    17     58    986  -152.356027  0.000258  0.000024
    18     55    990  -152.356034  0.000245  0.000024
    19     52    988  -152.356029  0.000238  0.000024
    20     50   1000  -152.356032  0.000256  0.000026
    21     47    987  -152.356030  0.000247  0.000026
    22     45    990  -152.356036  0.000250  0.000027
    23     43    989  -152.356042  0.000260  0.000028
    24     41    984  -152.356043  0.000265  0.000030
    25     40   1000  -152.356031  0.000250  0.000028
Fit (variance): plateau_var = 6.063106e-08 ± 2.682354e-09
Fit (error):    plateau = 0.000246 ± 0.000005
     autocorrelation length ~ 2.5 blocks
     plateau reached at block size ~ 10
Final AFQMC/pt2CCSD overlap ratio: 1.006385 ± 0.000086
Final AFQMC/pt2CCSD energy: -152.356058 ± 0.000246
Total run time: 2103.14

AFQMC Sampling Finished

QMC script: /u/yzhang65/myprojects/software/afqmc/afqmc/scripts/run_afqmc_pt2ccsd.py
  => E_HF(ketene)      = -151.7838719296 Eh
  => E_CCSD(ketene)    = -152.3292594788 Eh
  => E_AFQMC(ketene)   = -152.35606 +/- 0.00025 Eh

============================================================
Running: methanol  charge=0  spin=0
============================================================
output file: ../../result/molout/closed_shell/methanol_vtzfp.out

Preparing AFQMC calculation
Calculating Cholesky integrals
Alpha Cholesky shape: (564, 96, 96) 
 Beta Cholesky shape: (564, 96, 96) 
Finished calculating Cholesky integrals
Size of the correlation space:
Number of electrons:        [7 7]
Number of basis functions:  94
Number of Cholesky vectors: 564

    ________                     _____                    
    ___  __ \___  __________________(_)_____________ _    
    __  /_/ /  / / /_  __ \_  __ \_  /__  __ \_  __ `/    
    _  _, _// /_/ /_  / / /  / / /  / _  / / /  /_/ /     
    /_/ |_| \__,_/ /_/ /_//_/ /_//_/  /_/ /_/_\__, /      
                                             /____/       
    _____________________________  ___________            
    ___    |__  ____/_  __ \__   |/  /_  ____/            
    __  /| |_  /_   _  / / /_  /|_/ /_  /                 
    _  ___ |  __/   / /_/ /_  /  / / / /___               
    /_/  |_/_/      \___\_\/_/  /_/  \____/               

Hostname:     gpua011.delta.ncsa.illinois.edu
System:       Linux
Node:         gpua011.delta.ncsa.illinois.edu
Release:      5.14.0-427.91.1.el9_4.x86_64
Machine:      x86_64
Processor:    x86_64
JAX backend:  GPU
JAX devices:  [CudaDevice(id=0)]
Device kind:  NVIDIA A100-SXM4-40GB
Platform:     gpu

Load system from Integral File
Maximum memory per walker:            66.67 MB
Maximum number of Cholesky per chunk: 247
Number of Cholesky chunks:            3
Number of Cholesky per chunk:         188
Number of padding Cholesky:           0

QMC System
Number of electrons: (7, 7)
Spin Multiplicity:   0
Number of orbitals:  94
Number of Chol:      564

QMC Parameters
eql_time            :                   50
n_blocks            :                 1000
n_walkers           :                  300
max_error           :                  0.0
seed                :                   17
walker_type         :                  uhf
trial               :             upt2ccsd
mix_precision       :                 True
max_memory          :                20000
dt                  :                0.005
n_exp_terms         :                    6
n_prop_steps        :                   50
save_walkers        :                False
free_projection     :                False
n_batch             :                    1
nchol_chunk         :                  188

Initalize QMC walkers by stochastic CCSD

Equilibration
inv_T        weight  killW        energy   runTime
 0.00    300.000000      0   -115.528787     28.92
 5.00    298.877460      0   -115.551554     38.90
10.00    300.176839      0   -115.559083     42.58
15.00    298.803374      0   -115.543374     46.28
20.00    299.754460      0   -115.545280     49.97
25.00    298.984026      0   -115.523030     53.65
30.00    298.854965      0   -115.547519     57.35
35.00    298.781141      0   -115.524699     61.04
40.00    299.483721      0   -115.547173     64.72
45.00    299.404769      0   -115.545219     68.40
50.00    298.680870      0   -115.529667     72.09

Sampling
blocks        weight  killW       E_Guide     error       E_Trial     error     olp_T/G     error  Walltime
    20    299.183586      0   -115.560376  0.011908   -115.547473  0.001845    1.001060  0.000176  109.45
    40    299.152475      0   -115.553889  0.009131   -115.546247  0.001040    1.001259  0.000162  141.47
    60    299.238381      0   -115.556179  0.006052   -115.546480  0.000852    1.001157  0.000133  173.54
    80    299.187083      0   -115.554808  0.004475   -115.546310  0.000667    1.001075  0.000118  205.65
   100    299.146782      0   -115.551558  0.003811   -115.545880  0.000557    1.001107  0.000090  237.74
   120    299.093627      0   -115.550330  0.003496   -115.545518  0.000479    1.001113  0.000093  269.82
   140    299.082765      0   -115.550367  0.003021   -115.545549  0.000426    1.001178  0.000091  301.92
   160    299.067924      0   -115.550374  0.002724   -115.545544  0.000386    1.001135  0.000084  334.01
   180    299.035565      0   -115.549859  0.002387   -115.545483  0.000353    1.001148  0.000076  366.08
   200    299.010659      0   -115.549016  0.002246   -115.545387  0.000329    1.001199  0.000074  398.17
   220    298.998434      0   -115.548436  0.002140   -115.545243  0.000304    1.001189  0.000069  430.27
   240    298.990273      0   -115.548743  0.001988   -115.545358  0.000299    1.001197  0.000062  462.35
   260    298.985122      0   -115.549625  0.001932   -115.545563  0.000298    1.001175  0.000063  494.45
   280    298.980374      0   -115.550062  0.001789   -115.545567  0.000287    1.001169  0.000058  526.55
   300    298.961990      0   -115.549736  0.001693   -115.545463  0.000272    1.001187  0.000056  558.65
   320    298.962026      0   -115.550310  0.001724   -115.545605  0.000271    1.001166  0.000055  590.72
   340    298.962073      0   -115.550743  0.001782   -115.545662  0.000261    1.001168  0.000052  623.24
   360    298.966091      0   -115.551050  0.001696   -115.545659  0.000248    1.001163  0.000049  655.20
   380    298.959442      1   -115.550989  0.001647   -115.545708  0.000253    1.001147  0.000049  687.32
   400    298.960323      1   -115.550465  0.001620   -115.545638  0.000243    1.001159  0.000048  719.40
   420    298.957617      1   -115.550219  0.001571   -115.545602  0.000233    1.001186  0.000049  751.48
   440    298.955313      1   -115.550583  0.001539   -115.545609  0.000225    1.001174  0.000049  783.58
   460    298.949361      1   -115.550173  0.001487   -115.545560  0.000218    1.001169  0.000048  815.68
   480    298.948533      1   -115.550237  0.001442   -115.545525  0.000211    1.001165  0.000047  847.75
   500    298.942749      1   -115.550064  0.001420   -115.545479  0.000205    1.001168  0.000045  879.85
   520    298.934535      2   -115.549811  0.001384   -115.545447  0.000199    1.001164  0.000046  911.96
   540    298.940360      2   -115.549974  0.001338   -115.545484  0.000195    1.001158  0.000045  944.03
   560    298.932145      2   -115.549674  0.001336   -115.545449  0.000190    1.001145  0.000045  976.14
   580    298.933595      2   -115.550036  0.001313   -115.545489  0.000187    1.001134  0.000045 1008.23
   600    298.934256      2   -115.549938  0.001336   -115.545458  0.000188    1.001144  0.000046 1040.31
   620    298.931124      2   -115.549700  0.001320   -115.545392  0.000183    1.001148  0.000045 1072.42
   640    298.931816      2   -115.549590  0.001307   -115.545379  0.000181    1.001148  0.000044 1104.51
   660    298.933599      2   -115.549661  0.001257   -115.545372  0.000176    1.001145  0.000042 1136.59
   680    298.939741      2   -115.549762  0.001230   -115.545371  0.000172    1.001151  0.000042 1168.68
   700    298.947749      2   -115.549899  0.001225   -115.545381  0.000168    1.001147  0.000041 1200.82
   720    298.947780      2   -115.549951  0.001174   -115.545403  0.000165    1.001132  0.000041 1232.97
   740    298.944667      2   -115.549888  0.001158   -115.545415  0.000163    1.001138  0.000041 1265.49
   760    298.936074      2   -115.549749  0.001135   -115.545431  0.000162    1.001136  0.000041 1297.58
   780    298.932362      2   -115.549822  0.001092   -115.545470  0.000160    1.001127  0.000041 1329.69
   800    298.933536      2   -115.550161  0.001085   -115.545570  0.000170    1.001124  0.000040 1361.77
   820    298.934482      2   -115.550013  0.001080   -115.545576  0.000167    1.001128  0.000039 1393.87
   840    298.935229      2   -115.550005  0.001112   -115.545568  0.000165    1.001126  0.000039 1425.97
   860    298.933361      2   -115.549824  0.001112   -115.545551  0.000162    1.001130  0.000038 1458.06
   880    298.931640      2   -115.549731  0.001100   -115.545511  0.000159    1.001131  0.000038 1490.14
   900    298.930595      3   -115.549639  0.001077   -115.545478  0.000156    1.001134  0.000038 1522.25
   920    298.929863      3   -115.549728  0.001063   -115.545494  0.000154    1.001137  0.000038 1554.34
   940    298.926821      3   -115.549569  0.001052   -115.545469  0.000152    1.001137  0.000037 1586.42
   960    298.929479      3   -115.549831  0.001037   -115.545521  0.000152    1.001134  0.000036 1618.52
   980    298.932208      3   -115.549983  0.001078   -115.545551  0.000151    1.001133  0.000036 1650.62
  1000    298.932734      3   -115.550017  0.001055   -115.545546  0.000149    1.001136  0.000036 1682.71

Post Propagation Process
Total number of samples 1000
Raw AFQMC/HF (Guide) energy:           -115.550017 ± 0.001055
Raw Trial/Guide overlap ratio:          1.001136 ± 0.000036
Raw AFQMC/pt2CCSD energy (covariance): -115.545546 ± 0.000149
Raw AFQMC/pt2CCSD energy (dir sample): -115.545546 ± 0.000127

Remove Outliers
removing energies outside zeta > 30
Outlier energy bound [-115.629748, -115.459838]
Removed 0 outliers with energies []
Clean AFQMC/pt2CCSD overlap ratio:        1.001136 ± 0.000036
Clean AFQMC/pt2CCSD energy (covariance): -115.545546 ± 0.000149
Clean AFQMC/ptCCSD energy (dir sample):  -115.545546 ± 0.000127

Blocking Analysis
nsample = 1000, max_block_size = 25, min_nblocks = 40
   B    NB    NS  Observable     Error    dError
   1  1000  1000    1.001137  0.000013  0.000000
   2   500  1000    1.001137  0.000018  0.000001
   3   333   999    1.001136  0.000020  0.000001
   4   250  1000    1.001137  0.000023  0.000001
   5   200  1000    1.001137  0.000024  0.000001
   6   166   996    1.001136  0.000026  0.000001
   7   142   994    1.001136  0.000027  0.000002
   8   125  1000    1.001136  0.000028  0.000002
   9   111   999    1.001136  0.000027  0.000002
  10   100  1000    1.001136  0.000028  0.000002
  11    90   990    1.001135  0.000029  0.000002
  12    83   996    1.001136  0.000030  0.000002
  13    76   988    1.001135  0.000030  0.000002
  14    71   994    1.001136  0.000030  0.000003
  15    66   990    1.001135  0.000031  0.000003
  16    62   992    1.001136  0.000031  0.000003
  17    58   986    1.001135  0.000032  0.000003
  18    55   990    1.001135  0.000032  0.000003
  19    52   988    1.001135  0.000033  0.000003
  20    50  1000    1.001136  0.000033  0.000003
  21    47   987    1.001135  0.000031  0.000003
  22    45   990    1.001135  0.000035  0.000004
  23    43   989    1.001135  0.000031  0.000003
  24    41   984    1.001135  0.000032  0.000004
  25    40  1000    1.001136  0.000036  0.000004
Fit (variance): plateau_var = 1.075e-09 ± 7.999e-11
Fit (error):    plateau = 0.000033 ± 0.000001
     autocorrelation length ~ 6.7 blocks
     plateau reached at block size ~ 31
     !!!Failed to reach plateau in blocking
     Return max block error
nclean = 1000, max_block_size = 25, min_nblocks = 40
Blk_SZ   NBlk   NSmp      Energy     Error    dError
     1   1000   1000  -115.545457  0.000127  0.000003
     2    500   1000  -115.545479  0.000139  0.000004
     3    333    999  -115.545497  0.000150  0.000006
     4    250   1000  -115.545500  0.000154  0.000007
     5    200   1000  -115.545505  0.000159  0.000008
     6    166    996  -115.545512  0.000159  0.000009
     7    142    994  -115.545513  0.000166  0.000010
     8    125   1000  -115.545514  0.000167  0.000011
     9    111    999  -115.545520  0.000181  0.000012
    10    100   1000  -115.545519  0.000168  0.000012
    11     90    990  -115.545519  0.000177  0.000013
    12     83    996  -115.545523  0.000180  0.000014
    13     76    988  -115.545520  0.000181  0.000015
    14     71    994  -115.545525  0.000177  0.000015
    15     66    990  -115.545526  0.000189  0.000017
    16     62    992  -115.545529  0.000182  0.000017
    17     58    986  -115.545526  0.000205  0.000019
    18     55    990  -115.545528  0.000195  0.000019
    19     52    988  -115.545523  0.000184  0.000018
    20     50   1000  -115.545532  0.000182  0.000018
    21     47    987  -115.545525  0.000195  0.000020
    22     45    990  -115.545529  0.000204  0.000022
    23     43    989  -115.545531  0.000204  0.000022
    24     41    984  -115.545541  0.000191  0.000021
    25     40   1000  -115.545533  0.000209  0.000024
Fit (variance): plateau_var = 3.855814e-08 ± 3.883980e-09
Fit (error):    plateau = 0.000196 ± 0.000010
     autocorrelation length ~ 8.0 blocks
     plateau reached at block size ~ 34
     !!!Failed to reach plateau in blocking
     Return max block error
Final AFQMC/pt2CCSD overlap ratio: 1.001136 ± 0.000036
Final AFQMC/pt2CCSD energy: -115.545546 ± 0.000209
Total run time: 1702.49

AFQMC Sampling Finished

