
============================================================
Running: al  charge=0  spin=1
============================================================
overwrite output file: ../result/atom/al_vdzsd.out
Preparing AFQMC calculation
# Calculating Cholesky integrals
Finished calculating Cholesky integrals
#
Size of the correlation space:
Number of electrons: (2, 1)
Number of basis functions: 13
Number of Cholesky vectors: 91
#
------------------------------------------- AFQMC Sampling Started -------------------------------------------
Hostname: gpua081.delta.ncsa.illinois.edu
System Type: Linux
Machine Type: x86_64
Processor: x86_64
Using GPU.
System: Linux
Node Name: gpua081.delta.ncsa.illinois.edu
Release: 5.14.0-427.91.1.el9_4.x86_64
Version: #1 SMP PREEMPT_DYNAMIC Wed Sep 17 10:08:59 EDT 2025
Machine: x86_64
Processor: x86_64
Decomposing Unrestricted T2 amplitudes
Throw 2 vectors in T2 deomposition
SVD cutoff = 1.00e-08 | error = 4.73e-16
number of T2 decomposition vectors 32
norb: 13
nelec: (2, 1)
n_eql: 120
n_blocks: 1000
n_walkers: 300
dt: 0.005
max_error: 0.0
seed: 17
walker_type: uhf
trial: uccsd_pt2
free_projection: False
use_gpu: True
n_exp_terms: 6
n_prop_steps: 50
save_walkers: False
n_batch: 1
nchol_chunk: 91
mix_precision: True
initial AFQMC/pt2CCSD Energy is -241.920594
Propagating with 300 walkers
----------------------------------------------- Equilibration ------------------------------------------------
inv_T        weight  killW        energy   runTime
 0.00    300.000000      0   -241.873510     12.91
 3.00    300.582099      0   -241.913383     19.45
 6.00    300.373203      0   -241.923427     19.86
 9.00    300.476619      0   -241.929502     20.28
12.00    300.252758      0   -241.921582     20.71
15.00    300.118977      0   -241.918440     21.12
18.00    299.934840      2   -241.917226     21.54
21.00    299.957632      1   -241.919830     21.96
24.00    300.198780      0   -241.915701     22.39
27.00    300.024752      0   -241.919631     22.81
30.00    299.958308      0   -241.918331     23.23
---------------------------------------------- Sampling Blocks -----------------------------------------------
blocks        weight  killW       E_Guide     error       E_Trial     error     olp_T/G     error  Walltime
    20    299.969670      4   -241.918761  0.001184   -241.921805  0.000091   -1.001042  0.000251   29.08
    40    299.923803      7   -241.920518  0.001307   -241.921659  0.000062   -1.000933  0.000170   29.86
    60    299.850389      9   -241.919946  0.001228   -241.921603  0.000059   -1.001129  0.000164   30.64
    80    299.791536     12   -241.920717  0.001085   -241.921619  0.000049   -1.001221  0.000138   31.41
   100    299.716308     16   -241.920394  0.000868   -241.921626  0.000042   -1.001249  0.000113   32.19
   120    299.673441     17   -241.920024  0.000815   -241.921697  0.000051   -1.001272  0.000098   32.96
   140    299.648339     17   -241.919671  0.000746   -241.921695  0.000045   -1.001270  0.000083   33.74
   160    299.619777     18   -241.919211  0.000762   -241.921692  0.000040   -1.001268  0.000072   34.52
   180    299.590016     22   -241.918907  0.000710   -241.921683  0.000037   -1.001272  0.000064   35.30
   200    299.566206     24   -241.919025  0.000642   -241.921676  0.000034   -1.001230  0.000065   36.08
   220    299.547651     25   -241.919014  0.000590   -241.921682  0.000032   -1.001213  0.000065   36.86
   240    299.520536     26   -241.918775  0.000564   -241.921679  0.000030   -1.001190  0.000062   37.63
   260    299.505425     30   -241.918520  0.000550   -241.921689  0.000029   -1.001197  0.000057   38.41
   280    299.493502     31   -241.918298  0.000547   -241.921696  0.000027   -1.001192  0.000053   39.19
   300    299.479883     32   -241.918191  0.000520   -241.921700  0.000026   -1.001200  0.000050   39.97
   320    299.470123     32   -241.918325  0.000505   -241.921697  0.000025   -1.001207  0.000048   40.77
   340    299.458512     34   -241.918510  0.000518   -241.921714  0.000025   -1.001198  0.000045   41.55
   360    299.442128     37   -241.918518  0.000490   -241.921721  0.000025   -1.001217  0.000045   43.56
   380    299.433913     38   -241.918468  0.000471   -241.921714  0.000025   -1.001217  0.000045   44.34
   400    299.426859     38   -241.918533  0.000454   -241.921720  0.000027   -1.001211  0.000043   45.12
   420    299.419687     39   -241.918413  0.000447   -241.921725  0.000026   -1.001225  0.000043   46.24
   440    299.410474     40   -241.918233  0.000445   -241.921728  0.000025   -1.001226  0.000041   47.19
   460    299.401937     42   -241.918199  0.000429   -241.921721  0.000024   -1.001227  0.000040   48.16
   480    299.395493     43   -241.918238  0.000412   -241.921720  0.000023   -1.001220  0.000042   48.94
   500    299.387233     47   -241.918131  0.000402   -241.921716  0.000022   -1.001222  0.000041   49.72
   520    299.377962     51   -241.918121  0.000388   -241.921723  0.000023   -1.001220  0.000039   50.72
   540    299.373676     52   -241.918012  0.000382   -241.921730  0.000022   -1.001216  0.000038   51.50
   560    299.371206     54   -241.917940  0.000372   -241.921728  0.000021   -1.001211  0.000037   52.29
   580    299.366104     56   -241.917875  0.000363   -241.921731  0.000021   -1.001194  0.000037   53.06
   600    299.361568     59   -241.917834  0.000362   -241.921733  0.000020   -1.001184  0.000037   53.84
   620    299.357298     60   -241.917860  0.000356   -241.921737  0.000020   -1.001185  0.000037   54.61
   640    299.349862     67   -241.917821  0.000356   -241.921737  0.000020   -1.001186  0.000036   55.39
   660    299.345671     68   -241.917816  0.000347   -241.921738  0.000019   -1.001181  0.000035   56.17
   680    299.341008     73   -241.917820  0.000339   -241.921732  0.000019   -1.001181  0.000034   56.95
   700    299.339317     76   -241.917787  0.000332   -241.921734  0.000018   -1.001174  0.000033   57.74
   720    299.337116     78   -241.917890  0.000329   -241.921732  0.000018   -1.001166  0.000034   58.52
   740    299.335674     80   -241.917857  0.000323   -241.921731  0.000018   -1.001169  0.000033   59.51
   760    299.333913     82   -241.917857  0.000317   -241.921739  0.000017   -1.001166  0.000033   60.28
   780    299.333420     84   -241.917821  0.000310   -241.921742  0.000017   -1.001172  0.000032   61.08
   800    299.330041     89   -241.917794  0.000320   -241.921742  0.000017   -1.001179  0.000033   61.85
   820    299.326864     92   -241.917784  0.000312   -241.921744  0.000017   -1.001186  0.000032   62.63
   840    299.327315     92   -241.917825  0.000314   -241.921744  0.000016   -1.001185  0.000032   63.41
   860    299.326545     92   -241.917811  0.000314   -241.921745  0.000016   -1.001189  0.000032   64.19
   880    299.325843     93   -241.917776  0.000316   -241.921746  0.000016   -1.001194  0.000032   64.97
   900    299.326019     98   -241.917781  0.000316   -241.921745  0.000016   -1.001187  0.000031   65.75
   920    299.325189    100   -241.917754  0.000308   -241.921745  0.000015   -1.001184  0.000032   66.53
   940    299.324600    104   -241.917769  0.000301   -241.921739  0.000015   -1.001186  0.000032   67.31
   960    299.324602    106   -241.917760  0.000295   -241.921740  0.000015   -1.001185  0.000031   68.09
   980    299.324072    109   -241.917843  0.000289   -241.921736  0.000015   -1.001184  0.000030   68.86
  1000    299.321860    113   -241.917873  0.000294   -241.921738  0.000015   -1.001188  0.000030   69.65
---------------------------------------------- Post Propagation ----------------------------------------------
Total number of samples 1000
Raw AFQMC/HF (Guide) energy:           -241.917873 ± 0.000294
Raw Trial/Guide overlap ratio:          -1.001188 ± 0.000030
Raw AFQMC/pt2CCSD energy (covariance): -241.921738 ± 0.000015
Raw AFQMC/pt2CCSD energy (dir sample): -241.921738 ± 0.000011
--------------------------------------------- Clean Obeservation ---------------------------------------------
removing energies outside zeta > 30
Outlier energy bound [-241.929392, -241.914025]
Removed 0 outliers with energies []
Clean AFQMC/pt2CCSD overlap ratio:        -1.001188 ± 0.000030
Clean AFQMC/pt2CCSD energy (covariance): -241.921738 ± 0.000015
Clean AFQMC/ptCCSD energy (dir sample):  -241.921738 ± 0.000011
--------------------------------------------- Blocking Analysis ----------------------------------------------
nsample = 1000, max_block_size = 25, min_nblocks = 40
   B    NB    NS  Observable     Error    dError
   1  1000  1000   -1.001188  0.000011  0.000000
   2   500  1000   -1.001188  0.000014  0.000000
   3   333   999   -1.001187  0.000017  0.000001
   4   250  1000   -1.001188  0.000018  0.000001
   5   200  1000   -1.001188  0.000020  0.000001
   6   166   996   -1.001187  0.000021  0.000001
   7   142   994   -1.001186  0.000022  0.000001
   8   125  1000   -1.001188  0.000023  0.000001
   9   111   999   -1.001187  0.000025  0.000002
  10   100  1000   -1.001188  0.000025  0.000002
  11    90   990   -1.001185  0.000025  0.000002
  12    83   996   -1.001187  0.000027  0.000002
  13    76   988   -1.001185  0.000026  0.000002
  14    71   994   -1.001186  0.000026  0.000002
  15    66   990   -1.001185  0.000027  0.000002
  16    62   992   -1.001185  0.000027  0.000002
  17    58   986   -1.001185  0.000027  0.000003
  18    55   990   -1.001185  0.000029  0.000003
  19    52   988   -1.001185  0.000028  0.000003
  20    50  1000   -1.001188  0.000028  0.000003
  21    47   987   -1.001185  0.000028  0.000003
  22    45   990   -1.001185  0.000029  0.000003
  23    43   989   -1.001185  0.000030  0.000003
  24    41   984   -1.001184  0.000028  0.000003
  25    40  1000   -1.001188  0.000029  0.000003
Fit (variance): plateau_var = 8.839e-10 ± 7.988e-11
Fit (error):    plateau = 0.000030 ± 0.000001
     autocorrelation length ~ 8.6 blocks
     plateau reached at block size ~ 40
     !!!Failed to reach plateau in blocking
     Return max block error
nclean = 1000, max_block_size = 25, min_nblocks = 40
Blk_SZ   NBlk   NSmp      Energy     Error    dError
     1   1000   1000  -241.921730  0.000011  0.000000
     2    500   1000  -241.921731  0.000013  0.000000
     3    333    999  -241.921732  0.000015  0.000001
     4    250   1000  -241.921733  0.000015  0.000001
     5    200   1000  -241.921732  0.000016  0.000001
     6    166    996  -241.921732  0.000017  0.000001
     7    142    994  -241.921731  0.000018  0.000001
     8    125   1000  -241.921733  0.000017  0.000001
     9    111    999  -241.921734  0.000020  0.000001
    10    100   1000  -241.921732  0.000018  0.000001
    11     90    990  -241.921731  0.000019  0.000001
    12     83    996  -241.921734  0.000020  0.000002
    13     76    988  -241.921732  0.000019  0.000002
    14     71    994  -241.921733  0.000019  0.000002
    15     66    990  -241.921732  0.000020  0.000002
    16     62    992  -241.921732  0.000020  0.000002
    17     58    986  -241.921732  0.000021  0.000002
    18     55    990  -241.921732  0.000020  0.000002
    19     52    988  -241.921733  0.000021  0.000002
    20     50   1000  -241.921734  0.000018  0.000002
    21     47    987  -241.921732  0.000020  0.000002
    22     45    990  -241.921732  0.000021  0.000002
    23     43    989  -241.921733  0.000022  0.000002
    24     41    984  -241.921732  0.000023  0.000003
    25     40   1000  -241.921736  0.000019  0.000002
Fit (variance): plateau_var = 4.074437e-10 ± 2.619620e-11
Fit (error):    plateau = 0.000020 ± 0.000001
     autocorrelation length ~ 5.2 blocks
     plateau reached at block size ~ 24
Final AFQMC/pt2CCSD overlap ratio: -1.001188 ± 0.000030
Final AFQMC/pt2CCSD energy: -241.921738 ± 0.000020
Total run time: 77.99
------------------------------------------ AFQMC Sampling Finished -------------------------------------------
Hostname: gpua081.delta.ncsa.illinois.edu
System Type: Linux
Machine Type: x86_64
Processor: x86_64
Using GPU.
System: Linux
Node Name: gpua081.delta.ncsa.illinois.edu
Release: 5.14.0-427.91.1.el9_4.x86_64
Version: #1 SMP PREEMPT_DYNAMIC Wed Sep 17 10:08:59 EDT 2025
Machine: x86_64
Processor: x86_64
QMC script: /u/yzhang65/myprojects/software/afqmc/afqmc/scripts/run_afqmc_pt2ccsd.py
  => E_HF(al)      = -241.8735095886 Eh
  => E_CCSD(al)    = -241.9205854848 Eh
  => E_CCSD(T)(al) = -241.9212686529 Eh
  => E_AFQMC(al)   = -241.92174 +/- 0.00002 Eh

============================================================
Running: b  charge=0  spin=1
============================================================
overwrite output file: ../result/atom/b_vdzsd.out
Preparing AFQMC calculation
# Calculating Cholesky integrals
Finished calculating Cholesky integrals
#
Size of the correlation space:
Number of electrons: (2, 1)
Number of basis functions: 13
Number of Cholesky vectors: 70
#
------------------------------------------- AFQMC Sampling Started -------------------------------------------
Hostname: gpua081.delta.ncsa.illinois.edu
System Type: Linux
Machine Type: x86_64
Processor: x86_64
Using GPU.
System: Linux
Node Name: gpua081.delta.ncsa.illinois.edu
Release: 5.14.0-427.91.1.el9_4.x86_64
Version: #1 SMP PREEMPT_DYNAMIC Wed Sep 17 10:08:59 EDT 2025
Machine: x86_64
Processor: x86_64
Decomposing Unrestricted T2 amplitudes
Throw 2 vectors in T2 deomposition
SVD cutoff = 1.00e-08 | error = 4.71e-16
number of T2 decomposition vectors 32
norb: 13
nelec: (2, 1)
n_eql: 120
n_blocks: 1000
n_walkers: 300
dt: 0.005
max_error: 0.0
seed: 17
walker_type: uhf
trial: uccsd_pt2
free_projection: False
use_gpu: True
n_exp_terms: 6
n_prop_steps: 50
save_walkers: False
n_batch: 1
nchol_chunk: 70
mix_precision: True
initial AFQMC/pt2CCSD Energy is -24.588606
Propagating with 300 walkers
----------------------------------------------- Equilibration ------------------------------------------------
inv_T        weight  killW        energy   runTime
 0.00    300.000000      0    -24.529962      9.85
 3.00    300.551104      0    -24.586512     15.28
 6.00    300.519635      0    -24.590269     15.69
 9.00    300.395023      0    -24.581633     16.09
12.00    300.175755      0    -24.584982     16.50
15.00    299.988345      0    -24.590878     16.90
18.00    300.045041      0    -24.585590     17.31
21.00    299.746564      0    -24.580376     17.71
24.00    299.952386      0    -24.579211     18.12
27.00    299.725135      0    -24.580789     18.52
30.00    299.824818      0    -24.584854     18.93
---------------------------------------------- Sampling Blocks -----------------------------------------------
blocks        weight  killW       E_Guide     error       E_Trial     error     olp_T/G     error  Walltime
    20    299.809413      4    -24.582311  0.002093    -24.589963  0.000111   -1.000656  0.000160   24.56
    40    299.699499      6    -24.583802  0.001676    -24.589810  0.000079   -1.000536  0.000117   25.32
    60    299.614634      9    -24.583857  0.001602    -24.589859  0.000060   -1.000563  0.000093   26.08
    80    299.584024     14    -24.583967  0.001356    -24.589848  0.000048   -1.000555  0.000073   26.84
   100    299.539957     15    -24.584143  0.001044    -24.589852  0.000044   -1.000535  0.000058   27.60
   120    299.500742     18    -24.584812  0.001012    -24.589869  0.000042   -1.000530  0.000049   28.36
   140    299.468834     22    -24.584951  0.000910    -24.589844  0.000039   -1.000525  0.000044   29.12
   160    299.436651     28    -24.584166  0.000899    -24.589869  0.000035   -1.000524  0.000039   29.87
   180    299.389173     29    -24.583482  0.000952    -24.589896  0.000035   -1.000533  0.000035   30.63
   200    299.369049     33    -24.583196  0.000885    -24.589904  0.000033   -1.000534  0.000033   31.39
   220    299.341395     36    -24.582974  0.000828    -24.589902  0.000030   -1.000527  0.000033   32.15
   240    299.327715     40    -24.583049  0.000764    -24.589901  0.000028   -1.000526  0.000031   32.90
   260    299.318073     43    -24.583218  0.000736    -24.589896  0.000027   -1.000520  0.000030   33.66
   280    299.309070     45    -24.583204  0.000664    -24.589894  0.000025   -1.000516  0.000028   34.41
   300    299.294127     48    -24.583221  0.000628    -24.589896  0.000024   -1.000512  0.000027   35.17
   320    299.284281     51    -24.583245  0.000605    -24.589899  0.000023   -1.000509  0.000026   35.92
   340    299.269950     58    -24.583551  0.000679    -24.589894  0.000023   -1.000513  0.000025   36.76
   360    299.256440     61    -24.583599  0.000630    -24.589885  0.000022   -1.000513  0.000024   37.51
   380    299.246951     61    -24.583505  0.000608    -24.589889  0.000021   -1.000516  0.000023   38.27
   400    299.243433     63    -24.583618  0.000609    -24.589872  0.000021   -1.000508  0.000023   39.02
   420    299.233992     66    -24.583662  0.000588    -24.589871  0.000021   -1.000516  0.000022   39.78
   440    299.232124     68    -24.583687  0.000564    -24.589874  0.000020   -1.000515  0.000021   40.53
   460    299.232630     69    -24.583964  0.000569    -24.589860  0.000021   -1.000510  0.000021   41.29
   480    299.228642     74    -24.584094  0.000585    -24.589854  0.000021   -1.000508  0.000021   42.05
   500    299.221960     78    -24.583972  0.000577    -24.589858  0.000020   -1.000511  0.000022   42.81
   520    299.209812     84    -24.583868  0.000563    -24.589855  0.000020   -1.000515  0.000021   43.56
   540    299.204006     88    -24.583913  0.000553    -24.589858  0.000019   -1.000511  0.000020   44.32
   560    299.200722     92    -24.583989  0.000534    -24.589858  0.000019   -1.000503  0.000020   45.07
   580    299.193801     96    -24.583989  0.000523    -24.589863  0.000019   -1.000503  0.000020   45.82
   600    299.192776     98    -24.584103  0.000515    -24.589866  0.000018   -1.000505  0.000019   46.58
   620    299.181233    103    -24.584029  0.000504    -24.589873  0.000018   -1.000509  0.000019   47.34
   640    299.171426    110    -24.583835  0.000516    -24.589880  0.000018   -1.000508  0.000018   48.09
   660    299.166488    115    -24.583742  0.000511    -24.589881  0.000017   -1.000505  0.000018   48.85
   680    299.161340    117    -24.583793  0.000535    -24.589880  0.000017   -1.000504  0.000018   49.60
   700    299.155981    119    -24.583854  0.000522    -24.589875  0.000017   -1.000500  0.000017   50.36
   720    299.153361    122    -24.583856  0.000514    -24.589872  0.000017   -1.000505  0.000017   51.12
   740    299.154352    125    -24.583936  0.000518    -24.589870  0.000019   -1.000511  0.000018   51.88
   760    299.149732    127    -24.583838  0.000518    -24.589872  0.000018   -1.000514  0.000017   52.64
   780    299.146783    130    -24.583946  0.000506    -24.589866  0.000018   -1.000514  0.000017   53.40
   800    299.146479    134    -24.584000  0.000495    -24.589865  0.000018   -1.000512  0.000017   54.16
   820    299.142895    137    -24.583980  0.000486    -24.589866  0.000017   -1.000513  0.000016   54.91
   840    299.140868    139    -24.583920  0.000477    -24.589868  0.000017   -1.000512  0.000016   55.67
   860    299.139117    143    -24.583941  0.000472    -24.589872  0.000017   -1.000512  0.000016   56.43
   880    299.139832    148    -24.583975  0.000461    -24.589868  0.000017   -1.000512  0.000015   57.19
   900    299.138573    150    -24.583980  0.000451    -24.589868  0.000016   -1.000512  0.000015   57.95
   920    299.135620    158    -24.583943  0.000444    -24.589869  0.000016   -1.000508  0.000015   58.71
   940    299.135174    162    -24.583887  0.000444    -24.589868  0.000016   -1.000508  0.000015   59.47
   960    299.131246    165    -24.583863  0.000438    -24.589868  0.000016   -1.000510  0.000015   60.22
   980    299.126329    168    -24.583779  0.000429    -24.589876  0.000018   -1.000512  0.000014   60.98
  1000    299.124529    173    -24.583800  0.000423    -24.589870  0.000019   -1.000509  0.000016   61.73
---------------------------------------------- Post Propagation ----------------------------------------------
Total number of samples 1000
Raw AFQMC/HF (Guide) energy:           -24.583800 ± 0.000423
Raw Trial/Guide overlap ratio:          -1.000509 ± 0.000016
Raw AFQMC/pt2CCSD energy (covariance): -24.589870 ± 0.000019
Raw AFQMC/pt2CCSD energy (dir sample): -24.589870 ± 0.000017
--------------------------------------------- Clean Obeservation ---------------------------------------------
removing energies outside zeta > 30
Outlier energy bound [-24.597261, -24.582462]
Removed 1 outliers with energies [-24.58239011]
Clean AFQMC/pt2CCSD overlap ratio:        -1.000510 ± 0.000015
Clean AFQMC/pt2CCSD energy (covariance): -24.589871 ± 0.000017
Clean AFQMC/ptCCSD energy (dir sample):  -24.589871 ± 0.000015
--------------------------------------------- Blocking Analysis ----------------------------------------------
nsample = 999, max_block_size = 24, min_nblocks = 40
   B    NB    NS  Observable     Error    dError
   1   999   999   -1.000510  0.000007  0.000000
   2   499   998   -1.000510  0.000009  0.000000
   3   333   999   -1.000510  0.000010  0.000000
   4   249   996   -1.000511  0.000011  0.000001
   5   199   995   -1.000512  0.000012  0.000001
   6   166   996   -1.000511  0.000013  0.000001
   7   142   994   -1.000512  0.000013  0.000001
   8   124   992   -1.000511  0.000013  0.000001
   9   111   999   -1.000510  0.000013  0.000001
  10    99   990   -1.000511  0.000013  0.000001
  11    90   990   -1.000511  0.000014  0.000001
  12    83   996   -1.000511  0.000013  0.000001
  13    76   988   -1.000511  0.000014  0.000001
  14    71   994   -1.000512  0.000014  0.000001
  15    66   990   -1.000511  0.000014  0.000001
  16    62   992   -1.000511  0.000014  0.000001
  17    58   986   -1.000511  0.000014  0.000001
  18    55   990   -1.000511  0.000015  0.000001
  19    52   988   -1.000511  0.000014  0.000001
  20    49   980   -1.000512  0.000013  0.000001
  21    47   987   -1.000511  0.000014  0.000001
  22    45   990   -1.000511  0.000014  0.000001
  23    43   989   -1.000511  0.000013  0.000001
  24    41   984   -1.000511  0.000013  0.000001
Fit (variance): plateau_var = 1.900e-10 ± 9.844e-12
Fit (error):    plateau = 0.000014 ± 0.000000
     autocorrelation length ~ 3.7 blocks
     plateau reached at block size ~ 18
nclean = 999, max_block_size = 24, min_nblocks = 40
Blk_SZ   NBlk   NSmp      Energy     Error    dError
     1    999    999  -24.589843  0.000015  0.000000
     2    499    998  -24.589849  0.000015  0.000000
     3    333    999  -24.589851  0.000016  0.000001
     4    249    996  -24.589853  0.000017  0.000001
     5    199    995  -24.589855  0.000016  0.000001
     6    166    996  -24.589854  0.000018  0.000001
     7    142    994  -24.589857  0.000017  0.000001
     8    124    992  -24.589859  0.000017  0.000001
     9    111    999  -24.589857  0.000019  0.000001
    10     99    990  -24.589861  0.000018  0.000001
    11     90    990  -24.589861  0.000018  0.000001
    12     83    996  -24.589860  0.000019  0.000001
    13     76    988  -24.589860  0.000018  0.000002
    14     71    994  -24.589863  0.000018  0.000002
    15     66    990  -24.589861  0.000019  0.000002
    16     62    992  -24.589864  0.000018  0.000002
    17     58    986  -24.589863  0.000019  0.000002
    18     55    990  -24.589863  0.000019  0.000002
    19     52    988  -24.589864  0.000018  0.000002
    20     49    980  -24.589870  0.000020  0.000002
    21     47    987  -24.589864  0.000021  0.000002
    22     45    990  -24.589864  0.000021  0.000002
    23     43    989  -24.589864  0.000020  0.000002
    24     41    984  -24.589870  0.000019  0.000002
Fit (variance): plateau_var = 4.088372e-10 ± 6.662367e-11
Fit (error):    plateau = 0.000020 ± 0.000002
     autocorrelation length ~ 10.9 blocks
     plateau reached at block size ~ 43
     !!!Failed to reach plateau in blocking
     Return max block error
Final AFQMC/pt2CCSD overlap ratio: -1.000510 ± 0.000014
Final AFQMC/pt2CCSD energy: -24.589871 ± 0.000021
Total run time: 69.70
------------------------------------------ AFQMC Sampling Finished -------------------------------------------
Hostname: gpua081.delta.ncsa.illinois.edu
System Type: Linux
Machine Type: x86_64
Processor: x86_64
Using GPU.
System: Linux
Node Name: gpua081.delta.ncsa.illinois.edu
Release: 5.14.0-427.91.1.el9_4.x86_64
Version: #1 SMP PREEMPT_DYNAMIC Wed Sep 17 10:08:59 EDT 2025
Machine: x86_64
Processor: x86_64
QMC script: /u/yzhang65/myprojects/software/afqmc/afqmc/scripts/run_afqmc_pt2ccsd.py
  => E_HF(b)      = -24.5299616243 Eh
  => E_CCSD(b)    = -24.5886044831 Eh
  => E_CCSD(T)(b) = -24.5894078999 Eh
  => E_AFQMC(b)   = -24.58987 +/- 0.00002 Eh

============================================================
Running: c  charge=0  spin=2
============================================================
overwrite output file: ../result/atom/c_vdzsd.out
Preparing AFQMC calculation
# Calculating Cholesky integrals
Finished calculating Cholesky integrals
#
Size of the correlation space:
Number of electrons: (3, 1)
Number of basis functions: 13
Number of Cholesky vectors: 70
#
------------------------------------------- AFQMC Sampling Started -------------------------------------------
Hostname: gpua081.delta.ncsa.illinois.edu
System Type: Linux
Machine Type: x86_64
Processor: x86_64
Using GPU.
System: Linux
Node Name: gpua081.delta.ncsa.illinois.edu
Release: 5.14.0-427.91.1.el9_4.x86_64
Version: #1 SMP PREEMPT_DYNAMIC Wed Sep 17 10:08:59 EDT 2025
Machine: x86_64
Processor: x86_64
Decomposing Unrestricted T2 amplitudes
Throw 0 vectors in T2 deomposition
SVD cutoff = 1.00e-08 | error = 3.70e-16
number of T2 decomposition vectors 42
norb: 13
nelec: (3, 1)
n_eql: 120
n_blocks: 1000
n_walkers: 300
dt: 0.005
max_error: 0.0
seed: 17
walker_type: uhf
trial: uccsd_pt2
free_projection: False
use_gpu: True
n_exp_terms: 6
n_prop_steps: 50
save_walkers: False
n_batch: 1
nchol_chunk: 70
mix_precision: True
initial AFQMC/pt2CCSD Energy is -37.759442
Propagating with 300 walkers
----------------------------------------------- Equilibration ------------------------------------------------
inv_T        weight  killW        energy   runTime
 0.00    300.000000      0    -37.686544     10.16
 3.00    300.790117      0    -37.758813     15.75
 6.00    300.632721      0    -37.756735     16.18
 9.00    300.442678      0    -37.753762     16.60
12.00    300.374923      0    -37.752474     17.02
15.00    299.464145      2    -37.756658     17.45
18.00    300.525256      0    -37.757398     17.87
21.00    300.261454      0    -37.756453     18.29
24.00    300.183549      1    -37.748672     18.71
27.00    300.094396      0    -37.761690     19.13
30.00    300.141597      0    -37.756265     19.54
---------------------------------------------- Sampling Blocks -----------------------------------------------
blocks        weight  killW       E_Guide     error       E_Trial     error     olp_T/G     error  Walltime
    20    300.121062      3    -37.756512  0.001105    -37.760541  0.000055    1.000245  0.000099   25.42
    40    299.998200      5    -37.756854  0.001305    -37.760685  0.000049    1.000229  0.000056   26.20
    60    299.931307      8    -37.755954  0.001167    -37.760721  0.000039    1.000241  0.000034   26.98
    80    299.814412     11    -37.755829  0.000859    -37.760721  0.000038    1.000237  0.000025   27.75
   100    299.713725     12    -37.755600  0.000715    -37.760682  0.000044    1.000239  0.000021   28.53
   120    299.640247     17    -37.755770  0.000624    -37.760672  0.000040    1.000235  0.000019   29.31
   140    299.587047     19    -37.755806  0.000547    -37.760668  0.000036    1.000209  0.000024   30.09
   160    299.541508     25    -37.755650  0.000527    -37.760669  0.000033    1.000211  0.000021   30.86
   180    299.494399     29    -37.755468  0.000485    -37.760669  0.000030    1.000210  0.000019   31.64
   200    299.465508     33    -37.755328  0.000484    -37.760674  0.000029    1.000205  0.000019   32.42
   220    299.429998     40    -37.755403  0.000443    -37.760678  0.000027    1.000194  0.000019   33.19
   240    299.411044     41    -37.755512  0.000423    -37.760668  0.000026    1.000194  0.000018   33.97
   260    299.390451     44    -37.755873  0.000462    -37.760661  0.000041    1.000195  0.000017   34.74
   280    299.376585     49    -37.756112  0.000466    -37.760659  0.000039    1.000190  0.000017   35.52
   300    299.353830     55    -37.756092  0.000435    -37.760669  0.000037    1.000192  0.000016   36.30
   320    299.324646     61    -37.755991  0.000414    -37.760683  0.000035    1.000183  0.000016   37.07
   340    299.309042     66    -37.756217  0.000421    -37.760672  0.000033    1.000188  0.000016   37.84
   360    299.296461     72    -37.756268  0.000399    -37.760672  0.000032    1.000186  0.000014   38.62
   380    299.281841     74    -37.756153  0.000390    -37.760664  0.000030    1.000192  0.000015   39.40
   400    299.270220     81    -37.756108  0.000372    -37.760666  0.000029    1.000193  0.000015   40.18
   420    299.255429     86    -37.756115  0.000357    -37.760673  0.000028    1.000192  0.000014   40.96
   440    299.247410     88    -37.756004  0.000354    -37.760675  0.000027    1.000189  0.000014   41.74
   460    299.238759     92    -37.756033  0.000345    -37.760680  0.000026    1.000186  0.000013   42.51
   480    299.232451     95    -37.756216  0.000372    -37.760680  0.000026    1.000188  0.000013   43.29
   500    299.222705     97    -37.756123  0.000366    -37.760685  0.000025    1.000192  0.000012   44.07
   520    299.209839    103    -37.756040  0.000356    -37.760690  0.000025    1.000195  0.000012   44.85
   540    299.195948    111    -37.755989  0.000348    -37.760688  0.000024    1.000196  0.000012   45.62
   560    299.185377    117    -37.756005  0.000340    -37.760690  0.000076    1.000196  0.000012   46.40
   580    299.175419    120    -37.756030  0.000329    -37.760694  0.000073    1.000198  0.000011   47.18
   600    299.161335    126    -37.756075  0.000326    -37.760697  0.000071    1.000197  0.000011   47.97
   620    299.156696    129    -37.756071  0.000321    -37.760699  0.000069    1.000199  0.000011   48.75
   640    299.148318    133    -37.755984  0.000327    -37.760701  0.000066    1.000201  0.000011   49.53
   660    299.143438    136    -37.755974  0.000316    -37.760703  0.000065    1.000201  0.000011   50.31
   680    299.137220    138    -37.755907  0.000321    -37.760704  0.000063    1.000201  0.000011   51.09
   700    299.135679    143    -37.755921  0.000316    -37.760702  0.000061    1.000200  0.000010   51.86
   720    299.134162    144    -37.755847  0.000317    -37.760703  0.000060    1.000201  0.000010   52.64
   740    299.130811    146    -37.755827  0.000309    -37.760704  0.000058    1.000201  0.000010   53.42
   760    299.125689    149    -37.755687  0.000331    -37.760704  0.000057    1.000202  0.000010   54.19
   780    299.120737    156    -37.755684  0.000327    -37.760705  0.000055    1.000204  0.000010   54.97
   800    299.119317    159    -37.755669  0.000318    -37.760706  0.000054    1.000201  0.000010   55.75
   820    299.119383    166    -37.755730  0.000316    -37.760711  0.000053    1.000203  0.000010   56.53
   840    299.119227    169    -37.755751  0.000311    -37.760711  0.000051    1.000203  0.000010   57.31
   860    299.116906    179    -37.755819  0.000310    -37.760712  0.000050    1.000204  0.000010   58.09
   880    299.115185    182    -37.755913  0.000317    -37.760715  0.000049    1.000202  0.000010   58.87
   900    299.116583    187    -37.755937  0.000316    -37.760715  0.000048    1.000202  0.000009   59.64
   920    299.117586    187    -37.755985  0.000326    -37.760708  0.000047    1.000203  0.000009   60.42
   940    299.114390    194    -37.755923  0.000326    -37.760710  0.000046    1.000205  0.000009   61.20
   960    299.113663    198    -37.755876  0.000330    -37.760709  0.000045    1.000205  0.000009   61.98
   980    299.109391    200    -37.755835  0.000330    -37.760708  0.000044    1.000203  0.000009   62.76
  1000    299.107281    205    -37.755828  0.000324    -37.760707  0.000044    1.000201  0.000009   63.54
---------------------------------------------- Post Propagation ----------------------------------------------
Total number of samples 1000
Raw AFQMC/HF (Guide) energy:           -37.755828 ± 0.000324
Raw Trial/Guide overlap ratio:          1.000201 ± 0.000009
Raw AFQMC/pt2CCSD energy (covariance): -37.760707 ± 0.000044
Raw AFQMC/pt2CCSD energy (dir sample): -37.760707 ± 0.000011
--------------------------------------------- Clean Obeservation ---------------------------------------------
removing energies outside zeta > 30
Outlier energy bound [-37.768203, -37.753178]
Removed 0 outliers with energies []
Clean AFQMC/pt2CCSD overlap ratio:        1.000201 ± 0.000009
Clean AFQMC/pt2CCSD energy (covariance): -37.760707 ± 0.000044
Clean AFQMC/ptCCSD energy (dir sample):  -37.760707 ± 0.000011
--------------------------------------------- Blocking Analysis ----------------------------------------------
nsample = 1000, max_block_size = 25, min_nblocks = 40
   B    NB    NS  Observable     Error    dError
   1  1000  1000    1.000201  0.000004  0.000000
   2   500  1000    1.000201  0.000006  0.000000
   3   333   999    1.000201  0.000006  0.000000
   4   250  1000    1.000201  0.000007  0.000000
   5   200  1000    1.000201  0.000007  0.000000
   6   166   996    1.000202  0.000007  0.000000
   7   142   994    1.000202  0.000008  0.000000
   8   125  1000    1.000201  0.000008  0.000000
   9   111   999    1.000201  0.000008  0.000001
  10   100  1000    1.000201  0.000008  0.000001
  11    90   990    1.000202  0.000008  0.000001
  12    83   996    1.000202  0.000009  0.000001
  13    76   988    1.000203  0.000008  0.000001
  14    71   994    1.000202  0.000008  0.000001
  15    66   990    1.000202  0.000008  0.000001
  16    62   992    1.000202  0.000008  0.000001
  17    58   986    1.000203  0.000008  0.000001
  18    55   990    1.000202  0.000008  0.000001
  19    52   988    1.000203  0.000009  0.000001
  20    50  1000    1.000201  0.000009  0.000001
  21    47   987    1.000203  0.000009  0.000001
  22    45   990    1.000202  0.000008  0.000001
  23    43   989    1.000202  0.000009  0.000001
  24    41   984    1.000203  0.000009  0.000001
  25    40  1000    1.000201  0.000009  0.000001
Fit (variance): plateau_var = 7.192e-11 ± 4.035e-12
Fit (error):    plateau = 0.000008 ± 0.000000
     autocorrelation length ~ 4.3 blocks
     plateau reached at block size ~ 20
nclean = 1000, max_block_size = 25, min_nblocks = 40
Blk_SZ   NBlk   NSmp      Energy     Error    dError
     1   1000   1000  -37.760699  0.000011  0.000000
     2    500   1000  -37.760701  0.000012  0.000000
     3    333    999  -37.760702  0.000013  0.000001
     4    250   1000  -37.760703  0.000013  0.000001
     5    200   1000  -37.760703  0.000014  0.000001
     6    166    996  -37.760702  0.000014  0.000001
     7    142    994  -37.760703  0.000014  0.000001
     8    125   1000  -37.760704  0.000014  0.000001
     9    111    999  -37.760704  0.000014  0.000001
    10    100   1000  -37.760704  0.000015  0.000001
    11     90    990  -37.760704  0.000016  0.000001
    12     83    996  -37.760704  0.000015  0.000001
    13     76    988  -37.760705  0.000016  0.000001
    14     71    994  -37.760704  0.000015  0.000001
    15     66    990  -37.760705  0.000015  0.000001
    16     62    992  -37.760704  0.000016  0.000001
    17     58    986  -37.760706  0.000016  0.000002
    18     55    990  -37.760706  0.000016  0.000002
    19     52    988  -37.760705  0.000016  0.000002
    20     50   1000  -37.760706  0.000015  0.000001
    21     47    987  -37.760706  0.000016  0.000002
    22     45    990  -37.760706  0.000016  0.000002
    23     43    989  -37.760706  0.000016  0.000002
    24     41    984  -37.760705  0.000015  0.000002
    25     40   1000  -37.760706  0.000015  0.000002
Fit (variance): plateau_var = 2.426865e-10 ± 1.736877e-11
Fit (error):    plateau = 0.000016 ± 0.000001
     autocorrelation length ~ 5.7 blocks
     plateau reached at block size ~ 23
Final AFQMC/pt2CCSD overlap ratio: 1.000201 ± 0.000008
Final AFQMC/pt2CCSD energy: -37.760707 ± 0.000016
Total run time: 71.86
------------------------------------------ AFQMC Sampling Finished -------------------------------------------
Hostname: gpua081.delta.ncsa.illinois.edu
System Type: Linux
Machine Type: x86_64
Processor: x86_64
Using GPU.
System: Linux
Node Name: gpua081.delta.ncsa.illinois.edu
Release: 5.14.0-427.91.1.el9_4.x86_64
Version: #1 SMP PREEMPT_DYNAMIC Wed Sep 17 10:08:59 EDT 2025
Machine: x86_64
Processor: x86_64
QMC script: /u/yzhang65/myprojects/software/afqmc/afqmc/scripts/run_afqmc_pt2ccsd.py
  => E_HF(c)      = -37.6865444373 Eh
  => E_CCSD(c)    = -37.7594508368 Eh
  => E_CCSD(T)(c) = -37.7603771209 Eh
  => E_AFQMC(c)   = -37.76071 +/- 0.00002 Eh

============================================================
Running: cl  charge=0  spin=1
============================================================
overwrite output file: ../result/atom/cl_vdzsd.out
Preparing AFQMC calculation
# Calculating Cholesky integrals
Finished calculating Cholesky integrals
#
Size of the correlation space:
Number of electrons: (4, 3)
Number of basis functions: 13
Number of Cholesky vectors: 96
#
------------------------------------------- AFQMC Sampling Started -------------------------------------------
Hostname: gpua081.delta.ncsa.illinois.edu
System Type: Linux
Machine Type: x86_64
Processor: x86_64
Using GPU.
System: Linux
Node Name: gpua081.delta.ncsa.illinois.edu
Release: 5.14.0-427.91.1.el9_4.x86_64
Version: #1 SMP PREEMPT_DYNAMIC Wed Sep 17 10:08:59 EDT 2025
Machine: x86_64
Processor: x86_64
Decomposing Unrestricted T2 amplitudes
Throw 0 vectors in T2 deomposition
SVD cutoff = 1.00e-08 | error = 6.40e-16
number of T2 decomposition vectors 66
norb: 13
nelec: (4, 3)
n_eql: 120
n_blocks: 1000
n_walkers: 300
dt: 0.005
max_error: 0.0
seed: 17
walker_type: uhf
trial: uccsd_pt2
free_projection: False
use_gpu: True
n_exp_terms: 6
n_prop_steps: 50
save_walkers: False
n_batch: 1
nchol_chunk: 96
mix_precision: True
initial AFQMC/pt2CCSD Energy is -459.597738
Propagating with 300 walkers
----------------------------------------------- Equilibration ------------------------------------------------
inv_T        weight  killW        energy   runTime
 0.00    300.000000      0   -459.471144     10.55
 3.00    301.630488      0   -459.597514     16.69
 6.00    301.655776      0   -459.594132     17.14
 9.00    301.436454      0   -459.589629     17.58
12.00    301.687511      0   -459.604201     18.03
15.00    300.970066      0   -459.589366     18.48
18.00    300.831249      0   -459.596896     18.93
21.00    300.994376      1   -459.600723     19.38
24.00    301.234022      0   -459.603982     19.82
27.00    300.795545      0   -459.595259     20.27
30.00    300.995117      0   -459.602054     20.72
---------------------------------------------- Sampling Blocks -----------------------------------------------
blocks        weight  killW       E_Guide     error       E_Trial     error     olp_T/G     error  Walltime
    20    301.189066      2   -459.597358  0.003376   -459.598969  0.000076   -1.000247  0.000049   26.83
    40    300.942241      4   -459.597549  0.003013   -459.599223  0.000086   -1.000210  0.000058   27.68
    60    300.737605      5   -459.598250  0.002148   -459.599228  0.000067   -1.000217  0.000045   28.52
    80    300.549920      9   -459.598580  0.001589   -459.599251  0.000061   -1.000232  0.000037   29.36
   100    300.421255     13   -459.597968  0.001561   -459.599228  0.000053   -1.000260  0.000031   30.20
   120    300.321075     16   -459.597470  0.001335   -459.599201  0.000048   -1.000281  0.000030   31.05
   140    300.217796     17   -459.597200  0.001152   -459.599210  0.000044   -1.000290  0.000028   31.90
   160    300.135067     20   -459.597292  0.001016   -459.599210  0.000041   -1.000289  0.000025   32.74
   180    300.051472     23   -459.596663  0.001006   -459.599199  0.000038   -1.000292  0.000021   33.58
   200    299.988544     26   -459.596560  0.000906   -459.599195  0.000037   -1.000292  0.000019   34.43
   220    299.934245     29   -459.596540  0.000839   -459.599200  0.000035   -1.000291  0.000018   35.27
   240    299.882473     32   -459.596471  0.000786   -459.599200  0.000034   -1.000287  0.000016   36.11
   260    299.845241     38   -459.596844  0.000770   -459.599185  0.000033   -1.000285  0.000016   36.95
   280    299.804952     42   -459.596870  0.000747   -459.599192  0.000032   -1.000280  0.000015   37.79
   300    299.762645     47   -459.597090  0.000717   -459.599204  0.000031   -1.000279  0.000014   38.63
   320    299.725954     53   -459.596899  0.000701   -459.599192  0.000030   -1.000280  0.000013   39.47
   340    299.694621     57   -459.596832  0.000663   -459.599186  0.000029   -1.000277  0.000013   40.31
   360    299.660669     62   -459.596868  0.000629   -459.599196  0.000029   -1.000271  0.000014   41.15
   380    299.631044     69   -459.596999  0.000606   -459.599191  0.000029   -1.000268  0.000013   41.99
   400    299.605157     74   -459.596983  0.000589   -459.599195  0.000030   -1.000269  0.000013   42.83
   420    299.582110     75   -459.596850  0.000572   -459.599190  0.000029   -1.000271  0.000012   43.67
   440    299.559668     80   -459.596824  0.000557   -459.599184  0.000028   -1.000271  0.000012   44.51
   460    299.542780     82   -459.596973  0.000549   -459.599182  0.000027   -1.000271  0.000012   45.35
   480    299.526043     87   -459.596869  0.000541   -459.599184  0.000026   -1.000272  0.000012   46.19
   500    299.510384     88   -459.596895  0.000523   -459.599184  0.000026   -1.000270  0.000011   47.03
   520    299.494275     90   -459.596812  0.000539   -459.599180  0.000026   -1.000273  0.000011   47.87
   540    299.478221     93   -459.596669  0.000546   -459.599176  0.000025   -1.000276  0.000011   48.71
   560    299.464085     99   -459.596569  0.000524   -459.599173  0.000024   -1.000279  0.000012   49.55
   580    299.449886    102   -459.596593  0.000512   -459.599165  0.000024   -1.000279  0.000011   50.39
   600    299.440270    105   -459.596604  0.000503   -459.599163  0.000023   -1.000279  0.000011   51.24
   620    299.432913    108   -459.596647  0.000492   -459.599164  0.000023   -1.000279  0.000011   52.07
   640    299.422516    113   -459.596693  0.000480   -459.599165  0.000023   -1.000277  0.000011   52.92
   660    299.415087    118   -459.596803  0.000471   -459.599156  0.000022   -1.000278  0.000010   53.76
   680    299.406187    121   -459.596727  0.000463   -459.599145  0.000022   -1.000280  0.000010   54.60
   700    299.398529    126   -459.596689  0.000468   -459.599144  0.000021   -1.000281  0.000010   55.44
   720    299.391313    131   -459.596623  0.000456   -459.599140  0.000021   -1.000279  0.000010   56.28
   740    299.385207    135   -459.596576  0.000450   -459.599137  0.000021   -1.000281  0.000010   57.13
   760    299.379293    141   -459.596548  0.000442   -459.599144  0.000020   -1.000282  0.000010   57.97
   780    299.369530    145   -459.596516  0.000433   -459.599143  0.000020   -1.000281  0.000009   58.81
   800    299.363727    147   -459.596500  0.000423   -459.599144  0.000020   -1.000279  0.000009   59.65
   820    299.357259    153   -459.596468  0.000416   -459.599143  0.000019   -1.000279  0.000009   60.49
   840    299.352263    158   -459.596396  0.000417   -459.599144  0.000019   -1.000278  0.000009   61.33
   860    299.349044    160   -459.596347  0.000412   -459.599143  0.000019   -1.000277  0.000009   62.18
   880    299.345385    162   -459.596236  0.000411   -459.599152  0.000025   -1.000277  0.000009   63.02
   900    299.335863    170   -459.596135  0.000414   -459.599152  0.000025   -1.000276  0.000008   63.87
   920    299.328752    175   -459.596178  0.000413   -459.599158  0.000025   -1.000276  0.000008   64.71
   940    299.324549    178   -459.596174  0.000407   -459.599155  0.000024   -1.000276  0.000008   65.55
   960    299.321062    182   -459.596156  0.000399   -459.599159  0.000024   -1.000278  0.000008   66.39
   980    299.320439    187   -459.596193  0.000410   -459.599164  0.000024   -1.000279  0.000008   67.23
  1000    299.320227    187   -459.596266  0.000403   -459.599165  0.000023   -1.000278  0.000008   68.06
---------------------------------------------- Post Propagation ----------------------------------------------
Total number of samples 1000
Raw AFQMC/HF (Guide) energy:           -459.596266 ± 0.000403
Raw Trial/Guide overlap ratio:          -1.000278 ± 0.000008
Raw AFQMC/pt2CCSD energy (covariance): -459.599165 ± 0.000023
Raw AFQMC/pt2CCSD energy (dir sample): -459.599165 ± 0.000018
--------------------------------------------- Clean Obeservation ---------------------------------------------
removing energies outside zeta > 30
Outlier energy bound [-459.610099, -459.588054]
Removed 1 outliers with energies [-459.6106657]
Clean AFQMC/pt2CCSD overlap ratio:        -1.000278 ± 0.000008
Clean AFQMC/pt2CCSD energy (covariance): -459.599153 ± 0.000018
Clean AFQMC/ptCCSD energy (dir sample):  -459.599153 ± 0.000014
--------------------------------------------- Blocking Analysis ----------------------------------------------
nsample = 999, max_block_size = 24, min_nblocks = 40
   B    NB    NS  Observable     Error    dError
   1   999   999   -1.000278  0.000004  0.000000
   2   499   998   -1.000278  0.000005  0.000000
   3   333   999   -1.000278  0.000006  0.000000
   4   249   996   -1.000279  0.000006  0.000000
   5   199   995   -1.000279  0.000006  0.000000
   6   166   996   -1.000279  0.000006  0.000000
   7   142   994   -1.000279  0.000006  0.000000
   8   124   992   -1.000279  0.000007  0.000000
   9   111   999   -1.000278  0.000007  0.000000
  10    99   990   -1.000279  0.000007  0.000000
  11    90   990   -1.000279  0.000007  0.000001
  12    83   996   -1.000279  0.000007  0.000001
  13    76   988   -1.000279  0.000007  0.000001
  14    71   994   -1.000279  0.000007  0.000001
  15    66   990   -1.000279  0.000008  0.000001
  16    62   992   -1.000279  0.000007  0.000001
  17    58   986   -1.000279  0.000007  0.000001
  18    55   990   -1.000279  0.000007  0.000001
  19    52   988   -1.000279  0.000007  0.000001
  20    49   980   -1.000279  0.000007  0.000001
  21    47   987   -1.000279  0.000007  0.000001
  22    45   990   -1.000279  0.000007  0.000001
  23    43   989   -1.000279  0.000008  0.000001
  24    41   984   -1.000279  0.000008  0.000001
Fit (variance): plateau_var = 5.404e-11 ± 3.432e-12
Fit (error):    plateau = 0.000007 ± 0.000000
     autocorrelation length ~ 4.9 blocks
     plateau reached at block size ~ 22
nclean = 999, max_block_size = 24, min_nblocks = 40
Blk_SZ   NBlk   NSmp      Energy     Error    dError
     1    999    999  -459.599139  0.000014  0.000000
     2    499    998  -459.599142  0.000016  0.000000
     3    333    999  -459.599144  0.000017  0.000001
     4    249    996  -459.599145  0.000017  0.000001
     5    199    995  -459.599146  0.000017  0.000001
     6    166    996  -459.599147  0.000017  0.000001
     7    142    994  -459.599148  0.000020  0.000001
     8    124    992  -459.599148  0.000019  0.000001
     9    111    999  -459.599149  0.000018  0.000001
    10     99    990  -459.599148  0.000020  0.000001
    11     90    990  -459.599149  0.000020  0.000001
    12     83    996  -459.599150  0.000018  0.000001
    13     76    988  -459.599148  0.000020  0.000002
    14     71    994  -459.599150  0.000020  0.000002
    15     66    990  -459.599149  0.000019  0.000002
    16     62    992  -459.599150  0.000021  0.000002
    17     58    986  -459.599149  0.000021  0.000002
    18     55    990  -459.599149  0.000019  0.000002
    19     52    988  -459.599150  0.000023  0.000002
    20     49    980  -459.599151  0.000021  0.000002
    21     47    987  -459.599151  0.000021  0.000002
    22     45    990  -459.599151  0.000021  0.000002
    23     43    989  -459.599150  0.000021  0.000002
    24     41    984  -459.599150  0.000019  0.000002
Fit (variance): plateau_var = 4.100758e-10 ± 2.807691e-11
Fit (error):    plateau = 0.000020 ± 0.000001
     autocorrelation length ~ 5.1 blocks
     plateau reached at block size ~ 22
Final AFQMC/pt2CCSD overlap ratio: -1.000278 ± 0.000007
Final AFQMC/pt2CCSD energy: -459.599153 ± 0.000020
Total run time: 76.09
------------------------------------------ AFQMC Sampling Finished -------------------------------------------
Hostname: gpua081.delta.ncsa.illinois.edu
System Type: Linux
Machine Type: x86_64
Processor: x86_64
Using GPU.
System: Linux
Node Name: gpua081.delta.ncsa.illinois.edu
Release: 5.14.0-427.91.1.el9_4.x86_64
Version: #1 SMP PREEMPT_DYNAMIC Wed Sep 17 10:08:59 EDT 2025
Machine: x86_64
Processor: x86_64
QMC script: /u/yzhang65/myprojects/software/afqmc/afqmc/scripts/run_afqmc_pt2ccsd.py
  => E_HF(cl)      = -459.4711434860 Eh
  => E_CCSD(cl)    = -459.5977387111 Eh
  => E_CCSD(T)(cl) = -459.5988929113 Eh
  => E_AFQMC(cl)   = -459.59915 +/- 0.00002 Eh

============================================================
Running: f  charge=0  spin=1
============================================================
overwrite output file: ../result/atom/f_vdzsd.out
Preparing AFQMC calculation
# Calculating Cholesky integrals
Finished calculating Cholesky integrals
#
Size of the correlation space:
Number of electrons: (4, 3)
Number of basis functions: 13
Number of Cholesky vectors: 70
#
------------------------------------------- AFQMC Sampling Started -------------------------------------------
Hostname: gpua081.delta.ncsa.illinois.edu
System Type: Linux
Machine Type: x86_64
Processor: x86_64
Using GPU.
System: Linux
Node Name: gpua081.delta.ncsa.illinois.edu
Release: 5.14.0-427.91.1.el9_4.x86_64
Version: #1 SMP PREEMPT_DYNAMIC Wed Sep 17 10:08:59 EDT 2025
Machine: x86_64
Processor: x86_64
Decomposing Unrestricted T2 amplitudes
Throw 0 vectors in T2 deomposition
SVD cutoff = 1.00e-08 | error = 4.92e-16
number of T2 decomposition vectors 66
norb: 13
nelec: (4, 3)
n_eql: 120
n_blocks: 1000
n_walkers: 300
dt: 0.005
max_error: 0.0
seed: 17
walker_type: uhf
trial: uccsd_pt2
free_projection: False
use_gpu: True
n_exp_terms: 6
n_prop_steps: 50
save_walkers: False
n_batch: 1
nchol_chunk: 70
mix_precision: True
initial AFQMC/pt2CCSD Energy is -99.526710
Propagating with 300 walkers
----------------------------------------------- Equilibration ------------------------------------------------
inv_T        weight  killW        energy   runTime
 0.00    300.000000      0    -99.375276     10.52
 3.00    301.598477      0    -99.513780     16.58
 6.00    301.625175      0    -99.517324     17.02
 9.00    301.382260      0    -99.511451     17.46
12.00    301.298426      0    -99.522892     17.90
15.00    300.995404      0    -99.534131     18.34
18.00    301.261236      0    -99.518410     18.78
21.00    301.522630      1    -99.541416     19.22
24.00    301.142058      0    -99.521321     19.66
27.00    300.342850      0    -99.524563     20.10
30.00    301.655741      0    -99.516942     20.54
---------------------------------------------- Sampling Blocks -----------------------------------------------
blocks        weight  killW       E_Guide     error       E_Trial     error     olp_T/G     error  Walltime
    20    301.138598      2    -99.527171  0.003392    -99.527730  0.000142   -1.000032  0.000020   26.65
    40    300.901900     11    -99.527142  0.002925    -99.527733  0.000116   -1.000033  0.000012   27.48
    60    300.694853     18    -99.526144  0.002113    -99.527671  0.000092   -1.000044  0.000010   28.29
    80    300.508744     31    -99.526327  0.001504    -99.527762  0.000098   -1.000047  0.000010   29.11
   100    300.369822     35    -99.526025  0.001261    -99.527745  0.000083   -1.000048  0.000008   29.93
   120    300.252445     44    -99.526115  0.001113    -99.527724  0.000074   -1.000054  0.000008   30.75
   140    300.134460     49    -99.526080  0.000986    -99.527734  0.000068   -1.000054  0.000007   31.56
   160    300.032089     52    -99.526196  0.000971    -99.527763  0.000068   -1.000053  0.000006   32.38
   180    299.915292     58    -99.525876  0.000931    -99.527749  0.000063   -1.000052  0.000005   33.20
   200    299.850734     62    -99.525971  0.000825    -99.527755  0.000060   -1.000049  0.000005   34.01
   220    299.768666     74    -99.525721  0.000770    -99.527738  0.000056   -1.000047  0.000005   34.83
   240    299.708084     83    -99.525893  0.000753    -99.527763  0.000055   -1.000045  0.000005   35.66
   260    299.669207     87    -99.526218  0.000718    -99.527769  0.000052   -1.000042  0.000005   36.48
   280    299.619877     95    -99.526462  0.000681    -99.527768  0.000050   -1.000041  0.000005   37.30
   300    299.573204    102    -99.526667  0.000728    -99.527770  0.000051   -1.000040  0.000005   38.12
   320    299.527312    109    -99.526311  0.000730    -99.527761  0.000048   -1.000041  0.000005   38.94
   340    299.498372    112    -99.526081  0.000703    -99.527752  0.000046   -1.000042  0.000004   39.76
   360    299.471662    113    -99.526119  0.000665    -99.527756  0.000045   -1.000041  0.000004   40.58
   380    299.445852    118    -99.526130  0.000642    -99.527763  0.000043   -1.000041  0.000004   41.40
   400    299.421002    123    -99.525906  0.000619    -99.527758  0.000041   -1.000041  0.000004   42.22
   420    299.385511    125    -99.525831  0.000616    -99.527764  0.000040   -1.000042  0.000004   43.05
   440    299.363374    130    -99.525753  0.000595    -99.527757  0.000039   -1.000042  0.000004   43.88
   460    299.347188    135    -99.525886  0.000579    -99.527762  0.000038   -1.000042  0.000003   44.70
   480    299.331460    138    -99.526090  0.000579    -99.527762  0.000037   -1.000042  0.000003   45.51
   500    299.307941    147    -99.525942  0.000566    -99.527759  0.000036   -1.000043  0.000003   46.52
   520    299.287720    155    -99.526087  0.000562    -99.527767  0.000035   -1.000043  0.000003   47.33
   540    299.270595    161    -99.526066  0.000537    -99.527768  0.000034   -1.000043  0.000003   48.15
   560    299.255264    165    -99.526052  0.000528    -99.527771  0.000034   -1.000043  0.000003   48.97
   580    299.245065    171    -99.526064  0.000507    -99.527779  0.000033   -1.000043  0.000003   49.80
   600    299.235074    173    -99.526192  0.000505    -99.527783  0.000033   -1.000042  0.000003   50.70
   620    299.224713    178    -99.526180  0.000494    -99.527799  0.000035   -1.000043  0.000003   51.51
   640    299.212653    184    -99.526082  0.000507    -99.527794  0.000034   -1.000043  0.000003   52.34
   660    299.199152    190    -99.526021  0.000497    -99.527790  0.000033   -1.000043  0.000003   53.16
   680    299.188523    195    -99.526014  0.000485    -99.527787  0.000032   -1.000044  0.000003   53.97
   700    299.182422    200    -99.526105  0.000476    -99.527790  0.000032   -1.000044  0.000003   54.79
   720    299.171147    206    -99.526177  0.000471    -99.527787  0.000031   -1.000044  0.000003   55.61
   740    299.167772    210    -99.526192  0.000460    -99.527782  0.000031   -1.000043  0.000003   56.62
   760    299.151061    223    -99.526075  0.000457    -99.527776  0.000030   -1.000044  0.000003   57.44
   780    299.142802    227    -99.526043  0.000464    -99.527773  0.000030   -1.000044  0.000003   58.27
   800    299.135201    232    -99.526044  0.000462    -99.527771  0.000029   -1.000045  0.000003   59.09
   820    299.129027    238    -99.526043  0.000457    -99.527767  0.000029   -1.000044  0.000003   59.92
   840    299.125509    243    -99.526181  0.000450    -99.527779  0.000030   -1.000045  0.000003   60.74
   860    299.124722    244    -99.526315  0.000463    -99.527787  0.000029   -1.000044  0.000003   61.56
   880    299.121661    249    -99.526364  0.000481    -99.527793  0.000029   -1.000044  0.000003   62.38
   900    299.117001    257    -99.526340  0.000471    -99.527789  0.000029   -1.000044  0.000003   63.21
   920    299.109501    265    -99.526310  0.000460    -99.527790  0.000028   -1.000045  0.000003   64.03
   940    299.103747    270    -99.526308  0.000450    -99.527789  0.000028   -1.000045  0.000003   64.85
   960    299.093124    277    -99.526266  0.000441    -99.527791  0.000028   -1.000045  0.000003   65.67
   980    299.090152    285    -99.526270  0.000435    -99.527791  0.000027   -1.000045  0.000003   66.49
  1000    299.081346    293    -99.526212  0.000428    -99.527787  0.000027   -1.000045  0.000003   67.31
---------------------------------------------- Post Propagation ----------------------------------------------
Total number of samples 1000
Raw AFQMC/HF (Guide) energy:           -99.526212 ± 0.000428
Raw Trial/Guide overlap ratio:          -1.000045 ± 0.000003
Raw AFQMC/pt2CCSD energy (covariance): -99.527787 ± 0.000027
Raw AFQMC/pt2CCSD energy (dir sample): -99.527787 ± 0.000021
--------------------------------------------- Clean Obeservation ---------------------------------------------
removing energies outside zeta > 30
Outlier energy bound [-99.542049, -99.513258]
Removed 0 outliers with energies []
Clean AFQMC/pt2CCSD overlap ratio:        -1.000045 ± 0.000003
Clean AFQMC/pt2CCSD energy (covariance): -99.527787 ± 0.000027
Clean AFQMC/ptCCSD energy (dir sample):  -99.527787 ± 0.000021
--------------------------------------------- Blocking Analysis ----------------------------------------------
nsample = 1000, max_block_size = 25, min_nblocks = 40
   B    NB    NS  Observable     Error    dError
   1  1000  1000   -1.000045  0.000001  0.000000
   2   500  1000   -1.000045  0.000002  0.000000
   3   333   999   -1.000045  0.000002  0.000000
   4   250  1000   -1.000045  0.000002  0.000000
   5   200  1000   -1.000045  0.000002  0.000000
   6   166   996   -1.000045  0.000002  0.000000
   7   142   994   -1.000045  0.000002  0.000000
   8   125  1000   -1.000045  0.000002  0.000000
   9   111   999   -1.000045  0.000002  0.000000
  10   100  1000   -1.000045  0.000002  0.000000
  11    90   990   -1.000045  0.000002  0.000000
  12    83   996   -1.000045  0.000002  0.000000
  13    76   988   -1.000045  0.000002  0.000000
  14    71   994   -1.000045  0.000002  0.000000
  15    66   990   -1.000045  0.000002  0.000000
  16    62   992   -1.000045  0.000002  0.000000
  17    58   986   -1.000045  0.000003  0.000000
  18    55   990   -1.000045  0.000002  0.000000
  19    52   988   -1.000045  0.000003  0.000000
  20    50  1000   -1.000045  0.000002  0.000000
  21    47   987   -1.000045  0.000002  0.000000
  22    45   990   -1.000045  0.000002  0.000000
  23    43   989   -1.000045  0.000002  0.000000
  24    41   984   -1.000045  0.000002  0.000000
  25    40  1000   -1.000045  0.000002  0.000000
Fit (variance): plateau_var = 5.674e-12 ± 3.628e-13
Fit (error):    plateau = 0.000002 ± 0.000000
     autocorrelation length ~ 5.1 blocks
     plateau reached at block size ~ 23
nclean = 1000, max_block_size = 25, min_nblocks = 40
Blk_SZ   NBlk   NSmp      Energy     Error    dError
     1   1000   1000  -99.527772  0.000021  0.000000
     2    500   1000  -99.527778  0.000023  0.000001
     3    333    999  -99.527780  0.000024  0.000001
     4    250   1000  -99.527782  0.000026  0.000001
     5    200   1000  -99.527783  0.000024  0.000001
     6    166    996  -99.527785  0.000025  0.000001
     7    142    994  -99.527786  0.000025  0.000001
     8    125   1000  -99.527784  0.000027  0.000002
     9    111    999  -99.527784  0.000026  0.000002
    10    100   1000  -99.527785  0.000025  0.000002
    11     90    990  -99.527788  0.000025  0.000002
    12     83    996  -99.527787  0.000025  0.000002
    13     76    988  -99.527790  0.000027  0.000002
    14     71    994  -99.527788  0.000025  0.000002
    15     66    990  -99.527789  0.000026  0.000002
    16     62    992  -99.527788  0.000026  0.000002
    17     58    986  -99.527791  0.000025  0.000002
    18     55    990  -99.527789  0.000026  0.000003
    19     52    988  -99.527790  0.000025  0.000002
    20     50   1000  -99.527786  0.000025  0.000003
    21     47    987  -99.527791  0.000026  0.000003
    22     45    990  -99.527789  0.000027  0.000003
    23     43    989  -99.527790  0.000026  0.000003
    24     41    984  -99.527790  0.000026  0.000003
    25     40   1000  -99.527786  0.000022  0.000003
Fit (variance): plateau_var = 6.429768e-10 ± 2.520126e-11
Fit (error):    plateau = 0.000025 ± 0.000000
     autocorrelation length ~ 1.8 blocks
     plateau reached at block size ~ 8
Final AFQMC/pt2CCSD overlap ratio: -1.000045 ± 0.000002
Final AFQMC/pt2CCSD energy: -99.527787 ± 0.000025
Total run time: 75.68
------------------------------------------ AFQMC Sampling Finished -------------------------------------------
Hostname: gpua081.delta.ncsa.illinois.edu
System Type: Linux
Machine Type: x86_64
Processor: x86_64
Using GPU.
System: Linux
Node Name: gpua081.delta.ncsa.illinois.edu
Release: 5.14.0-427.91.1.el9_4.x86_64
Version: #1 SMP PREEMPT_DYNAMIC Wed Sep 17 10:08:59 EDT 2025
Machine: x86_64
Processor: x86_64
QMC script: /u/yzhang65/myprojects/software/afqmc/afqmc/scripts/run_afqmc_pt2ccsd.py
  => E_HF(f)      = -99.3752403031 Eh
  => E_CCSD(f)    = -99.5266898633 Eh
  => E_CCSD(T)(f) = -99.5275740835 Eh
  => E_AFQMC(f)   = -99.52779 +/- 0.00003 Eh

============================================================
Running: h  charge=0  spin=1
============================================================
overwrite output file: ../result/atom/h_vdzsd.out

============================================================
Running: n  charge=0  spin=3
============================================================
output file: ../result/atom/n_vdzsd.out
Preparing AFQMC calculation
# Calculating Cholesky integrals
Finished calculating Cholesky integrals
#
Size of the correlation space:
Number of electrons: (4, 1)
Number of basis functions: 13
Number of Cholesky vectors: 70
#
------------------------------------------- AFQMC Sampling Started -------------------------------------------
Hostname: gpua081.delta.ncsa.illinois.edu
System Type: Linux
Machine Type: x86_64
Processor: x86_64
Using GPU.
System: Linux
Node Name: gpua081.delta.ncsa.illinois.edu
Release: 5.14.0-427.91.1.el9_4.x86_64
Version: #1 SMP PREEMPT_DYNAMIC Wed Sep 17 10:08:59 EDT 2025
Machine: x86_64
Processor: x86_64
Decomposing Unrestricted T2 amplitudes
Throw 0 vectors in T2 deomposition
SVD cutoff = 1.00e-08 | error = 3.36e-16
number of T2 decomposition vectors 48
norb: 13
nelec: (4, 1)
n_eql: 120
n_blocks: 1000
n_walkers: 300
dt: 0.005
max_error: 0.0
seed: 17
walker_type: uhf
trial: uccsd_pt2
free_projection: False
use_gpu: True
n_exp_terms: 6
n_prop_steps: 50
save_walkers: False
n_batch: 1
nchol_chunk: 70
mix_precision: True
initial AFQMC/pt2CCSD Energy is -54.477875
Propagating with 300 walkers
----------------------------------------------- Equilibration ------------------------------------------------
inv_T        weight  killW        energy   runTime
 0.00    300.000000      0    -54.391116     10.51
 3.00    300.967268      0    -54.471746     16.67
 6.00    301.183817      0    -54.474975     17.11
 9.00    301.065359      0    -54.471778     17.56
12.00    301.034401      0    -54.476330     18.00
15.00    301.019352      0    -54.472448     18.45
18.00    301.232778      0    -54.473251     18.89
21.00    301.320065      0    -54.483140     19.33
24.00    301.131145      0    -54.476095     19.78
27.00    300.933225      0    -54.481674     20.22
30.00    301.316322      1    -54.478573     20.66
---------------------------------------------- Sampling Blocks -----------------------------------------------
blocks        weight  killW       E_Guide     error       E_Trial     error     olp_T/G     error  Walltime
    20    301.089854      1    -54.477880  0.001330    -54.478627  0.000038   -1.000115  0.000018   26.89
    40    300.988060      1    -54.478136  0.001091    -54.478606  0.000034   -1.000097  0.000016   27.71
    60    300.853700      1    -54.477518  0.001147    -54.478609  0.000025   -1.000103  0.000013   28.53
    80    300.758701      1    -54.477039  0.000995    -54.478627  0.000025   -1.000107  0.000015   29.34
   100    300.653391      3    -54.477398  0.000874    -54.478635  0.000021   -1.000098  0.000015   30.16
   120    300.593860      3    -54.478148  0.000870    -54.478660  0.000022   -1.000098  0.000013   30.98
   140    300.528254      3    -54.477984  0.000752    -54.478658  0.000020   -1.000097  0.000011   31.90
   160    300.471990      3    -54.477764  0.000730    -54.478654  0.000018   -1.000101  0.000011   32.71
   180    300.411045      3    -54.477742  0.000621    -54.478649  0.000017   -1.000098  0.000010   33.53
   200    300.369526      3    -54.477439  0.000611    -54.478648  0.000016   -1.000099  0.000009   34.35
   220    300.325020      3    -54.477320  0.000567    -54.478648  0.000015   -1.000099  0.000008   35.16
   240    300.282459      3    -54.477184  0.000550    -54.478645  0.000014   -1.000103  0.000008   35.99
   260    300.252458      3    -54.477209  0.000520    -54.478644  0.000013   -1.000105  0.000008   36.81
   280    300.225624      4    -54.477415  0.000504    -54.478644  0.000013   -1.000102  0.000007   37.63
   300    300.200910      4    -54.477483  0.000481    -54.478649  0.000013   -1.000101  0.000007   38.44
   320    300.175607      4    -54.477336  0.000474    -54.478646  0.000012   -1.000101  0.000007   39.26
   340    300.155145      5    -54.477316  0.000449    -54.478644  0.000012   -1.000099  0.000007   40.08
   360    300.137078      5    -54.477433  0.000429    -54.478645  0.000012   -1.000098  0.000006   40.90
   380    300.121888      5    -54.477370  0.000421    -54.478647  0.000011   -1.000099  0.000006   41.72
   400    300.105153      5    -54.477237  0.000414    -54.478647  0.000011   -1.000099  0.000006   42.54
   420    300.088309      6    -54.477147  0.000404    -54.478652  0.000011   -1.000099  0.000006   43.35
   440    300.077642      6    -54.477183  0.000397    -54.478657  0.000011   -1.000096  0.000006   44.17
   460    300.067824      6    -54.477276  0.000383    -54.478658  0.000011   -1.000097  0.000006   44.98
   480    300.058687      6    -54.477439  0.000393    -54.478659  0.000010   -1.000096  0.000006   45.80
   500    300.048620      6    -54.477475  0.000388    -54.478660  0.000010   -1.000095  0.000006   46.62
   520    300.037229      6    -54.477506  0.000374    -54.478661  0.000011   -1.000096  0.000005   47.44
   540    300.026824      6    -54.477468  0.000362    -54.478660  0.000010   -1.000096  0.000005   48.25
   560    300.018383      6    -54.477542  0.000356    -54.478661  0.000010   -1.000096  0.000005   49.08
   580    300.010418      6    -54.477581  0.000347    -54.478662  0.000010   -1.000095  0.000005   49.90
   600    300.003583      6    -54.477719  0.000351    -54.478664  0.000010   -1.000094  0.000005   50.71
   620    299.997334      6    -54.477767  0.000349    -54.478673  0.000011   -1.000094  0.000005   51.53
   640    299.989454      7    -54.477631  0.000354    -54.478673  0.000011   -1.000095  0.000005   52.35
   660    299.982811      7    -54.477632  0.000343    -54.478675  0.000011   -1.000094  0.000005   53.17
   680    299.976545      9    -54.477682  0.000340    -54.478676  0.000010   -1.000093  0.000005   53.99
   700    299.972236      9    -54.477728  0.000330    -54.478678  0.000010   -1.000093  0.000005   54.82
   720    299.965698      9    -54.477722  0.000322    -54.478678  0.000010   -1.000093  0.000005   55.64
   740    299.961685      9    -54.477715  0.000315    -54.478679  0.000010   -1.000093  0.000005   56.46
   760    299.954707     10    -54.477626  0.000316    -54.478676  0.000010   -1.000093  0.000005   57.28
   780    299.951439     10    -54.477641  0.000308    -54.478674  0.000010   -1.000094  0.000004   58.10
   800    299.947234     10    -54.477661  0.000315    -54.478673  0.000009   -1.000093  0.000004   58.92
   820    299.945017     10    -54.477694  0.000314    -54.478672  0.000009   -1.000094  0.000004   59.74
   840    299.943011     10    -54.477787  0.000322    -54.478672  0.000009   -1.000094  0.000004   60.56
   860    299.941923     10    -54.477904  0.000328    -54.478673  0.000009   -1.000094  0.000004   61.38
   880    299.939128     10    -54.477918  0.000333    -54.478674  0.000009   -1.000095  0.000004   62.19
   900    299.935293     10    -54.477894  0.000326    -54.478677  0.000009   -1.000094  0.000004   63.02
   920    299.931627     11    -54.477904  0.000318    -54.478676  0.000009   -1.000094  0.000004   63.84
   940    299.928632     11    -54.477883  0.000310    -54.478676  0.000009   -1.000095  0.000004   64.66
   960    299.925351     11    -54.477850  0.000306    -54.478677  0.000009   -1.000094  0.000004   65.47
   980    299.920881     12    -54.477836  0.000300    -54.478676  0.000009   -1.000093  0.000004   66.29
  1000    299.917880     12    -54.477808  0.000296    -54.478675  0.000008   -1.000093  0.000004   67.10
---------------------------------------------- Post Propagation ----------------------------------------------
Total number of samples 1000
Raw AFQMC/HF (Guide) energy:           -54.477808 ± 0.000296
Raw Trial/Guide overlap ratio:          -1.000093 ± 0.000004
Raw AFQMC/pt2CCSD energy (covariance): -54.478675 ± 0.000008
Raw AFQMC/pt2CCSD energy (dir sample): -54.478675 ± 0.000007
--------------------------------------------- Clean Obeservation ---------------------------------------------
removing energies outside zeta > 30
Outlier energy bound [-54.482677, -54.474589]
Removed 0 outliers with energies []
Clean AFQMC/pt2CCSD overlap ratio:        -1.000093 ± 0.000004
Clean AFQMC/pt2CCSD energy (covariance): -54.478675 ± 0.000008
Clean AFQMC/ptCCSD energy (dir sample):  -54.478675 ± 0.000007
--------------------------------------------- Blocking Analysis ----------------------------------------------
nsample = 1000, max_block_size = 25, min_nblocks = 40
   B    NB    NS  Observable     Error    dError
   1  1000  1000   -1.000093  0.000002  0.000000
   2   500  1000   -1.000093  0.000002  0.000000
   3   333   999   -1.000093  0.000003  0.000000
   4   250  1000   -1.000093  0.000003  0.000000
   5   200  1000   -1.000093  0.000003  0.000000
   6   166   996   -1.000093  0.000003  0.000000
   7   142   994   -1.000093  0.000003  0.000000
   8   125  1000   -1.000093  0.000003  0.000000
   9   111   999   -1.000093  0.000003  0.000000
  10   100  1000   -1.000093  0.000004  0.000000
  11    90   990   -1.000093  0.000003  0.000000
  12    83   996   -1.000093  0.000004  0.000000
  13    76   988   -1.000093  0.000004  0.000000
  14    71   994   -1.000093  0.000004  0.000000
  15    66   990   -1.000093  0.000004  0.000000
  16    62   992   -1.000093  0.000004  0.000000
  17    58   986   -1.000093  0.000004  0.000000
  18    55   990   -1.000093  0.000004  0.000000
  19    52   988   -1.000093  0.000004  0.000000
  20    50  1000   -1.000093  0.000003  0.000000
  21    47   987   -1.000093  0.000004  0.000000
  22    45   990   -1.000093  0.000004  0.000000
  23    43   989   -1.000093  0.000004  0.000000
  24    41   984   -1.000093  0.000004  0.000000
  25    40  1000   -1.000093  0.000003  0.000000
Fit (variance): plateau_var = 1.372e-11 ± 7.824e-13
Fit (error):    plateau = 0.000004 ± 0.000000
     autocorrelation length ~ 4.6 blocks
     plateau reached at block size ~ 21
nclean = 1000, max_block_size = 25, min_nblocks = 40
Blk_SZ   NBlk   NSmp      Energy     Error    dError
     1   1000   1000  -54.478667  0.000007  0.000000
     2    500   1000  -54.478670  0.000007  0.000000
     3    333    999  -54.478671  0.000008  0.000000
     4    250   1000  -54.478671  0.000008  0.000000
     5    200   1000  -54.478672  0.000008  0.000000
     6    166    996  -54.478673  0.000009  0.000000
     7    142    994  -54.478673  0.000009  0.000001
     8    125   1000  -54.478673  0.000010  0.000001
     9    111    999  -54.478673  0.000009  0.000001
    10    100   1000  -54.478673  0.000008  0.000001
    11     90    990  -54.478674  0.000010  0.000001
    12     83    996  -54.478674  0.000008  0.000001
    13     76    988  -54.478675  0.000009  0.000001
    14     71    994  -54.478674  0.000010  0.000001
    15     66    990  -54.478675  0.000009  0.000001
    16     62    992  -54.478675  0.000010  0.000001
    17     58    986  -54.478675  0.000008  0.000001
    18     55    990  -54.478675  0.000009  0.000001
    19     52    988  -54.478675  0.000010  0.000001
    20     50   1000  -54.478674  0.000009  0.000001
    21     47    987  -54.478675  0.000010  0.000001
    22     45    990  -54.478675  0.000010  0.000001
    23     43    989  -54.478675  0.000011  0.000001
    24     41    984  -54.478675  0.000010  0.000001
    25     40   1000  -54.478674  0.000010  0.000001
Fit (variance): plateau_var = 8.623676e-11 ± 4.701948e-12
Fit (error):    plateau = 0.000009 ± 0.000000
     autocorrelation length ~ 3.8 blocks
     plateau reached at block size ~ 17
Final AFQMC/pt2CCSD overlap ratio: -1.000093 ± 0.000004
Final AFQMC/pt2CCSD energy: -54.478675 ± 0.000009
Total run time: 75.39
------------------------------------------ AFQMC Sampling Finished -------------------------------------------
Hostname: gpua081.delta.ncsa.illinois.edu
System Type: Linux
Machine Type: x86_64
Processor: x86_64
Using GPU.
System: Linux
Node Name: gpua081.delta.ncsa.illinois.edu
Release: 5.14.0-427.91.1.el9_4.x86_64
Version: #1 SMP PREEMPT_DYNAMIC Wed Sep 17 10:08:59 EDT 2025
Machine: x86_64
Processor: x86_64
QMC script: /u/yzhang65/myprojects/software/afqmc/afqmc/scripts/run_afqmc_pt2ccsd.py
  => E_HF(n)      = -54.3911145622 Eh
  => E_CCSD(n)    = -54.4778744001 Eh
  => E_CCSD(T)(n) = -54.4785017482 Eh
  => E_AFQMC(n)   = -54.47868 +/- 0.00001 Eh

============================================================
Running: o  charge=0  spin=2
============================================================
output file: ../result/atom/o_vdzsd.out
Preparing AFQMC calculation
# Calculating Cholesky integrals
Finished calculating Cholesky integrals
#
Size of the correlation space:
Number of electrons: (4, 2)
Number of basis functions: 13
Number of Cholesky vectors: 70
#
------------------------------------------- AFQMC Sampling Started -------------------------------------------
Hostname: gpua081.delta.ncsa.illinois.edu
System Type: Linux
Machine Type: x86_64
Processor: x86_64
Using GPU.
System: Linux
Node Name: gpua081.delta.ncsa.illinois.edu
Release: 5.14.0-427.91.1.el9_4.x86_64
Version: #1 SMP PREEMPT_DYNAMIC Wed Sep 17 10:08:59 EDT 2025
Machine: x86_64
Processor: x86_64
Decomposing Unrestricted T2 amplitudes
Throw 0 vectors in T2 deomposition
SVD cutoff = 1.00e-08 | error = 3.91e-16
number of T2 decomposition vectors 58
norb: 13
nelec: (4, 2)
n_eql: 120
n_blocks: 1000
n_walkers: 300
dt: 0.005
max_error: 0.0
seed: 17
walker_type: uhf
trial: uccsd_pt2
free_projection: False
use_gpu: True
n_exp_terms: 6
n_prop_steps: 50
save_walkers: False
n_batch: 1
nchol_chunk: 70
mix_precision: True
initial AFQMC/pt2CCSD Energy is -74.909216
Propagating with 300 walkers
----------------------------------------------- Equilibration ------------------------------------------------
inv_T        weight  killW        energy   runTime
 0.00    300.000000      0    -74.792178     10.22
 3.00    301.196625      0    -74.906342     16.14
 6.00    301.401657      0    -74.902413     16.59
 9.00    300.748716      0    -74.897412     17.04
12.00    300.877565      0    -74.905652     17.49
15.00    300.622227      0    -74.904465     17.94
18.00    300.770688      0    -74.898150     18.39
21.00    301.117185      0    -74.917613     18.84
24.00    300.830453      0    -74.907232     19.29
27.00    300.181363      0    -74.913877     19.74
30.00    300.802757      1    -74.913089     20.19
---------------------------------------------- Sampling Blocks -----------------------------------------------
blocks        weight  killW       E_Guide     error       E_Trial     error     olp_T/G     error  Walltime
    20    300.602954      6    -74.906133  0.001523    -74.910079  0.000091    1.000125  0.000019   25.96
    40    300.537065     12    -74.907641  0.001795    -74.910137  0.000066    1.000113  0.000015   26.79
    60    300.338160     18    -74.907148  0.001548    -74.910087  0.000054    1.000112  0.000011   27.62
    80    300.203239     27    -74.906488  0.001267    -74.910102  0.000047    1.000115  0.000009   28.45
   100    300.087313     34    -74.906992  0.001015    -74.910121  0.000051    1.000115  0.000007   29.28
   120    299.999001     36    -74.907553  0.001005    -74.910131  0.000047    1.000111  0.000007   30.11
   140    299.906365     47    -74.908014  0.000931    -74.910132  0.000043    1.000112  0.000006   30.93
   160    299.826586     52    -74.907777  0.000876    -74.910122  0.000040    1.000113  0.000006   31.75
   180    299.744078     57    -74.907864  0.000778    -74.910117  0.000038    1.000112  0.000005   32.58
   200    299.691173     63    -74.907482  0.000755    -74.910109  0.000036    1.000112  0.000005   33.40
   220    299.634550     69    -74.907388  0.000698    -74.910099  0.000034    1.000111  0.000005   34.23
   240    299.583284     75    -74.907355  0.000674    -74.910097  0.000031    1.000110  0.000004   35.05
   260    299.556707     79    -74.907412  0.000623    -74.910098  0.000030    1.000110  0.000004   35.89
   280    299.525172     81    -74.907509  0.000589    -74.910092  0.000029    1.000109  0.000004   36.71
   300    299.488967     87    -74.907693  0.000568    -74.910099  0.000029    1.000108  0.000004   37.55
   320    299.454611     94    -74.907562  0.000548    -74.910093  0.000028    1.000108  0.000004   38.38
   340    299.430425    100    -74.907603  0.000523    -74.910094  0.000027    1.000108  0.000004   39.20
   360    299.397121    101    -74.907550  0.000493    -74.910099  0.000026    1.000108  0.000004   40.03
   380    299.370212    107    -74.907503  0.000479    -74.910100  0.000025    1.000108  0.000004   40.85
   400    299.351589    112    -74.907372  0.000476    -74.910095  0.000024    1.000108  0.000003   41.68
   420    299.329182    119    -74.907311  0.000477    -74.910102  0.000023    1.000107  0.000003   42.51
   440    299.310976    124    -74.907259  0.000463    -74.910096  0.000023    1.000107  0.000003   43.33
   460    299.294239    129    -74.907460  0.000485    -74.910099  0.000023    1.000106  0.000003   44.16
   480    299.272379    137    -74.907596  0.000468    -74.910099  0.000022    1.000105  0.000003   44.98
   500    299.258947    138    -74.907537  0.000479    -74.910096  0.000022    1.000105  0.000003   45.81
   520    299.243848    141    -74.907643  0.000468    -74.910105  0.000022    1.000105  0.000003   46.63
   540    299.227013    144    -74.907584  0.000453    -74.910099  0.000021    1.000106  0.000003   47.47
   560    299.211695    149    -74.907698  0.000445    -74.910098  0.000021    1.000105  0.000003   48.29
   580    299.204328    151    -74.907788  0.000435    -74.910110  0.000021    1.000104  0.000003   49.12
   600    299.183115    158    -74.907783  0.000423    -74.910114  0.000021    1.000103  0.000003   49.95
   620    299.175419    161    -74.907812  0.000409    -74.910117  0.000021    1.000103  0.000003   50.78
   640    299.162601    166    -74.907780  0.000410    -74.910122  0.000021    1.000104  0.000003   51.60
   660    299.153952    170    -74.907768  0.000397    -74.910121  0.000020    1.000104  0.000003   52.43
   680    299.146804    177    -74.907790  0.000388    -74.910122  0.000020    1.000103  0.000003   53.26
   700    299.141670    180    -74.907829  0.000380    -74.910121  0.000019    1.000104  0.000003   54.08
   720    299.132089    189    -74.907858  0.000371    -74.910119  0.000019    1.000104  0.000003   54.92
   740    299.123669    196    -74.907845  0.000363    -74.910117  0.000019    1.000104  0.000003   55.75
   760    299.110248    202    -74.907711  0.000366    -74.910114  0.000018    1.000105  0.000003   56.58
   780    299.103794    209    -74.907734  0.000360    -74.910111  0.000018    1.000104  0.000003   57.40
   800    299.094356    213    -74.907701  0.000353    -74.910109  0.000018    1.000104  0.000003   58.23
   820    299.087024    220    -74.907682  0.000350    -74.910106  0.000018    1.000105  0.000003   59.06
   840    299.077693    224    -74.907730  0.000348    -74.910113  0.000018    1.000104  0.000003   59.88
   860    299.073371    229    -74.907811  0.000351    -74.910118  0.000018    1.000103  0.000003   60.70
   880    299.067604    233    -74.907759  0.000346    -74.910115  0.000018    1.000104  0.000003   61.53
   900    299.060999    240    -74.907729  0.000340    -74.910116  0.000017    1.000105  0.000003   62.36
   920    299.055157    250    -74.907764  0.000335    -74.910117  0.000017    1.000105  0.000003   63.19
   940    299.053342    253    -74.907748  0.000326    -74.910118  0.000017    1.000105  0.000003   64.02
   960    299.051251    254    -74.907716  0.000323    -74.910120  0.000017    1.000105  0.000003   64.84
   980    299.044499    261    -74.907711  0.000315    -74.910118  0.000016    1.000105  0.000003   65.67
  1000    299.037006    269    -74.907626  0.000317    -74.910118  0.000016    1.000106  0.000003   66.50
---------------------------------------------- Post Propagation ----------------------------------------------
Total number of samples 1000
Raw AFQMC/HF (Guide) energy:           -74.907626 ± 0.000317
Raw Trial/Guide overlap ratio:          1.000106 ± 0.000003
Raw AFQMC/pt2CCSD energy (covariance): -74.910118 ± 0.000016
Raw AFQMC/pt2CCSD energy (dir sample): -74.910118 ± 0.000012
--------------------------------------------- Clean Obeservation ---------------------------------------------
removing energies outside zeta > 30
Outlier energy bound [-74.918507, -74.901561]
Removed 0 outliers with energies []
Clean AFQMC/pt2CCSD overlap ratio:        1.000106 ± 0.000003
Clean AFQMC/pt2CCSD energy (covariance): -74.910118 ± 0.000016
Clean AFQMC/ptCCSD energy (dir sample):  -74.910118 ± 0.000012
--------------------------------------------- Blocking Analysis ----------------------------------------------
nsample = 1000, max_block_size = 25, min_nblocks = 40
   B    NB    NS  Observable     Error    dError
   1  1000  1000    1.000106  0.000001  0.000000
   2   500  1000    1.000106  0.000002  0.000000
   3   333   999    1.000106  0.000002  0.000000
   4   250  1000    1.000106  0.000002  0.000000
   5   200  1000    1.000106  0.000002  0.000000
   6   166   996    1.000106  0.000002  0.000000
   7   142   994    1.000106  0.000002  0.000000
   8   125  1000    1.000106  0.000002  0.000000
   9   111   999    1.000106  0.000002  0.000000
  10   100  1000    1.000106  0.000002  0.000000
  11    90   990    1.000105  0.000002  0.000000
  12    83   996    1.000106  0.000002  0.000000
  13    76   988    1.000105  0.000002  0.000000
  14    71   994    1.000106  0.000002  0.000000
  15    66   990    1.000105  0.000003  0.000000
  16    62   992    1.000106  0.000003  0.000000
  17    58   986    1.000105  0.000002  0.000000
  18    55   990    1.000105  0.000003  0.000000
  19    52   988    1.000105  0.000002  0.000000
  20    50  1000    1.000106  0.000002  0.000000
  21    47   987    1.000105  0.000003  0.000000
  22    45   990    1.000105  0.000002  0.000000
  23    43   989    1.000105  0.000002  0.000000
  24    41   984    1.000105  0.000003  0.000000
  25    40  1000    1.000106  0.000002  0.000000
Fit (variance): plateau_var = 5.980e-12 ± 2.834e-13
Fit (error):    plateau = 0.000002 ± 0.000000
     autocorrelation length ~ 3.2 blocks
     plateau reached at block size ~ 15
nclean = 1000, max_block_size = 25, min_nblocks = 40
Blk_SZ   NBlk   NSmp      Energy     Error    dError
     1   1000   1000  -74.910108  0.000012  0.000000
     2    500   1000  -74.910112  0.000013  0.000000
     3    333    999  -74.910113  0.000013  0.000001
     4    250   1000  -74.910114  0.000014  0.000001
     5    200   1000  -74.910115  0.000014  0.000001
     6    166    996  -74.910115  0.000014  0.000001
     7    142    994  -74.910114  0.000014  0.000001
     8    125   1000  -74.910116  0.000015  0.000001
     9    111    999  -74.910116  0.000015  0.000001
    10    100   1000  -74.910116  0.000014  0.000001
    11     90    990  -74.910115  0.000016  0.000001
    12     83    996  -74.910116  0.000015  0.000001
    13     76    988  -74.910117  0.000015  0.000001
    14     71    994  -74.910115  0.000015  0.000001
    15     66    990  -74.910116  0.000015  0.000001
    16     62    992  -74.910116  0.000016  0.000001
    17     58    986  -74.910117  0.000016  0.000001
    18     55    990  -74.910116  0.000016  0.000002
    19     52    988  -74.910117  0.000016  0.000002
    20     50   1000  -74.910117  0.000016  0.000002
    21     47    987  -74.910117  0.000016  0.000002
    22     45    990  -74.910116  0.000016  0.000002
    23     43    989  -74.910117  0.000015  0.000002
    24     41    984  -74.910117  0.000015  0.000002
    25     40   1000  -74.910117  0.000016  0.000002
Fit (variance): plateau_var = 2.461206e-10 ± 1.758049e-11
Fit (error):    plateau = 0.000016 ± 0.000001
     autocorrelation length ~ 5.5 blocks
     plateau reached at block size ~ 22
Final AFQMC/pt2CCSD overlap ratio: 1.000106 ± 0.000002
Final AFQMC/pt2CCSD energy: -74.910118 ± 0.000016
Total run time: 74.91
------------------------------------------ AFQMC Sampling Finished -------------------------------------------
Hostname: gpua081.delta.ncsa.illinois.edu
System Type: Linux
Machine Type: x86_64
Processor: x86_64
Using GPU.
System: Linux
Node Name: gpua081.delta.ncsa.illinois.edu
Release: 5.14.0-427.91.1.el9_4.x86_64
Version: #1 SMP PREEMPT_DYNAMIC Wed Sep 17 10:08:59 EDT 2025
Machine: x86_64
Processor: x86_64
QMC script: /u/yzhang65/myprojects/software/afqmc/afqmc/scripts/run_afqmc_pt2ccsd.py
  => E_HF(o)      = -74.7921660583 Eh
  => E_CCSD(o)    = -74.9092006217 Eh
  => E_CCSD(T)(o) = -74.9099502866 Eh
  => E_AFQMC(o)   = -74.91012 +/- 0.00002 Eh

============================================================
Running: p  charge=0  spin=3
============================================================
output file: ../result/atom/p_vdzsd.out
Preparing AFQMC calculation
# Calculating Cholesky integrals
Finished calculating Cholesky integrals
#
Size of the correlation space:
Number of electrons: (4, 1)
Number of basis functions: 13
Number of Cholesky vectors: 95
#
------------------------------------------- AFQMC Sampling Started -------------------------------------------
Hostname: gpua081.delta.ncsa.illinois.edu
System Type: Linux
Machine Type: x86_64
Processor: x86_64
Using GPU.
System: Linux
Node Name: gpua081.delta.ncsa.illinois.edu
Release: 5.14.0-427.91.1.el9_4.x86_64
Version: #1 SMP PREEMPT_DYNAMIC Wed Sep 17 10:08:59 EDT 2025
Machine: x86_64
Processor: x86_64
Decomposing Unrestricted T2 amplitudes
Throw 0 vectors in T2 deomposition
SVD cutoff = 1.00e-08 | error = 5.95e-16
number of T2 decomposition vectors 48
norb: 13
nelec: (4, 1)
n_eql: 120
n_blocks: 1000
n_walkers: 300
dt: 0.005
max_error: 0.0
seed: 17
walker_type: uhf
trial: uccsd_pt2
free_projection: False
use_gpu: True
n_exp_terms: 6
n_prop_steps: 50
save_walkers: False
n_batch: 1
nchol_chunk: 95
mix_precision: True
initial AFQMC/pt2CCSD Energy is -340.790320
Propagating with 300 walkers
----------------------------------------------- Equilibration ------------------------------------------------
inv_T        weight  killW        energy   runTime
 0.00    300.000000      0   -340.709053     10.47
 3.00    301.235128      0   -340.791369     16.76
 6.00    300.936214      0   -340.793110     17.21
 9.00    300.754082      0   -340.796615     17.65
12.00    301.181400      0   -340.791577     18.09
15.00    301.067001      0   -340.788597     18.54
18.00    301.317171      0   -340.795406     18.98
21.00    300.979960      0   -340.792726     19.42
24.00    300.961333      0   -340.786242     19.86
27.00    301.227239      0   -340.791607     20.30
30.00    301.043182      0   -340.791617     20.74
---------------------------------------------- Sampling Blocks -----------------------------------------------
blocks        weight  killW       E_Guide     error       E_Trial     error     olp_T/G     error  Walltime
    20    300.970479      0   -340.785029  0.001170   -340.791640  0.000044   -1.000039  0.000026   27.02
    40    300.913197      0   -340.788215  0.002079   -340.791638  0.000030   -1.000011  0.000020   27.84
    60    300.843538      0   -340.790656  0.002240   -340.791671  0.000030   -1.000017  0.000013   28.68
    80    300.756419      0   -340.791036  0.001672   -340.791652  0.000024   -1.000016  0.000013   29.50
   100    300.673895      0   -340.790947  0.001348   -340.791649  0.000020   -1.000020  0.000011   30.33
   120    300.601266      0   -340.790499  0.001153   -340.791648  0.000019   -1.000031  0.000012   31.16
   140    300.542712      0   -340.790855  0.001012   -340.791659  0.000018   -1.000035  0.000011   31.99
   160    300.481740      0   -340.790640  0.000897   -340.791662  0.000017   -1.000035  0.000010   32.82
   180    300.428373      0   -340.790434  0.000807   -340.791664  0.000017   -1.000040  0.000010   33.66
   200    300.384141      0   -340.790389  0.000731   -340.791668  0.000016   -1.000043  0.000009   34.49
   220    300.341327      0   -340.790171  0.000682   -340.791669  0.000016   -1.000048  0.000009   35.32
   240    300.309556      0   -340.790090  0.000626   -340.791661  0.000015   -1.000053  0.000009   36.15
   260    300.282294      1   -340.790318  0.000607   -340.791660  0.000014   -1.000054  0.000008   36.98
   280    300.259694      1   -340.790731  0.000649   -340.791656  0.000013   -1.000053  0.000008   37.81
   300    300.235851      1   -340.790968  0.000632   -340.791659  0.000013   -1.000051  0.000007   38.64
   320    300.213047      1   -340.790918  0.000594   -340.791662  0.000013   -1.000051  0.000007   39.47
   340    300.190433      1   -340.790819  0.000576   -340.791662  0.000013   -1.000055  0.000007   40.30
   360    300.172269      1   -340.790826  0.000545   -340.791657  0.000012   -1.000058  0.000007   41.13
   380    300.157794      2   -340.790785  0.000528   -340.791655  0.000012   -1.000060  0.000007   41.96
   400    300.145942      2   -340.790872  0.000517   -340.791654  0.000011   -1.000060  0.000007   42.80
   420    300.132017      2   -340.790955  0.000497   -340.791653  0.000011   -1.000062  0.000007   43.63
   440    300.117380      2   -340.790888  0.000477   -340.791654  0.000011   -1.000063  0.000006   44.46
   460    300.106753      2   -340.790990  0.000476   -340.791653  0.000011   -1.000064  0.000006   45.30
   480    300.097056      2   -340.791048  0.000471   -340.791652  0.000011   -1.000065  0.000006   46.12
   500    300.085567      2   -340.791026  0.000496   -340.791655  0.000011   -1.000064  0.000006   46.95
   520    300.076752      2   -340.791096  0.000479   -340.791662  0.000011   -1.000063  0.000006   47.78
   540    300.065994      2   -340.791038  0.000464   -340.791660  0.000011   -1.000064  0.000006   48.62
   560    300.057727      2   -340.791034  0.000448   -340.791658  0.000011   -1.000062  0.000006   49.45
   580    300.048697      2   -340.790870  0.000448   -340.791659  0.000010   -1.000062  0.000006   50.27
   600    300.040882      2   -340.790702  0.000461   -340.791664  0.000010   -1.000063  0.000006   51.10
   620    300.032822      3   -340.790559  0.000463   -340.791665  0.000010   -1.000064  0.000006   51.93
   640    300.026658      3   -340.790573  0.000452   -340.791664  0.000010   -1.000064  0.000005   52.76
   660    300.021010      3   -340.790608  0.000447   -340.791661  0.000010   -1.000062  0.000006   53.59
   680    300.017256      3   -340.790659  0.000439   -340.791661  0.000010   -1.000061  0.000005   54.43
   700    300.013155      3   -340.790746  0.000432   -340.791658  0.000010   -1.000061  0.000005   55.37
   720    300.008330      3   -340.790773  0.000422   -340.791655  0.000009   -1.000060  0.000005   56.20
   740    300.005254      3   -340.790835  0.000417   -340.791657  0.000009   -1.000061  0.000005   57.02
   760    300.000651      3   -340.790833  0.000417   -340.791657  0.000009   -1.000061  0.000005   57.85
   780    299.996530      3   -340.790867  0.000408   -340.791655  0.000009   -1.000062  0.000005   58.69
   800    299.992501      3   -340.790829  0.000401   -340.791657  0.000009   -1.000061  0.000005   59.52
   820    299.990067      3   -340.790975  0.000418   -340.791657  0.000009   -1.000062  0.000005   60.35
   840    299.985787      3   -340.790934  0.000408   -340.791657  0.000009   -1.000061  0.000005   61.18
   860    299.981059      3   -340.790919  0.000403   -340.791655  0.000009   -1.000060  0.000005   62.01
   880    299.977348      3   -340.790889  0.000393   -340.791655  0.000009   -1.000060  0.000005   62.85
   900    299.974475      3   -340.790873  0.000386   -340.791655  0.000008   -1.000060  0.000005   63.67
   920    299.972749      3   -340.790922  0.000377   -340.791654  0.000008   -1.000060  0.000005   64.50
   940    299.970889      3   -340.791021  0.000380   -340.791661  0.000012   -1.000061  0.000005   65.33
   960    299.968213      4   -340.791006  0.000381   -340.791660  0.000012   -1.000061  0.000005   66.17
   980    299.965462      4   -340.791042  0.000381   -340.791661  0.000011   -1.000061  0.000005   67.00
  1000    299.963563      4   -340.791126  0.000390   -340.791659  0.000011   -1.000061  0.000005   67.83
---------------------------------------------- Post Propagation ----------------------------------------------
Total number of samples 1000
Raw AFQMC/HF (Guide) energy:           -340.791126 ± 0.000390
Raw Trial/Guide overlap ratio:          -1.000061 ± 0.000005
Raw AFQMC/pt2CCSD energy (covariance): -340.791659 ± 0.000011
Raw AFQMC/pt2CCSD energy (dir sample): -340.791659 ± 0.000009
--------------------------------------------- Clean Obeservation ---------------------------------------------
removing energies outside zeta > 30
Outlier energy bound [-340.796622, -340.786602]
Removed 1 outliers with energies [-340.79870421]
Clean AFQMC/pt2CCSD overlap ratio:        -1.000061 ± 0.000005
Clean AFQMC/pt2CCSD energy (covariance): -340.791652 ± 0.000008
Clean AFQMC/ptCCSD energy (dir sample):  -340.791652 ± 0.000006
--------------------------------------------- Blocking Analysis ----------------------------------------------
nsample = 999, max_block_size = 24, min_nblocks = 40
   B    NB    NS  Observable     Error    dError
   1   999   999   -1.000061  0.000002  0.000000
   2   499   998   -1.000061  0.000002  0.000000
   3   333   999   -1.000061  0.000003  0.000000
   4   249   996   -1.000061  0.000003  0.000000
   5   199   995   -1.000061  0.000003  0.000000
   6   166   996   -1.000061  0.000003  0.000000
   7   142   994   -1.000061  0.000003  0.000000
   8   124   992   -1.000061  0.000003  0.000000
   9   111   999   -1.000061  0.000004  0.000000
  10    99   990   -1.000061  0.000004  0.000000
  11    90   990   -1.000061  0.000004  0.000000
  12    83   996   -1.000061  0.000004  0.000000
  13    76   988   -1.000061  0.000004  0.000000
  14    71   994   -1.000061  0.000004  0.000000
  15    66   990   -1.000061  0.000004  0.000000
  16    62   992   -1.000061  0.000004  0.000000
  17    58   986   -1.000061  0.000004  0.000000
  18    55   990   -1.000061  0.000004  0.000000
  19    52   988   -1.000061  0.000004  0.000000
  20    49   980   -1.000061  0.000005  0.000000
  21    47   987   -1.000061  0.000004  0.000000
  22    45   990   -1.000061  0.000004  0.000000
  23    43   989   -1.000061  0.000005  0.000000
  24    41   984   -1.000061  0.000005  0.000001
Fit (variance): plateau_var = 2.048e-11 ± 2.053e-12
Fit (error):    plateau = 0.000005 ± 0.000000
     autocorrelation length ~ 8.9 blocks
     plateau reached at block size ~ 41
     !!!Failed to reach plateau in blocking
     Return max block error
nclean = 999, max_block_size = 24, min_nblocks = 40
Blk_SZ   NBlk   NSmp      Energy     Error    dError
     1    999    999  -340.791637  0.000006  0.000000
     2    499    998  -340.791640  0.000008  0.000000
     3    333    999  -340.791641  0.000008  0.000000
     4    249    996  -340.791643  0.000009  0.000000
     5    199    995  -340.791643  0.000009  0.000000
     6    166    996  -340.791645  0.000009  0.000000
     7    142    994  -340.791645  0.000009  0.000001
     8    124    992  -340.791646  0.000010  0.000001
     9    111    999  -340.791646  0.000009  0.000001
    10     99    990  -340.791646  0.000009  0.000001
    11     90    990  -340.791647  0.000009  0.000001
    12     83    996  -340.791648  0.000008  0.000001
    13     76    988  -340.791648  0.000009  0.000001
    14     71    994  -340.791648  0.000009  0.000001
    15     66    990  -340.791647  0.000009  0.000001
    16     62    992  -340.791648  0.000008  0.000001
    17     58    986  -340.791649  0.000008  0.000001
    18     55    990  -340.791648  0.000009  0.000001
    19     52    988  -340.791648  0.000010  0.000001
    20     49    980  -340.791650  0.000008  0.000001
    21     47    987  -340.791649  0.000009  0.000001
    22     45    990  -340.791649  0.000008  0.000001
    23     43    989  -340.791649  0.000008  0.000001
    24     41    984  -340.791650  0.000008  0.000001
Fit (variance): plateau_var = 7.537941e-11 ± 2.720583e-12
Fit (error):    plateau = 0.000009 ± 0.000000
     autocorrelation length ~ 1.3 blocks
     plateau reached at block size ~ 7
Final AFQMC/pt2CCSD overlap ratio: -1.000061 ± 0.000005
Final AFQMC/pt2CCSD energy: -340.791652 ± 0.000009
Total run time: 75.79
------------------------------------------ AFQMC Sampling Finished -------------------------------------------
Hostname: gpua081.delta.ncsa.illinois.edu
System Type: Linux
Machine Type: x86_64
Processor: x86_64
Using GPU.
System: Linux
Node Name: gpua081.delta.ncsa.illinois.edu
Release: 5.14.0-427.91.1.el9_4.x86_64
Version: #1 SMP PREEMPT_DYNAMIC Wed Sep 17 10:08:59 EDT 2025
Machine: x86_64
Processor: x86_64
QMC script: /u/yzhang65/myprojects/software/afqmc/afqmc/scripts/run_afqmc_pt2ccsd.py
  => E_HF(p)      = -340.7090480591 Eh
  => E_CCSD(p)    = -340.7903162857 Eh
  => E_CCSD(T)(p) = -340.7913307177 Eh
  => E_AFQMC(p)   = -340.79165 +/- 0.00001 Eh

============================================================
Running: s  charge=0  spin=2
============================================================
output file: ../result/atom/s_vdzsd.out
Preparing AFQMC calculation
# Calculating Cholesky integrals
Finished calculating Cholesky integrals
#
Size of the correlation space:
Number of electrons: (4, 2)
Number of basis functions: 13
Number of Cholesky vectors: 95
#
------------------------------------------- AFQMC Sampling Started -------------------------------------------
Hostname: gpua081.delta.ncsa.illinois.edu
System Type: Linux
Machine Type: x86_64
Processor: x86_64
Using GPU.
System: Linux
Node Name: gpua081.delta.ncsa.illinois.edu
Release: 5.14.0-427.91.1.el9_4.x86_64
Version: #1 SMP PREEMPT_DYNAMIC Wed Sep 17 10:08:59 EDT 2025
Machine: x86_64
Processor: x86_64
Decomposing Unrestricted T2 amplitudes
Throw 0 vectors in T2 deomposition
SVD cutoff = 1.00e-08 | error = 5.03e-16
number of T2 decomposition vectors 58
norb: 13
nelec: (4, 2)
n_eql: 120
n_blocks: 1000
n_walkers: 300
dt: 0.005
max_error: 0.0
seed: 17
walker_type: uhf
trial: uccsd_pt2
free_projection: False
use_gpu: True
n_exp_terms: 6
n_prop_steps: 50
save_walkers: False
n_batch: 1
nchol_chunk: 95
mix_precision: True
initial AFQMC/pt2CCSD Energy is -397.599414
Propagating with 300 walkers
----------------------------------------------- Equilibration ------------------------------------------------
inv_T        weight  killW        energy   runTime
 0.00    300.000000      0   -397.496803     10.34
 3.00    301.377113      0   -397.594037     16.41
 6.00    301.275030      0   -397.599335     16.85
 9.00    301.142564      0   -397.609644     17.30
12.00    301.166879      0   -397.592270     17.74
15.00    301.192879      0   -397.595303     18.18
18.00    301.180658      1   -397.597346     18.63
21.00    300.874970      0   -397.601849     19.07
24.00    300.770084      0   -397.597750     19.52
27.00    301.138304      0   -397.598597     19.96
30.00    300.595862      0   -397.594026     20.41
---------------------------------------------- Sampling Blocks -----------------------------------------------
blocks        weight  killW       E_Guide     error       E_Trial     error     olp_T/G     error  Walltime
    20    300.554946      4   -397.596436  0.001160   -397.601098  0.000161    1.000453  0.000041   26.24
    40    300.425451      6   -397.596912  0.000810   -397.600914  0.000114    1.000398  0.000055   27.08
    60    300.342219      9   -397.598090  0.001118   -397.600913  0.000083    1.000403  0.000039   27.92
    80    300.184152     12   -397.597579  0.000887   -397.600945  0.000069    1.000392  0.000034   28.76
   100    300.080834     16   -397.596871  0.000932   -397.600920  0.000058    1.000421  0.000031   29.61
   120    300.015301     21   -397.596965  0.000821   -397.600877  0.000052    1.000441  0.000034   30.46
   140    299.956743     26   -397.597270  0.000730   -397.600863  0.000049    1.000432  0.000030   31.30
   160    299.891629     29   -397.596976  0.000776   -397.600855  0.000044    1.000428  0.000026   32.13
   180    299.840811     31   -397.597183  0.000710   -397.600851  0.000040    1.000415  0.000024   32.97
   200    299.800634     36   -397.597345  0.000637   -397.600858  0.000037    1.000410  0.000022   33.81
   220    299.750984     40   -397.597263  0.000579   -397.600851  0.000035    1.000410  0.000023   34.65
   240    299.715253     45   -397.597092  0.000551   -397.600846  0.000034    1.000414  0.000023   35.48
   260    299.685782     51   -397.597138  0.000526   -397.600836  0.000037    1.000411  0.000021   36.32
   280    299.655813     54   -397.597275  0.000522   -397.600849  0.000035    1.000414  0.000020   37.27
   300    299.629308     56   -397.597353  0.000526   -397.600837  0.000034    1.000415  0.000018   38.10
   320    299.603653     59   -397.597256  0.000500   -397.600887  0.000054    1.000420  0.000018   38.94
   340    299.573479     63   -397.597321  0.000496   -397.600879  0.000051    1.000421  0.000017   39.77
   360    299.552714     67   -397.597476  0.000480   -397.600870  0.000049    1.000417  0.000016   40.61
   380    299.534322     69   -397.597580  0.000460   -397.600868  0.000047    1.000414  0.000015   41.45
   400    299.523627     71   -397.597557  0.000441   -397.600866  0.000045    1.000412  0.000015   42.28
   420    299.508964     74   -397.597496  0.000435   -397.600857  0.000043    1.000416  0.000015   43.12
   440    299.490422     82   -397.597466  0.000423   -397.600856  0.000041    1.000419  0.000015   43.96
   460    299.481580     84   -397.597586  0.000424   -397.600863  0.000040    1.000422  0.000015   44.79
   480    299.472718     87   -397.597709  0.000420   -397.600863  0.000038    1.000419  0.000015   45.62
   500    299.457075     88   -397.597599  0.000410   -397.600859  0.000037    1.000420  0.000015   46.46
   520    299.450182     89   -397.597733  0.000424   -397.600860  0.000036    1.000417  0.000015   47.29
   540    299.435893     94   -397.597591  0.000424   -397.600859  0.000035    1.000420  0.000015   48.13
   560    299.429926     97   -397.597634  0.000424   -397.600856  0.000034    1.000418  0.000015   48.96
   580    299.423535     99   -397.597540  0.000431   -397.600865  0.000033    1.000421  0.000014   49.79
   600    299.414735    100   -397.597482  0.000421   -397.600862  0.000032    1.000423  0.000014   50.64
   620    299.406765    101   -397.597339  0.000419   -397.600870  0.000031    1.000425  0.000014   51.47
   640    299.397435    103   -397.597396  0.000412   -397.600866  0.000031    1.000424  0.000014   52.31
   660    299.392513    108   -397.597381  0.000398   -397.600864  0.000030    1.000425  0.000013   53.16
   680    299.384859    113   -397.597334  0.000391   -397.600861  0.000029    1.000427  0.000013   54.00
   700    299.380583    114   -397.597361  0.000380   -397.600857  0.000028    1.000427  0.000013   54.84
   720    299.376339    120   -397.597421  0.000371   -397.600858  0.000028    1.000423  0.000013   55.69
   740    299.371204    124   -397.597426  0.000368   -397.600858  0.000027    1.000422  0.000013   56.52
   760    299.374955    125   -397.597487  0.000359   -397.600863  0.000027    1.000420  0.000013   57.36
   780    299.371315    132   -397.597517  0.000352   -397.600861  0.000026    1.000419  0.000012   58.20
   800    299.365424    137   -397.597558  0.000342   -397.600867  0.000026    1.000420  0.000012   59.04
   820    299.361373    141   -397.597651  0.000345   -397.600861  0.000025    1.000416  0.000012   59.87
   840    299.356804    145   -397.597692  0.000340   -397.600861  0.000025    1.000417  0.000012   60.73
   860    299.351706    148   -397.597631  0.000339   -397.600860  0.000025    1.000417  0.000012   61.56
   880    299.346277    152   -397.597569  0.000334   -397.600858  0.000024    1.000417  0.000012   62.64
   900    299.343865    154   -397.597545  0.000331   -397.600860  0.000024    1.000418  0.000011   63.48
   920    299.343923    155   -397.597555  0.000323   -397.600859  0.000023    1.000418  0.000011   64.32
   940    299.342178    158   -397.597507  0.000317   -397.600858  0.000023    1.000419  0.000011   65.15
   960    299.340791    159   -397.597492  0.000324   -397.600856  0.000023    1.000420  0.000011   67.18
   980    299.339546    162   -397.597573  0.000318   -397.600856  0.000022    1.000416  0.000011   68.02
  1000    299.335502    168   -397.597631  0.000323   -397.600860  0.000022    1.000414  0.000011   68.86
---------------------------------------------- Post Propagation ----------------------------------------------
Total number of samples 1000
Raw AFQMC/HF (Guide) energy:           -397.597631 ± 0.000323
Raw Trial/Guide overlap ratio:          1.000414 ± 0.000011
Raw AFQMC/pt2CCSD energy (covariance): -397.600860 ± 0.000022
Raw AFQMC/pt2CCSD energy (dir sample): -397.600860 ± 0.000019
--------------------------------------------- Clean Obeservation ---------------------------------------------
removing energies outside zeta > 30
Outlier energy bound [-397.610095, -397.591503]
Removed 1 outliers with energies [-397.61380369]
Clean AFQMC/pt2CCSD overlap ratio:        1.000415 ± 0.000011
Clean AFQMC/pt2CCSD energy (covariance): -397.600847 ± 0.000018
Clean AFQMC/ptCCSD energy (dir sample):  -397.600847 ± 0.000014
--------------------------------------------- Blocking Analysis ----------------------------------------------
nsample = 999, max_block_size = 24, min_nblocks = 40
   B    NB    NS  Observable     Error    dError
   1   999   999    1.000415  0.000005  0.000000
   2   499   998    1.000415  0.000007  0.000000
   3   333   999    1.000415  0.000008  0.000000
   4   249   996    1.000415  0.000008  0.000000
   5   199   995    1.000416  0.000009  0.000000
   6   166   996    1.000415  0.000009  0.000001
   7   142   994    1.000416  0.000009  0.000001
   8   124   992    1.000416  0.000010  0.000001
   9   111   999    1.000415  0.000010  0.000001
  10    99   990    1.000416  0.000010  0.000001
  11    90   990    1.000416  0.000010  0.000001
  12    83   996    1.000415  0.000011  0.000001
  13    76   988    1.000416  0.000011  0.000001
  14    71   994    1.000416  0.000011  0.000001
  15    66   990    1.000416  0.000011  0.000001
  16    62   992    1.000416  0.000011  0.000001
  17    58   986    1.000415  0.000010  0.000001
  18    55   990    1.000416  0.000009  0.000001
  19    52   988    1.000416  0.000011  0.000001
  20    49   980    1.000416  0.000010  0.000001
  21    47   987    1.000416  0.000010  0.000001
  22    45   990    1.000416  0.000010  0.000001
  23    43   989    1.000416  0.000009  0.000001
  24    41   984    1.000416  0.000011  0.000001
Fit (variance): plateau_var = 1.068e-10 ± 5.882e-12
Fit (error):    plateau = 0.000010 ± 0.000000
     autocorrelation length ~ 4.2 blocks
     plateau reached at block size ~ 19
nclean = 999, max_block_size = 24, min_nblocks = 40
Blk_SZ   NBlk   NSmp      Energy     Error    dError
     1    999    999  -397.600834  0.000014  0.000000
     2    499    998  -397.600834  0.000016  0.000001
     3    333    999  -397.600838  0.000017  0.000001
     4    249    996  -397.600835  0.000016  0.000001
     5    199    995  -397.600835  0.000017  0.000001
     6    166    996  -397.600837  0.000018  0.000001
     7    142    994  -397.600836  0.000018  0.000001
     8    124    992  -397.600837  0.000016  0.000001
     9    111    999  -397.600843  0.000018  0.000001
    10     99    990  -397.600839  0.000018  0.000001
    11     90    990  -397.600839  0.000016  0.000001
    12     83    996  -397.600840  0.000016  0.000001
    13     76    988  -397.600840  0.000016  0.000001
    14     71    994  -397.600839  0.000018  0.000002
    15     66    990  -397.600839  0.000015  0.000001
    16     62    992  -397.600839  0.000016  0.000001
    17     58    986  -397.600841  0.000018  0.000002
    18     55    990  -397.600840  0.000017  0.000002
    19     52    988  -397.600841  0.000017  0.000002
    20     49    980  -397.600841  0.000018  0.000002
    21     47    987  -397.600842  0.000020  0.000002
    22     45    990  -397.600840  0.000014  0.000002
    23     43    989  -397.600842  0.000016  0.000002
    24     41    984  -397.600841  0.000015  0.000002
Fit (variance): plateau_var = 2.822185e-10 ± 9.601981e-12
Fit (error):    plateau = 0.000017 ± 0.000000
     autocorrelation length ~ 0.9 blocks
     plateau reached at block size ~ 5
Final AFQMC/pt2CCSD overlap ratio: 1.000415 ± 0.000010
Final AFQMC/pt2CCSD energy: -397.600847 ± 0.000017
Total run time: 76.89
------------------------------------------ AFQMC Sampling Finished -------------------------------------------
Hostname: gpua081.delta.ncsa.illinois.edu
System Type: Linux
Machine Type: x86_64
Processor: x86_64
Using GPU.
System: Linux
Node Name: gpua081.delta.ncsa.illinois.edu
Release: 5.14.0-427.91.1.el9_4.x86_64
Version: #1 SMP PREEMPT_DYNAMIC Wed Sep 17 10:08:59 EDT 2025
Machine: x86_64
Processor: x86_64
QMC script: /u/yzhang65/myprojects/software/afqmc/afqmc/scripts/run_afqmc_pt2ccsd.py
  => E_HF(s)      = -397.4968015383 Eh
  => E_CCSD(s)    = -397.5994161552 Eh
  => E_CCSD(T)(s) = -397.6005525448 Eh
  => E_AFQMC(s)   = -397.60085 +/- 0.00002 Eh

============================================================
Running: si  charge=0  spin=2
============================================================
output file: ../result/atom/si_vdzsd.out
Preparing AFQMC calculation
# Calculating Cholesky integrals
Finished calculating Cholesky integrals
#
Size of the correlation space:
Number of electrons: (3, 1)
Number of basis functions: 13
Number of Cholesky vectors: 96
#
------------------------------------------- AFQMC Sampling Started -------------------------------------------
Hostname: gpua081.delta.ncsa.illinois.edu
System Type: Linux
Machine Type: x86_64
Processor: x86_64
Using GPU.
System: Linux
Node Name: gpua081.delta.ncsa.illinois.edu
Release: 5.14.0-427.91.1.el9_4.x86_64
Version: #1 SMP PREEMPT_DYNAMIC Wed Sep 17 10:08:59 EDT 2025
Machine: x86_64
Processor: x86_64
Decomposing Unrestricted T2 amplitudes
Throw 0 vectors in T2 deomposition
SVD cutoff = 1.00e-08 | error = 5.55e-16
number of T2 decomposition vectors 42
norb: 13
nelec: (3, 1)
n_eql: 120
n_blocks: 1000
n_walkers: 300
dt: 0.005
max_error: 0.0
seed: 17
walker_type: uhf
trial: uccsd_pt2
free_projection: False
use_gpu: True
n_exp_terms: 6
n_prop_steps: 50
save_walkers: False
n_batch: 1
nchol_chunk: 96
mix_precision: True
initial AFQMC/pt2CCSD Energy is -288.914089
Propagating with 300 walkers
----------------------------------------------- Equilibration ------------------------------------------------
inv_T        weight  killW        energy   runTime
 0.00    300.000000      0   -288.850077     10.04
 3.00    300.780695      0   -288.908727     15.66
 6.00    300.714648      0   -288.916476     16.07
 9.00    300.413151      0   -288.908626     16.49
12.00    300.651252      0   -288.911177     16.91
15.00    300.334150      0   -288.916093     17.47
18.00    300.248674      0   -288.910252     17.89
21.00    300.222201      0   -288.907542     18.30
24.00    300.561834      0   -288.911976     18.72
27.00    300.450107      0   -288.914284     19.14
30.00    299.807371      1   -288.913859     19.56
---------------------------------------------- Sampling Blocks -----------------------------------------------
blocks        weight  killW       E_Guide     error       E_Trial     error     olp_T/G     error  Walltime
    20    300.106622      7   -288.912052  0.000962   -288.915463  0.000131    1.000684  0.000089   25.30
    40    299.993263     11   -288.911053  0.000892   -288.915470  0.000079    1.000735  0.000066   26.09
    60    299.939505     13   -288.911134  0.000679   -288.915479  0.000057    1.000717  0.000045   26.88
    80    299.872360     15   -288.911324  0.000540   -288.915546  0.000054    1.000721  0.000035   27.66
   100    299.836500     17   -288.911524  0.000459   -288.915544  0.000047    1.000716  0.000034   28.45
   120    299.797049     18   -288.911180  0.000465   -288.915550  0.000041    1.000701  0.000036   29.23
   140    299.746827     20   -288.910854  0.000462   -288.915556  0.000036    1.000713  0.000033   30.02
   160    299.717261     21   -288.911073  0.000408   -288.915550  0.000033    1.000732  0.000033   30.81
   180    299.678510     25   -288.910937  0.000373   -288.915536  0.000032    1.000736  0.000030   31.60
   200    299.652380     27   -288.910866  0.000392   -288.915534  0.000030    1.000734  0.000032   32.38
   220    299.626895     29   -288.910972  0.000364   -288.915536  0.000028    1.000734  0.000030   33.17
   240    299.588990     34   -288.910901  0.000349   -288.915532  0.000027    1.000732  0.000027   33.95
   260    299.564549     37   -288.910829  0.000343   -288.915515  0.000027    1.000732  0.000026   34.74
   280    299.540723     41   -288.910916  0.000336   -288.915513  0.000025    1.000719  0.000025   35.53
   300    299.520505     42   -288.910731  0.000357   -288.915521  0.000025    1.000727  0.000025   36.32
   320    299.511846     44   -288.910773  0.000340   -288.915523  0.000025    1.000729  0.000025   37.11
   340    299.498543     48   -288.910936  0.000339   -288.915527  0.000024    1.000722  0.000025   37.89
   360    299.483391     50   -288.911009  0.000363   -288.915533  0.000024    1.000706  0.000026   38.68
   380    299.472754     52   -288.911240  0.000409   -288.915538  0.000023    1.000700  0.000026   39.48
   400    299.455548     59   -288.911199  0.000392   -288.915540  0.000022    1.000702  0.000024   40.27
   420    299.450244     63   -288.911192  0.000379   -288.915549  0.000022    1.000699  0.000025   41.07
   440    299.437039     65   -288.911144  0.000365   -288.915141  0.000458    1.000694  0.000026   41.86
   460    299.430719     66   -288.911079  0.000357   -288.915159  0.000438    1.000691  0.000026   42.65
   480    299.423398     71   -288.911026  0.000345   -288.915180  0.000420    1.000695  0.000025   43.44
   500    299.415888     72   -288.910995  0.000341   -288.915196  0.000403    1.000699  0.000025   44.22
   520    299.409615     75   -288.910976  0.000333   -288.915213  0.000387    1.000694  0.000024   45.01
   540    299.405286     80   -288.910940  0.000337   -288.915222  0.000373    1.000695  0.000023   45.79
   560    299.397757     81   -288.911042  0.000345   -288.915233  0.000360    1.000688  0.000023   46.58
   580    299.393429     84   -288.911072  0.000343   -288.915245  0.000347    1.000689  0.000022   47.37
   600    299.387072     86   -288.911231  0.000352   -288.915255  0.000336    1.000683  0.000022   48.16
   620    299.382577     89   -288.911296  0.000354   -288.915267  0.000325    1.000685  0.000022   48.94
   640    299.377790     90   -288.911357  0.000344   -288.915277  0.000315    1.000689  0.000021   49.72
   660    299.373385     92   -288.911368  0.000337   -288.915281  0.000305    1.000696  0.000022   50.51
   680    299.369969     95   -288.911362  0.000326   -288.915295  0.000296    1.000698  0.000022   51.31
   700    299.367167     96   -288.911323  0.000326   -288.915304  0.000288    1.000697  0.000022   52.10
   720    299.364960     96   -288.911237  0.000318   -288.915311  0.000280    1.000697  0.000021   52.89
   740    299.364216     97   -288.911240  0.000315   -288.915313  0.000272    1.000698  0.000020   53.67
   760    299.362603     98   -288.911187  0.000319   -288.915318  0.000265    1.000705  0.000021   54.47
   780    299.359531    101   -288.911141  0.000314   -288.915292  0.000263    1.000706  0.000021   55.25
   800    299.357654    104   -288.911185  0.000308   -288.915302  0.000256    1.000702  0.000021   56.05
   820    299.353761    107   -288.911124  0.000302   -288.915309  0.000250    1.000706  0.000020   56.84
   840    299.351851    108   -288.911068  0.000308   -288.915312  0.000244    1.000708  0.000020   57.63
   860    299.347181    112   -288.910990  0.000305   -288.915318  0.000239    1.000711  0.000020   58.41
   880    299.344240    114   -288.910972  0.000306   -288.915324  0.000233    1.000712  0.000020   59.20
   900    299.341905    115   -288.910990  0.000306   -288.915325  0.000228    1.000712  0.000019   59.99
   920    299.341727    117   -288.911023  0.000300   -288.915327  0.000223    1.000714  0.000019   60.78
   940    299.339741    120   -288.910953  0.000293   -288.915332  0.000218    1.000717  0.000019   61.57
   960    299.338836    122   -288.910918  0.000293   -288.915337  0.000214    1.000715  0.000019   62.36
   980    299.337349    128   -288.910946  0.000286   -288.915337  0.000209    1.000715  0.000019   63.15
  1000    299.338330    129   -288.910949  0.000296   -288.915338  0.000205    1.000718  0.000019   63.94
---------------------------------------------- Post Propagation ----------------------------------------------
Total number of samples 1000
Raw AFQMC/HF (Guide) energy:           -288.910949 ± 0.000296
Raw Trial/Guide overlap ratio:          1.000718 ± 0.000019
Raw AFQMC/pt2CCSD energy (covariance): -288.915338 ± 0.000205
Raw AFQMC/pt2CCSD energy (dir sample): -288.915338 ± 0.000181
--------------------------------------------- Clean Obeservation ---------------------------------------------
removing energies outside zeta > 30
Outlier energy bound [-288.923890, -288.907131]
Removed 2 outliers with energies [-288.73608371 -288.8914783 ]
Clean AFQMC/pt2CCSD overlap ratio:        1.000719 ± 0.000019
Clean AFQMC/pt2CCSD energy (covariance): -288.915541 ± 0.000014
Clean AFQMC/ptCCSD energy (dir sample):  -288.915541 ± 0.000010
--------------------------------------------- Blocking Analysis ----------------------------------------------
nsample = 998, max_block_size = 24, min_nblocks = 40
   B    NB    NS  Observable     Error    dError
   1   998   998    1.000719  0.000008  0.000000
   2   499   998    1.000719  0.000010  0.000000
   3   332   996    1.000720  0.000012  0.000000
   4   249   996    1.000720  0.000013  0.000001
   5   199   995    1.000720  0.000014  0.000001
   6   166   996    1.000720  0.000014  0.000001
   7   142   994    1.000720  0.000015  0.000001
   8   124   992    1.000720  0.000016  0.000001
   9   110   990    1.000719  0.000016  0.000001
  10    99   990    1.000719  0.000016  0.000001
  11    90   990    1.000719  0.000016  0.000001
  12    83   996    1.000720  0.000017  0.000001
  13    76   988    1.000720  0.000017  0.000001
  14    71   994    1.000720  0.000017  0.000001
  15    66   990    1.000719  0.000017  0.000002
  16    62   992    1.000720  0.000018  0.000002
  17    58   986    1.000720  0.000018  0.000002
  18    55   990    1.000719  0.000017  0.000002
  19    52   988    1.000720  0.000018  0.000002
  20    49   980    1.000717  0.000015  0.000002
  21    47   987    1.000719  0.000017  0.000002
  22    45   990    1.000719  0.000017  0.000002
  23    43   989    1.000719  0.000016  0.000002
  24    41   984    1.000719  0.000019  0.000002
Fit (variance): plateau_var = 3.001e-10 ± 1.841e-11
Fit (error):    plateau = 0.000017 ± 0.000001
     autocorrelation length ~ 5.0 blocks
     plateau reached at block size ~ 23
nclean = 998, max_block_size = 24, min_nblocks = 40
Blk_SZ   NBlk   NSmp      Energy     Error    dError
     1    998    998  -288.915532  0.000010  0.000000
     2    499    998  -288.915534  0.000012  0.000000
     3    332    996  -288.915536  0.000013  0.000001
     4    249    996  -288.915536  0.000014  0.000001
     5    199    995  -288.915537  0.000014  0.000001
     6    166    996  -288.915537  0.000014  0.000001
     7    142    994  -288.915538  0.000015  0.000001
     8    124    992  -288.915538  0.000015  0.000001
     9    110    990  -288.915539  0.000015  0.000001
    10     99    990  -288.915538  0.000014  0.000001
    11     90    990  -288.915540  0.000015  0.000001
    12     83    996  -288.915538  0.000015  0.000001
    13     76    988  -288.915539  0.000016  0.000001
    14     71    994  -288.915538  0.000016  0.000001
    15     66    990  -288.915540  0.000015  0.000001
    16     62    992  -288.915539  0.000017  0.000002
    17     58    986  -288.915541  0.000016  0.000001
    18     55    990  -288.915540  0.000017  0.000002
    19     52    988  -288.915540  0.000015  0.000001
    20     49    980  -288.915542  0.000014  0.000001
    21     47    987  -288.915541  0.000016  0.000002
    22     45    990  -288.915541  0.000016  0.000002
    23     43    989  -288.915541  0.000015  0.000002
    24     41    984  -288.915542  0.000016  0.000002
Fit (variance): plateau_var = 2.352177e-10 ± 1.124465e-11
Fit (error):    plateau = 0.000015 ± 0.000000
     autocorrelation length ~ 2.9 blocks
     plateau reached at block size ~ 13
Final AFQMC/pt2CCSD overlap ratio: 1.000719 ± 0.000017
Final AFQMC/pt2CCSD energy: -288.915541 ± 0.000015
Total run time: 71.83
------------------------------------------ AFQMC Sampling Finished -------------------------------------------
Hostname: gpua081.delta.ncsa.illinois.edu
System Type: Linux
Machine Type: x86_64
Processor: x86_64
Using GPU.
System: Linux
Node Name: gpua081.delta.ncsa.illinois.edu
Release: 5.14.0-427.91.1.el9_4.x86_64
Version: #1 SMP PREEMPT_DYNAMIC Wed Sep 17 10:08:59 EDT 2025
Machine: x86_64
Processor: x86_64
QMC script: /u/yzhang65/myprojects/software/afqmc/afqmc/scripts/run_afqmc_pt2ccsd.py
  => E_HF(si)      = -288.8500765667 Eh
  => E_CCSD(si)    = -288.9140916974 Eh
  => E_CCSD(T)(si) = -288.9150891545 Eh
  => E_AFQMC(si)   = -288.91554 +/- 0.00002 Eh

All calculations complete. Results saved to ./atom_uhf_vdzsd.dat
