Molecules to run: 20
    1. ccl4.xyz
    2. cclh3.xyz
    3. cf2.xyz
    4. cf2cl2.xyz
    5. cf4.xyz
    6. ch2-sing.xyz
    7. ch2c.xyz
    8. ch2clf.xyz
    9. ch2f2.xyz
   10. ch2nh.xyz
   11. ch3f.xyz
   12. ch3nh2.xyz
   13. ch3ph2.xyz
   14. ch4.xyz
   15. chf3.xyz
   16. cis-c2f2cl2.xyz
   17. cl2.xyz
   18. cl2o.xyz
   19. clcn.xyz
   20. clcof.xyz

============================================================
Running: ccl4  charge=0  spin=0
============================================================
output file: ../../result/molout/closed_shell/ccl4_vtzfp.out

Preparing AFQMC calculation
Calculating Cholesky integrals
Alpha Cholesky shape: (934, 166, 166) 
 Beta Cholesky shape: (934, 166, 166) 
Finished calculating Cholesky integrals
Size of the correlation space:
Number of electrons:        [16 16]
Number of basis functions:  145
Number of Cholesky vectors: 934

    ________                     _____                    
    ___  __ \___  __________________(_)_____________ _    
    __  /_/ /  / / /_  __ \_  __ \_  /__  __ \_  __ `/    
    _  _, _// /_/ /_  / / /  / / /  / _  / / /  /_/ /     
    /_/ |_| \__,_/ /_/ /_//_/ /_//_/  /_/ /_/_\__, /      
                                             /____/       
    _____________________________  ___________            
    ___    |__  ____/_  __ \__   |/  /_  ____/            
    __  /| |_  /_   _  / / /_  /|_/ /_  /                 
    _  ___ |  __/   / /_/ /_  /  / / / /___               
    /_/  |_/_/      \___\_\/_/  /_/  \____/               

Hostname:     gpua021.delta.ncsa.illinois.edu
System:       Linux
Node:         gpua021.delta.ncsa.illinois.edu
Release:      5.14.0-427.91.1.el9_4.x86_64
Machine:      x86_64
Processor:    x86_64
JAX backend:  GPU
JAX devices:  [CudaDevice(id=0)]
Device kind:  NVIDIA A100-SXM4-40GB
Platform:     gpu

Load system from Integral File
Maximum memory per walker:            66.67 MB
Maximum number of Cholesky per chunk: 103
Number of Cholesky chunks:            10
Number of Cholesky per chunk:         94
Number of padding Cholesky:           6

QMC System
Number of electrons: (16, 16)
Spin Multiplicity:   0
Number of orbitals:  145
Number of Chol:      934

QMC Parameters
eql_time            :                   50
n_blocks            :                 1000
n_walkers           :                  300
max_error           :                  0.0
seed                :                   17
walker_type         :                  uhf
trial               :             upt2ccsd
mix_precision       :                 True
max_memory          :                20000
dt                  :                0.005
n_exp_terms         :                    6
n_prop_steps        :                   50
save_walkers        :                False
free_projection     :                False
n_batch             :                    1
nchol_chunk         :                   94

Initalize QMC walkers by stochastic CCSD

Equilibration
inv_T        weight  killW        energy   runTime
 0.00    300.000000      0  -1876.889246     17.67
 5.00    297.975030      0  -1876.917763     34.37
10.00    298.065351      0  -1876.943801     45.35
15.00    298.533285      0  -1876.942936     56.32
20.00    298.654769      0  -1876.887566     67.30
25.00    298.521888      0  -1876.928534     78.28
30.00    298.762012      0  -1876.955960     89.25
35.00    298.193517      0  -1876.935792    100.22
40.00    298.810633      0  -1876.950227    111.20
45.00    298.124692      0  -1876.932928    122.17
50.00    298.257790      0  -1876.936048    133.16

Sampling
blocks        weight  killW       E_Guide     error       E_Trial     error     olp_T/G     error  Walltime
    20    298.484480      0  -1876.939338  0.007231  -1876.936586  0.001372    1.004380  0.000259  245.28
    40    298.442353      0  -1876.942454  0.007135  -1876.939658  0.001310    1.004127  0.000268  352.58
    60    298.336266      0  -1876.942019  0.006300  -1876.939594  0.001378    1.004135  0.000194  460.01
    80    298.335767      0  -1876.943190  0.005105  -1876.938939  0.001185    1.004186  0.000195  567.35
   100    298.300428      0  -1876.940025  0.004217  -1876.938567  0.000982    1.004218  0.000141  674.82
   120    298.278793      0  -1876.940331  0.003586  -1876.938737  0.000862    1.004062  0.000169  782.13
   140    298.234519      0  -1876.939608  0.003147  -1876.938583  0.000763    1.004036  0.000150  889.55
   160    298.222317      0  -1876.940640  0.002965  -1876.938462  0.000704    1.004050  0.000137  996.94
   180    298.186882      0  -1876.941139  0.002837  -1876.938467  0.000645    1.004016  0.000123 1104.29
   200    298.162855      0  -1876.941161  0.002670  -1876.938343  0.000605    1.003990  0.000112 1211.74
   220    298.170786      0  -1876.941582  0.002677  -1876.938419  0.000564    1.003916  0.000112 1319.11
   240    298.161457      0  -1876.942582  0.002509  -1876.938673  0.000536    1.003860  0.000110 1426.50
   260    298.146016      0  -1876.944017  0.002639  -1876.938892  0.000507    1.003971  0.000128 1533.93
   280    298.123218      0  -1876.943546  0.002406  -1876.938710  0.000486    1.003989  0.000126 1641.26
   300    298.117881      0  -1876.943688  0.002282  -1876.938758  0.000461    1.003993  0.000120 1748.69
   320    298.122005      0  -1876.945330  0.002341  -1876.939033  0.000440    1.003954  0.000116 1856.06
   340    298.112308      0  -1876.945714  0.002301  -1876.939098  0.000421    1.003970  0.000113 1963.46
   360    298.108517      0  -1876.945990  0.002146  -1876.939143  0.000417    1.003963  0.000105 2070.88
   380    298.099206      0  -1876.946015  0.002073  -1876.939299  0.000411    1.003971  0.000101 2178.24
   400    298.089542      0  -1876.946286  0.002009  -1876.939492  0.000408    1.003942  0.000098 2285.68
   420    298.078393      0  -1876.946131  0.001922  -1876.939560  0.000395    1.003890  0.000100 2393.04
   440    298.056760      0  -1876.945424  0.001994  -1876.939503  0.000381    1.003846  0.000108 2500.48
   460    298.055862      0  -1876.945814  0.002038  -1876.939615  0.000372    1.003832  0.000105 2607.87
   480    298.048760      0  -1876.946087  0.002014  -1876.939619  0.000363    1.003851  0.000103 2715.22
   500    298.047467      0  -1876.946092  0.001932  -1876.939616  0.000354    1.003861  0.000101 2822.66
   520    298.046537      0  -1876.946064  0.001849  -1876.939605  0.000350    1.003828  0.000100 2929.99
   540    298.035378      0  -1876.945850  0.001776  -1876.939636  0.000340    1.003808  0.000097 3037.45
   560    298.024036      0  -1876.945854  0.001740  -1876.939751  0.000346    1.003812  0.000099 3144.81
   580    298.017279      0  -1876.945784  0.001703  -1876.939658  0.000338    1.003827  0.000098 3252.22
   600    298.009169      0  -1876.945349  0.001763  -1876.939666  0.000331    1.003820  0.000095 3359.66
   620    298.010522      0  -1876.945581  0.001703  -1876.939774  0.000324    1.003803  0.000093 3467.62
   640    297.998070      0  -1876.944890  0.001677  -1876.939636  0.000317    1.003796  0.000091 3575.10
   660    297.991934      0  -1876.944350  0.001769  -1876.939546  0.000310    1.003801  0.000087 3682.46
   680    297.988536      0  -1876.944532  0.001735  -1876.939548  0.000303    1.003810  0.000087 3790.57
   700    297.997007      0  -1876.945191  0.001740  -1876.939680  0.000298    1.003811  0.000085 3899.19
   720    297.996666      0  -1876.945492  0.001711  -1876.939654  0.000294    1.003815  0.000083 4006.67
   740    297.994132      1  -1876.945714  0.001687  -1876.939690  0.000290    1.003821  0.000082 4114.15
   760    297.994518      2  -1876.946329  0.001736  -1876.939775  0.000287    1.003824  0.000081 4221.53
   780    297.993142      2  -1876.946246  0.001691  -1876.939767  0.000282    1.003821  0.000080 4328.96
   800    297.991138      2  -1876.946098  0.001660  -1876.939675  0.000278    1.003804  0.000079 4437.21
   820    297.986444      2  -1876.945804  0.001646  -1876.939564  0.000277    1.003791  0.000078 4545.43
   840    297.983917      2  -1876.946028  0.001621  -1876.939722  0.000294    1.003794  0.000080 4653.99
   860    297.985545      2  -1876.946082  0.001616  -1876.939738  0.000289    1.003763  0.000080 4762.61
   880    297.979193      2  -1876.945844  0.001577  -1876.939637  0.000286    1.003776  0.000087 4871.17
   900    297.973761      2  -1876.945742  0.001562  -1876.939648  0.000282    1.003778  0.000087 4979.73
   920    297.963865      2  -1876.945569  0.001590  -1876.939626  0.000278    1.003804  0.000084 5088.30
   940    297.956916      2  -1876.945178  0.001590  -1876.939608  0.000274    1.003806  0.000090 5196.88
   960    297.953406      2  -1876.945133  0.001599  -1876.939606  0.000269    1.003796  0.000089 5305.16
   980    297.951285      2  -1876.945108  0.001564  -1876.939682  0.000280    1.003815  0.000087 5413.74
  1000    297.953763      2  -1876.945137  0.001530  -1876.939627  0.000276    1.003827  0.000086 5522.27

Post Propagation Process
Total number of samples 1000
Raw AFQMC/HF (Guide) energy:           -1876.945137 ± 0.001530
Raw Trial/Guide overlap ratio:          1.003827 ± 0.000086
Raw AFQMC/pt2CCSD energy (covariance): -1876.939627 ± 0.000276
Raw AFQMC/pt2CCSD energy (dir sample): -1876.939627 ± 0.000230

Remove Outliers
removing energies outside zeta > 30
Outlier energy bound [-1877.113254, -1876.764226]
Removed 0 outliers with energies []
Clean AFQMC/pt2CCSD overlap ratio:        1.003827 ± 0.000086
Clean AFQMC/pt2CCSD energy (covariance): -1876.939627 ± 0.000276
Clean AFQMC/ptCCSD energy (dir sample):  -1876.939627 ± 0.000230

Blocking Analysis
nsample = 1000, max_block_size = 25, min_nblocks = 40
   B    NB    NS  Observable     Error    dError
   1  1000  1000    1.003827  0.000028  0.000001
   2   500  1000    1.003827  0.000037  0.000001
   3   333   999    1.003827  0.000044  0.000002
   4   250  1000    1.003827  0.000050  0.000002
   5   200  1000    1.003827  0.000054  0.000003
   6   166   996    1.003825  0.000058  0.000003
   7   142   994    1.003823  0.000061  0.000004
   8   125  1000    1.003827  0.000064  0.000004
   9   111   999    1.003827  0.000065  0.000004
  10   100  1000    1.003827  0.000066  0.000005
  11    90   990    1.003820  0.000071  0.000005
  12    83   996    1.003825  0.000072  0.000006
  13    76   988    1.003819  0.000074  0.000006
  14    71   994    1.003823  0.000077  0.000006
  15    66   990    1.003820  0.000075  0.000007
  16    62   992    1.003821  0.000077  0.000007
  17    58   986    1.003819  0.000077  0.000007
  18    55   990    1.003820  0.000075  0.000007
  19    52   988    1.003819  0.000078  0.000008
  20    50  1000    1.003827  0.000077  0.000008
  21    47   987    1.003819  0.000085  0.000009
  22    45   990    1.003820  0.000086  0.000009
  23    43   989    1.003819  0.000072  0.000008
  24    41   984    1.003817  0.000086  0.000010
  25    40  1000    1.003827  0.000081  0.000009
Fit (variance): plateau_var = 7.034e-09 ± 6.803e-10
Fit (error):    plateau = 0.000084 ± 0.000004
     autocorrelation length ~ 9.4 blocks
     plateau reached at block size ~ 44
     !!!Failed to reach plateau in blocking
     Return max block error
nclean = 1000, max_block_size = 25, min_nblocks = 40
Blk_SZ   NBlk   NSmp      Energy     Error    dError
     1   1000   1000  -1876.939429  0.000230  0.000005
     2    500   1000  -1876.939473  0.000269  0.000009
     3    333    999  -1876.939500  0.000298  0.000012
     4    250   1000  -1876.939517  0.000302  0.000014
     5    200   1000  -1876.939530  0.000322  0.000016
     6    166    996  -1876.939554  0.000340  0.000019
     7    142    994  -1876.939564  0.000333  0.000020
     8    125   1000  -1876.939554  0.000338  0.000021
     9    111    999  -1876.939558  0.000348  0.000023
    10    100   1000  -1876.939564  0.000351  0.000025
    11     90    990  -1876.939601  0.000339  0.000025
    12     83    996  -1876.939587  0.000357  0.000028
    13     76    988  -1876.939622  0.000332  0.000027
    14     71    994  -1876.939584  0.000347  0.000029
    15     66    990  -1876.939607  0.000352  0.000031
    16     62    992  -1876.939600  0.000374  0.000034
    17     58    986  -1876.939622  0.000368  0.000034
    18     55    990  -1876.939619  0.000364  0.000035
    19     52    988  -1876.939631  0.000373  0.000037
    20     50   1000  -1876.939585  0.000358  0.000036
    21     47    987  -1876.939633  0.000347  0.000036
    22     45    990  -1876.939623  0.000342  0.000036
    23     43    989  -1876.939622  0.000352  0.000038
    24     41    984  -1876.939633  0.000363  0.000041
    25     40   1000  -1876.939590  0.000340  0.000039
Fit (variance): plateau_var = 1.250748e-07 ± 6.084167e-09
Fit (error):    plateau = 0.000354 ± 0.000009
     autocorrelation length ~ 3.3 blocks
     plateau reached at block size ~ 15
Final AFQMC/pt2CCSD overlap ratio: 1.003827 ± 0.000086
Final AFQMC/pt2CCSD energy: -1876.939627 ± 0.000354
Total run time: 5531.91

AFQMC Sampling Finished

QMC script: /u/yzhang65/myprojects/software/afqmc/afqmc/scripts/run_afqmc_pt2ccsd.py
  => E_HF(ccl4)      = -1875.9140350813 Eh
  => E_CCSD(ccl4)    = -1876.8901376228 Eh
  => E_AFQMC(ccl4)   = -1876.93963 +/- 0.00035 Eh

============================================================
Running: cclh3  charge=0  spin=0
============================================================
output file: ../../result/molout/closed_shell/cclh3_vtzfp.out

Preparing AFQMC calculation
Calculating Cholesky integrals
Alpha Cholesky shape: (521, 91, 91) 
 Beta Cholesky shape: (521, 91, 91) 
Finished calculating Cholesky integrals
Size of the correlation space:
Number of electrons:        [7 7]
Number of basis functions:  85
Number of Cholesky vectors: 521

    ________                     _____                    
    ___  __ \___  __________________(_)_____________ _    
    __  /_/ /  / / /_  __ \_  __ \_  /__  __ \_  __ `/    
    _  _, _// /_/ /_  / / /  / / /  / _  / / /  /_/ /     
    /_/ |_| \__,_/ /_/ /_//_/ /_//_/  /_/ /_/_\__, /      
                                             /____/       
    _____________________________  ___________            
    ___    |__  ____/_  __ \__   |/  /_  ____/            
    __  /| |_  /_   _  / / /_  /|_/ /_  /                 
    _  ___ |  __/   / /_/ /_  /  / / / /___               
    /_/  |_/_/      \___\_\/_/  /_/  \____/               

Hostname:     gpua021.delta.ncsa.illinois.edu
System:       Linux
Node:         gpua021.delta.ncsa.illinois.edu
Release:      5.14.0-427.91.1.el9_4.x86_64
Machine:      x86_64
Processor:    x86_64
JAX backend:  GPU
JAX devices:  [CudaDevice(id=0)]
Device kind:  NVIDIA A100-SXM4-40GB
Platform:     gpu

Load system from Integral File
Maximum memory per walker:            66.67 MB
Maximum number of Cholesky per chunk: 302
Number of Cholesky chunks:            2
Number of Cholesky per chunk:         261
Number of padding Cholesky:           1

QMC System
Number of electrons: (7, 7)
Spin Multiplicity:   0
Number of orbitals:  85
Number of Chol:      521

QMC Parameters
eql_time            :                   50
n_blocks            :                 1000
n_walkers           :                  300
max_error           :                  0.0
seed                :                   17
walker_type         :                  uhf
trial               :             upt2ccsd
mix_precision       :                 True
max_memory          :                20000
dt                  :                0.005
n_exp_terms         :                    6
n_prop_steps        :                   50
save_walkers        :                False
free_projection     :                False
n_batch             :                    1
nchol_chunk         :                  261

Initalize QMC walkers by stochastic CCSD

Equilibration
inv_T        weight  killW        energy   runTime
 0.00    300.000000      0   -499.546667     11.97
 5.00    299.204576      0   -499.566235     22.29
10.00    299.474220      0   -499.559629     25.32
15.00    298.659791      0   -499.561017     29.12
20.00    298.789013      0   -499.563070     32.14
25.00    298.947339      0   -499.555267     35.16
30.00    299.646821      0   -499.577340     38.90
35.00    299.222867      0   -499.558937     41.91
40.00    298.976517      0   -499.560539     44.99
45.00    299.628660      0   -499.583189     48.84
50.00    298.459429      0   -499.541784     51.86

Sampling
blocks        weight  killW       E_Guide     error       E_Trial     error     olp_T/G     error  Walltime
    20    299.199123      0   -499.564332  0.003924   -499.562300  0.000525    1.000931  0.000155   87.99
    40    299.142683      0   -499.561500  0.003839   -499.562476  0.000439    1.000979  0.000092  119.32
    60    299.083997      0   -499.561607  0.003254   -499.562530  0.000429    1.001039  0.000092  150.70
    80    299.095177      0   -499.561293  0.002523   -499.562476  0.000350    1.001077  0.000073  182.79
   100    299.076690      0   -499.562669  0.002165   -499.562509  0.000300    1.001001  0.000077  214.19
   120    299.040128      0   -499.561294  0.001976   -499.562544  0.000264    1.001006  0.000072  245.60
   140    299.042485      0   -499.561433  0.001804   -499.562637  0.000260    1.000966  0.000070  277.66
   160    299.033457      0   -499.562150  0.001658   -499.562527  0.000256    1.000960  0.000076  309.07
   180    299.035918      0   -499.562943  0.001616   -499.562622  0.000240    1.000980  0.000068  340.47
   200    299.043729      0   -499.562949  0.001431   -499.562636  0.000220    1.001007  0.000063  372.55
   220    299.043859      0   -499.563475  0.001337   -499.562766  0.000208    1.000963  0.000065  403.94
   240    299.042876      0   -499.564286  0.001476   -499.562912  0.000223    1.000951  0.000064  435.33
   260    299.035272      0   -499.564059  0.001404   -499.562910  0.000213    1.000945  0.000059  467.41
   280    299.031335      0   -499.564271  0.001301   -499.562991  0.000203    1.000964  0.000057  498.80
   300    299.025950      0   -499.564088  0.001260   -499.562922  0.000195    1.000975  0.000054  530.20
   320    299.023471      0   -499.564054  0.001170   -499.562929  0.000184    1.000965  0.000053  562.28
   340    299.018916      0   -499.564024  0.001143   -499.562884  0.000176    1.000980  0.000051  593.69
   360    299.022319      0   -499.564388  0.001172   -499.562974  0.000186    1.000984  0.000048  625.11
   380    299.025225      0   -499.564830  0.001144   -499.562990  0.000179    1.001008  0.000049  657.19
   400    299.024757      0   -499.565019  0.001123   -499.562982  0.000173    1.000997  0.000047  688.57
   420    299.019750      0   -499.565103  0.001085   -499.562979  0.000166    1.000999  0.000045  719.97
   440    299.016151      0   -499.565196  0.001103   -499.562926  0.000161    1.001001  0.000044  752.06
   460    299.012151      0   -499.565116  0.001079   -499.562906  0.000156    1.000991  0.000042  783.45
   480    299.010599      0   -499.565345  0.001038   -499.562934  0.000152    1.000979  0.000045  814.86
   500    299.004575      0   -499.565062  0.001035   -499.562898  0.000147    1.000978  0.000044  846.94
   520    298.994918      0   -499.564666  0.001064   -499.562834  0.000143    1.000981  0.000043  878.32
   540    298.991976      0   -499.564774  0.001028   -499.562848  0.000140    1.000986  0.000042  909.73
   560    298.985636      1   -499.564457  0.001010   -499.562825  0.000137    1.000994  0.000041  941.83
   580    298.976336      1   -499.564251  0.001025   -499.562788  0.000134    1.000993  0.000040  973.21
   600    298.974098      1   -499.564083  0.000991   -499.562804  0.000134    1.000987  0.000039 1004.63
   620    298.974669      1   -499.564067  0.000959   -499.562774  0.000130    1.000990  0.000038 1036.70
   640    298.966796      1   -499.563751  0.000966   -499.562778  0.000128    1.000988  0.000038 1068.08
   660    298.967289      1   -499.563873  0.000947   -499.562790  0.000125    1.000989  0.000037 1099.47
   680    298.967094      1   -499.564049  0.000927   -499.562800  0.000123    1.000986  0.000036 1131.57
   700    298.963990      1   -499.564037  0.000930   -499.562801  0.000121    1.000985  0.000036 1162.96
   720    298.963073      1   -499.564036  0.000892   -499.562824  0.000118    1.000977  0.000036 1194.38
   740    298.964148      1   -499.564228  0.000894   -499.562838  0.000117    1.000968  0.000036 1226.44
   760    298.961012      1   -499.564188  0.000877   -499.562853  0.000115    1.000967  0.000035 1257.86
   780    298.957906      1   -499.564288  0.000872   -499.562878  0.000114    1.000969  0.000034 1289.24
   800    298.955298      1   -499.564134  0.000847   -499.562868  0.000112    1.000965  0.000033 1321.33
   820    298.955075      1   -499.564055  0.000834   -499.562833  0.000111    1.000970  0.000033 1352.71
   840    298.954645      1   -499.564036  0.000845   -499.562830  0.000109    1.000959  0.000036 1384.11
   860    298.954888      1   -499.563982  0.000845   -499.562834  0.000107    1.000956  0.000036 1416.21
   880    298.951241      1   -499.563701  0.000871   -499.562827  0.000106    1.000957  0.000035 1447.63
   900    298.952401      2   -499.563887  0.000871   -499.562819  0.000104    1.000954  0.000034 1479.01
   920    298.954869      2   -499.564101  0.000874   -499.562818  0.000102    1.000963  0.000033 1511.08
   940    298.951957      2   -499.564019  0.000873   -499.562816  0.000101    1.000966  0.000034 1542.47
   960    298.951609      2   -499.564039  0.000862   -499.562807  0.000100    1.000970  0.000033 1573.86
   980    298.948496      2   -499.563896  0.000844   -499.562802  0.000099    1.000975  0.000033 1605.93
  1000    298.949742      2   -499.563955  0.000826   -499.562787  0.000100    1.000974  0.000033 1637.32

Post Propagation Process
Total number of samples 1000
Raw AFQMC/HF (Guide) energy:           -499.563955 ± 0.000826
Raw Trial/Guide overlap ratio:          1.000974 ± 0.000033
Raw AFQMC/pt2CCSD energy (covariance): -499.562787 ± 0.000100
Raw AFQMC/pt2CCSD energy (dir sample): -499.562787 ± 0.000083

Remove Outliers
removing energies outside zeta > 30
Outlier energy bound [-499.625434, -499.499401]
Removed 0 outliers with energies []
Clean AFQMC/pt2CCSD overlap ratio:        1.000974 ± 0.000033
Clean AFQMC/pt2CCSD energy (covariance): -499.562787 ± 0.000100
Clean AFQMC/ptCCSD energy (dir sample):  -499.562787 ± 0.000083

Blocking Analysis
nsample = 1000, max_block_size = 25, min_nblocks = 40
   B    NB    NS  Observable     Error    dError
   1  1000  1000    1.000974  0.000012  0.000000
   2   500  1000    1.000974  0.000016  0.000000
   3   333   999    1.000975  0.000018  0.000001
   4   250  1000    1.000974  0.000020  0.000001
   5   200  1000    1.000974  0.000022  0.000001
   6   166   996    1.000975  0.000023  0.000001
   7   142   994    1.000975  0.000024  0.000001
   8   125  1000    1.000974  0.000025  0.000002
   9   111   999    1.000975  0.000026  0.000002
  10   100  1000    1.000974  0.000026  0.000002
  11    90   990    1.000976  0.000026  0.000002
  12    83   996    1.000975  0.000028  0.000002
  13    76   988    1.000976  0.000028  0.000002
  14    71   994    1.000975  0.000028  0.000002
  15    66   990    1.000976  0.000028  0.000002
  16    62   992    1.000975  0.000029  0.000003
  17    58   986    1.000976  0.000029  0.000003
  18    55   990    1.000976  0.000031  0.000003
  19    52   988    1.000976  0.000030  0.000003
  20    50  1000    1.000974  0.000029  0.000003
  21    47   987    1.000976  0.000033  0.000003
  22    45   990    1.000976  0.000029  0.000003
  23    43   989    1.000976  0.000029  0.000003
  24    41   984    1.000976  0.000029  0.000003
  25    40  1000    1.000974  0.000033  0.000004
Fit (variance): plateau_var = 9.318e-10 ± 7.434e-11
Fit (error):    plateau = 0.000031 ± 0.000001
     autocorrelation length ~ 7.3 blocks
     plateau reached at block size ~ 34
     !!!Failed to reach plateau in blocking
     Return max block error
nclean = 1000, max_block_size = 25, min_nblocks = 40
Blk_SZ   NBlk   NSmp      Energy     Error    dError
     1   1000   1000  -499.562724  0.000083  0.000002
     2    500   1000  -499.562735  0.000095  0.000003
     3    333    999  -499.562745  0.000093  0.000004
     4    250   1000  -499.562749  0.000101  0.000005
     5    200   1000  -499.562754  0.000105  0.000005
     6    166    996  -499.562762  0.000102  0.000006
     7    142    994  -499.562771  0.000102  0.000006
     8    125   1000  -499.562760  0.000106  0.000007
     9    111    999  -499.562767  0.000102  0.000007
    10    100   1000  -499.562766  0.000105  0.000007
    11     90    990  -499.562781  0.000107  0.000008
    12     83    996  -499.562776  0.000100  0.000008
    13     76    988  -499.562787  0.000101  0.000008
    14     71    994  -499.562782  0.000115  0.000010
    15     66    990  -499.562788  0.000106  0.000009
    16     62    992  -499.562789  0.000109  0.000010
    17     58    986  -499.562776  0.000100  0.000009
    18     55    990  -499.562790  0.000104  0.000010
    19     52    988  -499.562791  0.000099  0.000010
    20     50   1000  -499.562775  0.000102  0.000010
    21     47    987  -499.562781  0.000110  0.000011
    22     45    990  -499.562790  0.000110  0.000012
    23     43    989  -499.562792  0.000109  0.000012
    24     41    984  -499.562785  0.000107  0.000012
    25     40   1000  -499.562777  0.000106  0.000012
Fit (variance): plateau_var = 1.093700e-08 ± 4.483452e-10
Fit (error):    plateau = 0.000105 ± 0.000002
     autocorrelation length ~ 2.1 blocks
     plateau reached at block size ~ 9
Final AFQMC/pt2CCSD overlap ratio: 1.000974 ± 0.000033
Final AFQMC/pt2CCSD energy: -499.562787 ± 0.000105
Total run time: 1646.63

AFQMC Sampling Finished

QMC script: /u/yzhang65/myprojects/software/afqmc/afqmc/scripts/run_afqmc_pt2ccsd.py
  => E_HF(cclh3)      = -499.1474743101 Eh
  => E_CCSD(cclh3)    = -499.5467013833 Eh
  => E_AFQMC(cclh3)   = -499.56279 +/- 0.00011 Eh

============================================================
Running: cf2  charge=0  spin=0
============================================================
output file: ../../result/molout/closed_shell/cf2_vtzfp.out

Preparing AFQMC calculation
Calculating Cholesky integrals
Alpha Cholesky shape: (568, 90, 90) 
 Beta Cholesky shape: (568, 90, 90) 
Finished calculating Cholesky integrals
Size of the correlation space:
Number of electrons:        [9 9]
Number of basis functions:  87
Number of Cholesky vectors: 568

    ________                     _____                    
    ___  __ \___  __________________(_)_____________ _    
    __  /_/ /  / / /_  __ \_  __ \_  /__  __ \_  __ `/    
    _  _, _// /_/ /_  / / /  / / /  / _  / / /  /_/ /     
    /_/ |_| \__,_/ /_/ /_//_/ /_//_/  /_/ /_/_\__, /      
                                             /____/       
    _____________________________  ___________            
    ___    |__  ____/_  __ \__   |/  /_  ____/            
    __  /| |_  /_   _  / / /_  /|_/ /_  /                 
    _  ___ |  __/   / /_/ /_  /  / / / /___               
    /_/  |_/_/      \___\_\/_/  /_/  \____/               

Hostname:     gpua021.delta.ncsa.illinois.edu
System:       Linux
Node:         gpua021.delta.ncsa.illinois.edu
Release:      5.14.0-427.91.1.el9_4.x86_64
Machine:      x86_64
Processor:    x86_64
JAX backend:  GPU
JAX devices:  [CudaDevice(id=0)]
Device kind:  NVIDIA A100-SXM4-40GB
Platform:     gpu

Load system from Integral File
Maximum memory per walker:            66.67 MB
Maximum number of Cholesky per chunk: 288
Number of Cholesky chunks:            2
Number of Cholesky per chunk:         284
Number of padding Cholesky:           0

QMC System
Number of electrons: (9, 9)
Spin Multiplicity:   0
Number of orbitals:  87
Number of Chol:      568

QMC Parameters
eql_time            :                   50
n_blocks            :                 1000
n_walkers           :                  300
max_error           :                  0.0
seed                :                   17
walker_type         :                  uhf
trial               :             upt2ccsd
mix_precision       :                 True
max_memory          :                20000
dt                  :                0.005
n_exp_terms         :                    6
n_prop_steps        :                   50
save_walkers        :                False
free_projection     :                False
n_batch             :                    1
nchol_chunk         :                  284

Initalize QMC walkers by stochastic CCSD

Equilibration
inv_T        weight  killW        energy   runTime
 0.00    300.000000      0   -237.395247     12.61
 5.00    299.116012      0   -237.439629     22.80
10.00    299.903647      0   -237.418180     27.13
15.00    298.524957      0   -237.455591     30.66
20.00    300.013817      0   -237.445152     35.01
25.00    299.792322      0   -237.466078     38.55
30.00    299.103751      0   -237.385118     42.08
35.00    299.218616      0   -237.384327     46.43
40.00    299.911357      0   -237.428172     49.96
45.00    299.313773      0   -237.425508     54.32
50.00    299.829008      0   -237.507463     57.87

Sampling
blocks        weight  killW       E_Guide     error       E_Trial     error     olp_T/G     error  Walltime
    20    299.342120      1   -237.431393  0.007617   -237.422315  0.002046    1.034559  0.000949   97.41
    40    299.025976      3   -237.421872  0.007542   -237.421384  0.001296    1.035197  0.000788  131.37
    60    298.968403      3   -237.423748  0.005306   -237.419940  0.001043    1.036383  0.000975  165.80
    80    298.969574      3   -237.423080  0.006514   -237.420503  0.001277    1.036634  0.000956  199.83
   100    298.953047      5   -237.425148  0.005901   -237.420900  0.001106    1.037199  0.000844  233.82
   120    298.926275      5   -237.426401  0.005353   -237.420830  0.001175    1.037584  0.000751  267.81
   140    298.909341      5   -237.424743  0.004831   -237.420669  0.001027    1.037533  0.000660  301.78
   160    298.903570      6   -237.424133  0.004255   -237.420568  0.000915    1.037537  0.000594  335.78
   180    298.877436      6   -237.424431  0.003663   -237.420420  0.000825    1.037518  0.000542  369.79
   200    298.851572      6   -237.424893  0.003394   -237.420159  0.000755    1.037585  0.000498  403.77
   220    298.867684      6   -237.425648  0.003186   -237.420248  0.000706    1.037760  0.000472  437.81
   240    298.864299      7   -237.425544  0.002999   -237.420160  0.000658    1.037697  0.000437  471.78
   260    298.830942      7   -237.424557  0.002842   -237.420022  0.000614    1.037866  0.000416  505.78
   280    298.815344      8   -237.425108  0.002639   -237.420161  0.000585    1.037934  0.000386  539.81
   300    298.803480      8   -237.424819  0.002529   -237.420222  0.000559    1.038017  0.000370  573.75
   320    298.813998      8   -237.424997  0.002376   -237.420209  0.000532    1.037938  0.000352  607.75
   340    298.804726      8   -237.425008  0.002267   -237.420207  0.000510    1.037945  0.000334  641.75
   360    298.796020      9   -237.424537  0.002185   -237.420075  0.000487    1.037874  0.000329  675.72
   380    298.787185      9   -237.424516  0.002083   -237.419960  0.000469    1.037932  0.000320  709.72
   400    298.795093      9   -237.425089  0.002018   -237.420116  0.000452    1.037940  0.000305  743.73
   420    298.790855      9   -237.425842  0.001963   -237.420336  0.000447    1.037863  0.000299  777.81
   440    298.796324      9   -237.425984  0.001948   -237.420608  0.000468    1.037927  0.000289  811.79
   460    298.779121      9   -237.425414  0.001868   -237.420584  0.000451    1.037942  0.000277  845.80
   480    298.772087      9   -237.425424  0.001861   -237.420518  0.000438    1.037967  0.000279  879.81
   500    298.760684     10   -237.424952  0.001830   -237.420428  0.000424    1.038023  0.000272  913.79
   520    298.757627     10   -237.424920  0.001771   -237.420403  0.000412    1.038074  0.000271  947.83
   540    298.760887     10   -237.424842  0.001696   -237.420367  0.000400    1.038115  0.000262  981.83
   560    298.750010     10   -237.424868  0.001672   -237.420275  0.000391    1.038047  0.000259 1015.82
   580    298.744448     10   -237.424830  0.001614   -237.420303  0.000383    1.038057  0.000256 1049.85
   600    298.738622     10   -237.424783  0.001617   -237.420313  0.000379    1.038023  0.000248 1083.86
   620    298.739339     10   -237.424759  0.001580   -237.420290  0.000370    1.038104  0.000251 1117.83
   640    298.747617     11   -237.424833  0.001542   -237.420248  0.000361    1.038103  0.000244 1151.83
   660    298.748339     12   -237.425031  0.001475   -237.420239  0.000353    1.038054  0.000237 1185.80
   680    298.752895     12   -237.425038  0.001441   -237.420222  0.000345    1.038079  0.000242 1219.78
   700    298.757471     12   -237.424996  0.001412   -237.420193  0.000338    1.038100  0.000236 1253.77
   720    298.752559     12   -237.424910  0.001356   -237.420149  0.000332    1.038156  0.000238 1287.75
   740    298.750335     14   -237.424914  0.001329   -237.420159  0.000325    1.038145  0.000233 1321.75
   760    298.752914     14   -237.425011  0.001322   -237.420257  0.000343    1.038208  0.000229 1355.77
   780    298.750730     14   -237.425079  0.001306   -237.420247  0.000337    1.038165  0.000225 1389.76
   800    298.741924     15   -237.424753  0.001297   -237.420174  0.000330    1.038189  0.000217 1423.74
   820    298.742907     15   -237.424841  0.001297   -237.420159  0.000323    1.038200  0.000212 1457.75
   840    298.750446     15   -237.424992  0.001288   -237.420179  0.000318    1.038227  0.000208 1491.75
   860    298.752494     15   -237.425028  0.001262   -237.420174  0.000312    1.038201  0.000207 1525.74
   880    298.744455     16   -237.424632  0.001270   -237.420126  0.000307    1.038214  0.000204 1559.76
   900    298.739926     16   -237.424297  0.001258   -237.420100  0.000302    1.038201  0.000202 1593.74
   920    298.740929     16   -237.424416  0.001310   -237.420028  0.000300    1.038216  0.000198 1627.78
   940    298.737739     17   -237.424313  0.001310   -237.419985  0.000296    1.038256  0.000195 1661.84
   960    298.736457     17   -237.424544  0.001278   -237.419977  0.000292    1.038287  0.000196 1695.87
   980    298.740750     17   -237.424745  0.001265   -237.420042  0.000290    1.038268  0.000193 1729.85
  1000    298.740338     17   -237.424480  0.001245   -237.420035  0.000286    1.038252  0.000190 1763.90

Post Propagation Process
Total number of samples 1000
Raw AFQMC/HF (Guide) energy:           -237.424480 ± 0.001245
Raw Trial/Guide overlap ratio:          1.038252 ± 0.000190
Raw AFQMC/pt2CCSD energy (covariance): -237.420035 ± 0.000286
Raw AFQMC/pt2CCSD energy (dir sample): -237.420035 ± 0.000231

Remove Outliers
removing energies outside zeta > 30
Outlier energy bound [-237.564187, -237.273623]
Removed 0 outliers with energies []
Clean AFQMC/pt2CCSD overlap ratio:        1.038252 ± 0.000190
Clean AFQMC/pt2CCSD energy (covariance): -237.420035 ± 0.000286
Clean AFQMC/ptCCSD energy (dir sample):  -237.420035 ± 0.000231

Blocking Analysis
nsample = 1000, max_block_size = 25, min_nblocks = 40
   B    NB    NS  Observable     Error    dError
   1  1000  1000    1.038252  0.000078  0.000002
   2   500  1000    1.038252  0.000103  0.000003
   3   333   999    1.038252  0.000119  0.000005
   4   250  1000    1.038252  0.000133  0.000006
   5   200  1000    1.038252  0.000143  0.000007
   6   166   996    1.038248  0.000150  0.000008
   7   142   994    1.038249  0.000157  0.000009
   8   125  1000    1.038252  0.000164  0.000010
   9   111   999    1.038252  0.000173  0.000012
  10   100  1000    1.038252  0.000174  0.000012
  11    90   990    1.038252  0.000179  0.000013
  12    83   996    1.038248  0.000182  0.000014
  13    76   988    1.038260  0.000180  0.000015
  14    71   994    1.038249  0.000181  0.000015
  15    66   990    1.038252  0.000173  0.000015
  16    62   992    1.038252  0.000171  0.000015
  17    58   986    1.038260  0.000186  0.000017
  18    55   990    1.038252  0.000181  0.000017
  19    52   988    1.038260  0.000170  0.000017
  20    50  1000    1.038252  0.000185  0.000019
  21    47   987    1.038261  0.000186  0.000019
  22    45   990    1.038252  0.000188  0.000020
  23    43   989    1.038256  0.000190  0.000021
  24    41   984    1.038265  0.000176  0.000020
  25    40  1000    1.038252  0.000177  0.000020
Fit (variance): plateau_var = 3.463e-08 ± 2.225e-09
Fit (error):    plateau = 0.000186 ± 0.000006
     autocorrelation length ~ 5.7 blocks
     plateau reached at block size ~ 27
     !!!Failed to reach plateau in blocking
     Return max block error
nclean = 1000, max_block_size = 25, min_nblocks = 40
Blk_SZ   NBlk   NSmp      Energy     Error    dError
     1   1000   1000  -237.419911  0.000232  0.000005
     2    500   1000  -237.419943  0.000253  0.000008
     3    333    999  -237.419964  0.000255  0.000010
     4    250   1000  -237.419974  0.000282  0.000013
     5    200   1000  -237.419981  0.000284  0.000014
     6    166    996  -237.420003  0.000285  0.000016
     7    142    994  -237.420005  0.000284  0.000017
     8    125   1000  -237.419994  0.000298  0.000019
     9    111    999  -237.419993  0.000312  0.000021
    10    100   1000  -237.420000  0.000297  0.000021
    11     90    990  -237.420026  0.000288  0.000022
    12     83    996  -237.420020  0.000315  0.000025
    13     76    988  -237.420028  0.000307  0.000025
    14     71    994  -237.420028  0.000309  0.000026
    15     66    990  -237.420032  0.000320  0.000028
    16     62    992  -237.420029  0.000284  0.000026
    17     58    986  -237.420044  0.000325  0.000030
    18     55    990  -237.420034  0.000335  0.000032
    19     52    988  -237.420034  0.000329  0.000033
    20     50   1000  -237.420019  0.000278  0.000028
    21     47    987  -237.420036  0.000338  0.000035
    22     45    990  -237.420037  0.000327  0.000035
    23     43    989  -237.420039  0.000313  0.000034
    24     41    984  -237.420032  0.000327  0.000037
    25     40   1000  -237.420017  0.000358  0.000041
Fit (variance): plateau_var = 9.939269e-08 ± 6.620197e-09
Fit (error):    plateau = 0.000315 ± 0.000010
     autocorrelation length ~ 5.1 blocks
     plateau reached at block size ~ 21
Final AFQMC/pt2CCSD overlap ratio: 1.038252 ± 0.000190
Final AFQMC/pt2CCSD energy: -237.420035 ± 0.000315
Total run time: 1784.56

AFQMC Sampling Finished

QMC script: /u/yzhang65/myprojects/software/afqmc/afqmc/scripts/run_afqmc_pt2ccsd.py
  => E_HF(cf2)      = -236.7554857438 Eh
  => E_CCSD(cf2)    = -237.3960974233 Eh
  => E_AFQMC(cf2)   = -237.42004 +/- 0.00032 Eh

============================================================
Running: cf2cl2  charge=0  spin=0
============================================================
output file: ../../result/molout/closed_shell/cf2cl2_vtzfp.out

Preparing AFQMC calculation
Calculating Cholesky integrals
Alpha Cholesky shape: (934, 158, 158) 
 Beta Cholesky shape: (934, 158, 158) 
Finished calculating Cholesky integrals
Size of the correlation space:
Number of electrons:        [16 16]
Number of basis functions:  145
Number of Cholesky vectors: 934

    ________                     _____                    
    ___  __ \___  __________________(_)_____________ _    
    __  /_/ /  / / /_  __ \_  __ \_  /__  __ \_  __ `/    
    _  _, _// /_/ /_  / / /  / / /  / _  / / /  /_/ /     
    /_/ |_| \__,_/ /_/ /_//_/ /_//_/  /_/ /_/_\__, /      
                                             /____/       
    _____________________________  ___________            
    ___    |__  ____/_  __ \__   |/  /_  ____/            
    __  /| |_  /_   _  / / /_  /|_/ /_  /                 
    _  ___ |  __/   / /_/ /_  /  / / / /___               
    /_/  |_/_/      \___\_\/_/  /_/  \____/               

Hostname:     gpua021.delta.ncsa.illinois.edu
System:       Linux
Node:         gpua021.delta.ncsa.illinois.edu
Release:      5.14.0-427.91.1.el9_4.x86_64
Machine:      x86_64
Processor:    x86_64
JAX backend:  GPU
JAX devices:  [CudaDevice(id=0)]
Device kind:  NVIDIA A100-SXM4-40GB
Platform:     gpu

Load system from Integral File
Maximum memory per walker:            66.67 MB
Maximum number of Cholesky per chunk: 103
Number of Cholesky chunks:            10
Number of Cholesky per chunk:         94
Number of padding Cholesky:           6

QMC System
Number of electrons: (16, 16)
Spin Multiplicity:   0
Number of orbitals:  145
Number of Chol:      934

QMC Parameters
eql_time            :                   50
n_blocks            :                 1000
n_walkers           :                  300
max_error           :                  0.0
seed                :                   17
walker_type         :                  uhf
trial               :             upt2ccsd
mix_precision       :                 True
max_memory          :                20000
dt                  :                0.005
n_exp_terms         :                    6
n_prop_steps        :                   50
save_walkers        :                False
free_projection     :                False
n_batch             :                    1
nchol_chunk         :                   94

Initalize QMC walkers by stochastic CCSD

Equilibration
inv_T        weight  killW        energy   runTime
 0.00    300.000000      0  -1156.921379     29.65
 5.00    299.289193      0  -1156.966322     47.02
10.00    298.186974      0  -1156.955001     59.40
15.00    298.893489      0  -1156.989966     71.07
20.00    299.619912      0  -1156.941171     82.74
25.00    298.523374      0  -1156.957312     94.41
30.00    299.034242      0  -1156.982955    106.80
35.00    298.291450      0  -1156.945563    118.47
40.00    299.327724      0  -1157.003726    130.14
45.00    297.854057      0  -1156.961986    141.82
50.00    299.492340      0  -1156.952228    154.20

Sampling
blocks        weight  killW       E_Guide     error       E_Trial     error     olp_T/G     error  Walltime
    20    298.576044      0  -1156.974937  0.010295  -1156.962910  0.001394    1.005067  0.000205  267.74
    40    298.552374      0  -1156.969913  0.006064  -1156.963095  0.001052    1.005147  0.000219  376.24
    60    298.529062      1  -1156.971862  0.004665  -1156.963749  0.000825    1.004975  0.000191  484.78
    80    298.451212      1  -1156.970473  0.003577  -1156.962940  0.000772    1.004849  0.000164  592.93
   100    298.483381      1  -1156.968397  0.003208  -1156.962786  0.000683    1.004726  0.000153  701.52
   120    298.454325      1  -1156.967939  0.003632  -1156.963388  0.000677    1.004634  0.000151  810.05
   140    298.438277      1  -1156.967178  0.003131  -1156.962829  0.000623    1.004596  0.000131  918.62
   160    298.430434      1  -1156.966955  0.003098  -1156.962897  0.000617    1.004500  0.000141 1027.11
   180    298.399429      2  -1156.966332  0.002810  -1156.962883  0.000591    1.004481  0.000126 1135.71
   200    298.403380      2  -1156.966273  0.002692  -1156.962836  0.000629    1.004515  0.000118 1244.20
   220    298.398038      2  -1156.966134  0.002503  -1156.963052  0.000597    1.004530  0.000113 1352.42
   240    298.393778      2  -1156.966856  0.002467  -1156.963176  0.000562    1.004541  0.000108 1460.97
   260    298.372217      4  -1156.967442  0.002343  -1156.963185  0.000540    1.004584  0.000106 1569.49
   280    298.362751      5  -1156.967845  0.002156  -1156.963344  0.000517    1.004576  0.000098 1678.06
   300    298.344963      5  -1156.967376  0.002114  -1156.963261  0.000495    1.004607  0.000094 1786.55
   320    298.327736      5  -1156.967700  0.001968  -1156.963279  0.000470    1.004610  0.000090 1895.18
   340    298.314147      5  -1156.967505  0.001875  -1156.963254  0.000450    1.004616  0.000085 2003.70
   360    298.315273      5  -1156.967379  0.001804  -1156.963192  0.000433    1.004604  0.000083 2111.92
   380    298.327013      5  -1156.968573  0.001850  -1156.963221  0.000418    1.004599  0.000079 2220.40
   400    298.343177      5  -1156.970283  0.002347  -1156.963359  0.000423    1.004612  0.000075 2328.99
   420    298.323378      5  -1156.969806  0.002326  -1156.963340  0.000410    1.004595  0.000073 2437.54
   440    298.312765      5  -1156.969347  0.002235  -1156.963299  0.000395    1.004566  0.000077 2546.11
   460    298.311579      5  -1156.969469  0.002158  -1156.963321  0.000384    1.004636  0.000093 2654.72
   480    298.302767      5  -1156.969491  0.002067  -1156.963185  0.000374    1.004672  0.000103 2763.25
   500    298.301138      5  -1156.969540  0.002006  -1156.963140  0.000364    1.004649  0.000103 2871.52
   520    298.301899      5  -1156.969431  0.001933  -1156.963033  0.000359    1.004640  0.000104 2979.99
   540    298.308100      5  -1156.969930  0.001946  -1156.963098  0.000353    1.004612  0.000104 3088.64
   560    298.287222      5  -1156.969018  0.001951  -1156.962981  0.000345    1.004654  0.000108 3197.15
   580    298.281377      5  -1156.968840  0.001927  -1156.962961  0.000336    1.004657  0.000105 3305.73
   600    298.281397      5  -1156.968719  0.001862  -1156.962889  0.000329    1.004659  0.000103 3414.31
   620    298.269565      5  -1156.968775  0.001824  -1156.962858  0.000321    1.004664  0.000099 3522.79
   640    298.268771      5  -1156.968896  0.001841  -1156.962847  0.000316    1.004638  0.000101 3631.01
   660    298.262809      5  -1156.968918  0.001798  -1156.962880  0.000309    1.004619  0.000100 3739.49
   680    298.253965      5  -1156.968406  0.001812  -1156.962862  0.000301    1.004637  0.000098 3848.09
   700    298.242654      5  -1156.967884  0.001839  -1156.962820  0.000296    1.004666  0.000098 3956.92
   720    298.240433      5  -1156.968189  0.001787  -1156.962890  0.000291    1.004637  0.000100 4065.49
   740    298.230065      5  -1156.967872  0.001761  -1156.962904  0.000286    1.004646  0.000098 4174.01
   760    298.224503      5  -1156.967941  0.001787  -1156.962950  0.000282    1.004649  0.000096 4282.65
   780    298.230289      5  -1156.968140  0.001757  -1156.962947  0.000277    1.004660  0.000093 4390.81
   800    298.231180      5  -1156.968227  0.001714  -1156.962926  0.000272    1.004667  0.000092 4499.34
   820    298.231719      5  -1156.968232  0.001678  -1156.962968  0.000270    1.004657  0.000090 4607.90
   840    298.228476      5  -1156.968577  0.001718  -1156.962963  0.000266    1.004647  0.000090 4716.44
   860    298.223368      5  -1156.968350  0.001687  -1156.963001  0.000262    1.004638  0.000088 4825.09
   880    298.224211      5  -1156.968497  0.001662  -1156.962941  0.000258    1.004641  0.000087 4932.83
   900    298.217891      5  -1156.968431  0.001640  -1156.962919  0.000254    1.004643  0.000083 5040.29
   920    298.211145      5  -1156.968435  0.001600  -1156.962910  0.000252    1.004639  0.000082 5147.84
   940    298.211103      5  -1156.968310  0.001562  -1156.962873  0.000249    1.004645  0.000080 5255.53
   960    298.209144      5  -1156.968483  0.001554  -1156.962870  0.000245    1.004639  0.000080 5363.19
   980    298.211713      5  -1156.968596  0.001539  -1156.962941  0.000243    1.004656  0.000081 5470.82
  1000    298.210399      5  -1156.968410  0.001511  -1156.962968  0.000240    1.004676  0.000086 5578.48

Post Propagation Process
Total number of samples 1000
Raw AFQMC/HF (Guide) energy:           -1156.968410 ± 0.001511
Raw Trial/Guide overlap ratio:          1.004676 ± 0.000086
Raw AFQMC/pt2CCSD energy (covariance): -1156.962968 ± 0.000240
Raw AFQMC/pt2CCSD energy (dir sample): -1156.962968 ± 0.000207

Remove Outliers
removing energies outside zeta > 30
Outlier energy bound [-1157.147337, -1156.777089]
Removed 0 outliers with energies []
Clean AFQMC/pt2CCSD overlap ratio:        1.004676 ± 0.000086
Clean AFQMC/pt2CCSD energy (covariance): -1156.962968 ± 0.000240
Clean AFQMC/ptCCSD energy (dir sample):  -1156.962968 ± 0.000207

Blocking Analysis
nsample = 1000, max_block_size = 25, min_nblocks = 40
   B    NB    NS  Observable     Error    dError
   1  1000  1000    1.004677  0.000030  0.000001
   2   500  1000    1.004677  0.000039  0.000001
   3   333   999    1.004674  0.000045  0.000002
   4   250  1000    1.004677  0.000051  0.000002
   5   200  1000    1.004677  0.000055  0.000003
   6   166   996    1.004670  0.000058  0.000003
   7   142   994    1.004667  0.000061  0.000004
   8   125  1000    1.004676  0.000062  0.000004
   9   111   999    1.004674  0.000066  0.000004
  10   100  1000    1.004677  0.000068  0.000005
  11    90   990    1.004665  0.000069  0.000005
  12    83   996    1.004670  0.000070  0.000005
  13    76   988    1.004663  0.000075  0.000006
  14    71   994    1.004667  0.000076  0.000006
  15    66   990    1.004665  0.000073  0.000006
  16    62   992    1.004667  0.000076  0.000007
  17    58   986    1.004662  0.000073  0.000007
  18    55   990    1.004665  0.000080  0.000008
  19    52   988    1.004663  0.000075  0.000007
  20    50  1000    1.004676  0.000077  0.000008
  21    47   987    1.004662  0.000075  0.000008
  22    45   990    1.004665  0.000075  0.000008
  23    43   989    1.004664  0.000070  0.000008
  24    41   984    1.004660  0.000076  0.000009
  25    40  1000    1.004676  0.000086  0.000010
Fit (variance): plateau_var = 6.311e-09 ± 5.355e-10
Fit (error):    plateau = 0.000079 ± 0.000003
     autocorrelation length ~ 8.0 blocks
     plateau reached at block size ~ 37
     !!!Failed to reach plateau in blocking
     Return max block error
nclean = 1000, max_block_size = 25, min_nblocks = 40
Blk_SZ   NBlk   NSmp      Energy     Error    dError
     1   1000   1000  -1156.962767  0.000207  0.000005
     2    500   1000  -1156.962819  0.000229  0.000007
     3    333    999  -1156.962839  0.000235  0.000009
     4    250   1000  -1156.962859  0.000251  0.000011
     5    200   1000  -1156.962880  0.000250  0.000013
     6    166    996  -1156.962875  0.000246  0.000014
     7    142    994  -1156.962886  0.000248  0.000015
     8    125   1000  -1156.962891  0.000251  0.000016
     9    111    999  -1156.962907  0.000228  0.000015
    10    100   1000  -1156.962912  0.000231  0.000016
    11     90    990  -1156.962906  0.000258  0.000019
    12     83    996  -1156.962901  0.000248  0.000019
    13     76    988  -1156.962914  0.000263  0.000021
    14     71    994  -1156.962917  0.000222  0.000019
    15     66    990  -1156.962922  0.000235  0.000021
    16     62    992  -1156.962908  0.000247  0.000022
    17     58    986  -1156.962920  0.000256  0.000024
    18     55    990  -1156.962923  0.000211  0.000020
    19     52    988  -1156.962917  0.000239  0.000024
    20     50   1000  -1156.962936  0.000239  0.000024
    21     47    987  -1156.962926  0.000242  0.000025
    22     45    990  -1156.962931  0.000245  0.000026
    23     43    989  -1156.962935  0.000212  0.000023
    24     41    984  -1156.962939  0.000250  0.000028
    25     40   1000  -1156.962939  0.000240  0.000027
Fit (variance): plateau_var = 5.814554e-08 ± 1.948225e-09
Fit (error):    plateau = 0.000241 ± 0.000004
     autocorrelation length ~ 0.9 blocks
     plateau reached at block size ~ 5
Final AFQMC/pt2CCSD overlap ratio: 1.004676 ± 0.000086
Final AFQMC/pt2CCSD energy: -1156.962968 ± 0.000241
Total run time: 5590.55

AFQMC Sampling Finished

QMC script: /u/yzhang65/myprojects/software/afqmc/afqmc/scripts/run_afqmc_pt2ccsd.py
  => E_HF(cf2cl2)      = -1155.8565613813 Eh
  => E_CCSD(cf2cl2)    = -1156.9198349099 Eh
  => E_AFQMC(cf2cl2)   = -1156.96297 +/- 0.00024 Eh

============================================================
Running: cf4  charge=0  spin=0
============================================================
output file: ../../result/molout/closed_shell/cf4_vtzfp.out

Preparing AFQMC calculation
Calculating Cholesky integrals
Alpha Cholesky shape: (923, 150, 150) 
 Beta Cholesky shape: (923, 150, 150) 
Finished calculating Cholesky integrals
Size of the correlation space:
Number of electrons:        [16 16]
Number of basis functions:  145
Number of Cholesky vectors: 923

    ________                     _____                    
    ___  __ \___  __________________(_)_____________ _    
    __  /_/ /  / / /_  __ \_  __ \_  /__  __ \_  __ `/    
    _  _, _// /_/ /_  / / /  / / /  / _  / / /  /_/ /     
    /_/ |_| \__,_/ /_/ /_//_/ /_//_/  /_/ /_/_\__, /      
                                             /____/       
    _____________________________  ___________            
    ___    |__  ____/_  __ \__   |/  /_  ____/            
    __  /| |_  /_   _  / / /_  /|_/ /_  /                 
    _  ___ |  __/   / /_/ /_  /  / / / /___               
    /_/  |_/_/      \___\_\/_/  /_/  \____/               

Hostname:     gpua021.delta.ncsa.illinois.edu
System:       Linux
Node:         gpua021.delta.ncsa.illinois.edu
Release:      5.14.0-427.91.1.el9_4.x86_64
Machine:      x86_64
Processor:    x86_64
JAX backend:  GPU
JAX devices:  [CudaDevice(id=0)]
Device kind:  NVIDIA A100-SXM4-40GB
Platform:     gpu

Load system from Integral File
Maximum memory per walker:            66.67 MB
Maximum number of Cholesky per chunk: 103
Number of Cholesky chunks:            9
Number of Cholesky per chunk:         103
Number of padding Cholesky:           4

QMC System
Number of electrons: (16, 16)
Spin Multiplicity:   0
Number of orbitals:  145
Number of Chol:      923

QMC Parameters
eql_time            :                   50
n_blocks            :                 1000
n_walkers           :                  300
max_error           :                  0.0
seed                :                   17
walker_type         :                  uhf
trial               :             upt2ccsd
mix_precision       :                 True
max_memory          :                20000
dt                  :                0.005
n_exp_terms         :                    6
n_prop_steps        :                   50
save_walkers        :                False
free_projection     :                False
n_batch             :                    1
nchol_chunk         :                  103

Initalize QMC walkers by stochastic CCSD

Equilibration
inv_T        weight  killW        energy   runTime
 0.00    300.000000      0   -436.962896     19.80
 5.00    299.072608      0   -437.037411     38.55
10.00    299.137791      0   -437.040130     51.43
15.00    298.354080      0   -437.019809     64.32
20.00    300.272886      0   -437.055862     77.20
25.00    299.418489      0   -437.001731     90.08
30.00    298.729272      0   -436.998211    102.98
35.00    298.013646      0   -436.997492    115.86
40.00    298.721333      0   -436.984546    128.74
45.00    298.656380      0   -436.997977    141.63
50.00    299.589956      0   -437.056537    154.51

Sampling
blocks        weight  killW       E_Guide     error       E_Trial     error     olp_T/G     error  Walltime
    20    298.822694      0   -437.020299  0.014858   -437.003009  0.001435    1.004039  0.000307  268.41
    40    298.966204      0   -437.010170  0.014164   -437.001987  0.001003    1.004197  0.000184  376.44
    60    298.952799      0   -437.008280  0.009942   -437.001955  0.000858    1.004117  0.000169  484.43
    80    298.934743      0   -437.006014  0.008201   -437.001674  0.000780    1.004118  0.000176  592.58
   100    298.874653      0   -437.010473  0.007191   -437.002148  0.000783    1.004157  0.000152  700.60
   120    298.804294      0   -437.009689  0.006174   -437.002107  0.000690    1.004084  0.000155  808.76
   140    298.768928      0   -437.009661  0.005331   -437.002486  0.000660    1.004032  0.000147  916.79
   160    298.687826      0   -437.008787  0.004742   -437.002411  0.000620    1.004078  0.000132 1024.89
   180    298.657132      0   -437.008442  0.004066   -437.002324  0.000585    1.004057  0.000113 1132.94
   200    298.646570      0   -437.008978  0.003784   -437.002295  0.000556    1.003955  0.000122 1240.96
   220    298.621691      0   -437.009279  0.003713   -437.002451  0.000525    1.003959  0.000111 1349.06
   240    298.631550      0   -437.008918  0.003455   -437.002540  0.000493    1.003956  0.000103 1457.10
   260    298.597232      0   -437.008231  0.003219   -437.002404  0.000472    1.003963  0.000099 1565.18
   280    298.580269      0   -437.007542  0.003041   -437.002282  0.000449    1.003985  0.000091 1673.18
   300    298.575833      0   -437.008139  0.003055   -437.002551  0.000445    1.003981  0.000086 1781.28
   320    298.550393      0   -437.008648  0.002916   -437.002542  0.000430    1.003989  0.000081 1889.30
   340    298.540705      0   -437.008591  0.002759   -437.002494  0.000416    1.003998  0.000078 1998.69
   360    298.535207      0   -437.008291  0.002579   -437.002415  0.000398    1.004035  0.000078 2106.56
   380    298.530556      0   -437.008398  0.002475   -437.002526  0.000388    1.004041  0.000075 2214.61
   400    298.510995      0   -437.007941  0.002440   -437.002517  0.000376    1.004027  0.000072 2322.72
   420    298.511100      0   -437.008322  0.002356   -437.002494  0.000364    1.004013  0.000072 2430.75
   440    298.504978      0   -437.008441  0.002260   -437.002545  0.000356    1.004030  0.000074 2538.85
   460    298.499667      0   -437.008232  0.002138   -437.002443  0.000349    1.004034  0.000072 2646.92
   480    298.494839      0   -437.008239  0.002060   -437.002424  0.000350    1.004036  0.000070 2754.92
   500    298.491589      0   -437.008539  0.002018   -437.002513  0.000345    1.004011  0.000071 2862.87
   520    298.479988      0   -437.008717  0.001964   -437.002437  0.000337    1.004006  0.000069 2970.99
   540    298.469847      0   -437.008633  0.001877   -437.002413  0.000330    1.004026  0.000068 3079.05
   560    298.468604      0   -437.008656  0.001832   -437.002387  0.000321    1.004053  0.000071 3187.16
   580    298.469265      0   -437.008365  0.001786   -437.002381  0.000315    1.004089  0.000072 3295.23
   600    298.464101      0   -437.008199  0.001733   -437.002336  0.000308    1.004099  0.000073 3403.26
   620    298.459162      0   -437.008631  0.001726   -437.002266  0.000301    1.004111  0.000070 3515.89
   640    298.442699      0   -437.008186  0.001727   -437.002201  0.000295    1.004100  0.000069 3637.39
   660    298.443898      0   -437.008341  0.001669   -437.002241  0.000290    1.004086  0.000069 3758.91
   680    298.436414      0   -437.007817  0.001641   -437.002197  0.000285    1.004096  0.000070 3880.44
   700    298.436482      0   -437.007903  0.001619   -437.002164  0.000279    1.004097  0.000068 4001.93
   720    298.427144      0   -437.007743  0.001638   -437.002208  0.000276    1.004099  0.000072 4123.43
   740    298.424726      0   -437.007559  0.001604   -437.002202  0.000272    1.004086  0.000071 4244.93
   760    298.429164      0   -437.007862  0.001582   -437.002238  0.000270    1.004104  0.000070 4366.41
   780    298.417180      0   -437.007838  0.001547   -437.002212  0.000265    1.004107  0.000068 4487.89
   800    298.418686      0   -437.008188  0.001521   -437.002235  0.000262    1.004096  0.000067 4609.36
   820    298.421883      0   -437.008104  0.001494   -437.002231  0.000258    1.004099  0.000066 4730.84
   840    298.422451      0   -437.008257  0.001457   -437.002220  0.000257    1.004100  0.000065 4852.33
   860    298.424378      0   -437.008327  0.001434   -437.002221  0.000255    1.004109  0.000063 4973.79
   880    298.421139      0   -437.007761  0.001441   -437.002159  0.000251    1.004105  0.000062 5085.26
   900    298.418047      0   -437.007588  0.001482   -437.002186  0.000251    1.004100  0.000061 5200.21
   920    298.413136      0   -437.007478  0.001431   -437.002174  0.000248    1.004106  0.000060 5315.23
   940    298.412004      0   -437.007238  0.001431   -437.002144  0.000244    1.004104  0.000059 5430.26
   960    298.422309      0   -437.007515  0.001418   -437.002169  0.000245    1.004094  0.000059 5545.28
   980    298.423796      0   -437.007547  0.001395   -437.002173  0.000241    1.004101  0.000058 5657.76
  1000    298.420518      1   -437.007383  0.001378   -437.002197  0.000240    1.004098  0.000057 5765.98

Post Propagation Process
Total number of samples 1000
Raw AFQMC/HF (Guide) energy:           -437.007383 ± 0.001378
Raw Trial/Guide overlap ratio:          1.004098 ± 0.000057
Raw AFQMC/pt2CCSD energy (covariance): -437.002197 ± 0.000240
Raw AFQMC/pt2CCSD energy (dir sample): -437.002197 ± 0.000207

Remove Outliers
removing energies outside zeta > 30
Outlier energy bound [-437.183583, -436.818748]
Removed 0 outliers with energies []
Clean AFQMC/pt2CCSD overlap ratio:        1.004098 ± 0.000057
Clean AFQMC/pt2CCSD energy (covariance): -437.002197 ± 0.000240
Clean AFQMC/ptCCSD energy (dir sample):  -437.002197 ± 0.000207

Blocking Analysis
nsample = 1000, max_block_size = 25, min_nblocks = 40
   B    NB    NS  Observable     Error    dError
   1  1000  1000    1.004098  0.000025  0.000001
   2   500  1000    1.004098  0.000032  0.000001
   3   333   999    1.004098  0.000037  0.000001
   4   250  1000    1.004098  0.000040  0.000002
   5   200  1000    1.004098  0.000043  0.000002
   6   166   996    1.004097  0.000045  0.000002
   7   142   994    1.004098  0.000046  0.000003
   8   125  1000    1.004098  0.000047  0.000003
   9   111   999    1.004098  0.000049  0.000003
  10   100  1000    1.004098  0.000048  0.000003
  11    90   990    1.004098  0.000049  0.000004
  12    83   996    1.004097  0.000051  0.000004
  13    76   988    1.004096  0.000049  0.000004
  14    71   994    1.004098  0.000051  0.000004
  15    66   990    1.004098  0.000054  0.000005
  16    62   992    1.004098  0.000048  0.000004
  17    58   986    1.004096  0.000054  0.000005
  18    55   990    1.004098  0.000056  0.000005
  19    52   988    1.004096  0.000056  0.000006
  20    50  1000    1.004098  0.000053  0.000005
  21    47   987    1.004096  0.000053  0.000006
  22    45   990    1.004098  0.000057  0.000006
  23    43   989    1.004097  0.000051  0.000006
  24    41   984    1.004098  0.000055  0.000006
  25    40  1000    1.004098  0.000055  0.000006
Fit (variance): plateau_var = 2.814e-09 ± 1.732e-10
Fit (error):    plateau = 0.000053 ± 0.000002
     autocorrelation length ~ 5.1 blocks
     plateau reached at block size ~ 24
nclean = 1000, max_block_size = 25, min_nblocks = 40
Blk_SZ   NBlk   NSmp      Energy     Error    dError
     1   1000   1000  -437.002016  0.000208  0.000005
     2    500   1000  -437.002066  0.000228  0.000007
     3    333    999  -437.002102  0.000240  0.000009
     4    250   1000  -437.002120  0.000239  0.000011
     5    200   1000  -437.002130  0.000244  0.000012
     6    166    996  -437.002145  0.000256  0.000014
     7    142    994  -437.002136  0.000247  0.000015
     8    125   1000  -437.002149  0.000250  0.000016
     9    111    999  -437.002154  0.000235  0.000016
    10    100   1000  -437.002161  0.000230  0.000016
    11     90    990  -437.002168  0.000247  0.000019
    12     83    996  -437.002178  0.000233  0.000018
    13     76    988  -437.002184  0.000269  0.000022
    14     71    994  -437.002156  0.000236  0.000020
    15     66    990  -437.002180  0.000241  0.000021
    16     62    992  -437.002171  0.000216  0.000020
    17     58    986  -437.002200  0.000239  0.000022
    18     55    990  -437.002182  0.000237  0.000023
    19     52    988  -437.002197  0.000254  0.000025
    20     50   1000  -437.002182  0.000202  0.000020
    21     47    987  -437.002207  0.000231  0.000024
    22     45    990  -437.002185  0.000216  0.000023
    23     43    989  -437.002192  0.000212  0.000023
    24     41    984  -437.002185  0.000219  0.000025
    25     40   1000  -437.002190  0.000206  0.000023
Fit (variance): plateau_var = 5.589093e-08 ± 1.794775e-09
Fit (error):    plateau = 0.000236 ± 0.000004
     autocorrelation length ~ 0.7 blocks
     plateau reached at block size ~ 4
Final AFQMC/pt2CCSD overlap ratio: 1.004098 ± 0.000053
Final AFQMC/pt2CCSD energy: -437.002197 ± 0.000236
Total run time: 5782.42

AFQMC Sampling Finished

QMC script: /u/yzhang65/myprojects/software/afqmc/afqmc/scripts/run_afqmc_pt2ccsd.py
  => E_HF(cf4)      = -435.8152947151 Eh
  => E_CCSD(cf4)    = -436.9654296441 Eh
  => E_AFQMC(cf4)   = -437.00220 +/- 0.00024 Eh

============================================================
Running: ch2-sing  charge=0  spin=0
============================================================
output file: ../../result/molout/closed_shell/ch2-sing_vtzfp.out

Preparing AFQMC calculation
Calculating Cholesky integrals
Alpha Cholesky shape: (286, 48, 48) 
 Beta Cholesky shape: (286, 48, 48) 
Finished calculating Cholesky integrals
Size of the correlation space:
Number of electrons:        [3 3]
Number of basis functions:  47
Number of Cholesky vectors: 286

    ________                     _____                    
    ___  __ \___  __________________(_)_____________ _    
    __  /_/ /  / / /_  __ \_  __ \_  /__  __ \_  __ `/    
    _  _, _// /_/ /_  / / /  / / /  / _  / / /  /_/ /     
    /_/ |_| \__,_/ /_/ /_//_/ /_//_/  /_/ /_/_\__, /      
                                             /____/       
    _____________________________  ___________            
    ___    |__  ____/_  __ \__   |/  /_  ____/            
    __  /| |_  /_   _  / / /_  /|_/ /_  /                 
    _  ___ |  __/   / /_/ /_  /  / / / /___               
    /_/  |_/_/      \___\_\/_/  /_/  \____/               

Hostname:     gpua021.delta.ncsa.illinois.edu
System:       Linux
Node:         gpua021.delta.ncsa.illinois.edu
Release:      5.14.0-427.91.1.el9_4.x86_64
Machine:      x86_64
Processor:    x86_64
JAX backend:  GPU
JAX devices:  [CudaDevice(id=0)]
Device kind:  NVIDIA A100-SXM4-40GB
Platform:     gpu

Load system from Integral File
Maximum memory per walker:            66.67 MB
Maximum number of Cholesky per chunk: 988
Number of Cholesky chunks:            1
Number of Cholesky per chunk:         286
Number of padding Cholesky:           0

QMC System
Number of electrons: (3, 3)
Spin Multiplicity:   0
Number of orbitals:  47
Number of Chol:      286

QMC Parameters
eql_time            :                   50
n_blocks            :                 1000
n_walkers           :                  300
max_error           :                  0.0
seed                :                   17
walker_type         :                  uhf
trial               :             upt2ccsd
mix_precision       :                 True
max_memory          :                20000
dt                  :                0.005
n_exp_terms         :                    6
n_prop_steps        :                   50
save_walkers        :                False
free_projection     :                False
n_batch             :                    1
nchol_chunk         :                  286

Initalize QMC walkers by stochastic CCSD

Equilibration
inv_T        weight  killW        energy   runTime
 0.00    300.000000      0    -39.054733     13.79
 5.00    299.172317      0    -39.055085     21.50
10.00    299.266374      0    -39.060344     23.45
15.00    299.351036      0    -39.053066     25.40
20.00    299.151332      0    -39.060130     28.12
25.00    299.258403      0    -39.052717     30.08
30.00    298.848357      0    -39.052879     32.03
35.00    299.262557      0    -39.068068     34.75
40.00    299.387989      0    -39.051252     36.70
45.00    299.078228      0    -39.062961     38.65
50.00    298.862303      0    -39.056682     41.38

Sampling
blocks        weight  killW       E_Guide     error       E_Trial     error     olp_T/G     error  Walltime
    20    298.942277      1    -39.060053  0.003410    -39.059280  0.000315    1.030968  0.003694   51.69
    40    298.938688      3    -39.057900  0.002391    -39.059363  0.000180    1.029573  0.002346   56.90
    60    298.959421      6    -39.057839  0.001814    -39.059450  0.000145    1.029556  0.001490   62.99
    80    298.931048      9    -39.057621  0.001392    -39.059345  0.000118    1.030141  0.001309   68.35
   100    298.942931     11    -39.057072  0.001202    -39.059298  0.000106    1.031285  0.001172   73.60
   120    298.958812     13    -39.056804  0.001133    -39.059255  0.000095    1.032503  0.001301   79.69
   140    298.975614     14    -39.057030  0.001028    -39.059231  0.000085    1.033619  0.001346   84.98
   160    298.984551     16    -39.057523  0.000987    -39.059198  0.000079    1.036095  0.002099   90.28
   180    298.972601     19    -39.057104  0.000947    -39.059197  0.000075    1.037809  0.002208   96.38
   200    298.977715     20    -39.057158  0.000864    -39.059241  0.000072    1.038607  0.002057  101.68
   220    298.974735     21    -39.056862  0.000845    -39.059214  0.000068    1.039230  0.001914  106.98
   240    298.980695     22    -39.057046  0.000786    -39.059218  0.000064    1.039600  0.001771  113.07
   260    298.982913     24    -39.057416  0.000746    -39.059249  0.000062    1.039722  0.001636  118.36
   280    298.980198     24    -39.057230  0.000708    -39.059232  0.000059    1.039953  0.001534  123.67
   300    298.987800     24    -39.057459  0.000696    -39.059235  0.000057    1.039996  0.001430  129.77
   320    298.993624     25    -39.057452  0.000647    -39.059261  0.000056    1.040111  0.001347  135.06
   340    298.989096     26    -39.057630  0.000644    -39.059278  0.000055    1.040058  0.001267  140.37
   360    298.987080     29    -39.057541  0.000604    -39.059284  0.000053    1.040057  0.001195  146.45
   380    298.992958     31    -39.057788  0.000603    -39.059284  0.000051    1.040152  0.001135  151.75
   400    298.983527     35    -39.057917  0.000575    -39.059282  0.000049    1.040524  0.001111  157.05
   420    298.989302     40    -39.058152  0.000573    -39.059302  0.000050    1.040819  0.001081  163.14
   440    298.987878     41    -39.058060  0.000552    -39.059313  0.000048    1.041203  0.001120  168.44
   460    298.985174     43    -39.057967  0.000537    -39.059312  0.000047    1.041378  0.001106  173.74
   480    298.984795     46    -39.057589  0.000613    -39.059290  0.000045    1.041071  0.001107  179.84
   500    298.983773     51    -39.057874  0.000627    -39.059296  0.000044    1.041557  0.001092  185.12
   520    298.984024     53    -39.057903  0.000634    -39.059316  0.000043    1.041988  0.001181  190.42
   540    298.980855     55    -39.057935  0.000620    -39.059304  0.000042    1.042272  0.001163  196.53
   560    298.980699     56    -39.057802  0.000602    -39.059299  0.000041    1.042352  0.001167  201.82
   580    298.980209     59    -39.057683  0.000593    -39.059290  0.000040    1.042353  0.001138  207.12
   600    298.981501     60    -39.057659  0.000583    -39.059282  0.000039    1.042488  0.001129  213.21
   620    298.983477     61    -39.057540  0.000572    -39.059269  0.000039    1.042322  0.001108  218.50
   640    298.985215     62    -39.057446  0.000588    -39.059270  0.000039    1.042319  0.001099  223.81
   660    298.984850     62    -39.057352  0.000577    -39.059260  0.000038    1.042333  0.001071  229.90
   680    298.988061     64    -39.057504  0.000566    -39.059256  0.000038    1.042338  0.001051  235.20
   700    298.983793     69    -39.057500  0.000554    -39.059256  0.000037    1.042280  0.001027  240.50
   720    298.983444     69    -39.057553  0.000531    -39.059262  0.000037    1.042279  0.001007  246.60
   740    298.984770     71    -39.057606  0.000523    -39.059266  0.000037    1.042335  0.000983  251.90
   760    298.981869     73    -39.057589  0.000533    -39.059264  0.000036    1.042264  0.000990  257.20
   780    298.980969     73    -39.057527  0.000524    -39.059259  0.000036    1.042291  0.000966  263.29
   800    298.980056     75    -39.057487  0.000512    -39.059258  0.000035    1.042557  0.000994  268.59
   820    298.976488     76    -39.057336  0.000514    -39.059244  0.000035    1.042864  0.001017  273.90
   840    298.976082     77    -39.057296  0.000508    -39.059242  0.000034    1.043089  0.001050  280.00
   860    298.976419     80    -39.057374  0.000509    -39.059241  0.000034    1.043373  0.001050  285.29
   880    298.977708     81    -39.057405  0.000498    -39.059245  0.000033    1.043403  0.001063  290.59
   900    298.976326     83    -39.057302  0.000495    -39.059235  0.000033    1.043475  0.001056  296.69
   920    298.975652     84    -39.057245  0.000487    -39.059229  0.000033    1.043490  0.001033  301.99
   940    298.974055     86    -39.057332  0.000478    -39.059231  0.000032    1.043582  0.001028  307.29
   960    298.974043     88    -39.057264  0.000480    -39.059223  0.000032    1.043515  0.001029  313.38
   980    298.974004     89    -39.057241  0.000480    -39.059217  0.000031    1.043495  0.001029  318.68
  1000    298.977463     90    -39.057299  0.000474    -39.059216  0.000031    1.043479  0.001004  323.98

Post Propagation Process
Total number of samples 1000
Raw AFQMC/HF (Guide) energy:           -39.057299 ± 0.000474
Raw Trial/Guide overlap ratio:          1.043479 ± 0.001004
Raw AFQMC/pt2CCSD energy (covariance): -39.059216 ± 0.000031
Raw AFQMC/pt2CCSD energy (dir sample): -39.059216 ± 0.000023

Remove Outliers
removing energies outside zeta > 30
Outlier energy bound [-39.078435, -39.039807]
Removed 0 outliers with energies []
Clean AFQMC/pt2CCSD overlap ratio:        1.043479 ± 0.001004
Clean AFQMC/pt2CCSD energy (covariance): -39.059216 ± 0.000031
Clean AFQMC/ptCCSD energy (dir sample):  -39.059216 ± 0.000023

Blocking Analysis
nsample = 1000, max_block_size = 25, min_nblocks = 40
   B    NB    NS  Observable     Error    dError
   1  1000  1000    1.043479  0.000246  0.000005
   2   500  1000    1.043479  0.000336  0.000011
   3   333   999    1.043486  0.000405  0.000016
   4   250  1000    1.043479  0.000460  0.000021
   5   200  1000    1.043479  0.000505  0.000025
   6   166   996    1.043497  0.000546  0.000030
   7   142   994    1.043501  0.000587  0.000035
   8   125  1000    1.043479  0.000621  0.000039
   9   111   999    1.043485  0.000656  0.000044
  10   100  1000    1.043479  0.000680  0.000048
  11    90   990    1.043493  0.000714  0.000054
  12    83   996    1.043497  0.000740  0.000058
  13    76   988    1.043491  0.000771  0.000063
  14    71   994    1.043501  0.000790  0.000067
  15    66   990    1.043493  0.000814  0.000071
  16    62   992    1.043502  0.000842  0.000076
  17    58   986    1.043482  0.000862  0.000081
  18    55   990    1.043493  0.000859  0.000083
  19    52   988    1.043491  0.000888  0.000088
  20    50  1000    1.043479  0.000897  0.000091
  21    47   987    1.043486  0.000931  0.000097
  22    45   990    1.043493  0.000942  0.000100
  23    43   989    1.043492  0.000959  0.000105
  24    41   984    1.043484  0.001004  0.000112
  25    40  1000    1.043479  0.000968  0.000110
Fit (variance): plateau_var = 1.864e-06 ± 6.648e-07
Fit (error):    plateau = 0.001365 ± 0.000243
     autocorrelation length ~ 34.6 blocks
     plateau reached at block size ~ 160
     !!!Failed to reach plateau in blocking
     Return max block error
nclean = 1000, max_block_size = 25, min_nblocks = 40
Blk_SZ   NBlk   NSmp      Energy     Error    dError
     1   1000   1000  -39.059198  0.000023  0.000001
     2    500   1000  -39.059203  0.000027  0.000001
     3    333    999  -39.059202  0.000029  0.000001
     4    250   1000  -39.059206  0.000029  0.000001
     5    200   1000  -39.059205  0.000031  0.000002
     6    166    996  -39.059207  0.000032  0.000002
     7    142    994  -39.059208  0.000033  0.000002
     8    125   1000  -39.059208  0.000031  0.000002
     9    111    999  -39.059208  0.000034  0.000002
    10    100   1000  -39.059208  0.000034  0.000002
    11     90    990  -39.059211  0.000034  0.000003
    12     83    996  -39.059209  0.000033  0.000003
    13     76    988  -39.059210  0.000033  0.000003
    14     71    994  -39.059211  0.000036  0.000003
    15     66    990  -39.059211  0.000036  0.000003
    16     62    992  -39.059212  0.000034  0.000003
    17     58    986  -39.059211  0.000034  0.000003
    18     55    990  -39.059212  0.000039  0.000004
    19     52    988  -39.059211  0.000035  0.000003
    20     50   1000  -39.059211  0.000037  0.000004
    21     47    987  -39.059211  0.000037  0.000004
    22     45    990  -39.059213  0.000037  0.000004
    23     43    989  -39.059212  0.000036  0.000004
    24     41    984  -39.059212  0.000034  0.000004
    25     40   1000  -39.059212  0.000039  0.000004
Fit (variance): plateau_var = 1.283989e-09 ± 8.615478e-11
Fit (error):    plateau = 0.000036 ± 0.000001
     autocorrelation length ~ 5.3 blocks
     plateau reached at block size ~ 23
Final AFQMC/pt2CCSD overlap ratio: 1.043479 ± 0.001004
Final AFQMC/pt2CCSD energy: -39.059216 ± 0.000036
Total run time: 340.40

AFQMC Sampling Finished

QMC script: /u/yzhang65/myprojects/software/afqmc/afqmc/scripts/run_afqmc_pt2ccsd.py
  => E_HF(ch2-sing)      = -38.9105722597 Eh
  => E_CCSD(ch2-sing)    = -39.0548810787 Eh
  => E_AFQMC(ch2-sing)   = -39.05922 +/- 0.00004 Eh

============================================================
Running: ch2c  charge=0  spin=0
============================================================
output file: ../../result/molout/closed_shell/ch2c_vtzfp.out

Preparing AFQMC calculation
Calculating Cholesky integrals
Alpha Cholesky shape: (452, 78, 78) 
 Beta Cholesky shape: (452, 78, 78) 
Finished calculating Cholesky integrals
Size of the correlation space:
Number of electrons:        [5 5]
Number of basis functions:  76
Number of Cholesky vectors: 452

    ________                     _____                    
    ___  __ \___  __________________(_)_____________ _    
    __  /_/ /  / / /_  __ \_  __ \_  /__  __ \_  __ `/    
    _  _, _// /_/ /_  / / /  / / /  / _  / / /  /_/ /     
    /_/ |_| \__,_/ /_/ /_//_/ /_//_/  /_/ /_/_\__, /      
                                             /____/       
    _____________________________  ___________            
    ___    |__  ____/_  __ \__   |/  /_  ____/            
    __  /| |_  /_   _  / / /_  /|_/ /_  /                 
    _  ___ |  __/   / /_/ /_  /  / / / /___               
    /_/  |_/_/      \___\_\/_/  /_/  \____/               

Hostname:     gpua021.delta.ncsa.illinois.edu
System:       Linux
Node:         gpua021.delta.ncsa.illinois.edu
Release:      5.14.0-427.91.1.el9_4.x86_64
Machine:      x86_64
Processor:    x86_64
JAX backend:  GPU
JAX devices:  [CudaDevice(id=0)]
Device kind:  NVIDIA A100-SXM4-40GB
Platform:     gpu

Load system from Integral File
Maximum memory per walker:            66.67 MB
Maximum number of Cholesky per chunk: 378
Number of Cholesky chunks:            2
Number of Cholesky per chunk:         226
Number of padding Cholesky:           0

QMC System
Number of electrons: (5, 5)
Spin Multiplicity:   0
Number of orbitals:  76
Number of Chol:      452

QMC Parameters
eql_time            :                   50
n_blocks            :                 1000
n_walkers           :                  300
max_error           :                  0.0
seed                :                   17
walker_type         :                  uhf
trial               :             upt2ccsd
mix_precision       :                 True
max_memory          :                20000
dt                  :                0.005
n_exp_terms         :                    6
n_prop_steps        :                   50
save_walkers        :                False
free_projection     :                False
n_batch             :                    1
nchol_chunk         :                  226

Initalize QMC walkers by stochastic CCSD

Equilibration
inv_T        weight  killW        energy   runTime
 0.00    300.000000      0    -77.098981     16.88
 5.00    299.192911      0    -77.114888     27.15
10.00    298.453539      0    -77.099920     31.99
15.00    299.067621      0    -77.119816     36.83
20.00    298.933775      0    -77.106645     41.67
25.00    299.034176      0    -77.099639     46.52
30.00    298.192054      0    -77.110265     50.58
35.00    298.996633      0    -77.139034     55.42
40.00    299.054337      0    -77.105180     60.26
45.00    299.146790      0    -77.122988     65.10
50.00    298.821542      0    -77.100512     69.94

Sampling
blocks        weight  killW       E_Guide     error       E_Trial     error     olp_T/G     error  Walltime
    20    298.885557      0    -77.115327  0.004188    -77.114787  0.000725    1.030983  0.000228   93.11
    40    298.816802      1    -77.113909  0.003394    -77.114507  0.000530    1.030750  0.000285  109.73
    60    298.838201      2    -77.113535  0.002467    -77.114238  0.000542    1.032643  0.001274  126.43
    80    298.864042      3    -77.114352  0.001850    -77.114727  0.000487    1.035215  0.001939  143.14
   100    298.871934      3    -77.114106  0.001694    -77.114727  0.000419    1.036026  0.001625  159.85
   120    298.863519      3    -77.115497  0.002028    -77.114888  0.000390    1.036411  0.001367  176.56
   140    298.848126      3    -77.115556  0.002358    -77.114973  0.000380    1.036729  0.001204  193.26
   160    298.858570      4    -77.115096  0.002232    -77.114708  0.000342    1.037404  0.001130  209.97
   180    298.853829      6    -77.116478  0.002213    -77.115121  0.000405    1.037878  0.001056  226.69
   200    298.847566      6    -77.116799  0.002022    -77.115333  0.000384    1.037905  0.000957  243.39
   220    298.825633      6    -77.116074  0.001884    -77.115272  0.000375    1.038020  0.000872  260.11
   240    298.814893      7    -77.116775  0.001836    -77.115396  0.000353    1.037908  0.000815  276.81
   260    298.801605      8    -77.116517  0.001718    -77.115411  0.000336    1.038018  0.000763  293.52
   280    298.793643      9    -77.116115  0.001577    -77.115333  0.000318    1.038159  0.000715  310.23
   300    298.800407     10    -77.116355  0.001552    -77.115376  0.000303    1.038150  0.000669  326.95
   320    298.805300     10    -77.116623  0.001575    -77.115372  0.000292    1.038207  0.000629  343.66
   340    298.797765     10    -77.116746  0.001491    -77.115367  0.000280    1.038282  0.000594  360.36
   360    298.798254     11    -77.117222  0.001451    -77.115425  0.000283    1.038349  0.000564  377.09
   380    298.797245     13    -77.117254  0.001384    -77.115369  0.000273    1.038526  0.000548  393.80
   400    298.793367     13    -77.117250  0.001335    -77.115343  0.000261    1.038618  0.000525  410.51
   420    298.791892     13    -77.117388  0.001303    -77.115362  0.000251    1.038722  0.000507  427.23
   440    298.791903     13    -77.117249  0.001269    -77.115399  0.000250    1.038766  0.000507  443.95
   460    298.788952     13    -77.116986  0.001210    -77.115362  0.000242    1.038786  0.000494  460.66
   480    298.782493     14    -77.116793  0.001188    -77.115368  0.000237    1.038871  0.000485  477.37
   500    298.786700     15    -77.117061  0.001165    -77.115358  0.000230    1.038874  0.000473  494.09
   520    298.790904     16    -77.117424  0.001153    -77.115342  0.000222    1.038959  0.000468  510.79
   540    298.786935     18    -77.117541  0.001133    -77.115398  0.000219    1.039044  0.000460  527.50
   560    298.787551     18    -77.117477  0.001123    -77.115410  0.000213    1.039151  0.000466  544.21
   580    298.783999     18    -77.117514  0.001105    -77.115346  0.000208    1.039249  0.000459  560.92
   600    298.781810     18    -77.117594  0.001085    -77.115380  0.000205    1.039256  0.000448  577.63
   620    298.781557     19    -77.117713  0.001040    -77.115428  0.000203    1.039225  0.000436  594.34
   640    298.776376     19    -77.117410  0.001049    -77.115451  0.000202    1.039240  0.000437  611.04
   660    298.779923     19    -77.117459  0.001008    -77.115428  0.000198    1.039279  0.000427  627.75
   680    298.777470     21    -77.117480  0.000989    -77.115381  0.000194    1.039247  0.000421  644.46
   700    298.780039     22    -77.117910  0.000998    -77.115323  0.000191    1.039195  0.000412  661.17
   720    298.777635     22    -77.117821  0.001040    -77.115291  0.000187    1.039179  0.000407  677.88
   740    298.777506     22    -77.117826  0.001015    -77.115237  0.000183    1.039203  0.000398  694.59
   760    298.778895     23    -77.117880  0.000998    -77.115249  0.000182    1.039182  0.000393  711.28
   780    298.777611     23    -77.117817  0.000974    -77.115269  0.000180    1.039158  0.000384  727.99
   800    298.771201     25    -77.117635  0.000981    -77.115251  0.000176    1.039130  0.000390  744.70
   820    298.767162     26    -77.117390  0.000993    -77.115222  0.000173    1.039167  0.000382  761.40
   840    298.765088     26    -77.117193  0.000972    -77.115236  0.000171    1.039178  0.000390  778.11
   860    298.764066     27    -77.117029  0.000979    -77.115211  0.000168    1.039226  0.000390  794.83
   880    298.761210     27    -77.116909  0.000968    -77.115203  0.000165    1.039244  0.000384  811.54
   900    298.757837     27    -77.116902  0.000931    -77.115182  0.000162    1.039225  0.000375  828.24
   920    298.755665     28    -77.116837  0.000913    -77.115192  0.000159    1.039217  0.000370  844.94
   940    298.754909     29    -77.116751  0.000899    -77.115146  0.000157    1.039259  0.000370  861.65
   960    298.752216     31    -77.116755  0.000883    -77.115134  0.000155    1.039253  0.000364  878.36
   980    298.756047     31    -77.116766  0.000868    -77.115128  0.000152    1.039270  0.000355  895.08
  1000    298.757485     31    -77.116895  0.000863    -77.115187  0.000156    1.039319  0.000350  911.78

Post Propagation Process
Total number of samples 1000
Raw AFQMC/HF (Guide) energy:           -77.116895 ± 0.000863
Raw Trial/Guide overlap ratio:          1.039319 ± 0.000350
Raw AFQMC/pt2CCSD energy (covariance): -77.115187 ± 0.000156
Raw AFQMC/pt2CCSD energy (dir sample): -77.115187 ± 0.000121

Remove Outliers
removing energies outside zeta > 30
Outlier energy bound [-77.198368, -77.030537]
Removed 0 outliers with energies []
Clean AFQMC/pt2CCSD overlap ratio:        1.039319 ± 0.000350
Clean AFQMC/pt2CCSD energy (covariance): -77.115187 ± 0.000156
Clean AFQMC/ptCCSD energy (dir sample):  -77.115187 ± 0.000121

Blocking Analysis
nsample = 1000, max_block_size = 25, min_nblocks = 40
   B    NB    NS  Observable     Error    dError
   1  1000  1000    1.039319  0.000094  0.000002
   2   500  1000    1.039319  0.000126  0.000004
   3   333   999    1.039317  0.000149  0.000006
   4   250  1000    1.039319  0.000169  0.000008
   5   200  1000    1.039319  0.000184  0.000009
   6   166   996    1.039306  0.000199  0.000011
   7   142   994    1.039305  0.000215  0.000013
   8   125  1000    1.039319  0.000223  0.000014
   9   111   999    1.039317  0.000237  0.000016
  10   100  1000    1.039319  0.000245  0.000017
  11    90   990    1.039302  0.000256  0.000019
  12    83   996    1.039306  0.000260  0.000020
  13    76   988    1.039295  0.000271  0.000022
  14    71   994    1.039305  0.000279  0.000024
  15    66   990    1.039302  0.000286  0.000025
  16    62   992    1.039305  0.000296  0.000027
  17    58   986    1.039289  0.000302  0.000028
  18    55   990    1.039302  0.000308  0.000030
  19    52   988    1.039295  0.000310  0.000031
  20    50  1000    1.039319  0.000323  0.000033
  21    47   987    1.039290  0.000339  0.000035
  22    45   990    1.039302  0.000332  0.000035
  23    43   989    1.039299  0.000348  0.000038
  24    41   984    1.039282  0.000342  0.000038
  25    40  1000    1.039319  0.000350  0.000040
Fit (variance): plateau_var = 1.994e-07 ± 5.873e-08
Fit (error):    plateau = 0.000447 ± 0.000066
     autocorrelation length ~ 28.0 blocks
     plateau reached at block size ~ 129
     !!!Failed to reach plateau in blocking
     Return max block error
nclean = 1000, max_block_size = 25, min_nblocks = 40
Blk_SZ   NBlk   NSmp      Energy     Error    dError
     1   1000   1000  -77.115113  0.000121  0.000003
     2    500   1000  -77.115121  0.000134  0.000004
     3    333    999  -77.115125  0.000148  0.000006
     4    250   1000  -77.115131  0.000153  0.000007
     5    200   1000  -77.115137  0.000152  0.000008
     6    166    996  -77.115143  0.000152  0.000008
     7    142    994  -77.115134  0.000156  0.000009
     8    125   1000  -77.115146  0.000166  0.000011
     9    111    999  -77.115150  0.000165  0.000011
    10    100   1000  -77.115153  0.000160  0.000011
    11     90    990  -77.115143  0.000163  0.000012
    12     83    996  -77.115162  0.000155  0.000012
    13     76    988  -77.115156  0.000162  0.000013
    14     71    994  -77.115146  0.000174  0.000015
    15     66    990  -77.115153  0.000168  0.000015
    16     62    992  -77.115158  0.000170  0.000015
    17     58    986  -77.115156  0.000171  0.000016
    18     55    990  -77.115154  0.000171  0.000016
    19     52    988  -77.115159  0.000174  0.000017
    20     50   1000  -77.115167  0.000173  0.000017
    21     47    987  -77.115161  0.000179  0.000019
    22     45    990  -77.115158  0.000156  0.000017
    23     43    989  -77.115161  0.000170  0.000019
    24     41    984  -77.115158  0.000171  0.000019
    25     40   1000  -77.115169  0.000158  0.000018
Fit (variance): plateau_var = 2.761052e-08 ± 1.344350e-09
Fit (error):    plateau = 0.000166 ± 0.000004
     autocorrelation length ~ 3.2 blocks
     plateau reached at block size ~ 14
Final AFQMC/pt2CCSD overlap ratio: 1.039319 ± 0.000350
Final AFQMC/pt2CCSD energy: -77.115187 ± 0.000166
Total run time: 927.40

AFQMC Sampling Finished

QMC script: /u/yzhang65/myprojects/software/afqmc/afqmc/scripts/run_afqmc_pt2ccsd.py
  => E_HF(ch2c)      = -76.7941168943 Eh
  => E_CCSD(ch2c)    = -77.0999429207 Eh
  => E_AFQMC(ch2c)   = -77.11519 +/- 0.00017 Eh

============================================================
Running: ch2clf  charge=0  spin=0
============================================================
output file: ../../result/molout/closed_shell/ch2clf_vtzfp.out

Preparing AFQMC calculation
Calculating Cholesky integrals
Alpha Cholesky shape: (658, 112, 112) 
 Beta Cholesky shape: (658, 112, 112) 
Finished calculating Cholesky integrals
Size of the correlation space:
Number of electrons:        [10 10]
Number of basis functions:  105
Number of Cholesky vectors: 658

    ________                     _____                    
    ___  __ \___  __________________(_)_____________ _    
    __  /_/ /  / / /_  __ \_  __ \_  /__  __ \_  __ `/    
    _  _, _// /_/ /_  / / /  / / /  / _  / / /  /_/ /     
    /_/ |_| \__,_/ /_/ /_//_/ /_//_/  /_/ /_/_\__, /      
                                             /____/       
    _____________________________  ___________            
    ___    |__  ____/_  __ \__   |/  /_  ____/            
    __  /| |_  /_   _  / / /_  /|_/ /_  /                 
    _  ___ |  __/   / /_/ /_  /  / / / /___               
    /_/  |_/_/      \___\_\/_/  /_/  \____/               

Hostname:     gpua021.delta.ncsa.illinois.edu
System:       Linux
Node:         gpua021.delta.ncsa.illinois.edu
Release:      5.14.0-427.91.1.el9_4.x86_64
Machine:      x86_64
Processor:    x86_64
JAX backend:  GPU
JAX devices:  [CudaDevice(id=0)]
Device kind:  NVIDIA A100-SXM4-40GB
Platform:     gpu

Load system from Integral File
Maximum memory per walker:            66.67 MB
Maximum number of Cholesky per chunk: 198
Number of Cholesky chunks:            4
Number of Cholesky per chunk:         165
Number of padding Cholesky:           2

QMC System
Number of electrons: (10, 10)
Spin Multiplicity:   0
Number of orbitals:  105
Number of Chol:      658

QMC Parameters
eql_time            :                   50
n_blocks            :                 1000
n_walkers           :                  300
max_error           :                  0.0
seed                :                   17
walker_type         :                  uhf
trial               :             upt2ccsd
mix_precision       :                 True
max_memory          :                20000
dt                  :                0.005
n_exp_terms         :                    6
n_prop_steps        :                   50
save_walkers        :                False
free_projection     :                False
n_batch             :                    1
nchol_chunk         :                  165

Initalize QMC walkers by stochastic CCSD

Equilibration
inv_T        weight  killW        energy   runTime
 0.00    300.000000      0   -598.666118     16.74
 5.00    298.893724      0   -598.685786     31.93
10.00    299.584416      0   -598.717308     40.21
15.00    299.044469      0   -598.658006     48.49
20.00    300.009494      0   -598.707915     56.76
25.00    299.641281      0   -598.714816     65.04
30.00    298.974620      0   -598.723267     73.32
35.00    299.933726      0   -598.725330     81.60
40.00    298.362065      0   -598.667566     89.88
45.00    299.399055      0   -598.703514     98.17
50.00    298.846055      0   -598.688973    106.45

Sampling
blocks        weight  killW       E_Guide     error       E_Trial     error     olp_T/G     error  Walltime
    20    299.000706      0   -598.699746  0.007596   -598.692728  0.001063    1.002501  0.000295  154.87
    40    299.076220      0   -598.703135  0.006618   -598.692296  0.000777    1.002556  0.000214  197.49
    60    298.959748      0   -598.698284  0.005253   -598.692223  0.000678    1.002590  0.000153  240.19
    80    298.936014      0   -598.697420  0.004255   -598.691826  0.000570    1.002621  0.000118  282.88
   100    298.950974      1   -598.697537  0.003126   -598.691426  0.000494    1.002630  0.000113  325.56
   120    298.926114      1   -598.697300  0.002730   -598.691557  0.000447    1.002502  0.000117  368.03
   140    298.923896      1   -598.697233  0.002547   -598.691785  0.000414    1.002453  0.000109  410.47
   160    298.874245      1   -598.695353  0.002617   -598.691550  0.000374    1.002417  0.000096  453.33
   180    298.871206      2   -598.695663  0.002393   -598.691579  0.000352    1.002389  0.000089  496.02
   200    298.857373      2   -598.695166  0.002246   -598.691505  0.000334    1.002429  0.000087  538.70
   220    298.844005      2   -598.695282  0.002063   -598.691429  0.000311    1.002449  0.000087  581.39
   240    298.831668      2   -598.694788  0.001982   -598.691465  0.000298    1.002418  0.000082  624.10
   260    298.806328      2   -598.694367  0.001856   -598.691379  0.000282    1.002445  0.000078  666.80
   280    298.791535      2   -598.694051  0.001747   -598.691380  0.000270    1.002435  0.000074  709.48
   300    298.797165      2   -598.694744  0.001736   -598.691428  0.000259    1.002394  0.000076  752.17
   320    298.795703      2   -598.694483  0.001640   -598.691357  0.000247    1.002404  0.000071  794.87
   340    298.773181      2   -598.693735  0.001597   -598.691318  0.000236    1.002413  0.000069  837.55
   360    298.764786      2   -598.693541  0.001579   -598.691359  0.000230    1.002388  0.000069  880.24
   380    298.753252      2   -598.693220  0.001580   -598.691308  0.000225    1.002411  0.000068  922.94
   400    298.754277      2   -598.693549  0.001507   -598.691315  0.000219    1.002434  0.000067  965.64
   420    298.756829      2   -598.693749  0.001457   -598.691346  0.000216    1.002440  0.000064 1008.32
   440    298.761338      2   -598.694396  0.001429   -598.691425  0.000218    1.002445  0.000065 1051.02
   460    298.749590      2   -598.694500  0.001398   -598.691395  0.000212    1.002423  0.000066 1093.71
   480    298.751179      2   -598.694047  0.001368   -598.691309  0.000206    1.002425  0.000063 1136.41
   500    298.755594      2   -598.694107  0.001334   -598.691319  0.000207    1.002442  0.000061 1179.10
   520    298.752870      2   -598.694023  0.001298   -598.691275  0.000201    1.002452  0.000062 1221.81
   540    298.756059      2   -598.694116  0.001279   -598.691286  0.000201    1.002440  0.000060 1264.51
   560    298.752227      2   -598.694166  0.001315   -598.691302  0.000196    1.002424  0.000060 1307.22
   580    298.747813      2   -598.693948  0.001313   -598.691270  0.000191    1.002421  0.000058 1349.89
   600    298.755357      2   -598.694258  0.001325   -598.691253  0.000188    1.002425  0.000056 1392.59
   620    298.752923      2   -598.694095  0.001326   -598.691234  0.000183    1.002430  0.000055 1435.30
   640    298.759683      2   -598.693942  0.001295   -598.691199  0.000180    1.002432  0.000053 1478.01
   660    298.762629      2   -598.693941  0.001257   -598.691196  0.000177    1.002420  0.000053 1520.71
   680    298.763905      2   -598.694396  0.001316   -598.691190  0.000173    1.002427  0.000053 1563.40
   700    298.758027      2   -598.694550  0.001318   -598.691233  0.000172    1.002417  0.000053 1606.08
   720    298.762940      2   -598.694888  0.001289   -598.691241  0.000170    1.002417  0.000052 1648.77
   740    298.759738      2   -598.694984  0.001259   -598.691257  0.000169    1.002406  0.000051 1691.47
   760    298.759254      2   -598.694834  0.001231   -598.691224  0.000166    1.002422  0.000053 1734.16
   780    298.757773      2   -598.694696  0.001221   -598.691241  0.000165    1.002428  0.000052 1776.84
   800    298.756884      2   -598.694769  0.001198   -598.691252  0.000163    1.002441  0.000052 1819.53
   820    298.763737      2   -598.694807  0.001175   -598.691241  0.000161    1.002440  0.000051 1862.22
   840    298.766187      2   -598.694875  0.001152   -598.691264  0.000160    1.002433  0.000051 1904.91
   860    298.765821      2   -598.694848  0.001138   -598.691261  0.000157    1.002443  0.000049 1947.63
   880    298.766930      2   -598.695043  0.001100   -598.691322  0.000158    1.002449  0.000051 1990.33
   900    298.763966      2   -598.695127  0.001080   -598.691290  0.000156    1.002451  0.000050 2033.04
   920    298.761968      2   -598.695104  0.001086   -598.691304  0.000153    1.002444  0.000049 2075.73
   940    298.758260      2   -598.695095  0.001086   -598.691269  0.000151    1.002435  0.000049 2118.42
   960    298.757766      2   -598.695138  0.001059   -598.691251  0.000149    1.002419  0.000049 2161.11
   980    298.758841      2   -598.695322  0.001034   -598.691262  0.000148    1.002414  0.000051 2203.81
  1000    298.756748      2   -598.695271  0.001046   -598.691271  0.000146    1.002406  0.000050 2246.50

Post Propagation Process
Total number of samples 1000
Raw AFQMC/HF (Guide) energy:           -598.695271 ± 0.001046
Raw Trial/Guide overlap ratio:          1.002406 ± 0.000050
Raw AFQMC/pt2CCSD energy (covariance): -598.691271 ± 0.000146
Raw AFQMC/pt2CCSD energy (dir sample): -598.691271 ± 0.000125

Remove Outliers
removing energies outside zeta > 30
Outlier energy bound [-598.791463, -598.589902]
Removed 0 outliers with energies []
Clean AFQMC/pt2CCSD overlap ratio:        1.002406 ± 0.000050
Clean AFQMC/pt2CCSD energy (covariance): -598.691271 ± 0.000146
Clean AFQMC/ptCCSD energy (dir sample):  -598.691271 ± 0.000125

Blocking Analysis
nsample = 1000, max_block_size = 25, min_nblocks = 40
   B    NB    NS  Observable     Error    dError
   1  1000  1000    1.002406  0.000019  0.000000
   2   500  1000    1.002406  0.000025  0.000001
   3   333   999    1.002407  0.000029  0.000001
   4   250  1000    1.002406  0.000032  0.000001
   5   200  1000    1.002406  0.000034  0.000002
   6   166   996    1.002409  0.000036  0.000002
   7   142   994    1.002410  0.000037  0.000002
   8   125  1000    1.002406  0.000038  0.000002
   9   111   999    1.002406  0.000041  0.000003
  10   100  1000    1.002406  0.000041  0.000003
  11    90   990    1.002413  0.000043  0.000003
  12    83   996    1.002409  0.000044  0.000003
  13    76   988    1.002413  0.000044  0.000004
  14    71   994    1.002410  0.000046  0.000004
  15    66   990    1.002413  0.000044  0.000004
  16    62   992    1.002412  0.000045  0.000004
  17    58   986    1.002414  0.000047  0.000004
  18    55   990    1.002413  0.000047  0.000005
  19    52   988    1.002413  0.000049  0.000005
  20    50  1000    1.002406  0.000048  0.000005
  21    47   987    1.002413  0.000047  0.000005
  22    45   990    1.002413  0.000048  0.000005
  23    43   989    1.002413  0.000050  0.000005
  24    41   984    1.002414  0.000048  0.000005
  25    40  1000    1.002406  0.000048  0.000005
Fit (variance): plateau_var = 2.412e-09 ± 2.078e-10
Fit (error):    plateau = 0.000049 ± 0.000002
     autocorrelation length ~ 7.9 blocks
     plateau reached at block size ~ 37
     !!!Failed to reach plateau in blocking
     Return max block error
nclean = 1000, max_block_size = 25, min_nblocks = 40
Blk_SZ   NBlk   NSmp      Energy     Error    dError
     1   1000   1000  -598.691175  0.000125  0.000003
     2    500   1000  -598.691201  0.000137  0.000004
     3    333    999  -598.691216  0.000143  0.000006
     4    250   1000  -598.691223  0.000147  0.000007
     5    200   1000  -598.691234  0.000144  0.000007
     6    166    996  -598.691224  0.000147  0.000008
     7    142    994  -598.691232  0.000151  0.000009
     8    125   1000  -598.691241  0.000160  0.000010
     9    111    999  -598.691244  0.000150  0.000010
    10    100   1000  -598.691249  0.000155  0.000011
    11     90    990  -598.691248  0.000155  0.000012
    12     83    996  -598.691242  0.000148  0.000012
    13     76    988  -598.691245  0.000155  0.000013
    14     71    994  -598.691244  0.000160  0.000014
    15     66    990  -598.691251  0.000134  0.000012
    16     62    992  -598.691250  0.000150  0.000014
    17     58    986  -598.691251  0.000149  0.000014
    18     55    990  -598.691253  0.000150  0.000014
    19     52    988  -598.691253  0.000157  0.000016
    20     50   1000  -598.691260  0.000141  0.000014
    21     47    987  -598.691254  0.000157  0.000016
    22     45    990  -598.691258  0.000150  0.000016
    23     43    989  -598.691253  0.000166  0.000018
    24     41    984  -598.691254  0.000155  0.000017
    25     40   1000  -598.691258  0.000134  0.000015
Fit (variance): plateau_var = 2.251386e-08 ± 8.659335e-10
Fit (error):    plateau = 0.000150 ± 0.000003
     autocorrelation length ~ 1.7 blocks
     plateau reached at block size ~ 7
Final AFQMC/pt2CCSD overlap ratio: 1.002406 ± 0.000050
Final AFQMC/pt2CCSD energy: -598.691271 ± 0.000150
Total run time: 2262.72

AFQMC Sampling Finished

QMC script: /u/yzhang65/myprojects/software/afqmc/afqmc/scripts/run_afqmc_pt2ccsd.py
  => E_HF(ch2clf)      = -598.0328460398 Eh
  => E_CCSD(ch2clf)    = -598.6675388851 Eh
  => E_AFQMC(ch2clf)   = -598.69127 +/- 0.00015 Eh

============================================================
Running: ch2f2  charge=0  spin=0
============================================================
output file: ../../result/molout/closed_shell/ch2f2_vtzfp.out

Preparing AFQMC calculation
Calculating Cholesky integrals
Alpha Cholesky shape: (658, 108, 108) 
 Beta Cholesky shape: (658, 108, 108) 
Finished calculating Cholesky integrals
Size of the correlation space:
Number of electrons:        [10 10]
Number of basis functions:  105
Number of Cholesky vectors: 658

    ________                     _____                    
    ___  __ \___  __________________(_)_____________ _    
    __  /_/ /  / / /_  __ \_  __ \_  /__  __ \_  __ `/    
    _  _, _// /_/ /_  / / /  / / /  / _  / / /  /_/ /     
    /_/ |_| \__,_/ /_/ /_//_/ /_//_/  /_/ /_/_\__, /      
                                             /____/       
    _____________________________  ___________            
    ___    |__  ____/_  __ \__   |/  /_  ____/            
    __  /| |_  /_   _  / / /_  /|_/ /_  /                 
    _  ___ |  __/   / /_/ /_  /  / / / /___               
    /_/  |_/_/      \___\_\/_/  /_/  \____/               

Hostname:     gpua021.delta.ncsa.illinois.edu
System:       Linux
Node:         gpua021.delta.ncsa.illinois.edu
Release:      5.14.0-427.91.1.el9_4.x86_64
Machine:      x86_64
Processor:    x86_64
JAX backend:  GPU
JAX devices:  [CudaDevice(id=0)]
Device kind:  NVIDIA A100-SXM4-40GB
Platform:     gpu

Load system from Integral File
Maximum memory per walker:            66.67 MB
Maximum number of Cholesky per chunk: 198
Number of Cholesky chunks:            4
Number of Cholesky per chunk:         165
Number of padding Cholesky:           2

QMC System
Number of electrons: (10, 10)
Spin Multiplicity:   0
Number of orbitals:  105
Number of Chol:      658

QMC Parameters
eql_time            :                   50
n_blocks            :                 1000
n_walkers           :                  300
max_error           :                  0.0
seed                :                   17
walker_type         :                  uhf
trial               :             upt2ccsd
mix_precision       :                 True
max_memory          :                20000
dt                  :                0.005
n_exp_terms         :                    6
n_prop_steps        :                   50
save_walkers        :                False
free_projection     :                False
n_batch             :                    1
nchol_chunk         :                  165

Initalize QMC walkers by stochastic CCSD

Equilibration
inv_T        weight  killW        energy   runTime
 0.00    300.000000      0   -238.673189     17.75
 5.00    298.351915      0   -238.689907     32.99
10.00    298.981607      0   -238.673747     41.09
15.00    299.486136      0   -238.719113     49.18
20.00    300.178935      0   -238.707217     57.27
25.00    299.396795      0   -238.688899     65.38
30.00    299.275661      0   -238.689198     73.47
35.00    299.179699      0   -238.706948     81.58
40.00    298.883520      0   -238.671077     89.67
45.00    299.670804      0   -238.729405     97.77
50.00    299.001481      0   -238.678607    105.87

Sampling
blocks        weight  killW       E_Guide     error       E_Trial     error     olp_T/G     error  Walltime
    20    298.935583      0   -238.698522  0.006766   -238.696476  0.000967    1.003165  0.000225  154.33
    40    299.000493      0   -238.702553  0.008145   -238.697431  0.000751    1.002783  0.000267  196.94
    60    299.028702      0   -238.702333  0.005572   -238.696886  0.000566    1.002534  0.000262  239.57
    80    299.082247      0   -238.704320  0.004944   -238.696897  0.000569    1.002464  0.000198  282.03
   100    299.090083      0   -238.704714  0.003553   -238.696971  0.000504    1.002493  0.000144  324.52
   120    299.069480      0   -238.705549  0.003181   -238.697541  0.000517    1.002581  0.000134  366.99
   140    299.056524      0   -238.704713  0.002826   -238.697465  0.000464    1.002591  0.000115  409.45
   160    298.994891      0   -238.703015  0.002931   -238.697400  0.000422    1.002628  0.000128  451.91
   180    298.999979      0   -238.703584  0.002525   -238.697328  0.000388    1.002628  0.000114  494.37
   200    298.994344      0   -238.704021  0.002295   -238.697255  0.000362    1.002657  0.000104  536.82
   220    298.968650      0   -238.704037  0.002119   -238.697163  0.000344    1.002685  0.000096  579.28
   240    298.960285      0   -238.703375  0.002024   -238.697173  0.000331    1.002697  0.000089  624.83
   260    298.925728      0   -238.702524  0.001923   -238.697123  0.000315    1.002693  0.000082  672.11
   280    298.885748      0   -238.702204  0.001807   -238.697001  0.000298    1.002692  0.000077  720.18
   300    298.879480      0   -238.702237  0.001717   -238.697095  0.000287    1.002614  0.000092  765.33
   320    298.868523      0   -238.701675  0.001664   -238.697111  0.000279    1.002616  0.000088  813.40
   340    298.859315      0   -238.701518  0.001576   -238.696939  0.000268    1.002600  0.000087  861.49
   360    298.843567      0   -238.701586  0.001573   -238.696946  0.000259    1.002594  0.000082  908.77
   380    298.834993      0   -238.701412  0.001516   -238.696914  0.000254    1.002583  0.000078  956.84
   400    298.846340      0   -238.701612  0.001483   -238.696994  0.000249    1.002609  0.000078 1004.93
   420    298.851053      0   -238.701631  0.001438   -238.697011  0.000241    1.002606  0.000074 1052.21
   440    298.844796      0   -238.701090  0.001461   -238.697014  0.000234    1.002626  0.000075 1100.28
   460    298.838908      0   -238.701063  0.001395   -238.697051  0.000226    1.002627  0.000073 1148.34
   480    298.840761      0   -238.700905  0.001364   -238.697018  0.000220    1.002632  0.000070 1195.61
   500    298.838723      0   -238.700774  0.001327   -238.697013  0.000219    1.002629  0.000067 1243.67
   520    298.833029      0   -238.700560  0.001293   -238.697019  0.000214    1.002610  0.000070 1291.76
   540    298.838173      0   -238.701075  0.001291   -238.697129  0.000218    1.002600  0.000069 1339.06
   560    298.833571      0   -238.701011  0.001368   -238.697112  0.000215    1.002619  0.000068 1387.15
   580    298.835394      0   -238.701059  0.001341   -238.697131  0.000215    1.002609  0.000066 1435.21
   600    298.828132      0   -238.700961  0.001312   -238.697167  0.000213    1.002603  0.000065 1482.47
   620    298.833734      0   -238.700975  0.001253   -238.697138  0.000208    1.002616  0.000063 1530.57
   640    298.839135      0   -238.700706  0.001235   -238.697064  0.000205    1.002625  0.000062 1578.66
   660    298.841310      0   -238.700909  0.001188   -238.697054  0.000201    1.002627  0.000063 1625.93
   680    298.836002      0   -238.700769  0.001163   -238.696994  0.000197    1.002639  0.000062 1673.99
   700    298.832679      0   -238.700869  0.001147   -238.697058  0.000201    1.002637  0.000061 1722.06
   720    298.832905      0   -238.700819  0.001127   -238.697056  0.000197    1.002642  0.000059 1769.33
   740    298.830582      0   -238.700800  0.001105   -238.697053  0.000195    1.002642  0.000058 1817.41
   760    298.836460      0   -238.701072  0.001088   -238.697116  0.000195    1.002634  0.000056 1865.49
   780    298.835793      0   -238.700605  0.001127   -238.697086  0.000192    1.002635  0.000055 1912.76
   800    298.841830      0   -238.700717  0.001141   -238.697087  0.000190    1.002634  0.000054 1960.84
   820    298.851702      0   -238.700952  0.001122   -238.697115  0.000187    1.002625  0.000054 2008.93
   840    298.849147      1   -238.700881  0.001122   -238.697137  0.000187    1.002617  0.000057 2056.21
   860    298.843190      1   -238.700526  0.001123   -238.697097  0.000184    1.002632  0.000057 2104.28
   880    298.841021      1   -238.700234  0.001144   -238.697058  0.000181    1.002639  0.000058 2152.33
   900    298.842853      1   -238.700529  0.001164   -238.697076  0.000180    1.002633  0.000057 2199.61
   920    298.846470      1   -238.700536  0.001187   -238.697081  0.000178    1.002637  0.000056 2247.67
   940    298.843325      1   -238.700613  0.001160   -238.697082  0.000175    1.002646  0.000054 2295.78
   960    298.839755      1   -238.700464  0.001134   -238.697060  0.000173    1.002655  0.000054 2343.05
   980    298.840283      1   -238.700577  0.001119   -238.697070  0.000170    1.002663  0.000054 2391.10
  1000    298.841377      1   -238.700643  0.001095   -238.697073  0.000168    1.002669  0.000055 2439.17

Post Propagation Process
Total number of samples 1000
Raw AFQMC/HF (Guide) energy:           -238.700643 ± 0.001095
Raw Trial/Guide overlap ratio:          1.002669 ± 0.000055
Raw AFQMC/pt2CCSD energy (covariance): -238.697073 ± 0.000168
Raw AFQMC/pt2CCSD energy (dir sample): -238.697073 ± 0.000142

Remove Outliers
removing energies outside zeta > 30
Outlier energy bound [-238.809934, -238.582628]
Removed 0 outliers with energies []
Clean AFQMC/pt2CCSD overlap ratio:        1.002669 ± 0.000055
Clean AFQMC/pt2CCSD energy (covariance): -238.697073 ± 0.000168
Clean AFQMC/ptCCSD energy (dir sample):  -238.697073 ± 0.000142

Blocking Analysis
nsample = 1000, max_block_size = 25, min_nblocks = 40
   B    NB    NS  Observable     Error    dError
   1  1000  1000    1.002670  0.000022  0.000000
   2   500  1000    1.002670  0.000028  0.000001
   3   333   999    1.002670  0.000032  0.000001
   4   250  1000    1.002670  0.000035  0.000002
   5   200  1000    1.002670  0.000038  0.000002
   6   166   996    1.002670  0.000041  0.000002
   7   142   994    1.002669  0.000042  0.000003
   8   125  1000    1.002669  0.000043  0.000003
   9   111   999    1.002670  0.000045  0.000003
  10   100  1000    1.002669  0.000046  0.000003
  11    90   990    1.002675  0.000047  0.000004
  12    83   996    1.002670  0.000047  0.000004
  13    76   988    1.002674  0.000051  0.000004
  14    71   994    1.002669  0.000048  0.000004
  15    66   990    1.002675  0.000052  0.000005
  16    62   992    1.002672  0.000047  0.000004
  17    58   986    1.002671  0.000049  0.000005
  18    55   990    1.002675  0.000050  0.000005
  19    52   988    1.002674  0.000049  0.000005
  20    50  1000    1.002669  0.000049  0.000005
  21    47   987    1.002673  0.000055  0.000006
  22    45   990    1.002675  0.000049  0.000005
  23    43   989    1.002675  0.000054  0.000006
  24    41   984    1.002667  0.000047  0.000005
  25    40  1000    1.002669  0.000053  0.000006
Fit (variance): plateau_var = 2.644e-09 ± 1.895e-10
Fit (error):    plateau = 0.000051 ± 0.000002
     autocorrelation length ~ 6.5 blocks
     plateau reached at block size ~ 30
     !!!Failed to reach plateau in blocking
     Return max block error
nclean = 1000, max_block_size = 25, min_nblocks = 40
Blk_SZ   NBlk   NSmp      Energy     Error    dError
     1   1000   1000  -238.696967  0.000142  0.000003
     2    500   1000  -238.697000  0.000154  0.000005
     3    333    999  -238.697020  0.000161  0.000006
     4    250   1000  -238.697029  0.000155  0.000007
     5    200   1000  -238.697033  0.000164  0.000008
     6    166    996  -238.697034  0.000161  0.000009
     7    142    994  -238.697043  0.000174  0.000010
     8    125   1000  -238.697048  0.000161  0.000010
     9    111    999  -238.697047  0.000167  0.000011
    10    100   1000  -238.697054  0.000166  0.000012
    11     90    990  -238.697037  0.000151  0.000011
    12     83    996  -238.697051  0.000165  0.000013
    13     76    988  -238.697039  0.000168  0.000014
    14     71    994  -238.697058  0.000173  0.000015
    15     66    990  -238.697041  0.000172  0.000015
    16     62    992  -238.697048  0.000162  0.000015
    17     58    986  -238.697050  0.000170  0.000016
    18     55    990  -238.697044  0.000181  0.000017
    19     52    988  -238.697043  0.000164  0.000016
    20     50   1000  -238.697061  0.000175  0.000018
    21     47    987  -238.697044  0.000188  0.000020
    22     45    990  -238.697046  0.000142  0.000015
    23     43    989  -238.697045  0.000177  0.000019
    24     41    984  -238.697064  0.000146  0.000016
    25     40   1000  -238.697064  0.000150  0.000017
Fit (variance): plateau_var = 2.663240e-08 ± 9.703739e-10
Fit (error):    plateau = 0.000163 ± 0.000003
     autocorrelation length ~ 1.3 blocks
     plateau reached at block size ~ 6
Final AFQMC/pt2CCSD overlap ratio: 1.002669 ± 0.000055
Final AFQMC/pt2CCSD energy: -238.697073 ± 0.000163
Total run time: 2448.55

AFQMC Sampling Finished

QMC script: /u/yzhang65/myprojects/software/afqmc/afqmc/scripts/run_afqmc_pt2ccsd.py
  => E_HF(ch2f2)      = -237.9948077864 Eh
  => E_CCSD(ch2f2)    = -238.6756943898 Eh
  => E_AFQMC(ch2f2)   = -238.69707 +/- 0.00016 Eh

============================================================
Running: ch2nh  charge=0  spin=0
============================================================
output file: ../../result/molout/closed_shell/ch2nh_vtzfp.out

Preparing AFQMC calculation
Calculating Cholesky integrals
Alpha Cholesky shape: (514, 87, 87) 
 Beta Cholesky shape: (514, 87, 87) 
Finished calculating Cholesky integrals
Size of the correlation space:
Number of electrons:        [6 6]
Number of basis functions:  85
Number of Cholesky vectors: 514

    ________                     _____                    
    ___  __ \___  __________________(_)_____________ _    
    __  /_/ /  / / /_  __ \_  __ \_  /__  __ \_  __ `/    
    _  _, _// /_/ /_  / / /  / / /  / _  / / /  /_/ /     
    /_/ |_| \__,_/ /_/ /_//_/ /_//_/  /_/ /_/_\__, /      
                                             /____/       
    _____________________________  ___________            
    ___    |__  ____/_  __ \__   |/  /_  ____/            
    __  /| |_  /_   _  / / /_  /|_/ /_  /                 
    _  ___ |  __/   / /_/ /_  /  / / / /___               
    /_/  |_/_/      \___\_\/_/  /_/  \____/               

Hostname:     gpua021.delta.ncsa.illinois.edu
System:       Linux
Node:         gpua021.delta.ncsa.illinois.edu
Release:      5.14.0-427.91.1.el9_4.x86_64
Machine:      x86_64
Processor:    x86_64
JAX backend:  GPU
JAX devices:  [CudaDevice(id=0)]
Device kind:  NVIDIA A100-SXM4-40GB
Platform:     gpu

Load system from Integral File
Maximum memory per walker:            66.67 MB
Maximum number of Cholesky per chunk: 302
Number of Cholesky chunks:            2
Number of Cholesky per chunk:         257
Number of padding Cholesky:           0

QMC System
Number of electrons: (6, 6)
Spin Multiplicity:   0
Number of orbitals:  85
Number of Chol:      514

QMC Parameters
eql_time            :                   50
n_blocks            :                 1000
n_walkers           :                  300
max_error           :                  0.0
seed                :                   17
walker_type         :                  uhf
trial               :             upt2ccsd
mix_precision       :                 True
max_memory          :                20000
dt                  :                0.005
n_exp_terms         :                    6
n_prop_steps        :                   50
save_walkers        :                False
free_projection     :                False
n_batch             :                    1
nchol_chunk         :                  257

Initalize QMC walkers by stochastic CCSD

Equilibration
inv_T        weight  killW        energy   runTime
 0.00    300.000000      0    -94.451041     12.58
 5.00    299.165026      0    -94.458745     21.68
10.00    299.293192      0    -94.466732     24.67
15.00    298.971067      0    -94.476992     28.43
20.00    299.531927      0    -94.464163     31.42
25.00    299.281894      0    -94.461981     35.14
30.00    299.338689      0    -94.475850     38.13
35.00    298.933576      0    -94.491458     41.85
40.00    299.349070      0    -94.463435     44.84
45.00    299.336191      0    -94.447897     48.56
50.00    298.952189      0    -94.411917     51.56

Sampling
blocks        weight  killW       E_Guide     error       E_Trial     error     olp_T/G     error  Walltime
    20    299.155618      0    -94.473178  0.010378    -94.468520  0.001212    1.005757  0.000320   86.91
    40    299.155304      0    -94.471880  0.007046    -94.469060  0.001003    1.005660  0.000252  116.46
    60    299.114201      0    -94.470342  0.004882    -94.468289  0.000715    1.005820  0.000191  146.11
    80    299.069507      0    -94.468648  0.003716    -94.468662  0.000640    1.006050  0.000212  175.82
   100    299.052670      0    -94.467582  0.003022    -94.468455  0.000525    1.006166  0.000194  205.51
   120    299.037980      0    -94.467407  0.002785    -94.468710  0.000486    1.006198  0.000163  235.30
   140    299.025181      1    -94.467783  0.002511    -94.469057  0.000503    1.006244  0.000145  264.94
   160    299.020554      1    -94.467885  0.002276    -94.469059  0.000455    1.006268  0.000137  294.62
   180    299.007409      1    -94.468207  0.002215    -94.468839  0.000414    1.006321  0.000125  324.29
   200    299.004387      1    -94.468102  0.002142    -94.469015  0.000392    1.006365  0.000118  353.93
   220    298.998744      1    -94.468148  0.001961    -94.468872  0.000366    1.006364  0.000109  383.66
   240    298.995017      1    -94.468568  0.001864    -94.468952  0.000368    1.006431  0.000113  413.35
   260    298.991267      1    -94.468691  0.001962    -94.469010  0.000382    1.006442  0.000106  443.07
   280    298.989361      2    -94.469141  0.001819    -94.469036  0.000375    1.006444  0.000097  472.71
   300    298.981816      2    -94.468804  0.001749    -94.469019  0.000356    1.006427  0.000092  502.35
   320    298.960804      2    -94.468060  0.001807    -94.468904  0.000339    1.006415  0.000089  532.04
   340    298.954064      2    -94.468255  0.001747    -94.468865  0.000324    1.006409  0.000084  561.67
   360    298.957297      2    -94.468626  0.001643    -94.468833  0.000312    1.006381  0.000081  591.32
   380    298.942727      2    -94.468529  0.001569    -94.468785  0.000298    1.006373  0.000077  621.00
   400    298.942769      2    -94.468349  0.001507    -94.468662  0.000286    1.006368  0.000074  650.66
   420    298.944596      2    -94.468939  0.001602    -94.468649  0.000276    1.006326  0.000078  680.35
   440    298.930869      2    -94.468538  0.001546    -94.468654  0.000267    1.006329  0.000076  710.01
   460    298.924930      2    -94.468585  0.001467    -94.468642  0.000259    1.006326  0.000074  739.70
   480    298.932803      2    -94.469002  0.001451    -94.468699  0.000252    1.006296  0.000076  769.37
   500    298.938037      2    -94.469159  0.001432    -94.468701  0.000246    1.006272  0.000076  799.03
   520    298.926452      2    -94.468666  0.001427    -94.468642  0.000239    1.006297  0.000078  828.70
   540    298.923969      2    -94.468661  0.001392    -94.468619  0.000231    1.006307  0.000076  858.32
   560    298.922966      2    -94.469043  0.001388    -94.468744  0.000252    1.006277  0.000077  888.06
   580    298.913396      2    -94.468765  0.001364    -94.468693  0.000246    1.006264  0.000074  917.75
   600    298.907939      2    -94.468632  0.001339    -94.468696  0.000239    1.006241  0.000074  947.46
   620    298.909571      2    -94.468937  0.001305    -94.468693  0.000233    1.006225  0.000073  977.10
   640    298.914097      2    -94.469207  0.001358    -94.468714  0.000228    1.006223  0.000076 1006.83
   660    298.922137      2    -94.469564  0.001328    -94.468747  0.000223    1.006220  0.000074 1036.48
   680    298.924898      2    -94.469773  0.001309    -94.468827  0.000230    1.006229  0.000072 1066.13
   700    298.927997      2    -94.469952  0.001281    -94.468850  0.000225    1.006237  0.000072 1095.76
   720    298.928530      2    -94.470145  0.001275    -94.468853  0.000221    1.006242  0.000075 1125.43
   740    298.928305      2    -94.470113  0.001250    -94.468800  0.000215    1.006247  0.000073 1155.17
   760    298.932531      2    -94.470484  0.001312    -94.468821  0.000212    1.006252  0.000071 1184.85
   780    298.933737      2    -94.470649  0.001286    -94.468796  0.000207    1.006257  0.000071 1214.49
   800    298.928307      2    -94.470356  0.001284    -94.468763  0.000203    1.006259  0.000069 1244.13
   820    298.930851      2    -94.470539  0.001260    -94.468783  0.000201    1.006268  0.000068 1273.85
   840    298.934326      2    -94.470637  0.001235    -94.468793  0.000197    1.006274  0.000067 1303.53
   860    298.929756      2    -94.470515  0.001207    -94.468728  0.000194    1.006282  0.000066 1333.16
   880    298.931677      2    -94.470577  0.001181    -94.468704  0.000190    1.006283  0.000065 1362.85
   900    298.932117      2    -94.470619  0.001164    -94.468701  0.000187    1.006303  0.000065 1392.47
   920    298.930931      2    -94.470617  0.001141    -94.468685  0.000184    1.006304  0.000064 1422.18
   940    298.930844      2    -94.470691  0.001118    -94.468700  0.000182    1.006303  0.000063 1451.87
   960    298.928720      2    -94.470605  0.001107    -94.468709  0.000179    1.006302  0.000063 1481.49
   980    298.929134      3    -94.470640  0.001090    -94.468736  0.000178    1.006297  0.000063 1511.16
  1000    298.928277      3    -94.470652  0.001069    -94.468712  0.000175    1.006302  0.000062 1540.83

Post Propagation Process
Total number of samples 1000
Raw AFQMC/HF (Guide) energy:           -94.470652 ± 0.001069
Raw Trial/Guide overlap ratio:          1.006302 ± 0.000062
Raw AFQMC/pt2CCSD energy (covariance): -94.468712 ± 0.000175
Raw AFQMC/pt2CCSD energy (dir sample): -94.468712 ± 0.000150

Remove Outliers
removing energies outside zeta > 30
Outlier energy bound [-94.558131, -94.377139]
Removed 0 outliers with energies []
Clean AFQMC/pt2CCSD overlap ratio:        1.006302 ± 0.000062
Clean AFQMC/pt2CCSD energy (covariance): -94.468712 ± 0.000175
Clean AFQMC/ptCCSD energy (dir sample):  -94.468712 ± 0.000150

Blocking Analysis
nsample = 1000, max_block_size = 25, min_nblocks = 40
   B    NB    NS  Observable     Error    dError
   1  1000  1000    1.006303  0.000022  0.000001
   2   500  1000    1.006303  0.000029  0.000001
   3   333   999    1.006303  0.000034  0.000001
   4   250  1000    1.006303  0.000038  0.000002
   5   200  1000    1.006302  0.000040  0.000002
   6   166   996    1.006301  0.000043  0.000002
   7   142   994    1.006302  0.000044  0.000003
   8   125  1000    1.006302  0.000047  0.000003
   9   111   999    1.006303  0.000048  0.000003
  10   100  1000    1.006302  0.000049  0.000003
  11    90   990    1.006304  0.000050  0.000004
  12    83   996    1.006301  0.000051  0.000004
  13    76   988    1.006303  0.000053  0.000004
  14    71   994    1.006302  0.000051  0.000004
  15    66   990    1.006304  0.000052  0.000005
  16    62   992    1.006303  0.000055  0.000005
  17    58   986    1.006299  0.000055  0.000005
  18    55   990    1.006304  0.000059  0.000006
  19    52   988    1.006303  0.000056  0.000006
  20    50  1000    1.006302  0.000056  0.000006
  21    47   987    1.006301  0.000058  0.000006
  22    45   990    1.006304  0.000060  0.000006
  23    43   989    1.006303  0.000059  0.000006
  24    41   984    1.006298  0.000062  0.000007
  25    40  1000    1.006302  0.000060  0.000007
Fit (variance): plateau_var = 3.536e-09 ± 3.270e-10
Fit (error):    plateau = 0.000059 ± 0.000003
     autocorrelation length ~ 8.5 blocks
     plateau reached at block size ~ 39
     !!!Failed to reach plateau in blocking
     Return max block error
nclean = 1000, max_block_size = 25, min_nblocks = 40
Blk_SZ   NBlk   NSmp      Energy     Error    dError
     1   1000   1000  -94.468586  0.000150  0.000003
     2    500   1000  -94.468610  0.000168  0.000005
     3    333    999  -94.468616  0.000179  0.000007
     4    250   1000  -94.468634  0.000187  0.000008
     5    200   1000  -94.468645  0.000183  0.000009
     6    166    996  -94.468654  0.000182  0.000010
     7    142    994  -94.468664  0.000185  0.000011
     8    125   1000  -94.468661  0.000189  0.000012
     9    111    999  -94.468660  0.000194  0.000013
    10    100   1000  -94.468672  0.000191  0.000014
    11     90    990  -94.468682  0.000193  0.000014
    12     83    996  -94.468680  0.000192  0.000015
    13     76    988  -94.468687  0.000181  0.000015
    14     71    994  -94.468693  0.000171  0.000014
    15     66    990  -94.468687  0.000186  0.000016
    16     62    992  -94.468693  0.000180  0.000016
    17     58    986  -94.468703  0.000177  0.000017
    18     55    990  -94.468699  0.000201  0.000019
    19     52    988  -94.468694  0.000193  0.000019
    20     50   1000  -94.468692  0.000184  0.000019
    21     47    987  -94.468701  0.000190  0.000020
    22     45    990  -94.468700  0.000175  0.000019
    23     43    989  -94.468700  0.000192  0.000021
    24     41    984  -94.468706  0.000184  0.000021
    25     40   1000  -94.468698  0.000184  0.000021
Fit (variance): plateau_var = 3.466375e-08 ± 1.268998e-09
Fit (error):    plateau = 0.000186 ± 0.000003
     autocorrelation length ~ 1.4 blocks
     plateau reached at block size ~ 7
Final AFQMC/pt2CCSD overlap ratio: 1.006302 ± 0.000062
Final AFQMC/pt2CCSD energy: -94.468712 ± 0.000186
Total run time: 1550.19

AFQMC Sampling Finished

QMC script: /u/yzhang65/myprojects/software/afqmc/afqmc/scripts/run_afqmc_pt2ccsd.py
  => E_HF(ch2nh)      = -94.0666390782 Eh
  => E_CCSD(ch2nh)    = -94.4514846901 Eh
  => E_AFQMC(ch2nh)   = -94.46871 +/- 0.00019 Eh

============================================================
Running: ch3f  charge=0  spin=0
============================================================
output file: ../../result/molout/closed_shell/ch3f_vtzfp.out

Preparing AFQMC calculation
Calculating Cholesky integrals
Alpha Cholesky shape: (523, 87, 87) 
 Beta Cholesky shape: (523, 87, 87) 
Finished calculating Cholesky integrals
Size of the correlation space:
Number of electrons:        [7 7]
Number of basis functions:  85
Number of Cholesky vectors: 523

    ________                     _____                    
    ___  __ \___  __________________(_)_____________ _    
    __  /_/ /  / / /_  __ \_  __ \_  /__  __ \_  __ `/    
    _  _, _// /_/ /_  / / /  / / /  / _  / / /  /_/ /     
    /_/ |_| \__,_/ /_/ /_//_/ /_//_/  /_/ /_/_\__, /      
                                             /____/       
    _____________________________  ___________            
    ___    |__  ____/_  __ \__   |/  /_  ____/            
    __  /| |_  /_   _  / / /_  /|_/ /_  /                 
    _  ___ |  __/   / /_/ /_  /  / / / /___               
    /_/  |_/_/      \___\_\/_/  /_/  \____/               

Hostname:     gpua021.delta.ncsa.illinois.edu
System:       Linux
Node:         gpua021.delta.ncsa.illinois.edu
Release:      5.14.0-427.91.1.el9_4.x86_64
Machine:      x86_64
Processor:    x86_64
JAX backend:  GPU
JAX devices:  [CudaDevice(id=0)]
Device kind:  NVIDIA A100-SXM4-40GB
Platform:     gpu

Load system from Integral File
Maximum memory per walker:            66.67 MB
Maximum number of Cholesky per chunk: 302
Number of Cholesky chunks:            2
Number of Cholesky per chunk:         262
Number of padding Cholesky:           1

QMC System
Number of electrons: (7, 7)
Spin Multiplicity:   0
Number of orbitals:  85
Number of Chol:      523

QMC Parameters
eql_time            :                   50
n_blocks            :                 1000
n_walkers           :                  300
max_error           :                  0.0
seed                :                   17
walker_type         :                  uhf
trial               :             upt2ccsd
mix_precision       :                 True
max_memory          :                20000
dt                  :                0.005
n_exp_terms         :                    6
n_prop_steps        :                   50
save_walkers        :                False
free_projection     :                False
n_batch             :                    1
nchol_chunk         :                  262

Initalize QMC walkers by stochastic CCSD

Equilibration
inv_T        weight  killW        energy   runTime
 0.00    300.000000      0   -139.540100     13.00
 5.00    299.763652      0   -139.552789     22.51
10.00    298.740058      0   -139.566534     25.54
15.00    298.946430      0   -139.537403     29.28
20.00    298.700491      0   -139.562803     32.31
25.00    299.626247      0   -139.546758     36.14
30.00    298.397114      0   -139.542639     39.17
35.00    299.620064      0   -139.530523     43.00
40.00    298.707704      0   -139.569787     46.02
45.00    299.580686      0   -139.537321     49.85
50.00    299.131213      0   -139.556395     52.88

Sampling
blocks        weight  killW       E_Guide     error       E_Trial     error     olp_T/G     error  Walltime
    20    299.496095      0   -139.564832  0.010160   -139.554256  0.000601    1.001389  0.000357   88.39
    40    299.300828      1   -139.557245  0.005952   -139.554079  0.000400    1.001371  0.000215  118.51
    60    299.246525      1   -139.555398  0.004143   -139.553992  0.000323    1.001346  0.000153  148.71
    80    299.222114      1   -139.556391  0.003375   -139.553820  0.000302    1.001331  0.000117  178.93
   100    299.186143      1   -139.556071  0.002808   -139.553703  0.000311    1.001373  0.000090  209.11
   120    299.185129      1   -139.557023  0.002472   -139.553890  0.000297    1.001364  0.000075  239.32
   140    299.158646      1   -139.555756  0.002265   -139.553889  0.000270    1.001343  0.000070  269.49
   160    299.137809      1   -139.556128  0.002061   -139.553926  0.000247    1.001348  0.000062  299.71
   180    299.104991      1   -139.554746  0.001986   -139.553756  0.000231    1.001359  0.000060  329.88
   200    299.072062      1   -139.553944  0.001881   -139.553660  0.000215    1.001354  0.000055  360.08
   220    299.063789      1   -139.553494  0.001755   -139.553688  0.000202    1.001369  0.000051  390.32
   240    299.059638      1   -139.553581  0.001597   -139.553651  0.000190    1.001338  0.000052  420.52
   260    299.046903      1   -139.553320  0.001533   -139.553684  0.000182    1.001362  0.000052  450.72
   280    299.051748      1   -139.553046  0.001448   -139.553720  0.000176    1.001345  0.000049  480.92
   300    299.051210      1   -139.553048  0.001355   -139.553652  0.000169    1.001330  0.000047  511.10
   320    299.062637      1   -139.553295  0.001351   -139.553739  0.000166    1.001317  0.000045  541.28
   340    299.073097      1   -139.553503  0.001279   -139.553743  0.000163    1.001335  0.000045  571.48
   360    299.083105      1   -139.553954  0.001253   -139.553791  0.000158    1.001320  0.000043  601.69
   380    299.073980      1   -139.554251  0.001269   -139.553776  0.000168    1.001325  0.000042  631.91
   400    299.073428      1   -139.553913  0.001230   -139.553748  0.000163    1.001322  0.000040  662.14
   420    299.090195      1   -139.554673  0.001293   -139.553804  0.000160    1.001313  0.000039  692.33
   440    299.088147      1   -139.555027  0.001261   -139.553833  0.000156    1.001294  0.000044  722.51
   460    299.080855      2   -139.555152  0.001228   -139.553901  0.000154    1.001297  0.000043  752.68
   480    299.082671      2   -139.555704  0.001265   -139.553939  0.000150    1.001289  0.000041  782.86
   500    299.082389      2   -139.555781  0.001244   -139.553981  0.000147    1.001286  0.000040  813.05
   520    299.078934      2   -139.555602  0.001215   -139.554005  0.000145    1.001292  0.000039  843.27
   540    299.081994      2   -139.555760  0.001190   -139.554038  0.000141    1.001289  0.000039  873.48
   560    299.077775      3   -139.555422  0.001217   -139.554049  0.000139    1.001308  0.000040  903.67
   580    299.075740      3   -139.555451  0.001188   -139.554031  0.000136    1.001306  0.000039  933.86
   600    299.073428      3   -139.555542  0.001160   -139.554049  0.000138    1.001324  0.000040  964.05
   620    299.075001      3   -139.555676  0.001110   -139.554066  0.000136    1.001330  0.000039  994.24
   640    299.067618      3   -139.555623  0.001128   -139.554072  0.000134    1.001339  0.000039 1024.43
   660    299.060710      3   -139.555591  0.001101   -139.554079  0.000133    1.001338  0.000038 1054.62
   680    299.062158      3   -139.555857  0.001091   -139.554101  0.000132    1.001342  0.000038 1084.83
   700    299.065618      3   -139.555932  0.001070   -139.554141  0.000131    1.001336  0.000038 1115.03
   720    299.074326      3   -139.556299  0.001077   -139.554149  0.000129    1.001335  0.000037 1145.22
   740    299.075797      3   -139.556509  0.001088   -139.554156  0.000127    1.001330  0.000036 1175.40
   760    299.073214      3   -139.556351  0.001064   -139.554151  0.000126    1.001341  0.000035 1205.58
   780    299.077077      3   -139.556513  0.001041   -139.554140  0.000123    1.001350  0.000036 1235.78
   800    299.077343      3   -139.556229  0.001075   -139.554132  0.000121    1.001344  0.000036 1266.01
   820    299.074379      3   -139.556024  0.001069   -139.554112  0.000119    1.001347  0.000035 1296.17
   840    299.073686      3   -139.555918  0.001048   -139.554116  0.000118    1.001345  0.000035 1326.38
   860    299.076933      3   -139.555810  0.001046   -139.554107  0.000117    1.001347  0.000034 1356.57
   880    299.074855      3   -139.555887  0.001026   -139.554100  0.000116    1.001345  0.000033 1386.76
   900    299.072758      3   -139.555814  0.001004   -139.554093  0.000115    1.001347  0.000032 1416.96
   920    299.075436      3   -139.555918  0.000982   -139.554101  0.000113    1.001348  0.000032 1447.14
   940    299.072962      3   -139.555876  0.000975   -139.554114  0.000112    1.001348  0.000031 1477.32
   960    299.070592      3   -139.555881  0.000954   -139.554111  0.000111    1.001350  0.000030 1507.52
   980    299.069942      3   -139.556103  0.000940   -139.554223  0.000181    1.001349  0.000030 1537.73
  1000    299.071898      3   -139.556306  0.000966   -139.554262  0.000179    1.001353  0.000030 1567.93

Post Propagation Process
Total number of samples 1000
Raw AFQMC/HF (Guide) energy:           -139.556306 ± 0.000966
Raw Trial/Guide overlap ratio:          1.001353 ± 0.000030
Raw AFQMC/pt2CCSD energy (covariance): -139.554262 ± 0.000179
Raw AFQMC/pt2CCSD energy (dir sample): -139.554262 ± 0.000111

Remove Outliers
removing energies outside zeta > 30
Outlier energy bound [-139.632795, -139.474498]
Removed 0 outliers with energies []
Clean AFQMC/pt2CCSD overlap ratio:        1.001353 ± 0.000030
Clean AFQMC/pt2CCSD energy (covariance): -139.554262 ± 0.000179
Clean AFQMC/ptCCSD energy (dir sample):  -139.554262 ± 0.000111

Blocking Analysis
nsample = 1000, max_block_size = 25, min_nblocks = 40
   B    NB    NS  Observable     Error    dError
   1  1000  1000    1.001353  0.000014  0.000000
   2   500  1000    1.001353  0.000017  0.000001
   3   333   999    1.001353  0.000020  0.000001
   4   250  1000    1.001353  0.000022  0.000001
   5   200  1000    1.001353  0.000023  0.000001
   6   166   996    1.001352  0.000024  0.000001
   7   142   994    1.001352  0.000025  0.000001
   8   125  1000    1.001353  0.000025  0.000002
   9   111   999    1.001353  0.000026  0.000002
  10   100  1000    1.001353  0.000028  0.000002
  11    90   990    1.001351  0.000028  0.000002
  12    83   996    1.001352  0.000028  0.000002
  13    76   988    1.001350  0.000028  0.000002
  14    71   994    1.001352  0.000026  0.000002
  15    66   990    1.001351  0.000027  0.000002
  16    62   992    1.001352  0.000028  0.000003
  17    58   986    1.001350  0.000030  0.000003
  18    55   990    1.001351  0.000027  0.000003
  19    52   988    1.001350  0.000029  0.000003
  20    50  1000    1.001353  0.000029  0.000003
  21    47   987    1.001350  0.000028  0.000003
  22    45   990    1.001351  0.000028  0.000003
  23    43   989    1.001351  0.000026  0.000003
  24    41   984    1.001349  0.000029  0.000003
  25    40  1000    1.001353  0.000025  0.000003
Fit (variance): plateau_var = 7.882e-10 ± 4.482e-11
Fit (error):    plateau = 0.000028 ± 0.000001
     autocorrelation length ~ 4.6 blocks
     plateau reached at block size ~ 22
nclean = 1000, max_block_size = 25, min_nblocks = 40
Blk_SZ   NBlk   NSmp      Energy     Error    dError
     1   1000   1000  -139.554195  0.000111  0.000002
     2    500   1000  -139.554213  0.000120  0.000004
     3    333    999  -139.554224  0.000135  0.000005
     4    250   1000  -139.554228  0.000125  0.000006
     5    200   1000  -139.554234  0.000136  0.000007
     6    166    996  -139.554238  0.000145  0.000008
     7    142    994  -139.554239  0.000144  0.000009
     8    125   1000  -139.554241  0.000126  0.000008
     9    111    999  -139.554245  0.000142  0.000010
    10    100   1000  -139.554244  0.000144  0.000010
    11     90    990  -139.554217  0.000147  0.000011
    12     83    996  -139.554248  0.000149  0.000012
    13     76    988  -139.554215  0.000143  0.000012
    14     71    994  -139.554248  0.000149  0.000013
    15     66    990  -139.554221  0.000146  0.000013
    16     62    992  -139.554231  0.000145  0.000013
    17     58    986  -139.554208  0.000139  0.000013
    18     55    990  -139.554222  0.000145  0.000014
    19     52    988  -139.554219  0.000151  0.000015
    20     50   1000  -139.554250  0.000150  0.000015
    21     47    987  -139.554220  0.000152  0.000016
    22     45    990  -139.554223  0.000149  0.000016
    23     43    989  -139.554219  0.000157  0.000017
    24     41    984  -139.554210  0.000151  0.000017
    25     40   1000  -139.554252  0.000170  0.000019
Fit (variance): plateau_var = 2.184371e-08 ± 1.287398e-09
Fit (error):    plateau = 0.000148 ± 0.000004
     autocorrelation length ~ 4.3 blocks
     plateau reached at block size ~ 18
Final AFQMC/pt2CCSD overlap ratio: 1.001353 ± 0.000028
Final AFQMC/pt2CCSD energy: -139.554262 ± 0.000148
Total run time: 1577.33

AFQMC Sampling Finished

QMC script: /u/yzhang65/myprojects/software/afqmc/afqmc/scripts/run_afqmc_pt2ccsd.py
  => E_HF(ch3f)      = -139.0941105852 Eh
  => E_CCSD(ch3f)    = -139.5405714437 Eh
  => E_AFQMC(ch3f)   = -139.55426 +/- 0.00015 Eh

============================================================
Running: ch3nh2  charge=0  spin=0
============================================================
output file: ../../result/molout/closed_shell/ch3nh2_vtzfp.out

Preparing AFQMC calculation
Calculating Cholesky integrals
Alpha Cholesky shape: (601, 105, 105) 
 Beta Cholesky shape: (601, 105, 105) 
Finished calculating Cholesky integrals
Size of the correlation space:
Number of electrons:        [7 7]
Number of basis functions:  103
Number of Cholesky vectors: 601

    ________                     _____                    
    ___  __ \___  __________________(_)_____________ _    
    __  /_/ /  / / /_  __ \_  __ \_  /__  __ \_  __ `/    
    _  _, _// /_/ /_  / / /  / / /  / _  / / /  /_/ /     
    /_/ |_| \__,_/ /_/ /_//_/ /_//_/  /_/ /_/_\__, /      
                                             /____/       
    _____________________________  ___________            
    ___    |__  ____/_  __ \__   |/  /_  ____/            
    __  /| |_  /_   _  / / /_  /|_/ /_  /                 
    _  ___ |  __/   / /_/ /_  /  / / / /___               
    /_/  |_/_/      \___\_\/_/  /_/  \____/               

Hostname:     gpua021.delta.ncsa.illinois.edu
System:       Linux
Node:         gpua021.delta.ncsa.illinois.edu
Release:      5.14.0-427.91.1.el9_4.x86_64
Machine:      x86_64
Processor:    x86_64
JAX backend:  GPU
JAX devices:  [CudaDevice(id=0)]
Device kind:  NVIDIA A100-SXM4-40GB
Platform:     gpu

Load system from Integral File
Maximum memory per walker:            66.67 MB
Maximum number of Cholesky per chunk: 205
Number of Cholesky chunks:            3
Number of Cholesky per chunk:         201
Number of padding Cholesky:           2

QMC System
Number of electrons: (7, 7)
Spin Multiplicity:   0
Number of orbitals:  103
Number of Chol:      601

QMC Parameters
eql_time            :                   50
n_blocks            :                 1000
n_walkers           :                  300
max_error           :                  0.0
seed                :                   17
walker_type         :                  uhf
trial               :             upt2ccsd
mix_precision       :                 True
max_memory          :                20000
dt                  :                0.005
n_exp_terms         :                    6
n_prop_steps        :                   50
save_walkers        :                False
free_projection     :                False
n_batch             :                    1
nchol_chunk         :                  201

Initalize QMC walkers by stochastic CCSD

Equilibration
inv_T        weight  killW        energy   runTime
 0.00    300.000000      0    -95.674413     13.32
 5.00    298.181004      0    -95.670707     23.83
10.00    299.206562      0    -95.714901     28.80
15.00    299.181925      0    -95.702800     33.82
20.00    298.900146      0    -95.684630     38.08
25.00    299.494966      0    -95.712937     43.11
30.00    298.863062      0    -95.689474     48.13
35.00    298.938189      0    -95.705658     52.40
40.00    299.671743      0    -95.719063     57.42
45.00    299.403388      0    -95.684387     62.45
50.00    298.903144      0    -95.706652     66.72

Sampling
blocks        weight  killW       E_Guide     error       E_Trial     error     olp_T/G     error  Walltime
    20    299.161448      1    -95.702364  0.004402    -95.690427  0.000679    1.000523  0.000056  114.93
    40    299.073956      1    -95.694462  0.006411    -95.689945  0.000499    1.000821  0.000188  157.74
    60    299.024708      1    -95.693710  0.004436    -95.689739  0.000375    1.000894  0.000143  200.49
    80    299.037749      1    -95.694092  0.003451    -95.689752  0.000358    1.000865  0.000110  243.38
   100    299.035589      1    -95.693942  0.002864    -95.689834  0.000328    1.000897  0.000083  286.25
   120    298.998200      1    -95.693546  0.002500    -95.689855  0.000287    1.000828  0.000083  328.45
   140    298.984695      1    -95.692245  0.002481    -95.689833  0.000264    1.000824  0.000076  371.32
   160    298.995258      1    -95.693091  0.002275    -95.689793  0.000242    1.000818  0.000068  414.19
   180    298.985539      1    -95.692658  0.002087    -95.689751  0.000222    1.000819  0.000058  457.06
   200    298.993699      1    -95.693466  0.001897    -95.689761  0.000220    1.000842  0.000054  499.85
   220    298.984099      1    -95.693299  0.001809    -95.689677  0.000208    1.000861  0.000053  542.71
   240    298.974999      1    -95.693177  0.001673    -95.689656  0.000197    1.000855  0.000049  585.58
   260    298.960087      1    -95.693226  0.001571    -95.689581  0.000192    1.000862  0.000047  627.77
   280    298.950228      1    -95.693429  0.001452    -95.689557  0.000184    1.000879  0.000044  670.62
   300    298.957810      1    -95.693278  0.001374    -95.689591  0.000178    1.000860  0.000043  713.52
   320    298.946950      1    -95.692969  0.001360    -95.689490  0.000172    1.000862  0.000041  756.38
   340    298.929824      1    -95.692853  0.001293    -95.689429  0.000165    1.000861  0.000038  799.16
   360    298.921392      1    -95.692795  0.001199    -95.689461  0.000162    1.000860  0.000036  842.05
   380    298.919337      1    -95.692466  0.001191    -95.689443  0.000157    1.000861  0.000034  884.93
   400    298.921128      2    -95.693129  0.001216    -95.689499  0.000161    1.000833  0.000037  927.15
   420    298.910585      2    -95.693124  0.001165    -95.689535  0.000156    1.000837  0.000036  969.99
   440    298.907363      2    -95.693097  0.001134    -95.689506  0.000150    1.000848  0.000037 1012.86
   460    298.910840      2    -95.693163  0.001085    -95.689497  0.000149    1.000848  0.000036 1055.72
   480    298.906998      2    -95.693203  0.001101    -95.689496  0.000146    1.000845  0.000034 1098.50
   500    298.909321      2    -95.693490  0.001101    -95.689588  0.000151    1.000832  0.000034 1141.36
   520    298.900221      2    -95.693255  0.001090    -95.689547  0.000147    1.000830  0.000034 1184.22
   540    298.898832      2    -95.693233  0.001071    -95.689543  0.000142    1.000834  0.000034 1226.39
   560    298.890514      2    -95.692954  0.001051    -95.689500  0.000139    1.000842  0.000036 1269.26
   580    298.881101      2    -95.692853  0.001082    -95.689507  0.000136    1.000844  0.000035 1312.15
   600    298.879371      2    -95.692698  0.001045    -95.689454  0.000133    1.000851  0.000034 1355.02
   620    298.876529      2    -95.692343  0.001043    -95.689468  0.000133    1.000852  0.000033 1397.81
   640    298.877041      2    -95.692502  0.001008    -95.689461  0.000131    1.000855  0.000032 1440.70
   660    298.875530      2    -95.692488  0.000986    -95.689470  0.000128    1.000863  0.000032 1483.58
   680    298.882456      2    -95.692568  0.000965    -95.689492  0.000126    1.000868  0.000032 1525.78
   700    298.883963      3    -95.692617  0.000946    -95.689510  0.000125    1.000862  0.000031 1568.64
   720    298.887220      3    -95.692601  0.000963    -95.689520  0.000123    1.000862  0.000031 1611.51
   740    298.885121      3    -95.692622  0.000943    -95.689491  0.000120    1.000865  0.000031 1654.39
   760    298.883143      3    -95.692596  0.000913    -95.689475  0.000118    1.000866  0.000030 1697.17
   780    298.884667      3    -95.692586  0.000897    -95.689506  0.000117    1.000869  0.000030 1740.03
   800    298.879776      3    -95.692288  0.000890    -95.689512  0.000116    1.000865  0.000030 1782.92
   820    298.882309      3    -95.692234  0.000881    -95.689489  0.000114    1.000867  0.000029 1825.10
   840    298.879216      3    -95.692222  0.000873    -95.689539  0.000121    1.000866  0.000030 1867.95
   860    298.878152      3    -95.692218  0.000873    -95.689539  0.000119    1.000871  0.000030 1910.80
   880    298.877559      3    -95.692339  0.000851    -95.689534  0.000117    1.000870  0.000029 1953.67
   900    298.875526      3    -95.692333  0.000841    -95.689528  0.000116    1.000868  0.000029 1996.46
   920    298.876475      3    -95.692215  0.000823    -95.689513  0.000114    1.000872  0.000028 2039.33
   940    298.873618      3    -95.692026  0.000809    -95.689494  0.000112    1.000876  0.000028 2082.22
   960    298.876248      3    -95.692282  0.000797    -95.689536  0.000112    1.000874  0.000027 2124.40
   980    298.876218      3    -95.692461  0.000873    -95.689543  0.000111    1.000877  0.000027 2167.31
  1000    298.872908      3    -95.692275  0.000862    -95.689523  0.000110    1.000878  0.000028 2210.20

Post Propagation Process
Total number of samples 1000
Raw AFQMC/HF (Guide) energy:           -95.692275 ± 0.000862
Raw Trial/Guide overlap ratio:          1.000878 ± 0.000028
Raw AFQMC/pt2CCSD energy (covariance): -95.689523 ± 0.000110
Raw AFQMC/pt2CCSD energy (dir sample): -95.689523 ± 0.000093

Remove Outliers
removing energies outside zeta > 30
Outlier energy bound [-95.755994, -95.622254]
Removed 0 outliers with energies []
Clean AFQMC/pt2CCSD overlap ratio:        1.000878 ± 0.000028
Clean AFQMC/pt2CCSD energy (covariance): -95.689523 ± 0.000110
Clean AFQMC/ptCCSD energy (dir sample):  -95.689523 ± 0.000093

Blocking Analysis
nsample = 1000, max_block_size = 25, min_nblocks = 40
   B    NB    NS  Observable     Error    dError
   1  1000  1000    1.000878  0.000010  0.000000
   2   500  1000    1.000878  0.000013  0.000000
   3   333   999    1.000878  0.000015  0.000001
   4   250  1000    1.000878  0.000016  0.000001
   5   200  1000    1.000878  0.000017  0.000001
   6   166   996    1.000878  0.000018  0.000001
   7   142   994    1.000878  0.000019  0.000001
   8   125  1000    1.000878  0.000020  0.000001
   9   111   999    1.000878  0.000021  0.000001
  10   100  1000    1.000878  0.000021  0.000001
  11    90   990    1.000877  0.000022  0.000002
  12    83   996    1.000878  0.000022  0.000002
  13    76   988    1.000878  0.000022  0.000002
  14    71   994    1.000878  0.000024  0.000002
  15    66   990    1.000877  0.000022  0.000002
  16    62   992    1.000877  0.000023  0.000002
  17    58   986    1.000878  0.000022  0.000002
  18    55   990    1.000877  0.000025  0.000002
  19    52   988    1.000878  0.000024  0.000002
  20    50  1000    1.000878  0.000025  0.000003
  21    47   987    1.000877  0.000026  0.000003
  22    45   990    1.000877  0.000026  0.000003
  23    43   989    1.000877  0.000024  0.000003
  24    41   984    1.000878  0.000027  0.000003
  25    40  1000    1.000878  0.000028  0.000003
Fit (variance): plateau_var = 6.729e-10 ± 7.010e-11
Fit (error):    plateau = 0.000026 ± 0.000001
     autocorrelation length ~ 9.5 blocks
     plateau reached at block size ~ 44
     !!!Failed to reach plateau in blocking
     Return max block error
nclean = 1000, max_block_size = 25, min_nblocks = 40
Blk_SZ   NBlk   NSmp      Energy     Error    dError
     1   1000   1000  -95.689445  0.000093  0.000002
     2    500   1000  -95.689459  0.000104  0.000003
     3    333    999  -95.689473  0.000103  0.000004
     4    250   1000  -95.689479  0.000109  0.000005
     5    200   1000  -95.689488  0.000110  0.000005
     6    166    996  -95.689491  0.000111  0.000006
     7    142    994  -95.689502  0.000117  0.000007
     8    125   1000  -95.689496  0.000115  0.000007
     9    111    999  -95.689503  0.000120  0.000008
    10    100   1000  -95.689504  0.000119  0.000008
    11     90    990  -95.689514  0.000116  0.000009
    12     83    996  -95.689510  0.000123  0.000010
    13     76    988  -95.689517  0.000113  0.000009
    14     71    994  -95.689515  0.000126  0.000011
    15     66    990  -95.689520  0.000115  0.000010
    16     62    992  -95.689519  0.000109  0.000010
    17     58    986  -95.689521  0.000105  0.000010
    18     55    990  -95.689522  0.000125  0.000012
    19     52    988  -95.689520  0.000115  0.000011
    20     50   1000  -95.689512  0.000120  0.000012
    21     47    987  -95.689517  0.000132  0.000014
    22     45    990  -95.689524  0.000123  0.000013
    23     43    989  -95.689520  0.000129  0.000014
    24     41    984  -95.689529  0.000124  0.000014
    25     40   1000  -95.689517  0.000126  0.000014
Fit (variance): plateau_var = 1.404318e-08 ± 7.102374e-10
Fit (error):    plateau = 0.000119 ± 0.000003
     autocorrelation length ~ 3.4 blocks
     plateau reached at block size ~ 14
Final AFQMC/pt2CCSD overlap ratio: 1.000878 ± 0.000028
Final AFQMC/pt2CCSD energy: -95.689523 ± 0.000119
Total run time: 2219.67

AFQMC Sampling Finished

QMC script: /u/yzhang65/myprojects/software/afqmc/afqmc/scripts/run_afqmc_pt2ccsd.py
  => E_HF(ch3nh2)      = -95.2523859357 Eh
  => E_CCSD(ch3nh2)    = -95.6744207538 Eh
  => E_AFQMC(ch3nh2)   = -95.68952 +/- 0.00012 Eh

============================================================
Running: ch3ph2  charge=0  spin=0
============================================================
output file: ../../result/molout/closed_shell/ch3ph2_vtzfp.out

Preparing AFQMC calculation
Calculating Cholesky integrals
Alpha Cholesky shape: (624, 109, 109) 
 Beta Cholesky shape: (624, 109, 109) 
Finished calculating Cholesky integrals
Size of the correlation space:
Number of electrons:        [7 7]
Number of basis functions:  103
Number of Cholesky vectors: 624

    ________                     _____                    
    ___  __ \___  __________________(_)_____________ _    
    __  /_/ /  / / /_  __ \_  __ \_  /__  __ \_  __ `/    
    _  _, _// /_/ /_  / / /  / / /  / _  / / /  /_/ /     
    /_/ |_| \__,_/ /_/ /_//_/ /_//_/  /_/ /_/_\__, /      
                                             /____/       
    _____________________________  ___________            
    ___    |__  ____/_  __ \__   |/  /_  ____/            
    __  /| |_  /_   _  / / /_  /|_/ /_  /                 
    _  ___ |  __/   / /_/ /_  /  / / / /___               
    /_/  |_/_/      \___\_\/_/  /_/  \____/               

Hostname:     gpua021.delta.ncsa.illinois.edu
System:       Linux
Node:         gpua021.delta.ncsa.illinois.edu
Release:      5.14.0-427.91.1.el9_4.x86_64
Machine:      x86_64
Processor:    x86_64
JAX backend:  GPU
JAX devices:  [CudaDevice(id=0)]
Device kind:  NVIDIA A100-SXM4-40GB
Platform:     gpu

Load system from Integral File
Maximum memory per walker:            66.67 MB
Maximum number of Cholesky per chunk: 205
Number of Cholesky chunks:            4
Number of Cholesky per chunk:         156
Number of padding Cholesky:           0

QMC System
Number of electrons: (7, 7)
Spin Multiplicity:   0
Number of orbitals:  103
Number of Chol:      624

QMC Parameters
eql_time            :                   50
n_blocks            :                 1000
n_walkers           :                  300
max_error           :                  0.0
seed                :                   17
walker_type         :                  uhf
trial               :             upt2ccsd
mix_precision       :                 True
max_memory          :                20000
dt                  :                0.005
n_exp_terms         :                    6
n_prop_steps        :                   50
save_walkers        :                False
free_projection     :                False
n_batch             :                    1
nchol_chunk         :                  156

Initalize QMC walkers by stochastic CCSD

Equilibration
inv_T        weight  killW        energy   runTime
 0.00    300.000000      0   -381.911955     12.77
 5.00    299.653304      0   -381.944255     23.48
10.00    299.723727      0   -381.965602     28.73
15.00    298.688054      0   -381.933759     33.90
20.00    299.196050      0   -381.924519     38.31
25.00    299.202120      0   -381.930609     43.49
30.00    298.082777      0   -381.928072     48.65
35.00    299.152600      0   -381.937063     53.06
40.00    298.677493      0   -381.925962     58.24
45.00    299.313473      0   -381.940140     63.46
50.00    299.174598      0   -381.924142     67.87

Sampling
blocks        weight  killW       E_Guide     error       E_Trial     error     olp_T/G     error  Walltime
    20    299.117179      0   -381.939292  0.003321   -381.928254  0.000805    1.002138  0.000146  113.88
    40    299.015149      0   -381.936506  0.002022   -381.928269  0.000568    1.002064  0.000226  151.43
    60    298.934003      0   -381.931899  0.003659   -381.927917  0.000403    1.002258  0.000248  189.10
    80    298.877166      0   -381.929497  0.003382   -381.927486  0.000334    1.002409  0.000207  226.74
   100    298.844530      0   -381.929134  0.002617   -381.927386  0.000284    1.002499  0.000174  264.40
   120    298.837835      0   -381.929795  0.002282   -381.927576  0.000250    1.002416  0.000155  302.07
   140    298.823266      0   -381.930547  0.002101   -381.927687  0.000237    1.002345  0.000144  339.78
   160    298.804848      0   -381.930725  0.001878   -381.927811  0.000238    1.002305  0.000143  377.45
   180    298.791603      1   -381.930294  0.001638   -381.927767  0.000237    1.002261  0.000139  415.11
   200    298.778510      1   -381.930570  0.001506   -381.927721  0.000220    1.002293  0.000130  452.81
   220    298.779487      1   -381.931020  0.001402   -381.927622  0.000205    1.002345  0.000124  490.46
   240    298.786307      1   -381.931689  0.001447   -381.927742  0.000199    1.002293  0.000119  531.34
   260    298.776881      1   -381.931160  0.001522   -381.927726  0.000187    1.002329  0.000113  572.23
   280    298.765868      1   -381.930809  0.001433   -381.927758  0.000181    1.002316  0.000106  613.13
   300    298.756991      1   -381.930466  0.001370   -381.927682  0.000173    1.002299  0.000102  654.03
   320    298.751445      1   -381.930415  0.001318   -381.927674  0.000165    1.002299  0.000096  694.95
   340    298.736671      1   -381.930257  0.001255   -381.927659  0.000157    1.002318  0.000091  735.86
   360    298.737087      1   -381.930235  0.001190   -381.927670  0.000151    1.002314  0.000086  776.76
   380    298.734231      1   -381.930037  0.001139   -381.927623  0.000145    1.002368  0.000089  817.65
   400    298.728090      1   -381.929739  0.001112   -381.927625  0.000141    1.002400  0.000088  858.56
   420    298.721017      1   -381.929827  0.001070   -381.927652  0.000136    1.002405  0.000084  899.44
   440    298.723178      1   -381.929890  0.001060   -381.927685  0.000133    1.002387  0.000081  940.36
   460    298.724147      1   -381.930036  0.001049   -381.927688  0.000129    1.002359  0.000080  981.26
   480    298.727337      1   -381.930265  0.001009   -381.927739  0.000127    1.002348  0.000080 1022.15
   500    298.727206      1   -381.930098  0.000999   -381.927711  0.000123    1.002354  0.000078 1063.10
   520    298.725905      1   -381.929979  0.000955   -381.927691  0.000120    1.002376  0.000076 1104.01
   540    298.727336      1   -381.929914  0.000914   -381.927678  0.000117    1.002365  0.000074 1144.91
   560    298.728956      1   -381.929964  0.000909   -381.927715  0.000115    1.002364  0.000072 1185.80
   580    298.730161      1   -381.930018  0.000897   -381.927721  0.000113    1.002379  0.000070 1226.72
   600    298.726947      1   -381.929986  0.000890   -381.927713  0.000110    1.002362  0.000072 1267.63
   620    298.726634      1   -381.930058  0.000869   -381.927746  0.000109    1.002339  0.000073 1308.52
   640    298.726952      1   -381.930111  0.000848   -381.927764  0.000107    1.002333  0.000072 1349.44
   660    298.724043      1   -381.929820  0.000839   -381.927751  0.000105    1.002337  0.000069 1390.36
   680    298.727258      1   -381.929926  0.000820   -381.927793  0.000105    1.002329  0.000075 1431.26
   700    298.730043      1   -381.930008  0.000804   -381.927800  0.000104    1.002329  0.000073 1472.17
   720    298.729786      1   -381.929858  0.000781   -381.927799  0.000105    1.002327  0.000071 1513.07
   740    298.727486      2   -381.929732  0.000772   -381.927784  0.000103    1.002335  0.000069 1553.97
   760    298.730032      3   -381.929892  0.000784   -381.927801  0.000102    1.002340  0.000069 1594.89
   780    298.731573      3   -381.930043  0.000783   -381.927819  0.000100    1.002329  0.000068 1635.80
   800    298.731824      3   -381.930017  0.000764   -381.927823  0.000099    1.002325  0.000067 1676.71
   820    298.729316      3   -381.929989  0.000756   -381.927815  0.000098    1.002317  0.000065 1717.62
   840    298.726301      3   -381.929916  0.000739   -381.927791  0.000096    1.002312  0.000064 1758.53
   860    298.728081      3   -381.929986  0.000722   -381.927771  0.000095    1.002297  0.000063 1799.42
   880    298.726161      3   -381.930049  0.000766   -381.927771  0.000094    1.002276  0.000065 1840.32
   900    298.725930      3   -381.930019  0.000766   -381.927772  0.000092    1.002277  0.000065 1881.21
   920    298.724913      3   -381.929894  0.000748   -381.927746  0.000091    1.002280  0.000064 1922.10
   940    298.724098      3   -381.929702  0.000742   -381.927743  0.000091    1.002288  0.000063 1963.03
   960    298.720836      3   -381.929604  0.000749   -381.927743  0.000090    1.002285  0.000063 2003.95
   980    298.722062      3   -381.929668  0.000733   -381.927768  0.000089    1.002275  0.000063 2044.84
  1000    298.720726      3   -381.929527  0.000717   -381.927768  0.000088    1.002263  0.000063 2085.76

Post Propagation Process
Total number of samples 1000
Raw AFQMC/HF (Guide) energy:           -381.929527 ± 0.000717
Raw Trial/Guide overlap ratio:          1.002263 ± 0.000063
Raw AFQMC/pt2CCSD energy (covariance): -381.927768 ± 0.000088
Raw AFQMC/pt2CCSD energy (dir sample): -381.927768 ± 0.000071

Remove Outliers
removing energies outside zeta > 30
Outlier energy bound [-381.986286, -381.868527]
Removed 0 outliers with energies []
Clean AFQMC/pt2CCSD overlap ratio:        1.002263 ± 0.000063
Clean AFQMC/pt2CCSD energy (covariance): -381.927768 ± 0.000088
Clean AFQMC/ptCCSD energy (dir sample):  -381.927768 ± 0.000071

Blocking Analysis
nsample = 1000, max_block_size = 25, min_nblocks = 40
   B    NB    NS  Observable     Error    dError
   1  1000  1000    1.002263  0.000021  0.000000
   2   500  1000    1.002263  0.000028  0.000001
   3   333   999    1.002263  0.000033  0.000001
   4   250  1000    1.002263  0.000036  0.000002
   5   200  1000    1.002263  0.000040  0.000002
   6   166   996    1.002264  0.000043  0.000002
   7   142   994    1.002265  0.000044  0.000003
   8   125  1000    1.002263  0.000046  0.000003
   9   111   999    1.002263  0.000048  0.000003
  10   100  1000    1.002263  0.000050  0.000004
  11    90   990    1.002267  0.000051  0.000004
  12    83   996    1.002264  0.000053  0.000004
  13    76   988    1.002268  0.000053  0.000004
  14    71   994    1.002265  0.000053  0.000005
  15    66   990    1.002267  0.000055  0.000005
  16    62   992    1.002265  0.000056  0.000005
  17    58   986    1.002269  0.000061  0.000006
  18    55   990    1.002267  0.000058  0.000006
  19    52   988    1.002268  0.000062  0.000006
  20    50  1000    1.002263  0.000059  0.000006
  21    47   987    1.002269  0.000059  0.000006
  22    45   990    1.002267  0.000061  0.000006
  23    43   989    1.002268  0.000056  0.000006
  24    41   984    1.002271  0.000063  0.000007
  25    40  1000    1.002263  0.000060  0.000007
Fit (variance): plateau_var = 3.975e-09 ± 4.156e-10
Fit (error):    plateau = 0.000063 ± 0.000003
     autocorrelation length ~ 10.1 blocks
     plateau reached at block size ~ 47
     !!!Failed to reach plateau in blocking
     Return max block error
nclean = 1000, max_block_size = 25, min_nblocks = 40
Blk_SZ   NBlk   NSmp      Energy     Error    dError
     1   1000   1000  -381.927726  0.000071  0.000002
     2    500   1000  -381.927735  0.000082  0.000003
     3    333    999  -381.927740  0.000089  0.000003
     4    250   1000  -381.927742  0.000095  0.000004
     5    200   1000  -381.927745  0.000096  0.000005
     6    166    996  -381.927752  0.000104  0.000006
     7    142    994  -381.927757  0.000100  0.000006
     8    125   1000  -381.927752  0.000105  0.000007
     9    111    999  -381.927751  0.000105  0.000007
    10    100   1000  -381.927753  0.000105  0.000007
    11     90    990  -381.927763  0.000102  0.000008
    12     83    996  -381.927758  0.000110  0.000009
    13     76    988  -381.927770  0.000110  0.000009
    14     71    994  -381.927764  0.000103  0.000009
    15     66    990  -381.927767  0.000104  0.000009
    16     62    992  -381.927766  0.000104  0.000009
    17     58    986  -381.927770  0.000105  0.000010
    18     55    990  -381.927768  0.000105  0.000010
    19     52    988  -381.927772  0.000098  0.000010
    20     50   1000  -381.927761  0.000101  0.000010
    21     47    987  -381.927771  0.000102  0.000011
    22     45    990  -381.927768  0.000108  0.000011
    23     43    989  -381.927775  0.000097  0.000011
    24     41    984  -381.927773  0.000110  0.000012
    25     40   1000  -381.927762  0.000097  0.000011
Fit (variance): plateau_var = 1.089628e-08 ± 4.882168e-10
Fit (error):    plateau = 0.000104 ± 0.000002
     autocorrelation length ~ 2.8 blocks
     plateau reached at block size ~ 13
Final AFQMC/pt2CCSD overlap ratio: 1.002263 ± 0.000063
Final AFQMC/pt2CCSD energy: -381.927768 ± 0.000104
Total run time: 2095.13

AFQMC Sampling Finished

QMC script: /u/yzhang65/myprojects/software/afqmc/afqmc/scripts/run_afqmc_pt2ccsd.py
  => E_HF(ch3ph2)      = -381.5385224077 Eh
  => E_CCSD(ch3ph2)    = -381.9126184347 Eh
  => E_AFQMC(ch3ph2)   = -381.92777 +/- 0.00010 Eh

============================================================
Running: ch4  charge=0  spin=0
============================================================
output file: ../../result/molout/closed_shell/ch4_vtzfp.out

Preparing AFQMC calculation
Calculating Cholesky integrals
Alpha Cholesky shape: (374, 66, 66) 
 Beta Cholesky shape: (374, 66, 66) 
Finished calculating Cholesky integrals
Size of the correlation space:
Number of electrons:        [4 4]
Number of basis functions:  65
Number of Cholesky vectors: 374

    ________                     _____                    
    ___  __ \___  __________________(_)_____________ _    
    __  /_/ /  / / /_  __ \_  __ \_  /__  __ \_  __ `/    
    _  _, _// /_/ /_  / / /  / / /  / _  / / /  /_/ /     
    /_/ |_| \__,_/ /_/ /_//_/ /_//_/  /_/ /_/_\__, /      
                                             /____/       
    _____________________________  ___________            
    ___    |__  ____/_  __ \__   |/  /_  ____/            
    __  /| |_  /_   _  / / /_  /|_/ /_  /                 
    _  ___ |  __/   / /_/ /_  /  / / / /___               
    /_/  |_/_/      \___\_\/_/  /_/  \____/               

Hostname:     gpua021.delta.ncsa.illinois.edu
System:       Linux
Node:         gpua021.delta.ncsa.illinois.edu
Release:      5.14.0-427.91.1.el9_4.x86_64
Machine:      x86_64
Processor:    x86_64
JAX backend:  GPU
JAX devices:  [CudaDevice(id=0)]
Device kind:  NVIDIA A100-SXM4-40GB
Platform:     gpu

Load system from Integral File
Maximum memory per walker:            66.67 MB
Maximum number of Cholesky per chunk: 517
Number of Cholesky chunks:            1
Number of Cholesky per chunk:         374
Number of padding Cholesky:           0

QMC System
Number of electrons: (4, 4)
Spin Multiplicity:   0
Number of orbitals:  65
Number of Chol:      374

QMC Parameters
eql_time            :                   50
n_blocks            :                 1000
n_walkers           :                  300
max_error           :                  0.0
seed                :                   17
walker_type         :                  uhf
trial               :             upt2ccsd
mix_precision       :                 True
max_memory          :                20000
dt                  :                0.005
n_exp_terms         :                    6
n_prop_steps        :                   50
save_walkers        :                False
free_projection     :                False
n_batch             :                    1
nchol_chunk         :                  374

Initalize QMC walkers by stochastic CCSD

Equilibration
inv_T        weight  killW        energy   runTime
 0.00    300.000000      0    -40.426546     12.07
 5.00    299.381288      0    -40.426331     20.82
10.00    299.528352      0    -40.433835     22.82
15.00    299.387982      0    -40.424803     24.81
20.00    299.505703      0    -40.425770     27.62
25.00    299.299789      0    -40.421788     29.61
30.00    299.215981      0    -40.435077     31.61
35.00    299.735762      0    -40.438994     33.61
40.00    299.386703      0    -40.438211     36.41
45.00    299.381007      0    -40.435570     38.41
50.00    299.109479      0    -40.423499     40.40

Sampling
blocks        weight  killW       E_Guide     error       E_Trial     error     olp_T/G     error  Walltime
    20    299.420918      0    -40.431913  0.002371    -40.433067  0.000375    1.000444  0.000085   65.11
    40    299.382630      0    -40.436189  0.004115    -40.433094  0.000276    1.000387  0.000073   85.13
    60    299.410342      0    -40.437406  0.003528    -40.433822  0.000395    1.000300  0.000079  104.70
    80    299.410354      0    -40.437067  0.002721    -40.433697  0.000308    1.000397  0.000080  124.80
   100    299.370245      0    -40.436226  0.002207    -40.433628  0.000255    1.000440  0.000069  144.37
   120    299.365419      0    -40.435351  0.001854    -40.433482  0.000218    1.000456  0.000059  164.46
   140    299.342222      0    -40.434554  0.001753    -40.433352  0.000193    1.000459  0.000050  184.04
   160    299.346725      0    -40.435177  0.001630    -40.433373  0.000174    1.000454  0.000044  204.13
   180    299.334476      0    -40.435362  0.001493    -40.433356  0.000158    1.000468  0.000041  223.69
   200    299.335033      0    -40.435613  0.001359    -40.433316  0.000145    1.000463  0.000038  243.80
   220    299.334892      0    -40.435597  0.001324    -40.433349  0.000137    1.000461  0.000036  263.37
   240    299.327389      0    -40.435558  0.001222    -40.433337  0.000130    1.000462  0.000033  283.46
   260    299.323958      0    -40.435009  0.001195    -40.433291  0.000121    1.000451  0.000031  303.04
   280    299.315585      0    -40.434671  0.001116    -40.433255  0.000114    1.000444  0.000029  323.12
   300    299.312721      0    -40.434491  0.001054    -40.433270  0.000109    1.000438  0.000028  342.67
   320    299.313837      0    -40.434631  0.001051    -40.433281  0.000105    1.000434  0.000026  362.80
   340    299.315292      0    -40.434744  0.001016    -40.433260  0.000100    1.000441  0.000026  382.36
   360    299.312246      0    -40.434750  0.000947    -40.433257  0.000096    1.000450  0.000026  402.46
   380    299.308301      0    -40.434607  0.000917    -40.433239  0.000092    1.000453  0.000025  422.04
   400    299.306850      0    -40.434415  0.000883    -40.433234  0.000089    1.000456  0.000023  442.14
   420    299.305900      0    -40.434373  0.000849    -40.433244  0.000086    1.000447  0.000023  461.71
   440    299.307132      0    -40.434499  0.000850    -40.433244  0.000083    1.000446  0.000024  481.84
   460    299.309949      0    -40.434698  0.000829    -40.433237  0.000081    1.000438  0.000023  501.42
   480    299.314171      0    -40.434796  0.000820    -40.433285  0.000084    1.000436  0.000024  521.53
   500    299.313866      0    -40.435209  0.000853    -40.433322  0.000091    1.000435  0.000023  541.12
   520    299.307951      0    -40.435026  0.000851    -40.433312  0.000088    1.000435  0.000022  561.23
   540    299.304945      0    -40.434939  0.000844    -40.433310  0.000085    1.000430  0.000022  580.80
   560    299.309419      0    -40.435098  0.000819    -40.433351  0.000095    1.000423  0.000023  600.91
   580    299.310796      0    -40.435161  0.000812    -40.433359  0.000092    1.000421  0.000022  620.46
   600    299.307971      0    -40.435363  0.000789    -40.433368  0.000090    1.000413  0.000024  640.57
   620    299.305999      0    -40.435415  0.000772    -40.433358  0.000088    1.000411  0.000023  660.14
   640    299.306652      0    -40.435484  0.000809    -40.433347  0.000085    1.000409  0.000023  680.24
   660    299.305555      0    -40.435607  0.000790    -40.433361  0.000084    1.000406  0.000022  699.81
   680    299.303626      0    -40.435653  0.000775    -40.433364  0.000082    1.000404  0.000022  719.95
   700    299.303255      0    -40.435578  0.000759    -40.433349  0.000080    1.000400  0.000021  739.49
   720    299.300788      0    -40.435385  0.000758    -40.433336  0.000078    1.000405  0.000021  759.59
   740    299.298609      0    -40.435349  0.000743    -40.433329  0.000077    1.000402  0.000021  779.18
   760    299.297352      0    -40.435332  0.000727    -40.433336  0.000075    1.000403  0.000022  799.30
   780    299.297260      0    -40.435348  0.000712    -40.433334  0.000074    1.000408  0.000022  818.87
   800    299.298726      0    -40.435517  0.000711    -40.433345  0.000072    1.000405  0.000021  838.97
   820    299.297184      0    -40.435498  0.000697    -40.433358  0.000071    1.000404  0.000021  858.53
   840    299.294992      0    -40.435488  0.000683    -40.433363  0.000073    1.000400  0.000021  878.62
   860    299.292150      0    -40.435330  0.000678    -40.433347  0.000071    1.000402  0.000021  898.19
   880    299.291407      0    -40.435367  0.000659    -40.433334  0.000070    1.000411  0.000022  918.30
   900    299.289232      0    -40.435178  0.000667    -40.433329  0.000069    1.000414  0.000022  937.87
   920    299.287390      0    -40.435070  0.000661    -40.433320  0.000068    1.000414  0.000022  957.97
   940    299.287543      0    -40.435112  0.000650    -40.433337  0.000070    1.000406  0.000022  977.61
   960    299.290889      0    -40.435276  0.000666    -40.433394  0.000072    1.000401  0.000023  997.70
   980    299.288969      0    -40.435228  0.000666    -40.433386  0.000071    1.000401  0.000023 1017.26
  1000    299.286260      0    -40.435134  0.000654    -40.433381  0.000070    1.000399  0.000022 1037.38

Post Propagation Process
Total number of samples 1000
Raw AFQMC/HF (Guide) energy:           -40.435134 ± 0.000654
Raw Trial/Guide overlap ratio:          1.000399 ± 0.000022
Raw AFQMC/pt2CCSD energy (covariance): -40.433381 ± 0.000070
Raw AFQMC/pt2CCSD energy (dir sample): -40.433381 ± 0.000054

Remove Outliers
removing energies outside zeta > 30
Outlier energy bound [-40.466091, -40.399990]
Removed 0 outliers with energies []
Clean AFQMC/pt2CCSD overlap ratio:        1.000399 ± 0.000022
Clean AFQMC/pt2CCSD energy (covariance): -40.433381 ± 0.000070
Clean AFQMC/ptCCSD energy (dir sample):  -40.433381 ± 0.000054

Blocking Analysis
nsample = 1000, max_block_size = 25, min_nblocks = 40
   B    NB    NS  Observable     Error    dError
   1  1000  1000    1.000399  0.000008  0.000000
   2   500  1000    1.000399  0.000011  0.000000
   3   333   999    1.000399  0.000013  0.000000
   4   250  1000    1.000399  0.000014  0.000001
   5   200  1000    1.000399  0.000015  0.000001
   6   166   996    1.000400  0.000015  0.000001
   7   142   994    1.000400  0.000017  0.000001
   8   125  1000    1.000399  0.000017  0.000001
   9   111   999    1.000399  0.000018  0.000001
  10   100  1000    1.000399  0.000018  0.000001
  11    90   990    1.000400  0.000019  0.000001
  12    83   996    1.000400  0.000019  0.000001
  13    76   988    1.000400  0.000020  0.000002
  14    71   994    1.000400  0.000020  0.000002
  15    66   990    1.000400  0.000021  0.000002
  16    62   992    1.000400  0.000020  0.000002
  17    58   986    1.000399  0.000021  0.000002
  18    55   990    1.000400  0.000020  0.000002
  19    52   988    1.000400  0.000022  0.000002
  20    50  1000    1.000399  0.000020  0.000002
  21    47   987    1.000399  0.000022  0.000002
  22    45   990    1.000400  0.000021  0.000002
  23    43   989    1.000400  0.000022  0.000002
  24    41   984    1.000400  0.000022  0.000003
  25    40  1000    1.000399  0.000021  0.000002
Fit (variance): plateau_var = 5.006e-10 ± 4.980e-11
Fit (error):    plateau = 0.000022 ± 0.000001
     autocorrelation length ~ 9.4 blocks
     plateau reached at block size ~ 43
     !!!Failed to reach plateau in blocking
     Return max block error
nclean = 1000, max_block_size = 25, min_nblocks = 40
Blk_SZ   NBlk   NSmp      Energy     Error    dError
     1   1000   1000  -40.433350  0.000054  0.000001
     2    500   1000  -40.433357  0.000062  0.000002
     3    333    999  -40.433360  0.000070  0.000003
     4    250   1000  -40.433362  0.000071  0.000003
     5    200   1000  -40.433365  0.000071  0.000004
     6    166    996  -40.433368  0.000080  0.000004
     7    142    994  -40.433367  0.000075  0.000004
     8    125   1000  -40.433368  0.000079  0.000005
     9    111    999  -40.433369  0.000078  0.000005
    10    100   1000  -40.433371  0.000080  0.000006
    11     90    990  -40.433370  0.000082  0.000006
    12     83    996  -40.433372  0.000087  0.000007
    13     76    988  -40.433373  0.000085  0.000007
    14     71    994  -40.433373  0.000090  0.000008
    15     66    990  -40.433372  0.000087  0.000008
    16     62    992  -40.433371  0.000087  0.000008
    17     58    986  -40.433375  0.000092  0.000009
    18     55    990  -40.433373  0.000096  0.000009
    19     52    988  -40.433376  0.000087  0.000009
    20     50   1000  -40.433375  0.000091  0.000009
    21     47    987  -40.433378  0.000082  0.000009
    22     45    990  -40.433374  0.000082  0.000009
    23     43    989  -40.433376  0.000087  0.000010
    24     41    984  -40.433377  0.000109  0.000012
    25     40   1000  -40.433377  0.000091  0.000010
Fit (variance): plateau_var = 7.851325e-09 ± 5.404198e-10
Fit (error):    plateau = 0.000089 ± 0.000003
     autocorrelation length ~ 5.5 blocks
     plateau reached at block size ~ 24
Final AFQMC/pt2CCSD overlap ratio: 1.000399 ± 0.000022
Final AFQMC/pt2CCSD energy: -40.433381 ± 0.000089
Total run time: 1046.64

AFQMC Sampling Finished

QMC script: /u/yzhang65/myprojects/software/afqmc/afqmc/scripts/run_afqmc_pt2ccsd.py
  => E_HF(ch4)      = -40.2130312506 Eh
  => E_CCSD(ch4)    = -40.4266839996 Eh
  => E_AFQMC(ch4)   = -40.43338 +/- 0.00009 Eh

============================================================
Running: chf3  charge=0  spin=0
============================================================
output file: ../../result/molout/closed_shell/chf3_vtzfp.out

Preparing AFQMC calculation
Calculating Cholesky integrals
Alpha Cholesky shape: (790, 129, 129) 
 Beta Cholesky shape: (790, 129, 129) 
Finished calculating Cholesky integrals
Size of the correlation space:
Number of electrons:        [13 13]
Number of basis functions:  125
Number of Cholesky vectors: 790

    ________                     _____                    
    ___  __ \___  __________________(_)_____________ _    
    __  /_/ /  / / /_  __ \_  __ \_  /__  __ \_  __ `/    
    _  _, _// /_/ /_  / / /  / / /  / _  / / /  /_/ /     
    /_/ |_| \__,_/ /_/ /_//_/ /_//_/  /_/ /_/_\__, /      
                                             /____/       
    _____________________________  ___________            
    ___    |__  ____/_  __ \__   |/  /_  ____/            
    __  /| |_  /_   _  / / /_  /|_/ /_  /                 
    _  ___ |  __/   / /_/ /_  /  / / / /___               
    /_/  |_/_/      \___\_\/_/  /_/  \____/               

Hostname:     gpua021.delta.ncsa.illinois.edu
System:       Linux
Node:         gpua021.delta.ncsa.illinois.edu
Release:      5.14.0-427.91.1.el9_4.x86_64
Machine:      x86_64
Processor:    x86_64
JAX backend:  GPU
JAX devices:  [CudaDevice(id=0)]
Device kind:  NVIDIA A100-SXM4-40GB
Platform:     gpu

Load system from Integral File
Maximum memory per walker:            66.67 MB
Maximum number of Cholesky per chunk: 139
Number of Cholesky chunks:            6
Number of Cholesky per chunk:         132
Number of padding Cholesky:           2

QMC System
Number of electrons: (13, 13)
Spin Multiplicity:   0
Number of orbitals:  125
Number of Chol:      790

QMC Parameters
eql_time            :                   50
n_blocks            :                 1000
n_walkers           :                  300
max_error           :                  0.0
seed                :                   17
walker_type         :                  uhf
trial               :             upt2ccsd
mix_precision       :                 True
max_memory          :                20000
dt                  :                0.005
n_exp_terms         :                    6
n_prop_steps        :                   50
save_walkers        :                False
free_projection     :                False
n_batch             :                    1
nchol_chunk         :                  132

Initalize QMC walkers by stochastic CCSD

Equilibration
inv_T        weight  killW        energy   runTime
 0.00    300.000000      0   -337.819165     13.58
 5.00    298.486722      0   -337.889052     27.90
10.00    299.338578      0   -337.840163     35.98
15.00    298.967088      0   -337.860456     44.06
20.00    299.838008      0   -337.876536     52.15
25.00    299.586819      0   -337.862832     60.22
30.00    299.415283      0   -337.880964     68.30
35.00    299.690766      0   -337.852667     76.39
40.00    299.125881      0   -337.881211     84.46
45.00    299.012595      0   -337.815525     92.55
50.00    299.901188      0   -337.823391    101.12

Sampling
blocks        weight  killW       E_Guide     error       E_Trial     error     olp_T/G     error  Walltime
    20    298.745958      0   -337.856660  0.014627   -337.851872  0.001831    1.004026  0.000471  182.10
    40    298.941953      0   -337.854657  0.006983   -337.851958  0.001323    1.003773  0.000300  259.26
    60    298.945579      0   -337.855903  0.004598   -337.851316  0.000982    1.003759  0.000208  336.49
    80    298.940595      0   -337.859039  0.004430   -337.852268  0.000859    1.003593  0.000215  413.74
   100    298.936694      0   -337.859076  0.004042   -337.852039  0.000720    1.003737  0.000181  490.97
   120    298.940583      0   -337.859112  0.003290   -337.851730  0.000623    1.003723  0.000155  568.20
   140    298.907986      0   -337.857133  0.003149   -337.851371  0.000572    1.003776  0.000137  645.47
   160    298.907719      0   -337.857220  0.002943   -337.851807  0.000534    1.003620  0.000157  722.71
   180    298.894154      0   -337.856741  0.002749   -337.851594  0.000495    1.003624  0.000140  799.92
   200    298.846213      0   -337.856004  0.002541   -337.851267  0.000462    1.003660  0.000128  877.19
   220    298.837902      0   -337.856963  0.002415   -337.851299  0.000448    1.003673  0.000116  954.44
   240    298.820596      0   -337.856875  0.002280   -337.851347  0.000427    1.003679  0.000110 1031.65
   260    298.804975      0   -337.857019  0.002214   -337.851313  0.000406    1.003737  0.000112 1108.91
   280    298.799920      0   -337.857554  0.002177   -337.851409  0.000402    1.003762  0.000108 1186.18
   300    298.746014      0   -337.857126  0.002100   -337.851248  0.000387    1.003798  0.000104 1263.42
   320    298.721415      0   -337.857031  0.002003   -337.851432  0.000383    1.003767  0.000103 1340.68
   340    298.715582      0   -337.857743  0.001961   -337.851425  0.000370    1.003779  0.000097 1417.97
   360    298.694606      0   -337.857411  0.001895   -337.851383  0.000363    1.003829  0.000099 1495.22
   380    298.705013      0   -337.857488  0.001848   -337.851434  0.000350    1.003840  0.000094 1572.41
   400    298.687767      0   -337.856639  0.001846   -337.851334  0.000338    1.003857  0.000091 1649.66
   420    298.672470      0   -337.856181  0.001793   -337.851259  0.000329    1.003857  0.000087 1726.89
   440    298.665154      0   -337.855892  0.001777   -337.851301  0.000325    1.003849  0.000083 1804.13
   460    298.659100      0   -337.855695  0.001746   -337.851275  0.000316    1.003851  0.000081 1881.38
   480    298.649898      0   -337.855162  0.001727   -337.851175  0.000307    1.003862  0.000078 1958.65
   500    298.652349      0   -337.855563  0.001690   -337.851181  0.000297    1.003862  0.000076 2035.88
   520    298.653310      0   -337.855680  0.001649   -337.851189  0.000291    1.003874  0.000079 2113.17
   540    298.651569      0   -337.855997  0.001624   -337.851250  0.000286    1.003888  0.000078 2190.40
   560    298.652694      0   -337.856104  0.001638   -337.851192  0.000282    1.003886  0.000074 2267.64
   580    298.644505      0   -337.856043  0.001604   -337.851160  0.000275    1.003901  0.000073 2344.89
   600    298.639398      0   -337.856322  0.001619   -337.851159  0.000271    1.003894  0.000070 2422.14
   620    298.635493      0   -337.856232  0.001546   -337.851108  0.000266    1.003912  0.000069 2499.39
   640    298.632237      0   -337.855531  0.001581   -337.851025  0.000261    1.003937  0.000071 2576.66
   660    298.634854      0   -337.855743  0.001522   -337.851054  0.000256    1.003925  0.000070 2653.89
   680    298.635029      0   -337.855683  0.001490   -337.851048  0.000250    1.003914  0.000068 2731.15
   700    298.629504      0   -337.855598  0.001432   -337.850990  0.000245    1.003919  0.000067 2808.35
   720    298.628141      0   -337.855403  0.001425   -337.850949  0.000241    1.003920  0.000064 2885.58
   740    298.622465      0   -337.855388  0.001397   -337.850932  0.000236    1.003925  0.000064 2962.83
   760    298.618256      0   -337.855151  0.001427   -337.850880  0.000233    1.003916  0.000062 3040.06
   780    298.608522      0   -337.854903  0.001404   -337.850910  0.000231    1.003914  0.000060 3117.29
   800    298.614652      0   -337.854974  0.001356   -337.850904  0.000228    1.003907  0.000065 3194.52
   820    298.618537      0   -337.854751  0.001335   -337.850867  0.000223    1.003897  0.000064 3271.78
   840    298.618649      1   -337.854948  0.001293   -337.850988  0.000225    1.003889  0.000063 3349.04
   860    298.626287      1   -337.855176  0.001275   -337.850968  0.000221    1.003876  0.000063 3426.30
   880    298.625288      1   -337.855632  0.001295   -337.851066  0.000222    1.003865  0.000063 3503.55
   900    298.624758      2   -337.855864  0.001367   -337.851111  0.000221    1.003844  0.000065 3580.80
   920    298.622392      2   -337.855677  0.001362   -337.851037  0.000218    1.003834  0.000064 3658.03
   940    298.620340      2   -337.855651  0.001342   -337.851047  0.000215    1.003834  0.000064 3735.25
   960    298.620508      2   -337.855593  0.001324   -337.851034  0.000213    1.003835  0.000063 3812.52
   980    298.618021      2   -337.855496  0.001320   -337.851010  0.000211    1.003827  0.000061 3889.77
  1000    298.614251      2   -337.855614  0.001294   -337.851048  0.000214    1.003817  0.000062 3970.59

Post Propagation Process
Total number of samples 1000
Raw AFQMC/HF (Guide) energy:           -337.855614 ± 0.001294
Raw Trial/Guide overlap ratio:          1.003817 ± 0.000062
Raw AFQMC/pt2CCSD energy (covariance): -337.851048 ± 0.000214
Raw AFQMC/pt2CCSD energy (dir sample): -337.851048 ± 0.000188

Remove Outliers
removing energies outside zeta > 30
Outlier energy bound [-337.999700, -337.700303]
Removed 0 outliers with energies []
Clean AFQMC/pt2CCSD overlap ratio:        1.003817 ± 0.000062
Clean AFQMC/pt2CCSD energy (covariance): -337.851048 ± 0.000214
Clean AFQMC/ptCCSD energy (dir sample):  -337.851048 ± 0.000188

Blocking Analysis
nsample = 1000, max_block_size = 25, min_nblocks = 40
   B    NB    NS  Observable     Error    dError
   1  1000  1000    1.003817  0.000024  0.000001
   2   500  1000    1.003817  0.000031  0.000001
   3   333   999    1.003818  0.000036  0.000001
   4   250  1000    1.003817  0.000040  0.000002
   5   200  1000    1.003817  0.000043  0.000002
   6   166   996    1.003822  0.000045  0.000002
   7   142   994    1.003823  0.000047  0.000003
   8   125  1000    1.003817  0.000049  0.000003
   9   111   999    1.003818  0.000049  0.000003
  10   100  1000    1.003817  0.000051  0.000004
  11    90   990    1.003822  0.000052  0.000004
  12    83   996    1.003822  0.000054  0.000004
  13    76   988    1.003823  0.000055  0.000005
  14    71   994    1.003823  0.000055  0.000005
  15    66   990    1.003822  0.000055  0.000005
  16    62   992    1.003822  0.000055  0.000005
  17    58   986    1.003824  0.000057  0.000005
  18    55   990    1.003822  0.000058  0.000006
  19    52   988    1.003823  0.000057  0.000006
  20    50  1000    1.003817  0.000061  0.000006
  21    47   987    1.003823  0.000058  0.000006
  22    45   990    1.003822  0.000055  0.000006
  23    43   989    1.003823  0.000062  0.000007
  24    41   984    1.003826  0.000059  0.000007
  25    40  1000    1.003817  0.000061  0.000007
Fit (variance): plateau_var = 3.547e-09 ± 2.904e-10
Fit (error):    plateau = 0.000060 ± 0.000002
     autocorrelation length ~ 7.5 blocks
     plateau reached at block size ~ 34
     !!!Failed to reach plateau in blocking
     Return max block error
nclean = 1000, max_block_size = 25, min_nblocks = 40
Blk_SZ   NBlk   NSmp      Energy     Error    dError
     1   1000   1000  -337.850902  0.000188  0.000004
     2    500   1000  -337.850943  0.000205  0.000006
     3    333    999  -337.850963  0.000224  0.000009
     4    250   1000  -337.850975  0.000224  0.000010
     5    200   1000  -337.850994  0.000238  0.000012
     6    166    996  -337.850989  0.000239  0.000013
     7    142    994  -337.850967  0.000240  0.000014
     8    125   1000  -337.851011  0.000243  0.000015
     9    111    999  -337.851011  0.000240  0.000016
    10    100   1000  -337.851019  0.000244  0.000017
    11     90    990  -337.850989  0.000228  0.000017
    12     83    996  -337.851008  0.000262  0.000020
    13     76    988  -337.850993  0.000238  0.000019
    14     71    994  -337.850983  0.000250  0.000021
    15     66    990  -337.851000  0.000246  0.000022
    16     62    992  -337.850995  0.000225  0.000020
    17     58    986  -337.851015  0.000243  0.000023
    18     55    990  -337.851002  0.000239  0.000023
    19     52    988  -337.850997  0.000239  0.000024
    20     50   1000  -337.851033  0.000265  0.000027
    21     47    987  -337.851009  0.000248  0.000026
    22     45    990  -337.851004  0.000231  0.000025
    23     43    989  -337.851006  0.000239  0.000026
    24     41    984  -337.850987  0.000237  0.000027
    25     40   1000  -337.851036  0.000262  0.000030
Fit (variance): plateau_var = 5.896680e-08 ± 2.559723e-09
Fit (error):    plateau = 0.000243 ± 0.000005
     autocorrelation length ~ 2.5 blocks
     plateau reached at block size ~ 11
Final AFQMC/pt2CCSD overlap ratio: 1.003817 ± 0.000062
Final AFQMC/pt2CCSD energy: -337.851048 ± 0.000243
Total run time: 4016.22

AFQMC Sampling Finished

QMC script: /u/yzhang65/myprojects/software/afqmc/afqmc/scripts/run_afqmc_pt2ccsd.py
  => E_HF(chf3)      = -336.9065115767 Eh
  => E_CCSD(chf3)    = -337.8222245634 Eh
  => E_AFQMC(chf3)   = -337.85105 +/- 0.00024 Eh

============================================================
Running: cis-c2f2cl2  charge=0  spin=0
============================================================
output file: ../../result/molout/closed_shell/cis-c2f2cl2_vtzfp.out

Preparing AFQMC calculation
Calculating Cholesky integrals
Alpha Cholesky shape: (1104, 188, 188) 
 Beta Cholesky shape: (1104, 188, 188) 
Finished calculating Cholesky integrals
Size of the correlation space:
Number of electrons:        [18 18]
Number of basis functions:  174
Number of Cholesky vectors: 1104

    ________                     _____                    
    ___  __ \___  __________________(_)_____________ _    
    __  /_/ /  / / /_  __ \_  __ \_  /__  __ \_  __ `/    
    _  _, _// /_/ /_  / / /  / / /  / _  / / /  /_/ /     
    /_/ |_| \__,_/ /_/ /_//_/ /_//_/  /_/ /_/_\__, /      
                                             /____/       
    _____________________________  ___________            
    ___    |__  ____/_  __ \__   |/  /_  ____/            
    __  /| |_  /_   _  / / /_  /|_/ /_  /                 
    _  ___ |  __/   / /_/ /_  /  / / / /___               
    /_/  |_/_/      \___\_\/_/  /_/  \____/               

Hostname:     gpua021.delta.ncsa.illinois.edu
System:       Linux
Node:         gpua021.delta.ncsa.illinois.edu
Release:      5.14.0-427.91.1.el9_4.x86_64
Machine:      x86_64
Processor:    x86_64
JAX backend:  GPU
JAX devices:  [CudaDevice(id=0)]
Device kind:  NVIDIA A100-SXM4-40GB
Platform:     gpu

Load system from Integral File
Maximum memory per walker:            66.67 MB
Maximum number of Cholesky per chunk: 72
Number of Cholesky chunks:            16
Number of Cholesky per chunk:         69
Number of padding Cholesky:           0

QMC System
Number of electrons: (18, 18)
Spin Multiplicity:   0
Number of orbitals:  174
Number of Chol:      1104

QMC Parameters
eql_time            :                   50
n_blocks            :                 1000
n_walkers           :                  300
max_error           :                  0.0
seed                :                   17
walker_type         :                  uhf
trial               :             upt2ccsd
mix_precision       :                 True
max_memory          :                20000
dt                  :                0.005
n_exp_terms         :                    6
n_prop_steps        :                   50
save_walkers        :                False
free_projection     :                False
n_batch             :                    1
nchol_chunk         :                   69

Initalize QMC walkers by stochastic CCSD

Equilibration
inv_T        weight  killW        energy   runTime
 0.00    300.000000      0  -1194.896104     75.08
 5.00    297.839936      0  -1194.949288    100.30
10.00    298.063688      0  -1194.947930    119.86
15.00    298.383867      0  -1195.011516    138.83
20.00    299.173427      0  -1194.934535    158.37
25.00    298.508543      0  -1194.932063    177.31
30.00    298.940666      0  -1194.951516    196.87
35.00    299.000111      0  -1194.905893    215.83
40.00    300.067935      0  -1194.979953    235.38
45.00    297.229416      0  -1194.911085    254.33
50.00    299.790484      0  -1194.934128    273.89

Sampling
blocks        weight  killW       E_Guide     error       E_Trial     error     olp_T/G     error  Walltime
    20    298.816780      0  -1194.967860  0.009784  -1194.950001  0.002125    1.015326  0.000247  471.90
    40    298.730918      0  -1194.961910  0.005950  -1194.949816  0.001318    1.014801  0.000493  664.26
    60    298.479021      0  -1194.965658  0.004476  -1194.951614  0.001207    1.014816  0.000314  856.00
    80    298.396716      0  -1194.965627  0.003671  -1194.951920  0.001026    1.014849  0.000233 1047.25
   100    298.331214      0  -1194.966360  0.003269  -1194.952232  0.000921    1.014603  0.000230 1238.02
   120    298.248032      0  -1194.962776  0.003598  -1194.951806  0.000828    1.014444  0.000218 1428.73
   140    298.167661      0  -1194.962335  0.003693  -1194.951611  0.000745    1.014421  0.000205 1619.52
   160    298.118073      0  -1194.959807  0.003329  -1194.951330  0.000685    1.014664  0.000238 1810.20
   180    298.092679      0  -1194.958781  0.003365  -1194.951358  0.000639    1.014585  0.000218 2000.98
   200    298.111185      0  -1194.961578  0.003766  -1194.951758  0.000622    1.014523  0.000201 2191.74
   220    298.088445      0  -1194.961265  0.003584  -1194.951824  0.000640    1.014581  0.000188 2382.47
   240    298.077651      0  -1194.961909  0.003559  -1194.952034  0.000684    1.014562  0.000179 2573.22
   260    298.058847      0  -1194.961473  0.003274  -1194.951994  0.000644    1.014444  0.000184 2763.95
   280    298.055381      0  -1194.962930  0.003158  -1194.952408  0.000712    1.014456  0.000174 2954.68
   300    298.027661      0  -1194.962586  0.003010  -1194.952646  0.000677    1.014512  0.000169 3145.48
   320    298.028774      0  -1194.963063  0.002857  -1194.952732  0.000657    1.014570  0.000164 3336.23
   340    298.015602      0  -1194.963013  0.002703  -1194.952527  0.000633    1.014556  0.000156 3528.56
   360    297.997875      0  -1194.963223  0.002587  -1194.952690  0.000654    1.014524  0.000154 3719.34
   380    297.987788      0  -1194.963673  0.002548  -1194.952784  0.000643    1.014450  0.000155 3910.00
   400    297.955569      0  -1194.963475  0.002419  -1194.952970  0.000624    1.014409  0.000151 4100.77
   420    297.944685      1  -1194.963310  0.002332  -1194.953125  0.000609    1.014436  0.000146 4294.11
   440    297.928794      1  -1194.963180  0.002318  -1194.953289  0.000610    1.014380  0.000146 4494.28
   460    297.925383      1  -1194.963009  0.002261  -1194.953253  0.000589    1.014310  0.000151 4694.52
   480    297.917153      1  -1194.962834  0.002164  -1194.953093  0.000572    1.014296  0.000149 4894.71
   500    297.902677      1  -1194.962873  0.002152  -1194.953271  0.000601    1.014311  0.000148 5094.94
   520    297.888572      1  -1194.962412  0.002162  -1194.953150  0.000583    1.014299  0.000145 5295.56
   540    297.884789      1  -1194.961878  0.002124  -1194.953013  0.000566    1.014327  0.000142 5495.76
   560    297.876694      1  -1194.962144  0.002090  -1194.952989  0.000555    1.014325  0.000140 5695.98
   580    297.870006      1  -1194.961756  0.002047  -1194.953003  0.000540    1.014315  0.000138 5896.19
   600    297.861173      1  -1194.961237  0.002021  -1194.952997  0.000525    1.014302  0.000137 6096.41
   620    297.849490      1  -1194.961203  0.002009  -1194.953018  0.000515    1.014297  0.000135 6293.13
   640    297.835714      1  -1194.961169  0.001950  -1194.952971  0.000502    1.014313  0.000132 6487.48
   660    297.834367      3  -1194.961220  0.001885  -1194.953005  0.000495    1.014320  0.000127 6682.01
   680    297.831293      3  -1194.961894  0.001996  -1194.953012  0.000483    1.014312  0.000124 6876.40
   700    297.827362      4  -1194.961579  0.001949  -1194.952857  0.000473    1.014271  0.000122 7070.81
   720    297.814195      4  -1194.961276  0.001892  -1194.952841  0.000465    1.014268  0.000124 7265.04
   740    297.800898      4  -1194.960729  0.001880  -1194.952796  0.000455    1.014304  0.000124 7458.39
   760    297.802435      4  -1194.960750  0.001843  -1194.952805  0.000447    1.014276  0.000124 7656.42
   780    297.799013      4  -1194.960756  0.001816  -1194.952710  0.000439    1.014267  0.000121 7854.47
   800    297.794896      4  -1194.960400  0.001769  -1194.952657  0.000430    1.014255  0.000125 8052.54
   820    297.800088      4  -1194.960561  0.001737  -1194.952804  0.000441    1.014239  0.000123 8250.70
   840    297.802147      4  -1194.960964  0.001745  -1194.952859  0.000435    1.014226  0.000121 8448.77
   860    297.808686      4  -1194.961283  0.001730  -1194.952814  0.000428    1.014210  0.000121 8646.88
   880    297.806029      4  -1194.961231  0.001716  -1194.952762  0.000421    1.014232  0.000121 8845.04
   900    297.797508      4  -1194.960905  0.001702  -1194.952734  0.000415    1.014232  0.000121 9043.10
   920    297.786321      5  -1194.960573  0.001726  -1194.952689  0.000411    1.014237  0.000118 9241.16
   940    297.783696      5  -1194.960687  0.001697  -1194.952709  0.000404    1.014224  0.000115 9439.23
   960    297.781550      5  -1194.960791  0.001661  -1194.952682  0.000398    1.014234  0.000113 9637.32
   980    297.786255      5  -1194.960822  0.001633  -1194.952612  0.000393    1.014282  0.000118 9835.39
  1000    297.780498      5  -1194.960764  0.001608  -1194.952657  0.000391    1.014283  0.00011610033.49

Post Propagation Process
Total number of samples 1000
Raw AFQMC/HF (Guide) energy:           -1194.960764 ± 0.001608
Raw Trial/Guide overlap ratio:          1.014283 ± 0.000116
Raw AFQMC/pt2CCSD energy (covariance): -1194.952657 ± 0.000391
Raw AFQMC/pt2CCSD energy (dir sample): -1194.952657 ± 0.000330

Remove Outliers
removing energies outside zeta > 30
Outlier energy bound [-1195.190639, -1194.711129]
Removed 0 outliers with energies []
Clean AFQMC/pt2CCSD overlap ratio:        1.014283 ± 0.000116
Clean AFQMC/pt2CCSD energy (covariance): -1194.952657 ± 0.000391
Clean AFQMC/ptCCSD energy (dir sample):  -1194.952657 ± 0.000330

Blocking Analysis
nsample = 1000, max_block_size = 25, min_nblocks = 40
   B    NB    NS  Observable     Error    dError
   1  1000  1000    1.014283  0.000042  0.000001
   2   500  1000    1.014283  0.000056  0.000002
   3   333   999    1.014284  0.000065  0.000003
   4   250  1000    1.014283  0.000071  0.000003
   5   200  1000    1.014283  0.000078  0.000004
   6   166   996    1.014284  0.000081  0.000004
   7   142   994    1.014282  0.000085  0.000005
   8   125  1000    1.014283  0.000089  0.000006
   9   111   999    1.014284  0.000092  0.000006
  10   100  1000    1.014283  0.000095  0.000007
  11    90   990    1.014280  0.000097  0.000007
  12    83   996    1.014284  0.000098  0.000008
  13    76   988    1.014280  0.000101  0.000008
  14    71   994    1.014282  0.000104  0.000009
  15    66   990    1.014280  0.000106  0.000009
  16    62   992    1.014280  0.000109  0.000010
  17    58   986    1.014279  0.000104  0.000010
  18    55   990    1.014280  0.000108  0.000010
  19    52   988    1.014280  0.000106  0.000011
  20    50  1000    1.014283  0.000116  0.000012
  21    47   987    1.014280  0.000112  0.000012
  22    45   990    1.014280  0.000114  0.000012
  23    43   989    1.014280  0.000111  0.000012
  24    41   984    1.014280  0.000116  0.000013
  25    40  1000    1.014283  0.000115  0.000013
Fit (variance): plateau_var = 1.352e-08 ± 1.303e-09
Fit (error):    plateau = 0.000116 ± 0.000006
     autocorrelation length ~ 9.1 blocks
     plateau reached at block size ~ 42
     !!!Failed to reach plateau in blocking
     Return max block error
nclean = 1000, max_block_size = 25, min_nblocks = 40
Blk_SZ   NBlk   NSmp      Energy     Error    dError
     1   1000   1000  -1194.952387  0.000331  0.000007
     2    500   1000  -1194.952451  0.000375  0.000012
     3    333    999  -1194.952490  0.000403  0.000016
     4    250   1000  -1194.952518  0.000412  0.000018
     5    200   1000  -1194.952533  0.000413  0.000021
     6    166    996  -1194.952566  0.000419  0.000023
     7    142    994  -1194.952559  0.000405  0.000024
     8    125   1000  -1194.952576  0.000405  0.000026
     9    111    999  -1194.952593  0.000395  0.000027
    10    100   1000  -1194.952585  0.000425  0.000030
    11     90    990  -1194.952627  0.000476  0.000036
    12     83    996  -1194.952609  0.000433  0.000034
    13     76    988  -1194.952647  0.000444  0.000036
    14     71    994  -1194.952608  0.000410  0.000035
    15     66    990  -1194.952635  0.000416  0.000036
    16     62    992  -1194.952616  0.000446  0.000040
    17     58    986  -1194.952662  0.000407  0.000038
    18     55    990  -1194.952643  0.000377  0.000036
    19     52    988  -1194.952657  0.000403  0.000040
    20     50   1000  -1194.952622  0.000375  0.000038
    21     47    987  -1194.952665  0.000409  0.000043
    22     45    990  -1194.952653  0.000407  0.000043
    23     43    989  -1194.952661  0.000404  0.000044
    24     41    984  -1194.952687  0.000449  0.000050
    25     40   1000  -1194.952627  0.000416  0.000047
Fit (variance): plateau_var = 1.715601e-07 ± 6.101369e-09
Fit (error):    plateau = 0.000414 ± 0.000007
     autocorrelation length ~ 1.3 blocks
     plateau reached at block size ~ 6
Final AFQMC/pt2CCSD overlap ratio: 1.014283 ± 0.000116
Final AFQMC/pt2CCSD energy: -1194.952657 ± 0.000414
Total run time: 10045.18

AFQMC Sampling Finished

QMC script: /u/yzhang65/myprojects/software/afqmc/afqmc/scripts/run_afqmc_pt2ccsd.py
  => E_HF(cis-c2f2cl2)      = -1193.6882537624 Eh
  => E_CCSD(cis-c2f2cl2)    = -1194.8982253121 Eh
  => E_AFQMC(cis-c2f2cl2)   = -1194.95266 +/- 0.00041 Eh

============================================================
Running: cl2  charge=0  spin=0
============================================================
output file: ../../result/molout/closed_shell/cl2_vtzfp.out

Preparing AFQMC calculation
Calculating Cholesky integrals
Alpha Cholesky shape: (386, 68, 68) 
 Beta Cholesky shape: (386, 68, 68) 
Finished calculating Cholesky integrals
Size of the correlation space:
Number of electrons:        [7 7]
Number of basis functions:  58
Number of Cholesky vectors: 386

    ________                     _____                    
    ___  __ \___  __________________(_)_____________ _    
    __  /_/ /  / / /_  __ \_  __ \_  /__  __ \_  __ `/    
    _  _, _// /_/ /_  / / /  / / /  / _  / / /  /_/ /     
    /_/ |_| \__,_/ /_/ /_//_/ /_//_/  /_/ /_/_\__, /      
                                             /____/       
    _____________________________  ___________            
    ___    |__  ____/_  __ \__   |/  /_  ____/            
    __  /| |_  /_   _  / / /_  /|_/ /_  /                 
    _  ___ |  __/   / /_/ /_  /  / / / /___               
    /_/  |_/_/      \___\_\/_/  /_/  \____/               

Hostname:     gpua021.delta.ncsa.illinois.edu
System:       Linux
Node:         gpua021.delta.ncsa.illinois.edu
Release:      5.14.0-427.91.1.el9_4.x86_64
Machine:      x86_64
Processor:    x86_64
JAX backend:  GPU
JAX devices:  [CudaDevice(id=0)]
Device kind:  NVIDIA A100-SXM4-40GB
Platform:     gpu

Load system from Integral File
Maximum memory per walker:            66.67 MB
Maximum number of Cholesky per chunk: 649
Number of Cholesky chunks:            1
Number of Cholesky per chunk:         386
Number of padding Cholesky:           0

QMC System
Number of electrons: (7, 7)
Spin Multiplicity:   0
Number of orbitals:  58
Number of Chol:      386

QMC Parameters
eql_time            :                   50
n_blocks            :                 1000
n_walkers           :                  300
max_error           :                  0.0
seed                :                   17
walker_type         :                  uhf
trial               :             upt2ccsd
mix_precision       :                 True
max_memory          :                20000
dt                  :                0.005
n_exp_terms         :                    6
n_prop_steps        :                   50
save_walkers        :                False
free_projection     :                False
n_batch             :                    1
nchol_chunk         :                  386

Initalize QMC walkers by stochastic CCSD

Equilibration
inv_T        weight  killW        energy   runTime
 0.00    300.000000      0   -919.409196     13.57
 5.00    299.585896      0   -919.420351     22.48
10.00    299.712431      0   -919.426194     25.05
15.00    299.726229      0   -919.425218     27.60
20.00    299.601904      0   -919.434714     30.16
25.00    299.064914      0   -919.397019     32.72
30.00    299.161382      0   -919.438366     35.27
35.00    299.474911      0   -919.422849     37.83
40.00    298.791015      0   -919.413303     39.63
45.00    298.974901      0   -919.413706     42.24
50.00    299.088366      0   -919.445319     44.75

Sampling
blocks        weight  killW       E_Guide     error       E_Trial     error     olp_T/G     error  Walltime
    20    299.247781      0   -919.438588  0.005459   -919.429639  0.001051    1.001192  0.000230   61.77
    40    299.202997      0   -919.432388  0.004093   -919.428339  0.000635    1.001282  0.000153   73.05
    60    299.194585      0   -919.430095  0.003948   -919.427895  0.000480    1.001310  0.000120   84.40
    80    299.153634      0   -919.428507  0.003013   -919.427847  0.000386    1.001335  0.000084   95.77
   100    299.137640      0   -919.427683  0.002711   -919.427779  0.000335    1.001310  0.000074  107.13
   120    299.133253      0   -919.428481  0.002489   -919.427853  0.000295    1.001303  0.000067  118.50
   140    299.123826      0   -919.428610  0.002193   -919.427871  0.000266    1.001265  0.000066  129.86
   160    299.105229      0   -919.429716  0.001988   -919.427821  0.000255    1.001271  0.000058  141.23
   180    299.082826      0   -919.429245  0.001869   -919.427828  0.000238    1.001228  0.000059  152.59
   200    299.075457      0   -919.428366  0.001811   -919.427800  0.000218    1.001217  0.000053  163.96
   220    299.072281      0   -919.428031  0.001680   -919.427772  0.000205    1.001212  0.000049  174.51
   240    299.057703      0   -919.427784  0.001739   -919.427789  0.000197    1.001225  0.000047  184.24
   260    299.056907      0   -919.427623  0.001629   -919.427801  0.000187    1.001237  0.000046  193.97
   280    299.048575      1   -919.427182  0.001531   -919.427796  0.000177    1.001235  0.000042  203.70
   300    299.038601      1   -919.426902  0.001461   -919.427844  0.000172    1.001221  0.000046  213.43
   320    299.040250      1   -919.426960  0.001373   -919.427887  0.000171    1.001216  0.000043  223.17
   340    299.032597      1   -919.427120  0.001373   -919.427941  0.000174    1.001215  0.000041  232.91
   360    299.024639      1   -919.426738  0.001308   -919.427844  0.000168    1.001232  0.000041  242.65
   380    299.024462      1   -919.426947  0.001291   -919.427801  0.000165    1.001225  0.000039  252.37
   400    299.022149      1   -919.426901  0.001249   -919.427821  0.000159    1.001227  0.000037  262.10
   420    299.017349      1   -919.426991  0.001230   -919.427822  0.000154    1.001240  0.000037  271.83
   440    299.011695      1   -919.427124  0.001244   -919.427776  0.000149    1.001234  0.000037  281.57
   460    299.015019      1   -919.427320  0.001213   -919.427804  0.000149    1.001218  0.000037  291.30
   480    299.016584      1   -919.427408  0.001175   -919.427814  0.000144    1.001227  0.000036  301.02
   500    299.014256      1   -919.427338  0.001128   -919.427804  0.000140    1.001219  0.000036  310.76
   520    299.013989      1   -919.427534  0.001137   -919.427831  0.000137    1.001206  0.000037  320.49
   540    299.009929      1   -919.427502  0.001093   -919.427832  0.000133    1.001209  0.000036  330.22
   560    299.001997      1   -919.427281  0.001092   -919.427841  0.000135    1.001211  0.000035  339.96
   580    299.005362      2   -919.427479  0.001058   -919.427865  0.000132    1.001209  0.000034  349.71
   600    299.000037      2   -919.427538  0.001024   -919.427858  0.000129    1.001215  0.000033  359.99
   620    298.999980      2   -919.427713  0.001007   -919.427880  0.000127    1.001214  0.000033  371.85
   640    299.000478      3   -919.427826  0.000988   -919.427875  0.000124    1.001211  0.000032  383.72
   660    298.999334      3   -919.427929  0.000961   -919.427880  0.000122    1.001210  0.000031  395.59
   680    298.998847      3   -919.427981  0.000945   -919.427912  0.000119    1.001211  0.000032  407.47
   700    298.995748      3   -919.427883  0.000915   -919.427874  0.000118    1.001201  0.000033  418.11
   720    298.994151      3   -919.427917  0.000890   -919.427918  0.000120    1.001206  0.000032  429.98
   740    298.994162      3   -919.427850  0.000871   -919.427902  0.000117    1.001221  0.000034  441.84
   760    298.992484      3   -919.427724  0.000855   -919.427905  0.000115    1.001221  0.000033  453.71
   780    298.991937      3   -919.427642  0.000843   -919.427883  0.000117    1.001221  0.000032  465.58
   800    298.990481      3   -919.427593  0.000824   -919.427872  0.000115    1.001220  0.000031  477.44
   820    298.991061      3   -919.427503  0.000814   -919.427869  0.000113    1.001218  0.000031  489.32
   840    298.986465      3   -919.427293  0.000817   -919.427830  0.000111    1.001215  0.000031  501.18
   860    298.982342      4   -919.427381  0.000800   -919.427844  0.000109    1.001213  0.000031  513.05
   880    298.985362      4   -919.427695  0.000811   -919.427884  0.000110    1.001205  0.000030  524.93
   900    298.986684      4   -919.427673  0.000803   -919.427914  0.000108    1.001199  0.000030  536.79
   920    298.986835      4   -919.427716  0.000788   -919.427914  0.000107    1.001199  0.000030  548.67
   940    298.984357      4   -919.427768  0.000773   -919.427927  0.000105    1.001193  0.000030  560.54
   960    298.987271      4   -919.427928  0.000841   -919.427953  0.000105    1.001188  0.000031  572.42
   980    298.982890      4   -919.427953  0.000841   -919.427958  0.000103    1.001186  0.000031  584.29
  1000    298.979747      4   -919.427982  0.000824   -919.427954  0.000102    1.001184  0.000030  596.15

Post Propagation Process
Total number of samples 1000
Raw AFQMC/HF (Guide) energy:           -919.427982 ± 0.000824
Raw Trial/Guide overlap ratio:          1.001184 ± 0.000030
Raw AFQMC/pt2CCSD energy (covariance): -919.427954 ± 0.000102
Raw AFQMC/pt2CCSD energy (dir sample): -919.427954 ± 0.000084

Remove Outliers
removing energies outside zeta > 30
Outlier energy bound [-919.491257, -919.363761]
Removed 0 outliers with energies []
Clean AFQMC/pt2CCSD overlap ratio:        1.001184 ± 0.000030
Clean AFQMC/pt2CCSD energy (covariance): -919.427954 ± 0.000102
Clean AFQMC/ptCCSD energy (dir sample):  -919.427954 ± 0.000084

Blocking Analysis
nsample = 1000, max_block_size = 25, min_nblocks = 40
   B    NB    NS  Observable     Error    dError
   1  1000  1000    1.001184  0.000012  0.000000
   2   500  1000    1.001184  0.000015  0.000000
   3   333   999    1.001185  0.000018  0.000001
   4   250  1000    1.001184  0.000020  0.000001
   5   200  1000    1.001184  0.000021  0.000001
   6   166   996    1.001186  0.000022  0.000001
   7   142   994    1.001187  0.000023  0.000001
   8   125  1000    1.001184  0.000024  0.000002
   9   111   999    1.001185  0.000025  0.000002
  10   100  1000    1.001184  0.000026  0.000002
  11    90   990    1.001187  0.000025  0.000002
  12    83   996    1.001186  0.000026  0.000002
  13    76   988    1.001187  0.000025  0.000002
  14    71   994    1.001187  0.000026  0.000002
  15    66   990    1.001187  0.000024  0.000002
  16    62   992    1.001187  0.000028  0.000003
  17    58   986    1.001187  0.000027  0.000003
  18    55   990    1.001187  0.000028  0.000003
  19    52   988    1.001187  0.000026  0.000003
  20    50  1000    1.001184  0.000026  0.000003
  21    47   987    1.001187  0.000029  0.000003
  22    45   990    1.001187  0.000025  0.000003
  23    43   989    1.001187  0.000028  0.000003
  24    41   984    1.001186  0.000030  0.000003
  25    40  1000    1.001184  0.000027  0.000003
Fit (variance): plateau_var = 7.510e-10 ± 5.076e-11
Fit (error):    plateau = 0.000027 ± 0.000001
     autocorrelation length ~ 6.0 blocks
     plateau reached at block size ~ 28
     !!!Failed to reach plateau in blocking
     Return max block error
nclean = 1000, max_block_size = 25, min_nblocks = 40
Blk_SZ   NBlk   NSmp      Energy     Error    dError
     1   1000   1000  -919.427881  0.000084  0.000002
     2    500   1000  -919.427896  0.000092  0.000003
     3    333    999  -919.427909  0.000099  0.000004
     4    250   1000  -919.427912  0.000100  0.000004
     5    200   1000  -919.427913  0.000107  0.000005
     6    166    996  -919.427919  0.000108  0.000006
     7    142    994  -919.427926  0.000112  0.000007
     8    125   1000  -919.427926  0.000113  0.000007
     9    111    999  -919.427935  0.000105  0.000007
    10    100   1000  -919.427933  0.000111  0.000008
    11     90    990  -919.427945  0.000107  0.000008
    12     83    996  -919.427934  0.000104  0.000008
    13     76    988  -919.427947  0.000101  0.000008
    14     71    994  -919.427939  0.000115  0.000010
    15     66    990  -919.427950  0.000116  0.000010
    16     62    992  -919.427949  0.000116  0.000010
    17     58    986  -919.427945  0.000106  0.000010
    18     55    990  -919.427953  0.000113  0.000011
    19     52    988  -919.427952  0.000110  0.000011
    20     50   1000  -919.427944  0.000111  0.000011
    21     47    987  -919.427945  0.000112  0.000012
    22     45    990  -919.427957  0.000116  0.000012
    23     43    989  -919.427957  0.000105  0.000011
    24     41    984  -919.427948  0.000121  0.000013
    25     40   1000  -919.427948  0.000112  0.000013
Fit (variance): plateau_var = 1.219640e-08 ± 5.541168e-10
Fit (error):    plateau = 0.000110 ± 0.000003
     autocorrelation length ~ 2.8 blocks
     plateau reached at block size ~ 12
Final AFQMC/pt2CCSD overlap ratio: 1.001184 ± 0.000030
Final AFQMC/pt2CCSD energy: -919.427954 ± 0.000110
Total run time: 607.69

AFQMC Sampling Finished

QMC script: /u/yzhang65/myprojects/software/afqmc/afqmc/scripts/run_afqmc_pt2ccsd.py
  => E_HF(cl2)      = -918.9987087921 Eh
  => E_CCSD(cl2)    = -919.4091245674 Eh
  => E_AFQMC(cl2)   = -919.42795 +/- 0.00011 Eh

============================================================
Running: cl2o  charge=0  spin=0
============================================================
output file: ../../result/molout/closed_shell/cl2o_vtzfp.out

Preparing AFQMC calculation
Calculating Cholesky integrals
Alpha Cholesky shape: (577, 98, 98) 
 Beta Cholesky shape: (577, 98, 98) 
Finished calculating Cholesky integrals
Size of the correlation space:
Number of electrons:        [10 10]
Number of basis functions:  87
Number of Cholesky vectors: 577

    ________                     _____                    
    ___  __ \___  __________________(_)_____________ _    
    __  /_/ /  / / /_  __ \_  __ \_  /__  __ \_  __ `/    
    _  _, _// /_/ /_  / / /  / / /  / _  / / /  /_/ /     
    /_/ |_| \__,_/ /_/ /_//_/ /_//_/  /_/ /_/_\__, /      
                                             /____/       
    _____________________________  ___________            
    ___    |__  ____/_  __ \__   |/  /_  ____/            
    __  /| |_  /_   _  / / /_  /|_/ /_  /                 
    _  ___ |  __/   / /_/ /_  /  / / / /___               
    /_/  |_/_/      \___\_\/_/  /_/  \____/               

Hostname:     gpua021.delta.ncsa.illinois.edu
System:       Linux
Node:         gpua021.delta.ncsa.illinois.edu
Release:      5.14.0-427.91.1.el9_4.x86_64
Machine:      x86_64
Processor:    x86_64
JAX backend:  GPU
JAX devices:  [CudaDevice(id=0)]
Device kind:  NVIDIA A100-SXM4-40GB
Platform:     gpu

Load system from Integral File
Maximum memory per walker:            66.67 MB
Maximum number of Cholesky per chunk: 288
Number of Cholesky chunks:            3
Number of Cholesky per chunk:         193
Number of padding Cholesky:           2

QMC System
Number of electrons: (10, 10)
Spin Multiplicity:   0
Number of orbitals:  87
Number of Chol:      577

QMC Parameters
eql_time            :                   50
n_blocks            :                 1000
n_walkers           :                  300
max_error           :                  0.0
seed                :                   17
walker_type         :                  uhf
trial               :             upt2ccsd
mix_precision       :                 True
max_memory          :                20000
dt                  :                0.005
n_exp_terms         :                    6
n_prop_steps        :                   50
save_walkers        :                False
free_projection     :                False
n_batch             :                    1
nchol_chunk         :                  193

Initalize QMC walkers by stochastic CCSD

Equilibration
inv_T        weight  killW        energy   runTime
 0.00    300.000000      0   -994.427750     13.68
 5.00    299.825502      0   -994.516850     24.77
10.00    298.577221      0   -994.463902     29.17
15.00    299.477121      2   -994.464410     34.35
20.00    299.026477      0   -994.445743     39.53
25.00    299.222739      0   -994.464918     43.92
30.00    298.191526      0   -994.439864     49.11
35.00    299.136984      0   -994.482211     54.29
40.00    299.535010      0   -994.517373     58.69
45.00    300.174512      0   -994.488430     63.87
50.00    298.821865      0   -994.457358     69.05

Sampling
blocks        weight  killW       E_Guide     error       E_Trial     error     olp_T/G     error  Walltime
    20    298.696407      0   -994.455763  0.007784   -994.458894  0.001685    1.005438  0.000331  104.50
    40    298.762618      0   -994.462625  0.006168   -994.459544  0.001155    1.005416  0.000284  134.04
    60    298.691127      0   -994.461347  0.004285   -994.459045  0.000846    1.005458  0.000339  163.66
    80    298.627942      0   -994.460744  0.003622   -994.459727  0.000786    1.005248  0.000335  193.29
   100    298.602502      0   -994.459201  0.003076   -994.459583  0.000706    1.005315  0.000293  222.89
   120    298.647148      1   -994.466880  0.008023   -994.457286  0.002276    1.005619  0.000359  252.51
   140    298.616950      1   -994.466655  0.006947   -994.457761  0.001962    1.005788  0.000320  282.12
   160    298.560137      1   -994.464850  0.006120   -994.457577  0.001711    1.005883  0.000305  311.75
   180    298.538718      2   -994.464242  0.005528   -994.457667  0.001523    1.005762  0.000270  341.38
   200    298.484947      3   -994.463442  0.004984   -994.457962  0.001399    1.005758  0.000254  370.99
   220    298.469437      3   -994.463407  0.004569   -994.458144  0.001279    1.005854  0.000239  400.64
   240    298.473465      3   -994.464001  0.004225   -994.458242  0.001179    1.005865  0.000229  430.26
   260    298.457808      3   -994.463639  0.003964   -994.458342  0.001095    1.005957  0.000215  459.87
   280    298.452477      4   -994.464011  0.003674   -994.458593  0.001025    1.005980  0.000205  489.47
   300    298.446048      4   -994.463814  0.003464   -994.458697  0.000963    1.006089  0.000206  519.10
   320    298.439518      4   -994.464222  0.003331   -994.459052  0.000916    1.006152  0.000199  548.71
   340    298.444246      4   -994.464390  0.003139   -994.459072  0.000865    1.006125  0.000188  578.36
   360    298.429541      4   -994.463757  0.002998   -994.459041  0.000818    1.006122  0.000177  607.98
   380    298.424596      5   -994.463544  0.002848   -994.459033  0.000778    1.006128  0.000171  637.60
   400    298.423209      5   -994.463694  0.002718   -994.459188  0.000743    1.006102  0.000165  667.21
   420    298.403724      5   -994.463539  0.002595   -994.459116  0.000711    1.006145  0.000166  696.84
   440    298.403627      5   -994.463557  0.002489   -994.459154  0.000683    1.006194  0.000164  726.45
   460    298.400326      5   -994.463611  0.002399   -994.459241  0.000657    1.006253  0.000161  756.07
   480    298.392807      5   -994.463649  0.002323   -994.459263  0.000631    1.006270  0.000168  785.69
   500    298.376351      5   -994.462517  0.002402   -994.459145  0.000606    1.006272  0.000164  815.34
   520    298.372421      5   -994.462520  0.002308   -994.459191  0.000585    1.006326  0.000162  844.96
   540    298.368697      7   -994.462460  0.002224   -994.459146  0.000565    1.006386  0.000161  874.60
   560    298.365338      8   -994.462371  0.002180   -994.459213  0.000551    1.006400  0.000158  904.23
   580    298.363234      8   -994.462557  0.002163   -994.459411  0.000538    1.006418  0.000153  933.87
   600    298.362992      8   -994.462851  0.002109   -994.459504  0.000526    1.006439  0.000152  963.47
   620    298.361196      9   -994.462586  0.002071   -994.459501  0.000511    1.006438  0.000149  993.12
   640    298.359376      9   -994.462653  0.001997   -994.459541  0.000497    1.006472  0.000149 1022.74
   660    298.354014     10   -994.462486  0.001925   -994.459707  0.000524    1.006485  0.000147 1052.35
   680    298.351237     10   -994.462512  0.001892   -994.459690  0.000510    1.006506  0.000144 1081.98
   700    298.355280     10   -994.463116  0.001887   -994.459787  0.000498    1.006483  0.000143 1111.62
   720    298.353971     10   -994.462990  0.001832   -994.459852  0.000488    1.006453  0.000148 1141.23
   740    298.353651     10   -994.463187  0.001803   -994.459891  0.000478    1.006422  0.000149 1170.85
   760    298.351123     11   -994.462933  0.001755   -994.459860  0.000467    1.006429  0.000146 1200.45
   780    298.347726     11   -994.462786  0.001726   -994.459862  0.000457    1.006464  0.000144 1230.08
   800    298.346412     11   -994.462661  0.001691   -994.459844  0.000447    1.006469  0.000141 1259.70
   820    298.346727     11   -994.463021  0.001685   -994.459889  0.000437    1.006456  0.000138 1289.34
   840    298.345890     11   -994.463022  0.001647   -994.459934  0.000430    1.006412  0.000139 1318.97
   860    298.342547     11   -994.462792  0.001626   -994.459887  0.000422    1.006341  0.000151 1348.58
   880    298.334472     11   -994.462724  0.001594   -994.459839  0.000414    1.006329  0.000152 1378.20
   900    298.335663     15   -994.462781  0.001594   -994.459903  0.000413    1.006361  0.000150 1407.81
   920    298.337837     15   -994.463076  0.001561   -994.459938  0.000405    1.006352  0.000152 1437.43
   940    298.339084     16   -994.463072  0.001531   -994.459888  0.000397    1.006351  0.000152 1467.07
   960    298.338886     16   -994.463207  0.001504   -994.459896  0.000390    1.006344  0.000148 1496.68
   980    298.336368     17   -994.463308  0.001482   -994.459838  0.000384    1.006287  0.000147 1526.30
  1000    298.334281     17   -994.463458  0.001453   -994.459963  0.000384    1.006252  0.000167 1555.93

Post Propagation Process
Total number of samples 1000
Raw AFQMC/HF (Guide) energy:           -994.463458 ± 0.001453
Raw Trial/Guide overlap ratio:          1.006252 ± 0.000167
Raw AFQMC/pt2CCSD energy (covariance): -994.459963 ± 0.000384
Raw AFQMC/pt2CCSD energy (dir sample): -994.459963 ± 0.000687

Remove Outliers
removing energies outside zeta > 30
Outlier energy bound [-994.604730, -994.312814]
Removed 1 outliers with energies [-993.81819755]
Clean AFQMC/pt2CCSD overlap ratio:        1.006239 ± 0.000165
Clean AFQMC/pt2CCSD energy (covariance): -994.460196 ± 0.000283
Clean AFQMC/ptCCSD energy (dir sample):  -994.460196 ± 0.000247

Blocking Analysis
nsample = 999, max_block_size = 24, min_nblocks = 40
   B    NB    NS  Observable     Error    dError
   1   999   999    1.006239  0.000050  0.000001
   2   499   998    1.006239  0.000067  0.000002
   3   333   999    1.006239  0.000080  0.000003
   4   249   996    1.006240  0.000090  0.000004
   5   199   995    1.006240  0.000098  0.000005
   6   166   996    1.006240  0.000106  0.000006
   7   142   994    1.006238  0.000109  0.000007
   8   124   992    1.006234  0.000116  0.000007
   9   111   999    1.006239  0.000124  0.000008
  10    99   990    1.006234  0.000126  0.000009
  11    90   990    1.006234  0.000130  0.000010
  12    83   996    1.006240  0.000127  0.000010
  13    76   988    1.006240  0.000135  0.000011
  14    71   994    1.006238  0.000132  0.000011
  15    66   990    1.006234  0.000141  0.000012
  16    62   992    1.006234  0.000144  0.000013
  17    58   986    1.006249  0.000145  0.000014
  18    55   990    1.006234  0.000149  0.000014
  19    52   988    1.006240  0.000148  0.000015
  20    49   980    1.006272  0.000148  0.000015
  21    47   987    1.006244  0.000155  0.000016
  22    45   990    1.006234  0.000160  0.000017
  23    43   989    1.006237  0.000165  0.000018
  24    41   984    1.006257  0.000155  0.000017
Fit (variance): plateau_var = 2.810e-08 ± 3.730e-09
Fit (error):    plateau = 0.000168 ± 0.000011
     autocorrelation length ~ 12.3 blocks
     plateau reached at block size ~ 57
     !!!Failed to reach plateau in blocking
     Return max block error
nclean = 999, max_block_size = 24, min_nblocks = 40
Blk_SZ   NBlk   NSmp      Energy     Error    dError
     1    999    999  -994.459993  0.000247  0.000006
     2    499    998  -994.460045  0.000269  0.000009
     3    333    999  -994.460068  0.000283  0.000011
     4    249    996  -994.460095  0.000301  0.000014
     5    199    995  -994.460115  0.000295  0.000015
     6    166    996  -994.460121  0.000316  0.000017
     7    142    994  -994.460133  0.000289  0.000017
     8    124    992  -994.460136  0.000308  0.000020
     9    111    999  -994.460138  0.000301  0.000020
    10     99    990  -994.460160  0.000323  0.000023
    11     90    990  -994.460159  0.000318  0.000024
    12     83    996  -994.460158  0.000312  0.000024
    13     76    988  -994.460148  0.000291  0.000024
    14     71    994  -994.460170  0.000309  0.000026
    15     66    990  -994.460174  0.000291  0.000025
    16     62    992  -994.460179  0.000326  0.000030
    17     58    986  -994.460077  0.000289  0.000027
    18     55    990  -994.460184  0.000304  0.000029
    19     52    988  -994.460160  0.000267  0.000026
    20     49    980  -994.460051  0.000295  0.000030
    21     47    987  -994.460145  0.000293  0.000031
    22     45    990  -994.460187  0.000290  0.000031
    23     43    989  -994.460183  0.000290  0.000032
    24     41    984  -994.460063  0.000289  0.000032
Fit (variance): plateau_var = 9.060407e-08 ± 3.535763e-09
Fit (error):    plateau = 0.000301 ± 0.000006
     autocorrelation length ~ 1.7 blocks
     plateau reached at block size ~ 8
Final AFQMC/pt2CCSD overlap ratio: 1.006239 ± 0.000165
Final AFQMC/pt2CCSD energy: -994.460196 ± 0.000301
Total run time: 1566.53

AFQMC Sampling Finished

QMC script: /u/yzhang65/myprojects/software/afqmc/afqmc/scripts/run_afqmc_pt2ccsd.py
  => E_HF(cl2o)      = -993.7774339326 Eh
  => E_CCSD(cl2o)    = -994.4287093814 Eh
  => E_AFQMC(cl2o)   = -994.46020 +/- 0.00030 Eh

============================================================
Running: clcn  charge=0  spin=0
============================================================
output file: ../../result/molout/closed_shell/clcn_vtzfp.out

Preparing AFQMC calculation
Calculating Cholesky integrals
Alpha Cholesky shape: (542, 94, 94) 
 Beta Cholesky shape: (542, 94, 94) 
Finished calculating Cholesky integrals
Size of the correlation space:
Number of electrons:        [8 8]
Number of basis functions:  87
Number of Cholesky vectors: 542

    ________                     _____                    
    ___  __ \___  __________________(_)_____________ _    
    __  /_/ /  / / /_  __ \_  __ \_  /__  __ \_  __ `/    
    _  _, _// /_/ /_  / / /  / / /  / _  / / /  /_/ /     
    /_/ |_| \__,_/ /_/ /_//_/ /_//_/  /_/ /_/_\__, /      
                                             /____/       
    _____________________________  ___________            
    ___    |__  ____/_  __ \__   |/  /_  ____/            
    __  /| |_  /_   _  / / /_  /|_/ /_  /                 
    _  ___ |  __/   / /_/ /_  /  / / / /___               
    /_/  |_/_/      \___\_\/_/  /_/  \____/               

Hostname:     gpua021.delta.ncsa.illinois.edu
System:       Linux
Node:         gpua021.delta.ncsa.illinois.edu
Release:      5.14.0-427.91.1.el9_4.x86_64
Machine:      x86_64
Processor:    x86_64
JAX backend:  GPU
JAX devices:  [CudaDevice(id=0)]
Device kind:  NVIDIA A100-SXM4-40GB
Platform:     gpu

Load system from Integral File
Maximum memory per walker:            66.67 MB
Maximum number of Cholesky per chunk: 288
Number of Cholesky chunks:            2
Number of Cholesky per chunk:         271
Number of padding Cholesky:           0

QMC System
Number of electrons: (8, 8)
Spin Multiplicity:   0
Number of orbitals:  87
Number of Chol:      542

QMC Parameters
eql_time            :                   50
n_blocks            :                 1000
n_walkers           :                  300
max_error           :                  0.0
seed                :                   17
walker_type         :                  uhf
trial               :             upt2ccsd
mix_precision       :                 True
max_memory          :                20000
dt                  :                0.005
n_exp_terms         :                    6
n_prop_steps        :                   50
save_walkers        :                False
free_projection     :                False
n_batch             :                    1
nchol_chunk         :                  271

Initalize QMC walkers by stochastic CCSD

Equilibration
inv_T        weight  killW        energy   runTime
 0.00    300.000000      0   -552.367782     13.10
 5.00    299.242429      0   -552.412101     23.95
10.00    299.172009      0   -552.395669     27.89
15.00    299.212773      0   -552.416833     32.48
20.00    299.268445      0   -552.390288     36.42
25.00    299.651682      0   -552.442988     41.01
30.00    299.670714      0   -552.398671     44.95
35.00    299.534227      0   -552.408986     49.70
40.00    298.696858      0   -552.375705     53.64
45.00    298.440293      0   -552.353844     57.59
50.00    299.585685      0   -552.388183     62.17

Sampling
blocks        weight  killW       E_Guide     error       E_Trial     error     olp_T/G     error  Walltime
    20    299.326121      0   -552.402156  0.004575   -552.400194  0.001747    1.004607  0.000213   99.71
    40    299.092486      0   -552.396354  0.008623   -552.398565  0.001186    1.004569  0.000177  132.12
    60    299.110602      0   -552.401590  0.007046   -552.399608  0.001515    1.004616  0.000225  164.60
    80    299.059975      0   -552.401298  0.007425   -552.400473  0.001389    1.004455  0.000231  197.08
   100    299.019035      0   -552.401309  0.005338   -552.399609  0.001160    1.004248  0.000243  229.57
   120    298.957807      0   -552.400238  0.004546   -552.398895  0.000995    1.004216  0.000199  262.06
   140    298.952575      0   -552.400993  0.003939   -552.398834  0.000880    1.004152  0.000178  294.57
   160    298.946860      0   -552.401121  0.003465   -552.398996  0.000794    1.004005  0.000177  327.05
   180    298.961989      0   -552.401736  0.003010   -552.399420  0.000758    1.004108  0.000171  359.56
   200    298.957618      0   -552.402144  0.002765   -552.399208  0.000707    1.004142  0.000154  392.04
   220    298.939022      0   -552.401402  0.002676   -552.399042  0.000659    1.004129  0.000143  424.52
   240    298.944942      0   -552.402741  0.002758   -552.399332  0.000628    1.004145  0.000136  457.02
   260    298.914978      0   -552.402098  0.002576   -552.399059  0.000588    1.004197  0.000130  489.52
   280    298.910862      2   -552.403212  0.002688   -552.399212  0.000567    1.004188  0.000121  522.00
   300    298.896273      2   -552.403620  0.002545   -552.399349  0.000589    1.004170  0.000114  554.48
   320    298.898364      3   -552.404097  0.002486   -552.399414  0.000577    1.004211  0.000113  586.96
   340    298.882422      3   -552.404153  0.002369   -552.399439  0.000554    1.004231  0.000108  619.46
   360    298.863339      3   -552.403512  0.002239   -552.399458  0.000533    1.004216  0.000102  651.97
   380    298.861780      3   -552.404302  0.002281   -552.399684  0.000528    1.004210  0.000101  684.47
   400    298.845172      4   -552.403909  0.002157   -552.399567  0.000508    1.004247  0.000099  716.96
   420    298.847143      4   -552.404116  0.002096   -552.399591  0.000610    1.004277  0.000100  749.45
   440    298.840686      4   -552.404062  0.002040   -552.399518  0.000587    1.004279  0.000104  781.93
   460    298.821427      4   -552.403530  0.001998   -552.399454  0.000565    1.004256  0.000102  814.40
   480    298.812442      4   -552.403210  0.002001   -552.399277  0.000547    1.004251  0.000100  846.89
   500    298.803633      4   -552.402749  0.001971   -552.399236  0.000528    1.004263  0.000097  879.38
   520    298.810264      4   -552.403432  0.001903   -552.399426  0.000518    1.004267  0.000094  911.90
   540    298.812035      4   -552.403805  0.001864   -552.399413  0.000509    1.004252  0.000092  944.38
   560    298.819474      4   -552.404897  0.002014   -552.399937  0.000629    1.004276  0.000091  976.89
   580    298.804981      4   -552.404356  0.002007   -552.399809  0.000611    1.004282  0.000089 1009.38
   600    298.802214      4   -552.404587  0.001919   -552.399774  0.000594    1.004291  0.000088 1041.88
   620    298.800244      5   -552.404842  0.001882   -552.399705  0.000577    1.004277  0.000087 1074.37
   640    298.794733      5   -552.404774  0.001842   -552.399682  0.000567    1.004309  0.000089 1106.85
   660    298.803225      5   -552.405693  0.001954   -552.399696  0.000556    1.004325  0.000088 1139.35
   680    298.798347      5   -552.405541  0.002095   -552.399633  0.000542    1.004342  0.000087 1171.85
   700    298.790245      5   -552.405062  0.002088   -552.399578  0.000529    1.004342  0.000086 1204.34
   720    298.784713      5   -552.405058  0.002041   -552.399594  0.000516    1.004339  0.000091 1236.73
   740    298.774838      5   -552.404779  0.002038   -552.399536  0.000503    1.004346  0.000089 1269.12
   760    298.775707      5   -552.405116  0.002010   -552.399571  0.000491    1.004354  0.000087 1301.49
   780    298.774951      5   -552.405248  0.001965   -552.399632  0.000484    1.004332  0.000086 1333.87
   800    298.776005      5   -552.405130  0.001895   -552.399614  0.000473    1.004308  0.000088 1366.27
   820    298.767019      5   -552.404771  0.001861   -552.399534  0.000463    1.004286  0.000088 1398.66
   840    298.762028      5   -552.404687  0.001834   -552.399574  0.000455    1.004267  0.000088 1431.05
   860    298.760581      6   -552.404737  0.001798   -552.399619  0.000470    1.004249  0.000088 1463.42
   880    298.757737      6   -552.404994  0.001768   -552.399616  0.000463    1.004243  0.000087 1495.78
   900    298.759950      6   -552.405272  0.001745   -552.399630  0.000459    1.004226  0.000085 1528.15
   920    298.763035      6   -552.405506  0.001719   -552.399621  0.000454    1.004233  0.000086 1560.52
   940    298.754864      6   -552.405131  0.001728   -552.399529  0.000446    1.004243  0.000086 1592.89
   960    298.762332      7   -552.405838  0.001829   -552.399553  0.000450    1.004244  0.000085 1625.26
   980    298.757675      7   -552.405680  0.001801   -552.399538  0.000443    1.004242  0.000083 1657.65
  1000    298.755873      7   -552.405581  0.001772   -552.399483  0.000436    1.004254  0.000081 1690.03

Post Propagation Process
Total number of samples 1000
Raw AFQMC/HF (Guide) energy:           -552.405581 ± 0.001772
Raw Trial/Guide overlap ratio:          1.004254 ± 0.000081
Raw AFQMC/pt2CCSD energy (covariance): -552.399483 ± 0.000436
Raw AFQMC/pt2CCSD energy (dir sample): -552.399483 ± 0.000337

Remove Outliers
removing energies outside zeta > 30
Outlier energy bound [-552.566822, -552.227903]
Removed 1 outliers with energies [-552.57969559]
Clean AFQMC/pt2CCSD overlap ratio:        1.004253 ± 0.000080
Clean AFQMC/pt2CCSD energy (covariance): -552.399280 ± 0.000382
Clean AFQMC/ptCCSD energy (dir sample):  -552.399280 ± 0.000285

Blocking Analysis
nsample = 999, max_block_size = 24, min_nblocks = 40
   B    NB    NS  Observable     Error    dError
   1   999   999    1.004254  0.000028  0.000001
   2   499   998    1.004254  0.000037  0.000001
   3   333   999    1.004253  0.000043  0.000002
   4   249   996    1.004252  0.000048  0.000002
   5   199   995    1.004252  0.000052  0.000003
   6   166   996    1.004252  0.000056  0.000003
   7   142   994    1.004252  0.000058  0.000003
   8   124   992    1.004250  0.000063  0.000004
   9   111   999    1.004253  0.000064  0.000004
  10    99   990    1.004248  0.000064  0.000005
  11    90   990    1.004248  0.000068  0.000005
  12    83   996    1.004252  0.000068  0.000005
  13    76   988    1.004246  0.000067  0.000005
  14    71   994    1.004252  0.000071  0.000006
  15    66   990    1.004248  0.000071  0.000006
  16    62   992    1.004250  0.000072  0.000007
  17    58   986    1.004245  0.000074  0.000007
  18    55   990    1.004248  0.000079  0.000008
  19    52   988    1.004246  0.000076  0.000008
  20    49   980    1.004241  0.000075  0.000008
  21    47   987    1.004245  0.000074  0.000008
  22    45   990    1.004248  0.000078  0.000008
  23    43   989    1.004247  0.000080  0.000009
  24    41   984    1.004242  0.000078  0.000009
Fit (variance): plateau_var = 6.490e-09 ± 6.788e-10
Fit (error):    plateau = 0.000081 ± 0.000004
     autocorrelation length ~ 9.5 blocks
     plateau reached at block size ~ 44
     !!!Failed to reach plateau in blocking
     Return max block error
nclean = 999, max_block_size = 24, min_nblocks = 40
Blk_SZ   NBlk   NSmp      Energy     Error    dError
     1    999    999  -552.398978  0.000285  0.000006
     2    499    998  -552.399026  0.000302  0.000010
     3    333    999  -552.399051  0.000320  0.000012
     4    249    996  -552.399092  0.000322  0.000014
     5    199    995  -552.399092  0.000334  0.000017
     6    166    996  -552.399111  0.000329  0.000018
     7    142    994  -552.399117  0.000345  0.000021
     8    124    992  -552.399140  0.000348  0.000022
     9    111    999  -552.399166  0.000331  0.000022
    10     99    990  -552.399185  0.000345  0.000025
    11     90    990  -552.399177  0.000325  0.000024
    12     83    996  -552.399190  0.000323  0.000025
    13     76    988  -552.399203  0.000337  0.000028
    14     71    994  -552.399177  0.000338  0.000029
    15     66    990  -552.399215  0.000306  0.000027
    16     62    992  -552.399201  0.000337  0.000030
    17     58    986  -552.399211  0.000323  0.000030
    18     55    990  -552.399212  0.000307  0.000029
    19     52    988  -552.399239  0.000317  0.000031
    20     49    980  -552.399274  0.000332  0.000034
    21     47    987  -552.399255  0.000286  0.000030
    22     45    990  -552.399239  0.000290  0.000031
    23     43    989  -552.399251  0.000283  0.000031
    24     41    984  -552.399276  0.000328  0.000037
Fit (variance): plateau_var = 1.056666e-07 ± 3.867031e-09
Fit (error):    plateau = 0.000325 ± 0.000006
     autocorrelation length ~ 1.3 blocks
     plateau reached at block size ~ 6
Final AFQMC/pt2CCSD overlap ratio: 1.004253 ± 0.000080
Final AFQMC/pt2CCSD energy: -552.399280 ± 0.000325
Total run time: 1698.20

AFQMC Sampling Finished

QMC script: /u/yzhang65/myprojects/software/afqmc/afqmc/scripts/run_afqmc_pt2ccsd.py
  => E_HF(clcn)      = -551.8298289459 Eh
  => E_CCSD(clcn)    = -552.3696295778 Eh
  => E_AFQMC(clcn)   = -552.39928 +/- 0.00032 Eh

============================================================
Running: clcof  charge=0  spin=0
============================================================
output file: ../../result/molout/closed_shell/clcof_vtzfp.out

Preparing AFQMC calculation
Calculating Cholesky integrals
Alpha Cholesky shape: (745, 124, 124) 
 Beta Cholesky shape: (745, 124, 124) 
Finished calculating Cholesky integrals
Size of the correlation space:
Number of electrons:        [12 12]
Number of basis functions:  116
Number of Cholesky vectors: 745

    ________                     _____                    
    ___  __ \___  __________________(_)_____________ _    
    __  /_/ /  / / /_  __ \_  __ \_  /__  __ \_  __ `/    
    _  _, _// /_/ /_  / / /  / / /  / _  / / /  /_/ /     
    /_/ |_| \__,_/ /_/ /_//_/ /_//_/  /_/ /_/_\__, /      
                                             /____/       
    _____________________________  ___________            
    ___    |__  ____/_  __ \__   |/  /_  ____/            
    __  /| |_  /_   _  / / /_  /|_/ /_  /                 
    _  ___ |  __/   / /_/ /_  /  / / / /___               
    /_/  |_/_/      \___\_\/_/  /_/  \____/               

Hostname:     gpua021.delta.ncsa.illinois.edu
System:       Linux
Node:         gpua021.delta.ncsa.illinois.edu
Release:      5.14.0-427.91.1.el9_4.x86_64
Machine:      x86_64
Processor:    x86_64
JAX backend:  GPU
JAX devices:  [CudaDevice(id=0)]
Device kind:  NVIDIA A100-SXM4-40GB
Platform:     gpu

Load system from Integral File
Maximum memory per walker:            66.67 MB
Maximum number of Cholesky per chunk: 162
Number of Cholesky chunks:            5
Number of Cholesky per chunk:         149
Number of padding Cholesky:           0

QMC System
Number of electrons: (12, 12)
Spin Multiplicity:   0
Number of orbitals:  116
Number of Chol:      745

QMC Parameters
eql_time            :                   50
n_blocks            :                 1000
n_walkers           :                  300
max_error           :                  0.0
seed                :                   17
walker_type         :                  uhf
trial               :             upt2ccsd
mix_precision       :                 True
max_memory          :                20000
dt                  :                0.005
n_exp_terms         :                    6
n_prop_steps        :                   50
save_walkers        :                False
free_projection     :                False
n_batch             :                    1
nchol_chunk         :                  149

Initalize QMC walkers by stochastic CCSD

Equilibration
inv_T        weight  killW        energy   runTime
 0.00    300.000000      0   -672.596487     12.00
 5.00    297.908585      0   -672.623091     25.11
10.00    300.260786      0   -672.681300     31.73
15.00    299.912606      0   -672.618021     39.04
20.00    298.599653      0   -672.637896     46.36
25.00    298.600529      0   -672.642159     52.99
30.00    299.848507      0   -672.640364     60.30
35.00    299.526430      0   -672.667803     67.63
40.00    299.282084      0   -672.629448     74.93
45.00    299.507953      0   -672.653858     81.56
50.00    299.422757      0   -672.660227     88.88

Sampling
blocks        weight  killW       E_Guide     error       E_Trial     error     olp_T/G     error  Walltime
    20    298.924666      0   -672.640284  0.008222   -672.635957  0.001621    1.006645  0.000744  152.76
    40    298.960165      0   -672.642198  0.007232   -672.635868  0.001362    1.006726  0.000449  211.63
    60    298.858916      0   -672.642814  0.005837   -672.634401  0.001087    1.006939  0.000404  270.61
    80    298.814993      0   -672.640966  0.005252   -672.633937  0.000883    1.007072  0.000364  328.86
   100    298.739878      0   -672.638547  0.004758   -672.633489  0.000774    1.007071  0.000304  387.82
   120    298.667917      0   -672.637440  0.004077   -672.633168  0.000701    1.007282  0.000308  446.79
   140    298.670197      0   -672.636744  0.003951   -672.633212  0.000643    1.007359  0.000284  505.75
   160    298.689826      0   -672.638503  0.003870   -672.633711  0.000874    1.007296  0.000276  564.74
   180    298.706195      0   -672.640539  0.003708   -672.633873  0.000805    1.007161  0.000283  623.70
   200    298.674196      0   -672.638503  0.003565   -672.633732  0.000745    1.007101  0.000257  682.63
   220    298.663838      1   -672.638061  0.003248   -672.633509  0.000698    1.007133  0.000236  740.90
   240    298.655613      1   -672.637843  0.003075   -672.633234  0.000655    1.007078  0.000223  799.88
   260    298.659003      1   -672.639959  0.003220   -672.633496  0.000643    1.006988  0.000217  858.89
   280    298.653221      1   -672.639891  0.003022   -672.633435  0.000608    1.006928  0.000206  917.84
   300    298.616099      1   -672.638823  0.002934   -672.633527  0.000585    1.006986  0.000196  976.78
   320    298.583479      1   -672.638113  0.002792   -672.633367  0.000557    1.006884  0.000198 1035.74
   340    298.585760      1   -672.638980  0.002695   -672.633252  0.000530    1.006815  0.000193 1094.71
   360    298.588885      1   -672.639481  0.002585   -672.633417  0.000512    1.006813  0.000183 1152.97
   380    298.587212      1   -672.639893  0.002490   -672.633423  0.000494    1.006732  0.000184 1211.95
   400    298.577521      2   -672.639773  0.002395   -672.633265  0.000480    1.006747  0.000175 1270.91
   420    298.582030      2   -672.639980  0.002316   -672.633266  0.000467    1.006748  0.000167 1329.89
   440    298.569160      2   -672.639763  0.002215   -672.633292  0.000450    1.006716  0.000161 1388.83
   460    298.571488      2   -672.639880  0.002155   -672.633332  0.000439    1.006703  0.000155 1447.80
   480    298.562066      3   -672.640141  0.002146   -672.633416  0.000447    1.006692  0.000153 1506.78
   500    298.569152      3   -672.640735  0.002117   -672.633498  0.000440    1.006687  0.000149 1565.04
   520    298.555319      3   -672.640815  0.002051   -672.633516  0.000427    1.006725  0.000148 1624.00
   540    298.547565      3   -672.640904  0.001976   -672.633549  0.000415    1.006742  0.000145 1682.97
   560    298.544394      3   -672.640956  0.001938   -672.633484  0.000406    1.006738  0.000144 1741.94
   580    298.542956      3   -672.640966  0.001898   -672.633433  0.000397    1.006741  0.000141 1800.91
   600    298.544733      3   -672.641743  0.001968   -672.633544  0.000391    1.006691  0.000138 1859.85
   620    298.541621      3   -672.641816  0.001921   -672.633595  0.000383    1.006643  0.000148 1918.80
   640    298.544600      3   -672.641960  0.001881   -672.633800  0.000416    1.006643  0.000146 1977.06
   660    298.545498      4   -672.641958  0.001832   -672.633749  0.000407    1.006653  0.000141 2036.03
   680    298.541935      4   -672.642138  0.001792   -672.633772  0.000399    1.006654  0.000138 2094.99
   700    298.540393      4   -672.642291  0.001769   -672.633852  0.000391    1.006705  0.000140 2153.95
   720    298.537511      5   -672.641982  0.001779   -672.633758  0.000383    1.006754  0.000143 2212.94
   740    298.528306      5   -672.641738  0.001767   -672.633759  0.000377    1.006755  0.000142 2271.92
   760    298.520377      5   -672.641753  0.001726   -672.633846  0.000376    1.006696  0.000154 2330.88
   780    298.515095      6   -672.641845  0.001689   -672.633888  0.000372    1.006684  0.000151 2389.15
   800    298.513469      6   -672.642015  0.001669   -672.633900  0.000370    1.006656  0.000149 2448.13
   820    298.505252      7   -672.641850  0.001633   -672.633777  0.000364    1.006671  0.000145 2507.08
   840    298.502838      8   -672.642080  0.001598   -672.633816  0.000360    1.006685  0.000143 2566.04
   860    298.504753      8   -672.642607  0.001621   -672.633873  0.000356    1.006658  0.000143 2625.00
   880    298.504275      8   -672.642269  0.001597   -672.633801  0.000350    1.006679  0.000142 2683.95
   900    298.498204      8   -672.642008  0.001604   -672.633773  0.000344    1.006704  0.000142 2742.90
   920    298.494008      9   -672.641892  0.001591   -672.633831  0.000341    1.006703  0.000140 2801.17
   940    298.492437     10   -672.642124  0.001568   -672.633841  0.000337    1.006704  0.000137 2860.15
   960    298.490690     10   -672.642133  0.001557   -672.633785  0.000333    1.006720  0.000134 2919.15
   980    298.488226     11   -672.641983  0.001538   -672.633766  0.000329    1.006757  0.000134 2978.12
  1000    298.481591     11   -672.641607  0.001598   -672.633704  0.000324    1.006777  0.000141 3037.04

Post Propagation Process
Total number of samples 1000
Raw AFQMC/HF (Guide) energy:           -672.641607 ± 0.001598
Raw Trial/Guide overlap ratio:          1.006777 ± 0.000141
Raw AFQMC/pt2CCSD energy (covariance): -672.633704 ± 0.000324
Raw AFQMC/pt2CCSD energy (dir sample): -672.633704 ± 0.000267

Remove Outliers
removing energies outside zeta > 30
Outlier energy bound [-672.822467, -672.442014]
Removed 0 outliers with energies []
Clean AFQMC/pt2CCSD overlap ratio:        1.006777 ± 0.000141
Clean AFQMC/pt2CCSD energy (covariance): -672.633704 ± 0.000324
Clean AFQMC/ptCCSD energy (dir sample):  -672.633704 ± 0.000267

Blocking Analysis
nsample = 1000, max_block_size = 25, min_nblocks = 40
   B    NB    NS  Observable     Error    dError
   1  1000  1000    1.006778  0.000046  0.000001
   2   500  1000    1.006777  0.000061  0.000002
   3   333   999    1.006778  0.000072  0.000003
   4   250  1000    1.006777  0.000080  0.000004
   5   200  1000    1.006777  0.000086  0.000004
   6   166   996    1.006779  0.000092  0.000005
   7   142   994    1.006778  0.000098  0.000006
   8   125  1000    1.006777  0.000102  0.000006
   9   111   999    1.006778  0.000103  0.000007
  10   100  1000    1.006777  0.000108  0.000008
  11    90   990    1.006773  0.000111  0.000008
  12    83   996    1.006779  0.000117  0.000009
  13    76   988    1.006772  0.000118  0.000010
  14    71   994    1.006778  0.000121  0.000010
  15    66   990    1.006773  0.000120  0.000011
  16    62   992    1.006775  0.000126  0.000011
  17    58   986    1.006770  0.000127  0.000012
  18    55   990    1.006773  0.000127  0.000012
  19    52   988    1.006772  0.000134  0.000013
  20    50  1000    1.006777  0.000129  0.000013
  21    47   987    1.006771  0.000136  0.000014
  22    45   990    1.006773  0.000132  0.000014
  23    43   989    1.006773  0.000135  0.000015
  24    41   984    1.006766  0.000138  0.000015
  25    40  1000    1.006777  0.000141  0.000016
Fit (variance): plateau_var = 2.093e-08 ± 2.616e-09
Fit (error):    plateau = 0.000145 ± 0.000009
     autocorrelation length ~ 11.9 blocks
     plateau reached at block size ~ 55
     !!!Failed to reach plateau in blocking
     Return max block error
nclean = 1000, max_block_size = 25, min_nblocks = 40
Blk_SZ   NBlk   NSmp      Energy     Error    dError
     1   1000   1000  -672.633470  0.000267  0.000006
     2    500   1000  -672.633533  0.000300  0.000009
     3    333    999  -672.633553  0.000313  0.000012
     4    250   1000  -672.633584  0.000322  0.000014
     5    200   1000  -672.633591  0.000336  0.000017
     6    166    996  -672.633612  0.000340  0.000019
     7    142    994  -672.633638  0.000320  0.000019
     8    125   1000  -672.633624  0.000345  0.000022
     9    111    999  -672.633637  0.000294  0.000020
    10    100   1000  -672.633630  0.000333  0.000024
    11     90    990  -672.633684  0.000321  0.000024
    12     83    996  -672.633642  0.000328  0.000026
    13     76    988  -672.633688  0.000325  0.000027
    14     71    994  -672.633672  0.000307  0.000026
    15     66    990  -672.633690  0.000333  0.000029
    16     62    992  -672.633677  0.000347  0.000031
    17     58    986  -672.633704  0.000339  0.000032
    18     55    990  -672.633697  0.000324  0.000031
    19     52    988  -672.633693  0.000335  0.000033
    20     50   1000  -672.633665  0.000331  0.000033
    21     47    987  -672.633703  0.000313  0.000033
    22     45    990  -672.633703  0.000296  0.000032
    23     43    989  -672.633701  0.000312  0.000034
    24     41    984  -672.633725  0.000337  0.000038
    25     40   1000  -672.633664  0.000340  0.000039
Fit (variance): plateau_var = 1.057049e-07 ± 3.730941e-09
Fit (error):    plateau = 0.000325 ± 0.000006
     autocorrelation length ~ 1.2 blocks
     plateau reached at block size ~ 6
Final AFQMC/pt2CCSD overlap ratio: 1.006777 ± 0.000141
Final AFQMC/pt2CCSD energy: -672.633704 ± 0.000325
Total run time: 3046.44

AFQMC Sampling Finished

QMC script: /u/yzhang65/myprojects/software/afqmc/afqmc/scripts/run_afqmc_pt2ccsd.py
  => E_HF(clcof)      = -671.7674882857 Eh
  => E_CCSD(clcof)    = -672.5969130467 Eh
  => E_AFQMC(clcof)   = -672.63370 +/- 0.00032 Eh

All calculations complete. Results saved to ./closed_afqmc_vtzfp.dat
